timestamp,city,aqi_avg_next_1d,aqi_avg_next_2d,aqi_avg_next_3d
2026-05-21 00:00:00+00:00,Islamabad,92.375,91.41666666666667,83.41666666666667
2026-05-21 01:00:00+00:00,Islamabad,92.375,91.41666666666667,83.41666666666667
2026-05-21 02:00:00+00:00,Islamabad,92.375,91.41666666666667,83.41666666666667
2026-05-21 03:00:00+00:00,Islamabad,92.375,91.41666666666667,83.41666666666667
2026-05-21 04:00:00+00:00,Islamabad,92.375,91.41666666666667,83.41666666666667
2026-05-21 05:00:00+00:00,Islamabad,92.375,91.41666666666667,83.41666666666667
2026-05-21 06:00:00+00:00,Islamabad,92.375,91.41666666666667,83.41666666666667
2026-05-21 07:00:00+00:00,Islamabad,92.375,91.41666666666667,83.41666666666667
2026-05-21 08:00:00+00:00,Islamabad,92.375,91.41666666666667,83.41666666666667
2026-05-21 09:00:00+00:00,Islamabad,92.375,91.41666666666667,83.41666666666667
2026-05-21 10:00:00+00:00,Islamabad,92.375,91.41666666666667,83.41666666666667
2026-05-21 11:00:00+00:00,Islamabad,92.375,91.41666666666667,83.41666666666667
2026-05-21 12:00:00+00:00,Islamabad,92.375,91.41666666666667,83.41666666666667
2026-05-21 13:00:00+00:00,Islamabad,92.375,91.41666666666667,83.41666666666667
2026-05-21 14:00:00+00:00,Islamabad,92.375,91.41666666666667,83.41666666666667
2026-05-21 15:00:00+00:00,Islamabad,92.375,91.41666666666667,83.41666666666667
2026-05-21 16:00:00+00:00,Islamabad,92.375,91.41666666666667,83.41666666666667
2026-05-21 17:00:00+00:00,Islamabad,92.375,91.41666666666667,83.41666666666667
2026-05-21 18:00:00+00:00,Islamabad,92.375,91.41666666666667,83.41666666666667
2026-05-21 19:00:00+00:00,Islamabad,92.375,91.41666666666667,83.41666666666667
2026-05-21 20:00:00+00:00,Islamabad,92.375,91.41666666666667,83.41666666666667
2026-05-21 21:00:00+00:00,Islamabad,92.375,91.41666666666667,83.41666666666667
2026-05-21 22:00:00+00:00,Islamabad,92.375,91.41666666666667,83.41666666666667
2026-05-21 23:00:00+00:00,Islamabad,92.375,91.41666666666667,83.41666666666667
2026-05-22 00:00:00+00:00,Islamabad,91.41666666666667,83.41666666666667,89.41666666666667
2026-05-22 01:00:00+00:00,Islamabad,91.41666666666667,83.41666666666667,89.41666666666667
2026-05-22 02:00:00+00:00,Islamabad,91.41666666666667,83.41666666666667,89.41666666666667
2026-05-22 03:00:00+00:00,Islamabad,91.41666666666667,83.41666666666667,89.41666666666667
2026-05-22 04:00:00+00:00,Islamabad,91.41666666666667,83.41666666666667,89.41666666666667
2026-05-22 05:00:00+00:00,Islamabad,91.41666666666667,83.41666666666667,89.41666666666667
2026-05-22 06:00:00+00:00,Islamabad,91.41666666666667,83.41666666666667,89.41666666666667
2026-05-22 07:00:00+00:00,Islamabad,91.41666666666667,83.41666666666667,89.41666666666667
2026-05-22 08:00:00+00:00,Islamabad,91.41666666666667,83.41666666666667,89.41666666666667
2026-05-22 09:00:00+00:00,Islamabad,91.41666666666667,83.41666666666667,89.41666666666667
2026-05-22 10:00:00+00:00,Islamabad,91.41666666666667,83.41666666666667,89.41666666666667
2026-05-22 11:00:00+00:00,Islamabad,91.41666666666667,83.41666666666667,89.41666666666667
2026-05-22 12:00:00+00:00,Islamabad,91.41666666666667,83.41666666666667,89.41666666666667
2026-05-22 13:00:00+00:00,Islamabad,91.41666666666667,83.41666666666667,89.41666666666667
2026-05-22 14:00:00+00:00,Islamabad,91.41666666666667,83.41666666666667,89.41666666666667
2026-05-22 15:00:00+00:00,Islamabad,91.41666666666667,83.41666666666667,89.41666666666667
2026-05-22 16:00:00+00:00,Islamabad,91.41666666666667,83.41666666666667,89.41666666666667
2026-05-22 17:00:00+00:00,Islamabad,91.41666666666667,83.41666666666667,89.41666666666667
2026-05-22 18:00:00+00:00,Islamabad,91.41666666666667,83.41666666666667,89.41666666666667
2026-05-22 19:00:00+00:00,Islamabad,91.41666666666667,83.41666666666667,89.41666666666667
2026-05-22 20:00:00+00:00,Islamabad,91.41666666666667,83.41666666666667,89.41666666666667
2026-05-22 21:00:00+00:00,Islamabad,91.41666666666667,83.41666666666667,89.41666666666667
2026-05-22 22:00:00+00:00,Islamabad,91.41666666666667,83.41666666666667,89.41666666666667
2026-05-22 23:00:00+00:00,Islamabad,91.41666666666667,83.41666666666667,89.41666666666667
2026-05-23 00:00:00+00:00,Islamabad,83.41666666666667,89.41666666666667,81.66666666666667
2026-05-23 01:00:00+00:00,Islamabad,83.41666666666667,89.41666666666667,81.66666666666667
2026-05-23 02:00:00+00:00,Islamabad,83.41666666666667,89.41666666666667,81.66666666666667
2026-05-23 03:00:00+00:00,Islamabad,83.41666666666667,89.41666666666667,81.66666666666667
2026-05-23 04:00:00+00:00,Islamabad,83.41666666666667,89.41666666666667,81.66666666666667
2026-05-23 05:00:00+00:00,Islamabad,83.41666666666667,89.41666666666667,81.66666666666667
2026-05-23 06:00:00+00:00,Islamabad,83.41666666666667,89.41666666666667,81.66666666666667
2026-05-23 07:00:00+00:00,Islamabad,83.41666666666667,89.41666666666667,81.66666666666667
2026-05-23 08:00:00+00:00,Islamabad,83.41666666666667,89.41666666666667,81.66666666666667
2026-05-23 09:00:00+00:00,Islamabad,83.41666666666667,89.41666666666667,81.66666666666667
2026-05-23 10:00:00+00:00,Islamabad,83.41666666666667,89.41666666666667,81.66666666666667
2026-05-23 11:00:00+00:00,Islamabad,83.41666666666667,89.41666666666667,81.66666666666667
2026-05-23 12:00:00+00:00,Islamabad,83.41666666666667,89.41666666666667,81.66666666666667
2026-05-23 13:00:00+00:00,Islamabad,83.41666666666667,89.41666666666667,81.66666666666667
2026-05-23 14:00:00+00:00,Islamabad,83.41666666666667,89.41666666666667,81.66666666666667
2026-05-23 15:00:00+00:00,Islamabad,83.41666666666667,89.41666666666667,81.66666666666667
2026-05-23 16:00:00+00:00,Islamabad,83.41666666666667,89.41666666666667,81.66666666666667
2026-05-23 17:00:00+00:00,Islamabad,83.41666666666667,89.41666666666667,81.66666666666667
2026-05-23 18:00:00+00:00,Islamabad,83.41666666666667,89.41666666666667,81.66666666666667
2026-05-23 19:00:00+00:00,Islamabad,83.41666666666667,89.41666666666667,81.66666666666667
2026-05-23 20:00:00+00:00,Islamabad,83.41666666666667,89.41666666666667,81.66666666666667
2026-05-23 21:00:00+00:00,Islamabad,83.41666666666667,89.41666666666667,81.66666666666667
2026-05-23 22:00:00+00:00,Islamabad,83.41666666666667,89.41666666666667,81.66666666666667
2026-05-23 23:00:00+00:00,Islamabad,83.41666666666667,89.41666666666667,81.66666666666667
2026-05-24 00:00:00+00:00,Islamabad,89.41666666666667,81.66666666666667,78.54166666666667
2026-05-24 01:00:00+00:00,Islamabad,89.41666666666667,81.66666666666667,78.54166666666667
2026-05-24 02:00:00+00:00,Islamabad,89.41666666666667,81.66666666666667,78.54166666666667
2026-05-24 03:00:00+00:00,Islamabad,89.41666666666667,81.66666666666667,78.54166666666667
2026-05-24 04:00:00+00:00,Islamabad,89.41666666666667,81.66666666666667,78.54166666666667
2026-05-24 05:00:00+00:00,Islamabad,89.41666666666667,81.66666666666667,78.54166666666667
2026-05-24 06:00:00+00:00,Islamabad,89.41666666666667,81.66666666666667,78.54166666666667
2026-05-24 07:00:00+00:00,Islamabad,89.41666666666667,81.66666666666667,78.54166666666667
2026-05-24 08:00:00+00:00,Islamabad,89.41666666666667,81.66666666666667,78.54166666666667
2026-05-24 09:00:00+00:00,Islamabad,89.41666666666667,81.66666666666667,78.54166666666667
2026-05-24 10:00:00+00:00,Islamabad,89.41666666666667,81.66666666666667,78.54166666666667
2026-05-24 11:00:00+00:00,Islamabad,89.41666666666667,81.66666666666667,78.54166666666667
2026-05-24 12:00:00+00:00,Islamabad,89.41666666666667,81.66666666666667,78.54166666666667
2026-05-24 13:00:00+00:00,Islamabad,89.41666666666667,81.66666666666667,78.54166666666667
2026-05-24 14:00:00+00:00,Islamabad,89.41666666666667,81.66666666666667,78.54166666666667
2026-05-24 15:00:00+00:00,Islamabad,89.41666666666667,81.66666666666667,78.54166666666667
2026-05-24 16:00:00+00:00,Islamabad,89.41666666666667,81.66666666666667,78.54166666666667
2026-05-24 17:00:00+00:00,Islamabad,89.41666666666667,81.66666666666667,78.54166666666667
2026-05-24 18:00:00+00:00,Islamabad,89.41666666666667,81.66666666666667,78.54166666666667
2026-05-24 19:00:00+00:00,Islamabad,89.41666666666667,81.66666666666667,78.54166666666667
2026-05-24 20:00:00+00:00,Islamabad,89.41666666666667,81.66666666666667,78.54166666666667
2026-05-24 21:00:00+00:00,Islamabad,89.41666666666667,81.66666666666667,78.54166666666667
2026-05-24 22:00:00+00:00,Islamabad,89.41666666666667,81.66666666666667,78.54166666666667
2026-05-24 23:00:00+00:00,Islamabad,89.41666666666667,81.66666666666667,78.54166666666667
2026-05-25 00:00:00+00:00,Islamabad,81.66666666666667,78.54166666666667,86.91666666666667
2026-05-25 01:00:00+00:00,Islamabad,81.66666666666667,78.54166666666667,86.91666666666667
2026-05-25 02:00:00+00:00,Islamabad,81.66666666666667,78.54166666666667,86.91666666666667
2026-05-25 03:00:00+00:00,Islamabad,81.66666666666667,78.54166666666667,86.91666666666667
2026-05-25 04:00:00+00:00,Islamabad,81.66666666666667,78.54166666666667,86.91666666666667
2026-05-25 05:00:00+00:00,Islamabad,81.66666666666667,78.54166666666667,86.91666666666667
2026-05-25 06:00:00+00:00,Islamabad,81.66666666666667,78.54166666666667,86.91666666666667
2026-05-25 07:00:00+00:00,Islamabad,81.66666666666667,78.54166666666667,86.91666666666667
2026-05-25 08:00:00+00:00,Islamabad,81.66666666666667,78.54166666666667,86.91666666666667
2026-05-25 09:00:00+00:00,Islamabad,81.66666666666667,78.54166666666667,86.91666666666667
2026-05-25 10:00:00+00:00,Islamabad,81.66666666666667,78.54166666666667,86.91666666666667
2026-05-25 11:00:00+00:00,Islamabad,81.66666666666667,78.54166666666667,86.91666666666667
2026-05-25 12:00:00+00:00,Islamabad,81.66666666666667,78.54166666666667,86.91666666666667
2026-05-25 13:00:00+00:00,Islamabad,81.66666666666667,78.54166666666667,86.91666666666667
2026-05-25 14:00:00+00:00,Islamabad,81.66666666666667,78.54166666666667,86.91666666666667
2026-05-25 15:00:00+00:00,Islamabad,81.66666666666667,78.54166666666667,86.91666666666667
2026-05-25 16:00:00+00:00,Islamabad,81.66666666666667,78.54166666666667,86.91666666666667
2026-05-25 17:00:00+00:00,Islamabad,81.66666666666667,78.54166666666667,86.91666666666667
2026-05-25 18:00:00+00:00,Islamabad,81.66666666666667,78.54166666666667,86.91666666666667
2026-05-25 19:00:00+00:00,Islamabad,81.66666666666667,78.54166666666667,86.91666666666667
2026-05-25 20:00:00+00:00,Islamabad,81.66666666666667,78.54166666666667,86.91666666666667
2026-05-25 21:00:00+00:00,Islamabad,81.66666666666667,78.54166666666667,86.91666666666667
2026-05-25 22:00:00+00:00,Islamabad,81.66666666666667,78.54166666666667,86.91666666666667
2026-05-25 23:00:00+00:00,Islamabad,81.66666666666667,78.54166666666667,86.91666666666667
2026-05-26 00:00:00+00:00,Islamabad,78.54166666666667,86.91666666666667,112.41666666666667
2026-05-26 01:00:00+00:00,Islamabad,78.54166666666667,86.91666666666667,112.41666666666667
2026-05-26 02:00:00+00:00,Islamabad,78.54166666666667,86.91666666666667,112.41666666666667
2026-05-26 03:00:00+00:00,Islamabad,78.54166666666667,86.91666666666667,112.41666666666667
2026-05-26 04:00:00+00:00,Islamabad,78.54166666666667,86.91666666666667,112.41666666666667
2026-05-26 05:00:00+00:00,Islamabad,78.54166666666667,86.91666666666667,112.41666666666667
2026-05-26 06:00:00+00:00,Islamabad,78.54166666666667,86.91666666666667,112.41666666666667
2026-05-26 07:00:00+00:00,Islamabad,78.54166666666667,86.91666666666667,112.41666666666667
2026-05-26 08:00:00+00:00,Islamabad,78.54166666666667,86.91666666666667,112.41666666666667
2026-05-26 09:00:00+00:00,Islamabad,78.54166666666667,86.91666666666667,112.41666666666667
2026-05-26 10:00:00+00:00,Islamabad,78.54166666666667,86.91666666666667,112.41666666666667
2026-05-26 11:00:00+00:00,Islamabad,78.54166666666667,86.91666666666667,112.41666666666667
2026-05-26 12:00:00+00:00,Islamabad,78.54166666666667,86.91666666666667,112.41666666666667
2026-05-26 13:00:00+00:00,Islamabad,78.54166666666667,86.91666666666667,112.41666666666667
2026-05-26 14:00:00+00:00,Islamabad,78.54166666666667,86.91666666666667,112.41666666666667
2026-05-26 15:00:00+00:00,Islamabad,78.54166666666667,86.91666666666667,112.41666666666667
2026-05-26 16:00:00+00:00,Islamabad,78.54166666666667,86.91666666666667,112.41666666666667
2026-05-26 17:00:00+00:00,Islamabad,78.54166666666667,86.91666666666667,112.41666666666667
2026-05-26 18:00:00+00:00,Islamabad,78.54166666666667,86.91666666666667,112.41666666666667
2026-05-26 19:00:00+00:00,Islamabad,78.54166666666667,86.91666666666667,112.41666666666667
2026-05-26 20:00:00+00:00,Islamabad,78.54166666666667,86.91666666666667,112.41666666666667
2026-05-26 21:00:00+00:00,Islamabad,78.54166666666667,86.91666666666667,112.41666666666667
2026-05-26 22:00:00+00:00,Islamabad,78.54166666666667,86.91666666666667,112.41666666666667
2026-05-26 23:00:00+00:00,Islamabad,78.54166666666667,86.91666666666667,112.41666666666667
2026-05-27 00:00:00+00:00,Islamabad,86.91666666666667,112.41666666666667,136.25
2026-05-27 01:00:00+00:00,Islamabad,86.91666666666667,112.41666666666667,136.25
2026-05-27 02:00:00+00:00,Islamabad,86.91666666666667,112.41666666666667,136.25
2026-05-27 03:00:00+00:00,Islamabad,86.91666666666667,112.41666666666667,136.25
2026-05-27 04:00:00+00:00,Islamabad,86.91666666666667,112.41666666666667,136.25
2026-05-27 05:00:00+00:00,Islamabad,86.91666666666667,112.41666666666667,136.25
2026-05-27 06:00:00+00:00,Islamabad,86.91666666666667,112.41666666666667,136.25
2026-05-27 07:00:00+00:00,Islamabad,86.91666666666667,112.41666666666667,136.25
2026-05-27 08:00:00+00:00,Islamabad,86.91666666666667,112.41666666666667,136.25
2026-05-27 09:00:00+00:00,Islamabad,86.91666666666667,112.41666666666667,136.25
2026-05-27 10:00:00+00:00,Islamabad,86.91666666666667,112.41666666666667,136.25
2026-05-27 11:00:00+00:00,Islamabad,86.91666666666667,112.41666666666667,136.25
2026-05-27 12:00:00+00:00,Islamabad,86.91666666666667,112.41666666666667,136.25
2026-05-27 13:00:00+00:00,Islamabad,86.91666666666667,112.41666666666667,136.25
2026-05-27 14:00:00+00:00,Islamabad,86.91666666666667,112.41666666666667,136.25
2026-05-27 15:00:00+00:00,Islamabad,86.91666666666667,112.41666666666667,136.25
2026-05-27 16:00:00+00:00,Islamabad,86.91666666666667,112.41666666666667,136.25
2026-05-27 17:00:00+00:00,Islamabad,86.91666666666667,112.41666666666667,136.25
2026-05-27 18:00:00+00:00,Islamabad,86.91666666666667,112.41666666666667,136.25
2026-05-27 19:00:00+00:00,Islamabad,86.91666666666667,112.41666666666667,136.25
2026-05-27 20:00:00+00:00,Islamabad,86.91666666666667,112.41666666666667,136.25
2026-05-27 21:00:00+00:00,Islamabad,86.91666666666667,112.41666666666667,136.25
2026-05-27 22:00:00+00:00,Islamabad,86.91666666666667,112.41666666666667,136.25
2026-05-27 23:00:00+00:00,Islamabad,86.91666666666667,112.41666666666667,136.25
2026-05-28 00:00:00+00:00,Islamabad,112.41666666666667,136.25,152.45833333333334
2026-05-28 01:00:00+00:00,Islamabad,112.41666666666667,136.25,152.45833333333334
2026-05-28 02:00:00+00:00,Islamabad,112.41666666666667,136.25,152.45833333333334
2026-05-28 03:00:00+00:00,Islamabad,112.41666666666667,136.25,152.45833333333334
2026-05-28 04:00:00+00:00,Islamabad,112.41666666666667,136.25,152.45833333333334
2026-05-28 05:00:00+00:00,Islamabad,112.41666666666667,136.25,152.45833333333334
2026-05-28 06:00:00+00:00,Islamabad,112.41666666666667,136.25,152.45833333333334
2026-05-28 07:00:00+00:00,Islamabad,112.41666666666667,136.25,152.45833333333334
2026-05-28 08:00:00+00:00,Islamabad,112.41666666666667,136.25,152.45833333333334
2026-05-28 09:00:00+00:00,Islamabad,112.41666666666667,136.25,152.45833333333334
2026-05-28 10:00:00+00:00,Islamabad,112.41666666666667,136.25,152.45833333333334
2026-05-28 11:00:00+00:00,Islamabad,112.41666666666667,136.25,152.45833333333334
2026-05-28 12:00:00+00:00,Islamabad,112.41666666666667,136.25,152.45833333333334
2026-05-28 13:00:00+00:00,Islamabad,112.41666666666667,136.25,152.45833333333334
2026-05-28 14:00:00+00:00,Islamabad,112.41666666666667,136.25,152.45833333333334
2026-05-28 15:00:00+00:00,Islamabad,112.41666666666667,136.25,152.45833333333334
2026-05-28 16:00:00+00:00,Islamabad,112.41666666666667,136.25,152.45833333333334
2026-05-28 17:00:00+00:00,Islamabad,112.41666666666667,136.25,152.45833333333334
2026-05-28 18:00:00+00:00,Islamabad,112.41666666666667,136.25,152.45833333333334
2026-05-28 19:00:00+00:00,Islamabad,112.41666666666667,136.25,152.45833333333334
2026-05-28 20:00:00+00:00,Islamabad,112.41666666666667,136.25,152.45833333333334
2026-05-28 21:00:00+00:00,Islamabad,112.41666666666667,136.25,152.45833333333334
2026-05-28 22:00:00+00:00,Islamabad,112.41666666666667,136.25,152.45833333333334
2026-05-28 23:00:00+00:00,Islamabad,112.41666666666667,136.25,152.45833333333334
2026-05-29 00:00:00+00:00,Islamabad,136.25,152.45833333333334,145.79166666666666
2026-05-29 01:00:00+00:00,Islamabad,136.25,152.45833333333334,145.79166666666666
2026-05-29 02:00:00+00:00,Islamabad,136.25,152.45833333333334,145.79166666666666
2026-05-29 03:00:00+00:00,Islamabad,136.25,152.45833333333334,145.79166666666666
2026-05-29 04:00:00+00:00,Islamabad,136.25,152.45833333333334,145.79166666666666
2026-05-29 05:00:00+00:00,Islamabad,136.25,152.45833333333334,145.79166666666666
2026-05-29 06:00:00+00:00,Islamabad,136.25,152.45833333333334,145.79166666666666
2026-05-29 07:00:00+00:00,Islamabad,136.25,152.45833333333334,145.79166666666666
2026-05-29 08:00:00+00:00,Islamabad,136.25,152.45833333333334,145.79166666666666
2026-05-29 09:00:00+00:00,Islamabad,136.25,152.45833333333334,145.79166666666666
2026-05-29 10:00:00+00:00,Islamabad,136.25,152.45833333333334,145.79166666666666
2026-05-29 11:00:00+00:00,Islamabad,136.25,152.45833333333334,145.79166666666666
2026-05-29 12:00:00+00:00,Islamabad,136.25,152.45833333333334,145.79166666666666
2026-05-29 13:00:00+00:00,Islamabad,136.25,152.45833333333334,145.79166666666666
2026-05-29 14:00:00+00:00,Islamabad,136.25,152.45833333333334,145.79166666666666
2026-05-29 15:00:00+00:00,Islamabad,136.25,152.45833333333334,145.79166666666666
2026-05-29 16:00:00+00:00,Islamabad,136.25,152.45833333333334,145.79166666666666
2026-05-29 17:00:00+00:00,Islamabad,136.25,152.45833333333334,145.79166666666666
2026-05-29 18:00:00+00:00,Islamabad,136.25,152.45833333333334,145.79166666666666
2026-05-29 19:00:00+00:00,Islamabad,136.25,152.45833333333334,145.79166666666666
2026-05-29 20:00:00+00:00,Islamabad,136.25,152.45833333333334,145.79166666666666
2026-05-29 21:00:00+00:00,Islamabad,136.25,152.45833333333334,145.79166666666666
2026-05-29 22:00:00+00:00,Islamabad,136.25,152.45833333333334,145.79166666666666
2026-05-29 23:00:00+00:00,Islamabad,136.25,152.45833333333334,145.79166666666666
2026-05-30 00:00:00+00:00,Islamabad,152.45833333333334,145.79166666666666,150.625
2026-05-30 01:00:00+00:00,Islamabad,152.45833333333334,145.79166666666666,150.625
2026-05-30 02:00:00+00:00,Islamabad,152.45833333333334,145.79166666666666,150.625
2026-05-30 03:00:00+00:00,Islamabad,152.45833333333334,145.79166666666666,150.625
2026-05-30 04:00:00+00:00,Islamabad,152.45833333333334,145.79166666666666,150.625
2026-05-30 05:00:00+00:00,Islamabad,152.45833333333334,145.79166666666666,150.625
2026-05-30 06:00:00+00:00,Islamabad,152.45833333333334,145.79166666666666,150.625
2026-05-30 07:00:00+00:00,Islamabad,152.45833333333334,145.79166666666666,150.625
2026-05-30 08:00:00+00:00,Islamabad,152.45833333333334,145.79166666666666,150.625
2026-05-30 09:00:00+00:00,Islamabad,152.45833333333334,145.79166666666666,150.625
2026-05-30 10:00:00+00:00,Islamabad,152.45833333333334,145.79166666666666,150.625
2026-05-30 11:00:00+00:00,Islamabad,152.45833333333334,145.79166666666666,150.625
2026-05-30 12:00:00+00:00,Islamabad,152.45833333333334,145.79166666666666,150.625
2026-05-30 13:00:00+00:00,Islamabad,152.45833333333334,145.79166666666666,150.625
2026-05-30 14:00:00+00:00,Islamabad,152.45833333333334,145.79166666666666,150.625
2026-05-30 15:00:00+00:00,Islamabad,152.45833333333334,145.79166666666666,150.625
2026-05-30 16:00:00+00:00,Islamabad,152.45833333333334,145.79166666666666,150.625
2026-05-30 17:00:00+00:00,Islamabad,152.45833333333334,145.79166666666666,150.625
2026-05-30 18:00:00+00:00,Islamabad,152.45833333333334,145.79166666666666,150.625
2026-05-30 19:00:00+00:00,Islamabad,152.45833333333334,145.79166666666666,150.625
2026-05-30 20:00:00+00:00,Islamabad,152.45833333333334,145.79166666666666,150.625
2026-05-30 21:00:00+00:00,Islamabad,152.45833333333334,145.79166666666666,150.625
2026-05-30 22:00:00+00:00,Islamabad,152.45833333333334,145.79166666666666,150.625
2026-05-30 23:00:00+00:00,Islamabad,152.45833333333334,145.79166666666666,150.625
2026-05-31 00:00:00+00:00,Islamabad,145.79166666666666,150.625,126.33333333333333
2026-05-31 01:00:00+00:00,Islamabad,145.79166666666666,150.625,126.33333333333333
2026-05-31 02:00:00+00:00,Islamabad,145.79166666666666,150.625,126.33333333333333
2026-05-31 03:00:00+00:00,Islamabad,145.79166666666666,150.625,126.33333333333333
2026-05-31 04:00:00+00:00,Islamabad,145.79166666666666,150.625,126.33333333333333
2026-05-31 05:00:00+00:00,Islamabad,145.79166666666666,150.625,126.33333333333333
2026-05-31 06:00:00+00:00,Islamabad,145.79166666666666,150.625,126.33333333333333
2026-05-31 07:00:00+00:00,Islamabad,145.79166666666666,150.625,126.33333333333333
2026-05-31 08:00:00+00:00,Islamabad,145.79166666666666,150.625,126.33333333333333
2026-05-31 09:00:00+00:00,Islamabad,145.79166666666666,150.625,126.33333333333333
2026-05-31 10:00:00+00:00,Islamabad,145.79166666666666,150.625,126.33333333333333
2026-05-31 11:00:00+00:00,Islamabad,145.79166666666666,150.625,126.33333333333333
2026-05-31 12:00:00+00:00,Islamabad,145.79166666666666,150.625,126.33333333333333
2026-05-31 13:00:00+00:00,Islamabad,145.79166666666666,150.625,126.33333333333333
2026-05-31 14:00:00+00:00,Islamabad,145.79166666666666,150.625,126.33333333333333
2026-05-31 15:00:00+00:00,Islamabad,145.79166666666666,150.625,126.33333333333333
2026-05-31 16:00:00+00:00,Islamabad,145.79166666666666,150.625,126.33333333333333
2026-05-31 17:00:00+00:00,Islamabad,145.79166666666666,150.625,126.33333333333333
2026-05-31 18:00:00+00:00,Islamabad,145.79166666666666,150.625,126.33333333333333
2026-05-31 19:00:00+00:00,Islamabad,145.79166666666666,150.625,126.33333333333333
2026-05-31 20:00:00+00:00,Islamabad,145.79166666666666,150.625,126.33333333333333
2026-05-31 21:00:00+00:00,Islamabad,145.79166666666666,150.625,126.33333333333333
2026-05-31 22:00:00+00:00,Islamabad,145.79166666666666,150.625,126.33333333333333
2026-05-31 23:00:00+00:00,Islamabad,145.79166666666666,150.625,126.33333333333333
2026-06-01 00:00:00+00:00,Islamabad,150.625,126.33333333333333,107.70833333333333
2026-06-01 01:00:00+00:00,Islamabad,150.625,126.33333333333333,107.70833333333333
2026-06-01 02:00:00+00:00,Islamabad,150.625,126.33333333333333,107.70833333333333
2026-06-01 03:00:00+00:00,Islamabad,150.625,126.33333333333333,107.70833333333333
2026-06-01 04:00:00+00:00,Islamabad,150.625,126.33333333333333,107.70833333333333
2026-06-01 05:00:00+00:00,Islamabad,150.625,126.33333333333333,107.70833333333333
2026-06-01 06:00:00+00:00,Islamabad,150.625,126.33333333333333,107.70833333333333
2026-06-01 07:00:00+00:00,Islamabad,150.625,126.33333333333333,107.70833333333333
2026-06-01 08:00:00+00:00,Islamabad,150.625,126.33333333333333,107.70833333333333
2026-06-01 09:00:00+00:00,Islamabad,150.625,126.33333333333333,107.70833333333333
2026-06-01 10:00:00+00:00,Islamabad,150.625,126.33333333333333,107.70833333333333
2026-06-01 11:00:00+00:00,Islamabad,150.625,126.33333333333333,107.70833333333333
2026-06-01 12:00:00+00:00,Islamabad,150.625,126.33333333333333,107.70833333333333
2026-06-01 13:00:00+00:00,Islamabad,150.625,126.33333333333333,107.70833333333333
2026-06-01 14:00:00+00:00,Islamabad,150.625,126.33333333333333,107.70833333333333
2026-06-01 15:00:00+00:00,Islamabad,150.625,126.33333333333333,107.70833333333333
2026-06-01 16:00:00+00:00,Islamabad,150.625,126.33333333333333,107.70833333333333
2026-06-01 17:00:00+00:00,Islamabad,150.625,126.33333333333333,107.70833333333333
2026-06-01 18:00:00+00:00,Islamabad,150.625,126.33333333333333,107.70833333333333
2026-06-01 19:00:00+00:00,Islamabad,150.625,126.33333333333333,107.70833333333333
2026-06-01 20:00:00+00:00,Islamabad,150.625,126.33333333333333,107.70833333333333
2026-06-01 21:00:00+00:00,Islamabad,150.625,126.33333333333333,107.70833333333333
2026-06-01 22:00:00+00:00,Islamabad,150.625,126.33333333333333,107.70833333333333
2026-06-01 23:00:00+00:00,Islamabad,150.625,126.33333333333333,107.70833333333333
2026-06-02 00:00:00+00:00,Islamabad,126.33333333333333,107.70833333333333,113.66666666666667
2026-06-02 01:00:00+00:00,Islamabad,126.33333333333333,107.70833333333333,113.66666666666667
2026-06-02 02:00:00+00:00,Islamabad,126.33333333333333,107.70833333333333,113.66666666666667
2026-06-02 03:00:00+00:00,Islamabad,126.33333333333333,107.70833333333333,113.66666666666667
2026-06-02 04:00:00+00:00,Islamabad,126.33333333333333,107.70833333333333,113.66666666666667
2026-06-02 05:00:00+00:00,Islamabad,126.33333333333333,107.70833333333333,113.66666666666667
2026-06-02 06:00:00+00:00,Islamabad,126.33333333333333,107.70833333333333,113.66666666666667
2026-06-02 07:00:00+00:00,Islamabad,126.33333333333333,107.70833333333333,113.66666666666667
2026-06-02 08:00:00+00:00,Islamabad,126.33333333333333,107.70833333333333,113.66666666666667
2026-06-02 09:00:00+00:00,Islamabad,126.33333333333333,107.70833333333333,113.66666666666667
2026-06-02 10:00:00+00:00,Islamabad,126.33333333333333,107.70833333333333,113.66666666666667
2026-06-02 11:00:00+00:00,Islamabad,126.33333333333333,107.70833333333333,113.66666666666667
2026-06-02 12:00:00+00:00,Islamabad,126.33333333333333,107.70833333333333,113.66666666666667
2026-06-02 13:00:00+00:00,Islamabad,126.33333333333333,107.70833333333333,113.66666666666667
2026-06-02 14:00:00+00:00,Islamabad,126.33333333333333,107.70833333333333,113.66666666666667
2026-06-02 15:00:00+00:00,Islamabad,126.33333333333333,107.70833333333333,113.66666666666667
2026-06-02 16:00:00+00:00,Islamabad,126.33333333333333,107.70833333333333,113.66666666666667
2026-06-02 17:00:00+00:00,Islamabad,126.33333333333333,107.70833333333333,113.66666666666667
2026-06-02 18:00:00+00:00,Islamabad,126.33333333333333,107.70833333333333,113.66666666666667
2026-06-02 19:00:00+00:00,Islamabad,126.33333333333333,107.70833333333333,113.66666666666667
2026-06-02 20:00:00+00:00,Islamabad,126.33333333333333,107.70833333333333,113.66666666666667
2026-06-02 21:00:00+00:00,Islamabad,126.33333333333333,107.70833333333333,113.66666666666667
2026-06-02 22:00:00+00:00,Islamabad,126.33333333333333,107.70833333333333,113.66666666666667
2026-06-02 23:00:00+00:00,Islamabad,126.33333333333333,107.70833333333333,113.66666666666667
2026-06-03 00:00:00+00:00,Islamabad,107.70833333333333,113.66666666666667,94.33333333333333
2026-06-03 01:00:00+00:00,Islamabad,107.70833333333333,113.66666666666667,94.33333333333333
2026-06-03 02:00:00+00:00,Islamabad,107.70833333333333,113.66666666666667,94.33333333333333
2026-06-03 03:00:00+00:00,Islamabad,107.70833333333333,113.66666666666667,94.33333333333333
2026-06-03 04:00:00+00:00,Islamabad,107.70833333333333,113.66666666666667,94.33333333333333
2026-06-03 05:00:00+00:00,Islamabad,107.70833333333333,113.66666666666667,94.33333333333333
2026-06-03 06:00:00+00:00,Islamabad,107.70833333333333,113.66666666666667,94.33333333333333
2026-06-03 07:00:00+00:00,Islamabad,107.70833333333333,113.66666666666667,94.33333333333333
2026-06-03 08:00:00+00:00,Islamabad,107.70833333333333,113.66666666666667,94.33333333333333
2026-06-03 09:00:00+00:00,Islamabad,107.70833333333333,113.66666666666667,94.33333333333333
2026-06-03 10:00:00+00:00,Islamabad,107.70833333333333,113.66666666666667,94.33333333333333
2026-06-03 11:00:00+00:00,Islamabad,107.70833333333333,113.66666666666667,94.33333333333333
2026-06-03 12:00:00+00:00,Islamabad,107.70833333333333,113.66666666666667,94.33333333333333
2026-06-03 13:00:00+00:00,Islamabad,107.70833333333333,113.66666666666667,94.33333333333333
2026-06-03 14:00:00+00:00,Islamabad,107.70833333333333,113.66666666666667,94.33333333333333
2026-06-03 15:00:00+00:00,Islamabad,107.70833333333333,113.66666666666667,94.33333333333333
2026-06-03 16:00:00+00:00,Islamabad,107.70833333333333,113.66666666666667,94.33333333333333
2026-06-03 17:00:00+00:00,Islamabad,107.70833333333333,113.66666666666667,94.33333333333333
2026-06-03 18:00:00+00:00,Islamabad,107.70833333333333,113.66666666666667,94.33333333333333
2026-06-03 19:00:00+00:00,Islamabad,107.70833333333333,113.66666666666667,94.33333333333333
2026-06-03 20:00:00+00:00,Islamabad,107.70833333333333,113.66666666666667,94.33333333333333
2026-06-03 21:00:00+00:00,Islamabad,107.70833333333333,113.66666666666667,94.33333333333333
2026-06-03 22:00:00+00:00,Islamabad,107.70833333333333,113.66666666666667,94.33333333333333
2026-06-03 23:00:00+00:00,Islamabad,107.70833333333333,113.66666666666667,94.33333333333333
2026-06-04 00:00:00+00:00,Islamabad,113.66666666666667,94.33333333333333,97.91666666666667
2026-06-04 01:00:00+00:00,Islamabad,113.66666666666667,94.33333333333333,97.91666666666667
2026-06-04 02:00:00+00:00,Islamabad,113.66666666666667,94.33333333333333,97.91666666666667
2026-06-04 03:00:00+00:00,Islamabad,113.66666666666667,94.33333333333333,97.91666666666667
2026-06-04 04:00:00+00:00,Islamabad,113.66666666666667,94.33333333333333,97.91666666666667
2026-06-04 05:00:00+00:00,Islamabad,113.66666666666667,94.33333333333333,97.91666666666667
2026-06-04 06:00:00+00:00,Islamabad,113.66666666666667,94.33333333333333,97.91666666666667
2026-06-04 07:00:00+00:00,Islamabad,113.66666666666667,94.33333333333333,97.91666666666667
2026-06-04 08:00:00+00:00,Islamabad,113.66666666666667,94.33333333333333,97.91666666666667
2026-06-04 09:00:00+00:00,Islamabad,113.66666666666667,94.33333333333333,97.91666666666667
2026-06-04 10:00:00+00:00,Islamabad,113.66666666666667,94.33333333333333,97.91666666666667
2026-06-04 11:00:00+00:00,Islamabad,113.66666666666667,94.33333333333333,97.91666666666667
2026-06-04 12:00:00+00:00,Islamabad,113.66666666666667,94.33333333333333,97.91666666666667
2026-06-04 13:00:00+00:00,Islamabad,113.66666666666667,94.33333333333333,97.91666666666667
2026-06-04 14:00:00+00:00,Islamabad,113.66666666666667,94.33333333333333,97.91666666666667
2026-06-04 15:00:00+00:00,Islamabad,113.66666666666667,94.33333333333333,97.91666666666667
2026-06-04 16:00:00+00:00,Islamabad,113.66666666666667,94.33333333333333,97.91666666666667
2026-06-04 17:00:00+00:00,Islamabad,113.66666666666667,94.33333333333333,97.91666666666667
2026-06-04 18:00:00+00:00,Islamabad,113.66666666666667,94.33333333333333,97.91666666666667
2026-06-04 19:00:00+00:00,Islamabad,113.66666666666667,94.33333333333333,97.91666666666667
2026-06-04 20:00:00+00:00,Islamabad,113.66666666666667,94.33333333333333,97.91666666666667
2026-06-04 21:00:00+00:00,Islamabad,113.66666666666667,94.33333333333333,97.91666666666667
2026-06-04 22:00:00+00:00,Islamabad,113.66666666666667,94.33333333333333,97.91666666666667
2026-06-04 23:00:00+00:00,Islamabad,113.66666666666667,94.33333333333333,97.91666666666667
2026-06-05 00:00:00+00:00,Islamabad,94.33333333333333,97.91666666666667,90.83333333333333
2026-06-05 01:00:00+00:00,Islamabad,94.33333333333333,97.91666666666667,90.83333333333333
2026-06-05 02:00:00+00:00,Islamabad,94.33333333333333,97.91666666666667,90.83333333333333
2026-06-05 03:00:00+00:00,Islamabad,94.33333333333333,97.91666666666667,90.83333333333333
2026-06-05 04:00:00+00:00,Islamabad,94.33333333333333,97.91666666666667,90.83333333333333
2026-06-05 05:00:00+00:00,Islamabad,94.33333333333333,97.91666666666667,90.83333333333333
2026-06-05 06:00:00+00:00,Islamabad,94.33333333333333,97.91666666666667,90.83333333333333
2026-06-05 07:00:00+00:00,Islamabad,94.33333333333333,97.91666666666667,90.83333333333333
2026-06-05 08:00:00+00:00,Islamabad,94.33333333333333,97.91666666666667,90.83333333333333
2026-06-05 09:00:00+00:00,Islamabad,94.33333333333333,97.91666666666667,90.83333333333333
2026-06-05 10:00:00+00:00,Islamabad,94.33333333333333,97.91666666666667,90.83333333333333
2026-06-05 11:00:00+00:00,Islamabad,94.33333333333333,97.91666666666667,90.83333333333333
2026-06-05 12:00:00+00:00,Islamabad,94.33333333333333,97.91666666666667,90.83333333333333
2026-06-05 13:00:00+00:00,Islamabad,94.33333333333333,97.91666666666667,90.83333333333333
2026-06-05 14:00:00+00:00,Islamabad,94.33333333333333,97.91666666666667,90.83333333333333
2026-06-05 15:00:00+00:00,Islamabad,94.33333333333333,97.91666666666667,90.83333333333333
2026-06-05 16:00:00+00:00,Islamabad,94.33333333333333,97.91666666666667,90.83333333333333
2026-06-05 17:00:00+00:00,Islamabad,94.33333333333333,97.91666666666667,90.83333333333333
2026-06-05 18:00:00+00:00,Islamabad,94.33333333333333,97.91666666666667,90.83333333333333
2026-06-05 19:00:00+00:00,Islamabad,94.33333333333333,97.91666666666667,90.83333333333333
2026-06-05 20:00:00+00:00,Islamabad,94.33333333333333,97.91666666666667,90.83333333333333
2026-06-05 21:00:00+00:00,Islamabad,94.33333333333333,97.91666666666667,90.83333333333333
2026-06-05 22:00:00+00:00,Islamabad,94.33333333333333,97.91666666666667,90.83333333333333
2026-06-05 23:00:00+00:00,Islamabad,94.33333333333333,97.91666666666667,90.83333333333333
2026-06-06 00:00:00+00:00,Islamabad,97.91666666666667,90.83333333333333,96.20833333333333
2026-06-06 01:00:00+00:00,Islamabad,97.91666666666667,90.83333333333333,96.20833333333333
2026-06-06 02:00:00+00:00,Islamabad,97.91666666666667,90.83333333333333,96.20833333333333
2026-06-06 03:00:00+00:00,Islamabad,97.91666666666667,90.83333333333333,96.20833333333333
2026-06-06 04:00:00+00:00,Islamabad,97.91666666666667,90.83333333333333,96.20833333333333
2026-06-06 05:00:00+00:00,Islamabad,97.91666666666667,90.83333333333333,96.20833333333333
2026-06-06 06:00:00+00:00,Islamabad,97.91666666666667,90.83333333333333,96.20833333333333
2026-06-06 07:00:00+00:00,Islamabad,97.91666666666667,90.83333333333333,96.20833333333333
2026-06-06 08:00:00+00:00,Islamabad,97.91666666666667,90.83333333333333,96.20833333333333
2026-06-06 09:00:00+00:00,Islamabad,97.91666666666667,90.83333333333333,96.20833333333333
2026-06-06 10:00:00+00:00,Islamabad,97.91666666666667,90.83333333333333,96.20833333333333
2026-06-06 11:00:00+00:00,Islamabad,97.91666666666667,90.83333333333333,96.20833333333333
2026-06-06 12:00:00+00:00,Islamabad,97.91666666666667,90.83333333333333,96.20833333333333
2026-06-06 13:00:00+00:00,Islamabad,97.91666666666667,90.83333333333333,96.20833333333333
2026-06-06 14:00:00+00:00,Islamabad,97.91666666666667,90.83333333333333,96.20833333333333
2026-06-06 15:00:00+00:00,Islamabad,97.91666666666667,90.83333333333333,96.20833333333333
2026-06-06 16:00:00+00:00,Islamabad,97.91666666666667,90.83333333333333,96.20833333333333
2026-06-06 17:00:00+00:00,Islamabad,97.91666666666667,90.83333333333333,96.20833333333333
2026-06-06 18:00:00+00:00,Islamabad,97.91666666666667,90.83333333333333,96.20833333333333
2026-06-06 19:00:00+00:00,Islamabad,97.91666666666667,90.83333333333333,96.20833333333333
2026-06-06 20:00:00+00:00,Islamabad,97.91666666666667,90.83333333333333,96.20833333333333
2026-06-06 21:00:00+00:00,Islamabad,97.91666666666667,90.83333333333333,96.20833333333333
2026-06-06 22:00:00+00:00,Islamabad,97.91666666666667,90.83333333333333,96.20833333333333
2026-06-06 23:00:00+00:00,Islamabad,97.91666666666667,90.83333333333333,96.20833333333333
2026-06-07 00:00:00+00:00,Islamabad,90.83333333333333,96.20833333333333,102.66666666666667
2026-06-07 01:00:00+00:00,Islamabad,90.83333333333333,96.20833333333333,102.66666666666667
2026-06-07 02:00:00+00:00,Islamabad,90.83333333333333,96.20833333333333,102.66666666666667
2026-06-07 03:00:00+00:00,Islamabad,90.83333333333333,96.20833333333333,102.66666666666667
2026-06-07 04:00:00+00:00,Islamabad,90.83333333333333,96.20833333333333,102.66666666666667
2026-06-07 05:00:00+00:00,Islamabad,90.83333333333333,96.20833333333333,102.66666666666667
2026-06-07 06:00:00+00:00,Islamabad,90.83333333333333,96.20833333333333,102.66666666666667
2026-06-07 07:00:00+00:00,Islamabad,90.83333333333333,96.20833333333333,102.66666666666667
2026-06-07 08:00:00+00:00,Islamabad,90.83333333333333,96.20833333333333,102.66666666666667
2026-06-07 09:00:00+00:00,Islamabad,90.83333333333333,96.20833333333333,102.66666666666667
2026-06-07 10:00:00+00:00,Islamabad,90.83333333333333,96.20833333333333,102.66666666666667
2026-06-07 11:00:00+00:00,Islamabad,90.83333333333333,96.20833333333333,102.66666666666667
2026-06-07 12:00:00+00:00,Islamabad,90.83333333333333,96.20833333333333,102.66666666666667
2026-06-07 13:00:00+00:00,Islamabad,90.83333333333333,96.20833333333333,102.66666666666667
2026-06-07 14:00:00+00:00,Islamabad,90.83333333333333,96.20833333333333,102.66666666666667
2026-06-07 15:00:00+00:00,Islamabad,90.83333333333333,96.20833333333333,102.66666666666667
2026-06-07 16:00:00+00:00,Islamabad,90.83333333333333,96.20833333333333,102.66666666666667
2026-06-07 17:00:00+00:00,Islamabad,90.83333333333333,96.20833333333333,102.66666666666667
2026-06-07 18:00:00+00:00,Islamabad,90.83333333333333,96.20833333333333,102.66666666666667
2026-06-07 19:00:00+00:00,Islamabad,90.83333333333333,96.20833333333333,102.66666666666667
2026-06-07 20:00:00+00:00,Islamabad,90.83333333333333,96.20833333333333,102.66666666666667
2026-06-07 21:00:00+00:00,Islamabad,90.83333333333333,96.20833333333333,102.66666666666667
2026-06-07 22:00:00+00:00,Islamabad,90.83333333333333,96.20833333333333,102.66666666666667
2026-06-07 23:00:00+00:00,Islamabad,90.83333333333333,96.20833333333333,102.66666666666667
2026-06-08 00:00:00+00:00,Islamabad,96.20833333333333,102.66666666666667,128.125
2026-06-08 01:00:00+00:00,Islamabad,96.20833333333333,102.66666666666667,128.125
2026-06-08 02:00:00+00:00,Islamabad,96.20833333333333,102.66666666666667,128.125
2026-06-08 03:00:00+00:00,Islamabad,96.20833333333333,102.66666666666667,128.125
2026-06-08 04:00:00+00:00,Islamabad,96.20833333333333,102.66666666666667,128.125
2026-06-08 05:00:00+00:00,Islamabad,96.20833333333333,102.66666666666667,128.125
2026-06-08 06:00:00+00:00,Islamabad,96.20833333333333,102.66666666666667,128.125
2026-06-08 07:00:00+00:00,Islamabad,96.20833333333333,102.66666666666667,128.125
2026-06-08 08:00:00+00:00,Islamabad,96.20833333333333,102.66666666666667,128.125
2026-06-08 09:00:00+00:00,Islamabad,96.20833333333333,102.66666666666667,128.125
2026-06-08 10:00:00+00:00,Islamabad,96.20833333333333,102.66666666666667,128.125
2026-06-08 11:00:00+00:00,Islamabad,96.20833333333333,102.66666666666667,128.125
2026-06-08 12:00:00+00:00,Islamabad,96.20833333333333,102.66666666666667,128.125
2026-06-08 13:00:00+00:00,Islamabad,96.20833333333333,102.66666666666667,128.125
2026-06-08 14:00:00+00:00,Islamabad,96.20833333333333,102.66666666666667,128.125
2026-06-08 15:00:00+00:00,Islamabad,96.20833333333333,102.66666666666667,128.125
2026-06-08 16:00:00+00:00,Islamabad,96.20833333333333,102.66666666666667,128.125
2026-06-08 17:00:00+00:00,Islamabad,96.20833333333333,102.66666666666667,128.125
2026-06-08 18:00:00+00:00,Islamabad,96.20833333333333,102.66666666666667,128.125
2026-06-08 19:00:00+00:00,Islamabad,96.20833333333333,102.66666666666667,128.125
2026-06-08 20:00:00+00:00,Islamabad,96.20833333333333,102.66666666666667,128.125
2026-06-08 21:00:00+00:00,Islamabad,96.20833333333333,102.66666666666667,128.125
2026-06-08 22:00:00+00:00,Islamabad,96.20833333333333,102.66666666666667,128.125
2026-06-08 23:00:00+00:00,Islamabad,96.20833333333333,102.66666666666667,128.125
2026-06-09 00:00:00+00:00,Islamabad,102.66666666666667,128.125,101.83333333333333
2026-06-09 01:00:00+00:00,Islamabad,102.66666666666667,128.125,101.83333333333333
2026-06-09 02:00:00+00:00,Islamabad,102.66666666666667,128.125,101.83333333333333
2026-06-09 03:00:00+00:00,Islamabad,102.66666666666667,128.125,101.83333333333333
2026-06-09 04:00:00+00:00,Islamabad,102.66666666666667,128.125,101.83333333333333
2026-06-09 05:00:00+00:00,Islamabad,102.66666666666667,128.125,101.83333333333333
2026-06-09 06:00:00+00:00,Islamabad,102.66666666666667,128.125,101.83333333333333
2026-06-09 07:00:00+00:00,Islamabad,102.66666666666667,128.125,101.83333333333333
2026-06-09 08:00:00+00:00,Islamabad,102.66666666666667,128.125,101.83333333333333
2026-06-09 09:00:00+00:00,Islamabad,102.66666666666667,128.125,101.83333333333333
2026-06-09 10:00:00+00:00,Islamabad,102.66666666666667,128.125,101.83333333333333
2026-06-09 11:00:00+00:00,Islamabad,102.66666666666667,128.125,101.83333333333333
2026-06-09 12:00:00+00:00,Islamabad,102.66666666666667,128.125,101.83333333333333
2026-06-09 13:00:00+00:00,Islamabad,102.66666666666667,128.125,101.83333333333333
2026-06-09 14:00:00+00:00,Islamabad,102.66666666666667,128.125,101.83333333333333
2026-06-09 15:00:00+00:00,Islamabad,102.66666666666667,128.125,101.83333333333333
2026-06-09 16:00:00+00:00,Islamabad,102.66666666666667,128.125,101.83333333333333
2026-06-09 17:00:00+00:00,Islamabad,102.66666666666667,128.125,101.83333333333333
2026-06-09 18:00:00+00:00,Islamabad,102.66666666666667,128.125,101.83333333333333
2026-06-09 19:00:00+00:00,Islamabad,102.66666666666667,128.125,101.83333333333333
2026-06-09 20:00:00+00:00,Islamabad,102.66666666666667,128.125,101.83333333333333
2026-06-09 21:00:00+00:00,Islamabad,102.66666666666667,128.125,101.83333333333333
2026-06-09 22:00:00+00:00,Islamabad,102.66666666666667,128.125,101.83333333333333
2026-06-09 23:00:00+00:00,Islamabad,102.66666666666667,128.125,101.83333333333333
2026-06-10 00:00:00+00:00,Islamabad,128.125,101.83333333333333,104.75
2026-06-10 01:00:00+00:00,Islamabad,128.125,101.83333333333333,104.75
2026-06-10 02:00:00+00:00,Islamabad,128.125,101.83333333333333,104.75
2026-06-10 03:00:00+00:00,Islamabad,128.125,101.83333333333333,104.75
2026-06-10 04:00:00+00:00,Islamabad,128.125,101.83333333333333,104.75
2026-06-10 05:00:00+00:00,Islamabad,128.125,101.83333333333333,104.75
2026-06-10 06:00:00+00:00,Islamabad,128.125,101.83333333333333,104.75
2026-06-10 07:00:00+00:00,Islamabad,128.125,101.83333333333333,104.75
2026-06-10 08:00:00+00:00,Islamabad,128.125,101.83333333333333,104.75
2026-06-10 09:00:00+00:00,Islamabad,128.125,101.83333333333333,104.75
2026-06-10 10:00:00+00:00,Islamabad,128.125,101.83333333333333,104.75
2026-06-10 11:00:00+00:00,Islamabad,128.125,101.83333333333333,104.75
2026-06-10 12:00:00+00:00,Islamabad,128.125,101.83333333333333,104.75
2026-06-10 13:00:00+00:00,Islamabad,128.125,101.83333333333333,104.75
2026-06-10 14:00:00+00:00,Islamabad,128.125,101.83333333333333,104.75
2026-06-10 15:00:00+00:00,Islamabad,128.125,101.83333333333333,104.75
2026-06-10 16:00:00+00:00,Islamabad,128.125,101.83333333333333,104.75
2026-06-10 17:00:00+00:00,Islamabad,128.125,101.83333333333333,104.75
2026-06-10 18:00:00+00:00,Islamabad,128.125,101.83333333333333,104.75
2026-06-10 19:00:00+00:00,Islamabad,128.125,101.83333333333333,104.75
2026-06-10 20:00:00+00:00,Islamabad,128.125,101.83333333333333,104.75
2026-06-10 21:00:00+00:00,Islamabad,128.125,101.83333333333333,104.75
2026-06-10 22:00:00+00:00,Islamabad,128.125,101.83333333333333,104.75
2026-06-10 23:00:00+00:00,Islamabad,128.125,101.83333333333333,104.75
2026-06-11 00:00:00+00:00,Islamabad,101.83333333333333,104.75,105.58333333333333
2026-06-11 01:00:00+00:00,Islamabad,101.83333333333333,104.75,105.58333333333333
2026-06-11 02:00:00+00:00,Islamabad,101.83333333333333,104.75,105.58333333333333
2026-06-11 03:00:00+00:00,Islamabad,101.83333333333333,104.75,105.58333333333333
2026-06-11 04:00:00+00:00,Islamabad,101.83333333333333,104.75,105.58333333333333
2026-06-11 05:00:00+00:00,Islamabad,101.83333333333333,104.75,105.58333333333333
2026-06-11 06:00:00+00:00,Islamabad,101.83333333333333,104.75,105.58333333333333
2026-06-11 07:00:00+00:00,Islamabad,101.83333333333333,104.75,105.58333333333333
2026-06-11 08:00:00+00:00,Islamabad,101.83333333333333,104.75,105.58333333333333
2026-06-11 09:00:00+00:00,Islamabad,101.83333333333333,104.75,105.58333333333333
2026-06-11 10:00:00+00:00,Islamabad,101.83333333333333,104.75,105.58333333333333
2026-06-11 11:00:00+00:00,Islamabad,101.83333333333333,104.75,105.58333333333333
2026-06-11 12:00:00+00:00,Islamabad,101.83333333333333,104.75,105.58333333333333
2026-06-11 13:00:00+00:00,Islamabad,101.83333333333333,104.75,105.58333333333333
2026-06-11 14:00:00+00:00,Islamabad,101.83333333333333,104.75,105.58333333333333
2026-06-11 15:00:00+00:00,Islamabad,101.83333333333333,104.75,105.58333333333333
2026-06-11 16:00:00+00:00,Islamabad,101.83333333333333,104.75,105.58333333333333
2026-06-11 17:00:00+00:00,Islamabad,101.83333333333333,104.75,105.58333333333333
2026-06-11 18:00:00+00:00,Islamabad,101.83333333333333,104.75,105.58333333333333
2026-06-11 19:00:00+00:00,Islamabad,101.83333333333333,104.75,105.58333333333333
2026-06-11 20:00:00+00:00,Islamabad,101.83333333333333,104.75,105.58333333333333
2026-06-11 21:00:00+00:00,Islamabad,101.83333333333333,104.75,105.58333333333333
2026-06-11 22:00:00+00:00,Islamabad,101.83333333333333,104.75,105.58333333333333
2026-06-11 23:00:00+00:00,Islamabad,101.83333333333333,104.75,105.58333333333333
2026-06-12 00:00:00+00:00,Islamabad,104.75,105.58333333333333,104.0
2026-06-12 01:00:00+00:00,Islamabad,104.75,105.58333333333333,104.0
2026-06-12 02:00:00+00:00,Islamabad,104.75,105.58333333333333,104.0
2026-06-12 03:00:00+00:00,Islamabad,104.75,105.58333333333333,104.0
2026-06-12 04:00:00+00:00,Islamabad,104.75,105.58333333333333,104.0
2026-06-12 05:00:00+00:00,Islamabad,104.75,105.58333333333333,104.0
2026-06-12 06:00:00+00:00,Islamabad,104.75,105.58333333333333,104.0
2026-06-12 07:00:00+00:00,Islamabad,104.75,105.58333333333333,104.0
2026-06-12 08:00:00+00:00,Islamabad,104.75,105.58333333333333,104.0
2026-06-12 09:00:00+00:00,Islamabad,104.75,105.58333333333333,104.0
2026-06-12 10:00:00+00:00,Islamabad,104.75,105.58333333333333,104.0
2026-06-12 11:00:00+00:00,Islamabad,104.75,105.58333333333333,104.0
2026-06-12 12:00:00+00:00,Islamabad,104.75,105.58333333333333,104.0
2026-06-12 13:00:00+00:00,Islamabad,104.75,105.58333333333333,104.0
2026-06-12 14:00:00+00:00,Islamabad,104.75,105.58333333333333,104.0
2026-06-12 15:00:00+00:00,Islamabad,104.75,105.58333333333333,104.0
2026-06-12 16:00:00+00:00,Islamabad,104.75,105.58333333333333,104.0
2026-06-12 17:00:00+00:00,Islamabad,104.75,105.58333333333333,104.0
2026-06-12 18:00:00+00:00,Islamabad,104.75,105.58333333333333,104.0
2026-06-12 19:00:00+00:00,Islamabad,104.75,105.58333333333333,104.0
2026-06-12 20:00:00+00:00,Islamabad,104.75,105.58333333333333,104.0
2026-06-12 21:00:00+00:00,Islamabad,104.75,105.58333333333333,104.0
2026-06-12 22:00:00+00:00,Islamabad,104.75,105.58333333333333,104.0
2026-06-12 23:00:00+00:00,Islamabad,104.75,105.58333333333333,104.0
2026-06-13 00:00:00+00:00,Islamabad,105.58333333333333,104.0,112.875
2026-06-13 01:00:00+00:00,Islamabad,105.58333333333333,104.0,112.875
2026-06-13 02:00:00+00:00,Islamabad,105.58333333333333,104.0,112.875
2026-06-13 03:00:00+00:00,Islamabad,105.58333333333333,104.0,112.875
2026-06-13 04:00:00+00:00,Islamabad,105.58333333333333,104.0,112.875
2026-06-13 05:00:00+00:00,Islamabad,105.58333333333333,104.0,112.875
2026-06-13 06:00:00+00:00,Islamabad,105.58333333333333,104.0,112.875
2026-06-13 07:00:00+00:00,Islamabad,105.58333333333333,104.0,112.875
2026-06-13 08:00:00+00:00,Islamabad,105.58333333333333,104.0,112.875
2026-06-13 09:00:00+00:00,Islamabad,105.58333333333333,104.0,112.875
2026-06-13 10:00:00+00:00,Islamabad,105.58333333333333,104.0,112.875
2026-06-13 11:00:00+00:00,Islamabad,105.58333333333333,104.0,112.875
2026-06-13 12:00:00+00:00,Islamabad,105.58333333333333,104.0,112.875
2026-06-13 13:00:00+00:00,Islamabad,105.58333333333333,104.0,112.875
2026-06-13 14:00:00+00:00,Islamabad,105.58333333333333,104.0,112.875
2026-06-13 15:00:00+00:00,Islamabad,105.58333333333333,104.0,112.875
2026-06-13 16:00:00+00:00,Islamabad,105.58333333333333,104.0,112.875
2026-06-13 17:00:00+00:00,Islamabad,105.58333333333333,104.0,112.875
2026-06-13 18:00:00+00:00,Islamabad,105.58333333333333,104.0,112.875
2026-06-13 19:00:00+00:00,Islamabad,105.58333333333333,104.0,112.875
2026-06-13 20:00:00+00:00,Islamabad,105.58333333333333,104.0,112.875
2026-06-13 21:00:00+00:00,Islamabad,105.58333333333333,104.0,112.875
2026-06-13 22:00:00+00:00,Islamabad,105.58333333333333,104.0,112.875
2026-06-13 23:00:00+00:00,Islamabad,105.58333333333333,104.0,112.875
2026-06-14 00:00:00+00:00,Islamabad,104.0,112.875,115.5
2026-06-14 01:00:00+00:00,Islamabad,104.0,112.875,115.5
2026-06-14 02:00:00+00:00,Islamabad,104.0,112.875,115.5
2026-06-14 03:00:00+00:00,Islamabad,104.0,112.875,115.5
2026-06-14 04:00:00+00:00,Islamabad,104.0,112.875,115.5
2026-06-14 05:00:00+00:00,Islamabad,104.0,112.875,115.5
2026-06-14 06:00:00+00:00,Islamabad,104.0,112.875,115.5
2026-06-14 07:00:00+00:00,Islamabad,104.0,112.875,115.5
2026-06-14 08:00:00+00:00,Islamabad,104.0,112.875,115.5
2026-06-14 09:00:00+00:00,Islamabad,104.0,112.875,115.5
2026-06-14 10:00:00+00:00,Islamabad,104.0,112.875,115.5
2026-06-14 11:00:00+00:00,Islamabad,104.0,112.875,115.5
2026-06-14 12:00:00+00:00,Islamabad,104.0,112.875,115.5
2026-06-14 13:00:00+00:00,Islamabad,104.0,112.875,115.5
2026-06-14 14:00:00+00:00,Islamabad,104.0,112.875,115.5
2026-06-14 15:00:00+00:00,Islamabad,104.0,112.875,115.5
2026-06-14 16:00:00+00:00,Islamabad,104.0,112.875,115.5
2026-06-14 17:00:00+00:00,Islamabad,104.0,112.875,115.5
2026-06-14 18:00:00+00:00,Islamabad,104.0,112.875,115.5
2026-06-14 19:00:00+00:00,Islamabad,104.0,112.875,115.5
2026-06-14 20:00:00+00:00,Islamabad,104.0,112.875,115.5
2026-06-14 21:00:00+00:00,Islamabad,104.0,112.875,115.5
2026-06-14 22:00:00+00:00,Islamabad,104.0,112.875,115.5
2026-06-14 23:00:00+00:00,Islamabad,104.0,112.875,115.5
2026-06-15 00:00:00+00:00,Islamabad,112.875,115.5,108.29166666666667
2026-06-15 01:00:00+00:00,Islamabad,112.875,115.5,108.29166666666667
2026-06-15 02:00:00+00:00,Islamabad,112.875,115.5,108.29166666666667
2026-06-15 03:00:00+00:00,Islamabad,112.875,115.5,108.29166666666667
2026-06-15 04:00:00+00:00,Islamabad,112.875,115.5,108.29166666666667
2026-06-15 05:00:00+00:00,Islamabad,112.875,115.5,108.29166666666667
2026-06-15 06:00:00+00:00,Islamabad,112.875,115.5,108.29166666666667
2026-06-15 07:00:00+00:00,Islamabad,112.875,115.5,108.29166666666667
2026-06-15 08:00:00+00:00,Islamabad,112.875,115.5,108.29166666666667
2026-06-15 09:00:00+00:00,Islamabad,112.875,115.5,108.29166666666667
2026-06-15 10:00:00+00:00,Islamabad,112.875,115.5,108.29166666666667
2026-06-15 11:00:00+00:00,Islamabad,112.875,115.5,108.29166666666667
2026-06-15 12:00:00+00:00,Islamabad,112.875,115.5,108.29166666666667
2026-06-15 13:00:00+00:00,Islamabad,112.875,115.5,108.29166666666667
2026-06-15 14:00:00+00:00,Islamabad,112.875,115.5,108.29166666666667
2026-06-15 15:00:00+00:00,Islamabad,112.875,115.5,108.29166666666667
2026-06-15 16:00:00+00:00,Islamabad,112.875,115.5,108.29166666666667
2026-06-15 17:00:00+00:00,Islamabad,112.875,115.5,108.29166666666667
2026-06-15 18:00:00+00:00,Islamabad,112.875,115.5,108.29166666666667
2026-06-15 19:00:00+00:00,Islamabad,112.875,115.5,108.29166666666667
2026-06-15 20:00:00+00:00,Islamabad,112.875,115.5,108.29166666666667
2026-06-15 21:00:00+00:00,Islamabad,112.875,115.5,108.29166666666667
2026-06-15 22:00:00+00:00,Islamabad,112.875,115.5,108.29166666666667
2026-06-15 23:00:00+00:00,Islamabad,112.875,115.5,108.29166666666667
2026-06-16 00:00:00+00:00,Islamabad,115.5,108.29166666666667,103.16666666666667
2026-06-16 01:00:00+00:00,Islamabad,115.5,108.29166666666667,103.16666666666667
2026-06-16 02:00:00+00:00,Islamabad,115.5,108.29166666666667,103.16666666666667
2026-06-16 03:00:00+00:00,Islamabad,115.5,108.29166666666667,103.16666666666667
2026-06-16 04:00:00+00:00,Islamabad,115.5,108.29166666666667,103.16666666666667
2026-06-16 05:00:00+00:00,Islamabad,115.5,108.29166666666667,103.16666666666667
2026-06-16 06:00:00+00:00,Islamabad,115.5,108.29166666666667,103.16666666666667
2026-06-16 07:00:00+00:00,Islamabad,115.5,108.29166666666667,103.16666666666667
2026-06-16 08:00:00+00:00,Islamabad,115.5,108.29166666666667,103.16666666666667
2026-06-16 09:00:00+00:00,Islamabad,115.5,108.29166666666667,103.16666666666667
2026-06-16 10:00:00+00:00,Islamabad,115.5,108.29166666666667,103.16666666666667
2026-06-16 11:00:00+00:00,Islamabad,115.5,108.29166666666667,103.16666666666667
2026-06-16 12:00:00+00:00,Islamabad,115.5,108.29166666666667,103.16666666666667
2026-06-16 13:00:00+00:00,Islamabad,115.5,108.29166666666667,103.16666666666667
2026-06-16 14:00:00+00:00,Islamabad,115.5,108.29166666666667,103.16666666666667
2026-06-16 15:00:00+00:00,Islamabad,115.5,108.29166666666667,103.16666666666667
2026-06-16 16:00:00+00:00,Islamabad,115.5,108.29166666666667,103.16666666666667
2026-06-16 17:00:00+00:00,Islamabad,115.5,108.29166666666667,103.16666666666667
2026-06-16 18:00:00+00:00,Islamabad,115.5,108.29166666666667,103.16666666666667
2026-06-16 19:00:00+00:00,Islamabad,115.5,108.29166666666667,103.16666666666667
2026-06-16 20:00:00+00:00,Islamabad,115.5,108.29166666666667,103.16666666666667
2026-06-16 21:00:00+00:00,Islamabad,115.5,108.29166666666667,103.16666666666667
2026-06-16 22:00:00+00:00,Islamabad,115.5,108.29166666666667,103.16666666666667
2026-06-16 23:00:00+00:00,Islamabad,115.5,108.29166666666667,103.16666666666667
2026-06-17 00:00:00+00:00,Islamabad,108.29166666666667,103.16666666666667,111.25
2026-06-17 01:00:00+00:00,Islamabad,108.29166666666667,103.16666666666667,111.25
2026-06-17 02:00:00+00:00,Islamabad,108.29166666666667,103.16666666666667,111.25
2026-06-17 03:00:00+00:00,Islamabad,108.29166666666667,103.16666666666667,111.25
2026-06-17 04:00:00+00:00,Islamabad,108.29166666666667,103.16666666666667,111.25
2026-06-17 05:00:00+00:00,Islamabad,108.29166666666667,103.16666666666667,111.25
2026-06-17 06:00:00+00:00,Islamabad,108.29166666666667,103.16666666666667,111.25
2026-06-17 07:00:00+00:00,Islamabad,108.29166666666667,103.16666666666667,111.25
2026-06-17 08:00:00+00:00,Islamabad,108.29166666666667,103.16666666666667,111.25
2026-06-17 09:00:00+00:00,Islamabad,108.29166666666667,103.16666666666667,111.25
2026-06-17 10:00:00+00:00,Islamabad,108.29166666666667,103.16666666666667,111.25
2026-06-17 11:00:00+00:00,Islamabad,108.29166666666667,103.16666666666667,111.25
2026-06-17 12:00:00+00:00,Islamabad,108.29166666666667,103.16666666666667,111.25
2026-06-17 13:00:00+00:00,Islamabad,108.29166666666667,103.16666666666667,111.25
2026-06-17 14:00:00+00:00,Islamabad,108.29166666666667,103.16666666666667,111.25
2026-06-17 15:00:00+00:00,Islamabad,108.29166666666667,103.16666666666667,111.25
2026-06-17 16:00:00+00:00,Islamabad,108.29166666666667,103.16666666666667,111.25
2026-06-17 17:00:00+00:00,Islamabad,108.29166666666667,103.16666666666667,111.25
2026-06-17 18:00:00+00:00,Islamabad,108.29166666666667,103.16666666666667,111.25
2026-06-17 19:00:00+00:00,Islamabad,108.29166666666667,103.16666666666667,111.25
2026-06-17 20:00:00+00:00,Islamabad,108.29166666666667,103.16666666666667,111.25
2026-06-17 21:00:00+00:00,Islamabad,108.29166666666667,103.16666666666667,111.25
2026-06-17 22:00:00+00:00,Islamabad,108.29166666666667,103.16666666666667,111.25
2026-06-17 23:00:00+00:00,Islamabad,108.29166666666667,103.16666666666667,111.25
2026-06-18 00:00:00+00:00,Islamabad,103.16666666666667,111.25,86.125
2026-06-18 01:00:00+00:00,Islamabad,103.16666666666667,111.25,86.125
2026-06-18 02:00:00+00:00,Islamabad,103.16666666666667,111.25,86.125
2026-06-18 03:00:00+00:00,Islamabad,103.16666666666667,111.25,86.125
2026-06-18 04:00:00+00:00,Islamabad,103.16666666666667,111.25,86.125
2026-06-18 05:00:00+00:00,Islamabad,103.16666666666667,111.25,86.125
2026-06-18 06:00:00+00:00,Islamabad,103.16666666666667,111.25,86.125
2026-06-18 07:00:00+00:00,Islamabad,103.16666666666667,111.25,86.125
2026-06-18 08:00:00+00:00,Islamabad,103.16666666666667,111.25,86.125
2026-06-18 09:00:00+00:00,Islamabad,103.16666666666667,111.25,86.125
2026-06-18 10:00:00+00:00,Islamabad,103.16666666666667,111.25,86.125
2026-06-18 11:00:00+00:00,Islamabad,103.16666666666667,111.25,86.125
2026-06-18 12:00:00+00:00,Islamabad,103.16666666666667,111.25,86.125
2026-06-18 13:00:00+00:00,Islamabad,103.16666666666667,111.25,86.125
2026-06-18 14:00:00+00:00,Islamabad,103.16666666666667,111.25,86.125
2026-06-18 15:00:00+00:00,Islamabad,103.16666666666667,111.25,86.125
2026-06-18 16:00:00+00:00,Islamabad,103.16666666666667,111.25,86.125
2026-06-18 17:00:00+00:00,Islamabad,103.16666666666667,111.25,86.125
2026-06-18 18:00:00+00:00,Islamabad,103.16666666666667,111.25,86.125
2026-06-18 19:00:00+00:00,Islamabad,103.16666666666667,111.25,86.125
2026-06-18 20:00:00+00:00,Islamabad,103.16666666666667,111.25,86.125
2026-06-18 21:00:00+00:00,Islamabad,103.16666666666667,111.25,86.125
2026-06-18 22:00:00+00:00,Islamabad,103.16666666666667,111.25,86.125
2026-06-18 23:00:00+00:00,Islamabad,103.16666666666667,111.25,86.125
2026-06-19 00:00:00+00:00,Islamabad,111.25,86.125,90.08333333333333
2026-06-19 01:00:00+00:00,Islamabad,111.25,86.125,90.08333333333333
2026-06-19 02:00:00+00:00,Islamabad,111.25,86.125,90.08333333333333
2026-06-19 03:00:00+00:00,Islamabad,111.25,86.125,90.08333333333333
2026-06-19 04:00:00+00:00,Islamabad,111.25,86.125,90.08333333333333
2026-06-19 05:00:00+00:00,Islamabad,111.25,86.125,90.08333333333333
2026-06-19 06:00:00+00:00,Islamabad,111.25,86.125,90.08333333333333
2026-06-19 07:00:00+00:00,Islamabad,111.25,86.125,90.08333333333333
2026-06-19 08:00:00+00:00,Islamabad,111.25,86.125,90.08333333333333
2026-06-19 09:00:00+00:00,Islamabad,111.25,86.125,90.08333333333333
2026-06-19 10:00:00+00:00,Islamabad,111.25,86.125,90.08333333333333
2026-06-19 11:00:00+00:00,Islamabad,111.25,86.125,90.08333333333333
2026-06-19 12:00:00+00:00,Islamabad,111.25,86.125,90.08333333333333
2026-06-19 13:00:00+00:00,Islamabad,111.25,86.125,90.08333333333333
2026-06-19 14:00:00+00:00,Islamabad,111.25,86.125,90.08333333333333
2026-06-19 15:00:00+00:00,Islamabad,111.25,86.125,90.08333333333333
2026-06-19 16:00:00+00:00,Islamabad,111.25,86.125,90.08333333333333
2026-06-19 17:00:00+00:00,Islamabad,111.25,86.125,90.08333333333333
2026-06-19 18:00:00+00:00,Islamabad,111.25,86.125,90.08333333333333
2026-06-19 19:00:00+00:00,Islamabad,111.25,86.125,90.08333333333333
2026-06-19 20:00:00+00:00,Islamabad,111.25,86.125,90.08333333333333
2026-06-19 21:00:00+00:00,Islamabad,111.25,86.125,90.08333333333333
2026-06-19 22:00:00+00:00,Islamabad,111.25,86.125,90.08333333333333
2026-06-19 23:00:00+00:00,Islamabad,111.25,86.125,90.08333333333333
2026-06-20 00:00:00+00:00,Islamabad,86.125,90.08333333333333,99.16666666666667
2026-06-20 01:00:00+00:00,Islamabad,86.125,90.08333333333333,99.16666666666667
2026-06-20 02:00:00+00:00,Islamabad,86.125,90.08333333333333,99.16666666666667
2026-06-20 03:00:00+00:00,Islamabad,86.125,90.08333333333333,99.16666666666667
2026-06-20 04:00:00+00:00,Islamabad,86.125,90.08333333333333,99.16666666666667
2026-06-20 05:00:00+00:00,Islamabad,86.125,90.08333333333333,99.16666666666667
2026-06-20 06:00:00+00:00,Islamabad,86.125,90.08333333333333,99.16666666666667
2026-06-20 07:00:00+00:00,Islamabad,86.125,90.08333333333333,99.16666666666667
2026-06-20 08:00:00+00:00,Islamabad,86.125,90.08333333333333,99.16666666666667
2026-06-20 09:00:00+00:00,Islamabad,86.125,90.08333333333333,99.16666666666667
2026-06-20 10:00:00+00:00,Islamabad,86.125,90.08333333333333,99.16666666666667
2026-06-20 11:00:00+00:00,Islamabad,86.125,90.08333333333333,99.16666666666667
2026-06-20 12:00:00+00:00,Islamabad,86.125,90.08333333333333,99.16666666666667
2026-06-20 13:00:00+00:00,Islamabad,86.125,90.08333333333333,99.16666666666667
2026-06-20 14:00:00+00:00,Islamabad,86.125,90.08333333333333,99.16666666666667
2026-06-20 15:00:00+00:00,Islamabad,86.125,90.08333333333333,99.16666666666667
2026-06-20 16:00:00+00:00,Islamabad,86.125,90.08333333333333,99.16666666666667
2026-06-20 17:00:00+00:00,Islamabad,86.125,90.08333333333333,99.16666666666667
2026-06-20 18:00:00+00:00,Islamabad,86.125,90.08333333333333,99.16666666666667
2026-06-20 19:00:00+00:00,Islamabad,86.125,90.08333333333333,99.16666666666667
2026-06-20 20:00:00+00:00,Islamabad,86.125,90.08333333333333,99.16666666666667
2026-06-20 21:00:00+00:00,Islamabad,86.125,90.08333333333333,99.16666666666667
2026-06-20 22:00:00+00:00,Islamabad,86.125,90.08333333333333,99.16666666666667
2026-06-20 23:00:00+00:00,Islamabad,86.125,90.08333333333333,99.16666666666667
2026-06-21 00:00:00+00:00,Islamabad,90.08333333333333,99.16666666666667,94.04166666666667
2026-06-21 01:00:00+00:00,Islamabad,90.08333333333333,99.16666666666667,94.04166666666667
2026-06-21 02:00:00+00:00,Islamabad,90.08333333333333,99.16666666666667,94.04166666666667
2026-06-21 03:00:00+00:00,Islamabad,90.08333333333333,99.16666666666667,94.04166666666667
2026-06-21 04:00:00+00:00,Islamabad,90.08333333333333,99.16666666666667,94.04166666666667
2026-06-21 05:00:00+00:00,Islamabad,90.08333333333333,99.16666666666667,94.04166666666667
2026-06-21 06:00:00+00:00,Islamabad,90.08333333333333,99.16666666666667,94.04166666666667
2026-06-21 07:00:00+00:00,Islamabad,90.08333333333333,99.16666666666667,94.04166666666667
2026-06-21 08:00:00+00:00,Islamabad,90.08333333333333,99.16666666666667,94.04166666666667
2026-06-21 09:00:00+00:00,Islamabad,90.08333333333333,99.16666666666667,94.04166666666667
2026-06-21 10:00:00+00:00,Islamabad,90.08333333333333,99.16666666666667,94.04166666666667
2026-06-21 11:00:00+00:00,Islamabad,90.08333333333333,99.16666666666667,94.04166666666667
2026-06-21 12:00:00+00:00,Islamabad,90.08333333333333,99.16666666666667,94.04166666666667
2026-06-21 13:00:00+00:00,Islamabad,90.08333333333333,99.16666666666667,94.04166666666667
2026-06-21 14:00:00+00:00,Islamabad,90.08333333333333,99.16666666666667,94.04166666666667
2026-06-21 15:00:00+00:00,Islamabad,90.08333333333333,99.16666666666667,94.04166666666667
2026-06-21 16:00:00+00:00,Islamabad,90.08333333333333,99.16666666666667,94.04166666666667
2026-06-21 17:00:00+00:00,Islamabad,90.08333333333333,99.16666666666667,94.04166666666667
2026-06-21 18:00:00+00:00,Islamabad,90.08333333333333,99.16666666666667,94.04166666666667
2026-06-21 19:00:00+00:00,Islamabad,90.08333333333333,99.16666666666667,94.04166666666667
2026-06-21 20:00:00+00:00,Islamabad,90.08333333333333,99.16666666666667,94.04166666666667
2026-06-21 21:00:00+00:00,Islamabad,90.08333333333333,99.16666666666667,94.04166666666667
2026-06-21 22:00:00+00:00,Islamabad,90.08333333333333,99.16666666666667,94.04166666666667
2026-06-21 23:00:00+00:00,Islamabad,90.08333333333333,99.16666666666667,94.04166666666667
2026-06-22 00:00:00+00:00,Islamabad,99.16666666666667,94.04166666666667,106.66666666666667
2026-06-22 01:00:00+00:00,Islamabad,99.16666666666667,94.04166666666667,106.66666666666667
2026-06-22 02:00:00+00:00,Islamabad,99.16666666666667,94.04166666666667,106.66666666666667
2026-06-22 03:00:00+00:00,Islamabad,99.16666666666667,94.04166666666667,106.66666666666667
2026-06-22 04:00:00+00:00,Islamabad,99.16666666666667,94.04166666666667,106.66666666666667
2026-06-22 05:00:00+00:00,Islamabad,99.16666666666667,94.04166666666667,106.66666666666667
2026-06-22 06:00:00+00:00,Islamabad,99.16666666666667,94.04166666666667,106.66666666666667
2026-06-22 07:00:00+00:00,Islamabad,99.16666666666667,94.04166666666667,106.66666666666667
2026-06-22 08:00:00+00:00,Islamabad,99.16666666666667,94.04166666666667,106.66666666666667
2026-06-22 09:00:00+00:00,Islamabad,99.16666666666667,94.04166666666667,106.66666666666667
2026-06-22 10:00:00+00:00,Islamabad,99.16666666666667,94.04166666666667,106.66666666666667
2026-06-22 11:00:00+00:00,Islamabad,99.16666666666667,94.04166666666667,106.66666666666667
2026-06-22 12:00:00+00:00,Islamabad,99.16666666666667,94.04166666666667,106.66666666666667
2026-06-22 13:00:00+00:00,Islamabad,99.16666666666667,94.04166666666667,106.66666666666667
2026-06-22 14:00:00+00:00,Islamabad,99.16666666666667,94.04166666666667,106.66666666666667
2026-06-22 15:00:00+00:00,Islamabad,99.16666666666667,94.04166666666667,106.66666666666667
2026-06-22 16:00:00+00:00,Islamabad,99.16666666666667,94.04166666666667,106.66666666666667
2026-06-22 17:00:00+00:00,Islamabad,99.16666666666667,94.04166666666667,106.66666666666667
2026-06-22 18:00:00+00:00,Islamabad,99.16666666666667,94.04166666666667,106.66666666666667
2026-06-22 19:00:00+00:00,Islamabad,99.16666666666667,94.04166666666667,106.66666666666667
2026-06-22 20:00:00+00:00,Islamabad,99.16666666666667,94.04166666666667,106.66666666666667
2026-06-22 21:00:00+00:00,Islamabad,99.16666666666667,94.04166666666667,106.66666666666667
2026-06-22 22:00:00+00:00,Islamabad,99.16666666666667,94.04166666666667,106.66666666666667
2026-06-22 23:00:00+00:00,Islamabad,99.16666666666667,94.04166666666667,106.66666666666667
2026-06-23 00:00:00+00:00,Islamabad,94.04166666666667,106.66666666666667,125.08333333333333
2026-06-23 01:00:00+00:00,Islamabad,94.04166666666667,106.66666666666667,125.08333333333333
2026-06-23 02:00:00+00:00,Islamabad,94.04166666666667,106.66666666666667,125.08333333333333
2026-06-23 03:00:00+00:00,Islamabad,94.04166666666667,106.66666666666667,125.08333333333333
2026-06-23 04:00:00+00:00,Islamabad,94.04166666666667,106.66666666666667,125.08333333333333
2026-06-23 05:00:00+00:00,Islamabad,94.04166666666667,106.66666666666667,125.08333333333333
2026-06-23 06:00:00+00:00,Islamabad,94.04166666666667,106.66666666666667,125.08333333333333
2026-06-23 07:00:00+00:00,Islamabad,94.04166666666667,106.66666666666667,125.08333333333333
2026-06-23 08:00:00+00:00,Islamabad,94.04166666666667,106.66666666666667,125.08333333333333
2026-06-23 09:00:00+00:00,Islamabad,94.04166666666667,106.66666666666667,125.08333333333333
2026-06-23 10:00:00+00:00,Islamabad,94.04166666666667,106.66666666666667,125.08333333333333
2026-06-23 11:00:00+00:00,Islamabad,94.04166666666667,106.66666666666667,125.08333333333333
2026-06-23 12:00:00+00:00,Islamabad,94.04166666666667,106.66666666666667,125.08333333333333
2026-06-23 13:00:00+00:00,Islamabad,94.04166666666667,106.66666666666667,125.08333333333333
2026-06-23 14:00:00+00:00,Islamabad,94.04166666666667,106.66666666666667,125.08333333333333
2026-06-23 15:00:00+00:00,Islamabad,94.04166666666667,106.66666666666667,125.08333333333333
2026-06-23 16:00:00+00:00,Islamabad,94.04166666666667,106.66666666666667,125.08333333333333
2026-06-23 17:00:00+00:00,Islamabad,94.04166666666667,106.66666666666667,125.08333333333333
2026-06-23 18:00:00+00:00,Islamabad,94.04166666666667,106.66666666666667,125.08333333333333
2026-06-23 19:00:00+00:00,Islamabad,94.04166666666667,106.66666666666667,125.08333333333333
2026-06-23 20:00:00+00:00,Islamabad,94.04166666666667,106.66666666666667,125.08333333333333
2026-06-23 21:00:00+00:00,Islamabad,94.04166666666667,106.66666666666667,125.08333333333333
2026-06-23 22:00:00+00:00,Islamabad,94.04166666666667,106.66666666666667,125.08333333333333
2026-06-23 23:00:00+00:00,Islamabad,94.04166666666667,106.66666666666667,125.08333333333333
2026-06-24 00:00:00+00:00,Islamabad,106.66666666666667,125.08333333333333,120.5
2026-06-24 01:00:00+00:00,Islamabad,106.66666666666667,125.08333333333333,120.5
2026-06-24 02:00:00+00:00,Islamabad,106.66666666666667,125.08333333333333,120.5
2026-06-24 03:00:00+00:00,Islamabad,106.66666666666667,125.08333333333333,120.5
2026-06-24 04:00:00+00:00,Islamabad,106.66666666666667,125.08333333333333,120.5
2026-06-24 05:00:00+00:00,Islamabad,106.66666666666667,125.08333333333333,120.5
2026-06-24 06:00:00+00:00,Islamabad,106.66666666666667,125.08333333333333,120.5
2026-06-24 07:00:00+00:00,Islamabad,106.66666666666667,125.08333333333333,120.5
2026-06-24 08:00:00+00:00,Islamabad,106.66666666666667,125.08333333333333,120.5
2026-06-24 09:00:00+00:00,Islamabad,106.66666666666667,125.08333333333333,120.5
2026-06-24 10:00:00+00:00,Islamabad,106.66666666666667,125.08333333333333,120.5
2026-06-24 11:00:00+00:00,Islamabad,106.66666666666667,125.08333333333333,120.5
2026-06-24 12:00:00+00:00,Islamabad,106.66666666666667,125.08333333333333,120.5
2026-06-24 13:00:00+00:00,Islamabad,106.66666666666667,125.08333333333333,120.5
2026-06-24 14:00:00+00:00,Islamabad,106.66666666666667,125.08333333333333,120.5
2026-06-24 15:00:00+00:00,Islamabad,106.66666666666667,125.08333333333333,120.5
2026-06-24 16:00:00+00:00,Islamabad,106.66666666666667,125.08333333333333,120.5
2026-06-24 17:00:00+00:00,Islamabad,106.66666666666667,125.08333333333333,120.5
2026-06-24 18:00:00+00:00,Islamabad,106.66666666666667,125.08333333333333,120.5
2026-06-24 19:00:00+00:00,Islamabad,106.66666666666667,125.08333333333333,120.5
2026-06-24 20:00:00+00:00,Islamabad,106.66666666666667,125.08333333333333,120.5
2026-06-24 21:00:00+00:00,Islamabad,106.66666666666667,125.08333333333333,120.5
2026-06-24 22:00:00+00:00,Islamabad,106.66666666666667,125.08333333333333,120.5
2026-06-24 23:00:00+00:00,Islamabad,106.66666666666667,125.08333333333333,120.5
2026-06-25 00:00:00+00:00,Islamabad,125.08333333333333,120.5,113.375
2026-06-25 01:00:00+00:00,Islamabad,125.08333333333333,120.5,113.375
2026-06-25 02:00:00+00:00,Islamabad,125.08333333333333,120.5,113.375
2026-06-25 03:00:00+00:00,Islamabad,125.08333333333333,120.5,113.375
2026-06-25 04:00:00+00:00,Islamabad,125.08333333333333,120.5,113.375
2026-06-25 05:00:00+00:00,Islamabad,125.08333333333333,120.5,113.375
2026-06-25 06:00:00+00:00,Islamabad,125.08333333333333,120.5,113.375
2026-06-25 07:00:00+00:00,Islamabad,125.08333333333333,120.5,113.375
2026-06-25 08:00:00+00:00,Islamabad,125.08333333333333,120.5,113.375
2026-06-25 09:00:00+00:00,Islamabad,125.08333333333333,120.5,113.375
2026-06-25 10:00:00+00:00,Islamabad,125.08333333333333,120.5,113.375
2026-06-25 11:00:00+00:00,Islamabad,125.08333333333333,120.5,113.375
2026-06-25 12:00:00+00:00,Islamabad,125.08333333333333,120.5,113.375
2026-06-25 13:00:00+00:00,Islamabad,125.08333333333333,120.5,113.375
2026-06-25 14:00:00+00:00,Islamabad,125.08333333333333,120.5,113.375
2026-06-25 15:00:00+00:00,Islamabad,125.08333333333333,120.5,113.375
2026-06-25 16:00:00+00:00,Islamabad,125.08333333333333,120.5,113.375
2026-06-25 17:00:00+00:00,Islamabad,125.08333333333333,120.5,113.375
2026-06-25 18:00:00+00:00,Islamabad,125.08333333333333,120.5,113.375
2026-06-25 19:00:00+00:00,Islamabad,125.08333333333333,120.5,113.375
2026-06-25 20:00:00+00:00,Islamabad,125.08333333333333,120.5,113.375
2026-06-25 21:00:00+00:00,Islamabad,125.08333333333333,120.5,113.375
2026-06-25 22:00:00+00:00,Islamabad,125.08333333333333,120.5,113.375
2026-06-25 23:00:00+00:00,Islamabad,125.08333333333333,120.5,113.375
2026-06-26 00:00:00+00:00,Islamabad,120.5,113.375,125.0
2026-06-26 01:00:00+00:00,Islamabad,120.5,113.375,125.0
2026-06-26 02:00:00+00:00,Islamabad,120.5,113.375,125.0
2026-06-26 03:00:00+00:00,Islamabad,120.5,113.375,125.0
2026-06-26 04:00:00+00:00,Islamabad,120.5,113.375,125.0
2026-06-26 05:00:00+00:00,Islamabad,120.5,113.375,125.0
2026-06-26 06:00:00+00:00,Islamabad,120.5,113.375,125.0
2026-06-26 07:00:00+00:00,Islamabad,120.5,113.375,125.0
2026-06-26 08:00:00+00:00,Islamabad,120.5,113.375,125.0
2026-06-26 09:00:00+00:00,Islamabad,120.5,113.375,125.0
2026-06-26 10:00:00+00:00,Islamabad,120.5,113.375,125.0
2026-06-26 11:00:00+00:00,Islamabad,120.5,113.375,125.0
2026-06-26 12:00:00+00:00,Islamabad,120.5,113.375,125.0
2026-06-26 13:00:00+00:00,Islamabad,120.5,113.375,125.0
2026-06-26 14:00:00+00:00,Islamabad,120.5,113.375,125.0
2026-06-26 15:00:00+00:00,Islamabad,120.5,113.375,125.0
2026-06-26 16:00:00+00:00,Islamabad,120.5,113.375,125.0
2026-06-26 17:00:00+00:00,Islamabad,120.5,113.375,125.0
2026-06-26 18:00:00+00:00,Islamabad,120.5,113.375,125.0
2026-06-26 19:00:00+00:00,Islamabad,120.5,113.375,125.0
2026-06-26 20:00:00+00:00,Islamabad,120.5,113.375,125.0
2026-06-26 21:00:00+00:00,Islamabad,120.5,113.375,125.0
2026-06-26 22:00:00+00:00,Islamabad,120.5,113.375,125.0
2026-06-26 23:00:00+00:00,Islamabad,120.5,113.375,125.0
2026-06-27 00:00:00+00:00,Islamabad,113.375,125.0,137.04166666666666
2026-06-27 01:00:00+00:00,Islamabad,113.375,125.0,137.04166666666666
2026-06-27 02:00:00+00:00,Islamabad,113.375,125.0,137.04166666666666
2026-06-27 03:00:00+00:00,Islamabad,113.375,125.0,137.04166666666666
2026-06-27 04:00:00+00:00,Islamabad,113.375,125.0,137.04166666666666
2026-06-27 05:00:00+00:00,Islamabad,113.375,125.0,137.04166666666666
2026-06-27 06:00:00+00:00,Islamabad,113.375,125.0,137.04166666666666
2026-06-27 07:00:00+00:00,Islamabad,113.375,125.0,137.04166666666666
2026-06-27 08:00:00+00:00,Islamabad,113.375,125.0,137.04166666666666
2026-06-27 09:00:00+00:00,Islamabad,113.375,125.0,137.04166666666666
2026-06-27 10:00:00+00:00,Islamabad,113.375,125.0,137.04166666666666
2026-06-27 11:00:00+00:00,Islamabad,113.375,125.0,137.04166666666666
2026-06-27 12:00:00+00:00,Islamabad,113.375,125.0,137.04166666666666
2026-06-27 13:00:00+00:00,Islamabad,113.375,125.0,137.04166666666666
2026-06-27 14:00:00+00:00,Islamabad,113.375,125.0,137.04166666666666
2026-06-27 15:00:00+00:00,Islamabad,113.375,125.0,137.04166666666666
2026-06-27 16:00:00+00:00,Islamabad,113.375,125.0,137.04166666666666
2026-06-27 17:00:00+00:00,Islamabad,113.375,125.0,137.04166666666666
2026-06-27 18:00:00+00:00,Islamabad,113.375,125.0,137.04166666666666
2026-06-27 19:00:00+00:00,Islamabad,113.375,125.0,137.04166666666666
2026-06-27 20:00:00+00:00,Islamabad,113.375,125.0,137.04166666666666
2026-06-27 21:00:00+00:00,Islamabad,113.375,125.0,137.04166666666666
2026-06-27 22:00:00+00:00,Islamabad,113.375,125.0,137.04166666666666
2026-06-27 23:00:00+00:00,Islamabad,113.375,125.0,137.04166666666666
2026-06-28 00:00:00+00:00,Islamabad,125.0,137.04166666666666,134.04166666666666
2026-06-28 01:00:00+00:00,Islamabad,125.0,137.04166666666666,134.04166666666666
2026-06-28 02:00:00+00:00,Islamabad,125.0,137.04166666666666,134.04166666666666
2026-06-28 03:00:00+00:00,Islamabad,125.0,137.04166666666666,134.04166666666666
2026-06-28 04:00:00+00:00,Islamabad,125.0,137.04166666666666,134.04166666666666
2026-06-28 05:00:00+00:00,Islamabad,125.0,137.04166666666666,134.04166666666666
2026-06-28 06:00:00+00:00,Islamabad,125.0,137.04166666666666,134.04166666666666
2026-06-28 07:00:00+00:00,Islamabad,125.0,137.04166666666666,134.04166666666666
2026-06-28 08:00:00+00:00,Islamabad,125.0,137.04166666666666,134.04166666666666
2026-06-28 09:00:00+00:00,Islamabad,125.0,137.04166666666666,134.04166666666666
2026-06-28 10:00:00+00:00,Islamabad,125.0,137.04166666666666,134.04166666666666
2026-06-28 11:00:00+00:00,Islamabad,125.0,137.04166666666666,134.04166666666666
2026-06-28 12:00:00+00:00,Islamabad,125.0,137.04166666666666,134.04166666666666
2026-06-28 13:00:00+00:00,Islamabad,125.0,137.04166666666666,134.04166666666666
2026-06-28 14:00:00+00:00,Islamabad,125.0,137.04166666666666,134.04166666666666
2026-06-28 15:00:00+00:00,Islamabad,125.0,137.04166666666666,134.04166666666666
2026-06-28 16:00:00+00:00,Islamabad,125.0,137.04166666666666,134.04166666666666
2026-06-28 17:00:00+00:00,Islamabad,125.0,137.04166666666666,134.04166666666666
2026-06-28 18:00:00+00:00,Islamabad,125.0,137.04166666666666,134.04166666666666
2026-06-28 19:00:00+00:00,Islamabad,125.0,137.04166666666666,134.04166666666666
2026-06-28 20:00:00+00:00,Islamabad,125.0,137.04166666666666,134.04166666666666
2026-06-28 21:00:00+00:00,Islamabad,125.0,137.04166666666666,134.04166666666666
2026-06-28 22:00:00+00:00,Islamabad,125.0,137.04166666666666,134.04166666666666
2026-06-28 23:00:00+00:00,Islamabad,125.0,137.04166666666666,134.04166666666666
2026-06-29 00:00:00+00:00,Islamabad,137.04166666666666,134.04166666666666,136.5
2026-06-29 01:00:00+00:00,Islamabad,137.04166666666666,134.04166666666666,136.5
2026-06-29 02:00:00+00:00,Islamabad,137.04166666666666,134.04166666666666,136.5
2026-06-29 03:00:00+00:00,Islamabad,137.04166666666666,134.04166666666666,136.5
2026-06-29 04:00:00+00:00,Islamabad,137.04166666666666,134.04166666666666,136.5
2026-06-29 05:00:00+00:00,Islamabad,137.04166666666666,134.04166666666666,136.5
2026-06-29 06:00:00+00:00,Islamabad,137.04166666666666,134.04166666666666,136.5
2026-06-29 07:00:00+00:00,Islamabad,137.04166666666666,134.04166666666666,136.5
2026-06-29 08:00:00+00:00,Islamabad,137.04166666666666,134.04166666666666,136.5
2026-06-29 09:00:00+00:00,Islamabad,137.04166666666666,134.04166666666666,136.5
2026-06-29 10:00:00+00:00,Islamabad,137.04166666666666,134.04166666666666,136.5
2026-06-29 11:00:00+00:00,Islamabad,137.04166666666666,134.04166666666666,136.5
2026-06-29 12:00:00+00:00,Islamabad,137.04166666666666,134.04166666666666,136.5
2026-06-29 13:00:00+00:00,Islamabad,137.04166666666666,134.04166666666666,136.5
2026-06-29 14:00:00+00:00,Islamabad,137.04166666666666,134.04166666666666,136.5
2026-06-29 15:00:00+00:00,Islamabad,137.04166666666666,134.04166666666666,136.5
2026-06-29 16:00:00+00:00,Islamabad,137.04166666666666,134.04166666666666,136.5
2026-06-29 17:00:00+00:00,Islamabad,137.04166666666666,134.04166666666666,136.5
2026-06-29 18:00:00+00:00,Islamabad,137.04166666666666,134.04166666666666,136.5
2026-06-29 19:00:00+00:00,Islamabad,137.04166666666666,134.04166666666666,136.5
2026-06-29 20:00:00+00:00,Islamabad,137.04166666666666,134.04166666666666,136.5
2026-06-29 21:00:00+00:00,Islamabad,137.04166666666666,134.04166666666666,136.5
2026-06-29 22:00:00+00:00,Islamabad,137.04166666666666,134.04166666666666,136.5
2026-06-29 23:00:00+00:00,Islamabad,137.04166666666666,134.04166666666666,136.5
2026-06-30 00:00:00+00:00,Islamabad,134.04166666666666,136.5,138.375
2026-06-30 01:00:00+00:00,Islamabad,134.04166666666666,136.5,138.375
2026-06-30 02:00:00+00:00,Islamabad,134.04166666666666,136.5,138.375
2026-06-30 03:00:00+00:00,Islamabad,134.04166666666666,136.5,138.375
2026-06-30 04:00:00+00:00,Islamabad,134.04166666666666,136.5,138.375
2026-06-30 05:00:00+00:00,Islamabad,134.04166666666666,136.5,138.375
2026-06-30 06:00:00+00:00,Islamabad,134.04166666666666,136.5,138.375
2026-06-30 07:00:00+00:00,Islamabad,134.04166666666666,136.5,138.375
2026-06-30 08:00:00+00:00,Islamabad,134.04166666666666,136.5,138.375
2026-06-30 09:00:00+00:00,Islamabad,134.04166666666666,136.5,138.375
2026-06-30 10:00:00+00:00,Islamabad,134.04166666666666,136.5,138.375
2026-06-30 11:00:00+00:00,Islamabad,134.04166666666666,136.5,138.375
2026-06-30 12:00:00+00:00,Islamabad,134.04166666666666,136.5,138.375
2026-06-30 13:00:00+00:00,Islamabad,134.04166666666666,136.5,138.375
2026-06-30 14:00:00+00:00,Islamabad,134.04166666666666,136.5,138.375
2026-06-30 15:00:00+00:00,Islamabad,134.04166666666666,136.5,138.375
2026-06-30 16:00:00+00:00,Islamabad,134.04166666666666,136.5,138.375
2026-06-30 17:00:00+00:00,Islamabad,134.04166666666666,136.5,138.375
2026-06-30 18:00:00+00:00,Islamabad,134.04166666666666,136.5,138.375
2026-06-30 19:00:00+00:00,Islamabad,134.04166666666666,136.5,138.375
2026-06-30 20:00:00+00:00,Islamabad,134.04166666666666,136.5,138.375
2026-06-30 21:00:00+00:00,Islamabad,134.04166666666666,136.5,138.375
2026-06-30 22:00:00+00:00,Islamabad,134.04166666666666,136.5,138.375
2026-06-30 23:00:00+00:00,Islamabad,134.04166666666666,136.5,138.375
2026-07-01 00:00:00+00:00,Islamabad,136.5,138.375,133.08333333333334
2026-07-01 01:00:00+00:00,Islamabad,136.5,138.375,133.08333333333334
2026-07-01 02:00:00+00:00,Islamabad,136.5,138.375,133.08333333333334
2026-07-01 03:00:00+00:00,Islamabad,136.5,138.375,133.08333333333334
2026-07-01 04:00:00+00:00,Islamabad,136.5,138.375,133.08333333333334
2026-07-01 05:00:00+00:00,Islamabad,136.5,138.375,133.08333333333334
2026-07-01 06:00:00+00:00,Islamabad,136.5,138.375,133.08333333333334
2026-07-01 07:00:00+00:00,Islamabad,136.5,138.375,133.08333333333334
2026-07-01 08:00:00+00:00,Islamabad,136.5,138.375,133.08333333333334
2026-07-01 09:00:00+00:00,Islamabad,136.5,138.375,133.08333333333334
2026-07-01 10:00:00+00:00,Islamabad,136.5,138.375,133.08333333333334
2026-07-01 11:00:00+00:00,Islamabad,136.5,138.375,133.08333333333334
2026-07-01 12:00:00+00:00,Islamabad,136.5,138.375,133.08333333333334
2026-07-01 13:00:00+00:00,Islamabad,136.5,138.375,133.08333333333334
2026-07-01 14:00:00+00:00,Islamabad,136.5,138.375,133.08333333333334
2026-07-01 15:00:00+00:00,Islamabad,136.5,138.375,133.08333333333334
2026-07-01 16:00:00+00:00,Islamabad,136.5,138.375,133.08333333333334
2026-07-01 17:00:00+00:00,Islamabad,136.5,138.375,133.08333333333334
2026-07-01 18:00:00+00:00,Islamabad,136.5,138.375,133.08333333333334
2026-07-01 19:00:00+00:00,Islamabad,136.5,138.375,133.08333333333334
2026-07-01 20:00:00+00:00,Islamabad,136.5,138.375,133.08333333333334
2026-07-01 21:00:00+00:00,Islamabad,136.5,138.375,133.08333333333334
2026-07-01 22:00:00+00:00,Islamabad,136.5,138.375,133.08333333333334
2026-07-01 23:00:00+00:00,Islamabad,136.5,138.375,133.08333333333334
2026-07-02 00:00:00+00:00,Islamabad,138.375,133.08333333333334,137.41666666666666
2026-07-02 01:00:00+00:00,Islamabad,138.375,133.08333333333334,137.41666666666666
2026-07-02 02:00:00+00:00,Islamabad,138.375,133.08333333333334,137.41666666666666
2026-07-02 03:00:00+00:00,Islamabad,138.375,133.08333333333334,137.41666666666666
2026-07-02 04:00:00+00:00,Islamabad,138.375,133.08333333333334,137.41666666666666
2026-07-02 05:00:00+00:00,Islamabad,138.375,133.08333333333334,137.41666666666666
2026-07-02 06:00:00+00:00,Islamabad,138.375,133.08333333333334,137.41666666666666
2026-07-02 07:00:00+00:00,Islamabad,138.375,133.08333333333334,137.41666666666666
2026-07-02 08:00:00+00:00,Islamabad,138.375,133.08333333333334,137.41666666666666
2026-07-02 09:00:00+00:00,Islamabad,138.375,133.08333333333334,137.41666666666666
2026-07-02 10:00:00+00:00,Islamabad,138.375,133.08333333333334,137.41666666666666
2026-07-02 11:00:00+00:00,Islamabad,138.375,133.08333333333334,137.41666666666666
2026-07-02 12:00:00+00:00,Islamabad,138.375,133.08333333333334,137.41666666666666
2026-07-02 13:00:00+00:00,Islamabad,138.375,133.08333333333334,137.41666666666666
2026-07-02 14:00:00+00:00,Islamabad,138.375,133.08333333333334,137.41666666666666
2026-07-02 15:00:00+00:00,Islamabad,138.375,133.08333333333334,137.41666666666666
2026-07-02 16:00:00+00:00,Islamabad,138.375,133.08333333333334,137.41666666666666
2026-07-02 17:00:00+00:00,Islamabad,138.375,133.08333333333334,137.41666666666666
2026-07-02 18:00:00+00:00,Islamabad,138.375,133.08333333333334,137.41666666666666
2026-07-02 19:00:00+00:00,Islamabad,138.375,133.08333333333334,137.41666666666666
2026-07-02 20:00:00+00:00,Islamabad,138.375,133.08333333333334,137.41666666666666
2026-07-02 21:00:00+00:00,Islamabad,138.375,133.08333333333334,137.41666666666666
2026-07-02 22:00:00+00:00,Islamabad,138.375,133.08333333333334,137.41666666666666
2026-07-02 23:00:00+00:00,Islamabad,138.375,133.08333333333334,137.41666666666666
2026-07-03 00:00:00+00:00,Islamabad,133.08333333333334,137.41666666666666,153.04166666666666
2026-07-03 01:00:00+00:00,Islamabad,133.08333333333334,137.41666666666666,153.04166666666666
2026-07-03 02:00:00+00:00,Islamabad,133.08333333333334,137.41666666666666,153.04166666666666
2026-07-03 03:00:00+00:00,Islamabad,133.08333333333334,137.41666666666666,153.04166666666666
2026-07-03 04:00:00+00:00,Islamabad,133.08333333333334,137.41666666666666,153.04166666666666
2026-07-03 05:00:00+00:00,Islamabad,133.08333333333334,137.41666666666666,153.04166666666666
2026-07-03 06:00:00+00:00,Islamabad,133.08333333333334,137.41666666666666,153.04166666666666
2026-07-03 07:00:00+00:00,Islamabad,133.08333333333334,137.41666666666666,153.04166666666666
2026-07-03 08:00:00+00:00,Islamabad,133.08333333333334,137.41666666666666,153.04166666666666
2026-07-03 09:00:00+00:00,Islamabad,133.08333333333334,137.41666666666666,153.04166666666666
2026-07-03 10:00:00+00:00,Islamabad,133.08333333333334,137.41666666666666,153.04166666666666
2026-07-03 11:00:00+00:00,Islamabad,133.08333333333334,137.41666666666666,153.04166666666666
2026-07-03 12:00:00+00:00,Islamabad,133.08333333333334,137.41666666666666,153.04166666666666
2026-07-03 13:00:00+00:00,Islamabad,133.08333333333334,137.41666666666666,153.04166666666666
2026-07-03 14:00:00+00:00,Islamabad,133.08333333333334,137.41666666666666,153.04166666666666
2026-07-03 15:00:00+00:00,Islamabad,133.08333333333334,137.41666666666666,153.04166666666666
2026-07-03 16:00:00+00:00,Islamabad,133.08333333333334,137.41666666666666,153.04166666666666
2026-07-03 17:00:00+00:00,Islamabad,133.08333333333334,137.41666666666666,153.04166666666666
2026-07-03 18:00:00+00:00,Islamabad,133.08333333333334,137.41666666666666,153.04166666666666
2026-07-03 19:00:00+00:00,Islamabad,133.08333333333334,137.41666666666666,153.04166666666666
2026-07-03 20:00:00+00:00,Islamabad,133.08333333333334,137.41666666666666,153.04166666666666
2026-07-03 21:00:00+00:00,Islamabad,133.08333333333334,137.41666666666666,153.04166666666666
2026-07-03 22:00:00+00:00,Islamabad,133.08333333333334,137.41666666666666,153.04166666666666
2026-07-03 23:00:00+00:00,Islamabad,133.08333333333334,137.41666666666666,153.04166666666666
2026-07-04 00:00:00+00:00,Islamabad,137.41666666666666,153.04166666666666,157.5
2026-07-04 01:00:00+00:00,Islamabad,137.41666666666666,153.04166666666666,157.5
2026-07-04 02:00:00+00:00,Islamabad,137.41666666666666,153.04166666666666,157.5
2026-07-04 03:00:00+00:00,Islamabad,137.41666666666666,153.04166666666666,157.5
2026-07-04 04:00:00+00:00,Islamabad,137.41666666666666,153.04166666666666,157.5
2026-07-04 05:00:00+00:00,Islamabad,137.41666666666666,153.04166666666666,157.5
2026-07-04 06:00:00+00:00,Islamabad,137.41666666666666,153.04166666666666,157.5
2026-07-04 07:00:00+00:00,Islamabad,137.41666666666666,153.04166666666666,157.5
2026-07-04 08:00:00+00:00,Islamabad,137.41666666666666,153.04166666666666,157.5
2026-07-04 09:00:00+00:00,Islamabad,137.41666666666666,153.04166666666666,157.5
2026-07-04 10:00:00+00:00,Islamabad,137.41666666666666,153.04166666666666,157.5
2026-07-04 11:00:00+00:00,Islamabad,137.41666666666666,153.04166666666666,157.5
2026-07-04 12:00:00+00:00,Islamabad,137.41666666666666,153.04166666666666,157.5
2026-07-04 13:00:00+00:00,Islamabad,137.41666666666666,153.04166666666666,157.5
2026-07-04 14:00:00+00:00,Islamabad,137.41666666666666,153.04166666666666,157.5
2026-07-04 15:00:00+00:00,Islamabad,137.41666666666666,153.04166666666666,157.5
2026-07-04 16:00:00+00:00,Islamabad,137.41666666666666,153.04166666666666,157.5
2026-07-04 17:00:00+00:00,Islamabad,137.41666666666666,153.04166666666666,157.5
2026-07-04 18:00:00+00:00,Islamabad,137.41666666666666,153.04166666666666,157.5
2026-07-04 19:00:00+00:00,Islamabad,137.41666666666666,153.04166666666666,157.5
2026-07-04 20:00:00+00:00,Islamabad,137.41666666666666,153.04166666666666,157.5
2026-07-04 21:00:00+00:00,Islamabad,137.41666666666666,153.04166666666666,157.5
2026-07-04 22:00:00+00:00,Islamabad,137.41666666666666,153.04166666666666,157.5
2026-07-04 23:00:00+00:00,Islamabad,137.41666666666666,153.04166666666666,157.5
2026-07-05 00:00:00+00:00,Islamabad,153.04166666666666,157.5,162.95833333333334
2026-07-05 01:00:00+00:00,Islamabad,153.04166666666666,157.5,162.95833333333334
2026-07-05 02:00:00+00:00,Islamabad,153.04166666666666,157.5,162.95833333333334
2026-07-05 03:00:00+00:00,Islamabad,153.04166666666666,157.5,162.95833333333334
2026-07-05 04:00:00+00:00,Islamabad,153.04166666666666,157.5,162.95833333333334
2026-07-05 05:00:00+00:00,Islamabad,153.04166666666666,157.5,162.95833333333334
2026-07-05 06:00:00+00:00,Islamabad,153.04166666666666,157.5,162.95833333333334
2026-07-05 07:00:00+00:00,Islamabad,153.04166666666666,157.5,162.95833333333334
2026-07-05 08:00:00+00:00,Islamabad,153.04166666666666,157.5,162.95833333333334
2026-07-05 09:00:00+00:00,Islamabad,153.04166666666666,157.5,162.95833333333334
2026-07-05 10:00:00+00:00,Islamabad,153.04166666666666,157.5,162.95833333333334
2026-07-05 11:00:00+00:00,Islamabad,153.04166666666666,157.5,162.95833333333334
2026-07-05 12:00:00+00:00,Islamabad,153.04166666666666,157.5,162.95833333333334
2026-07-05 13:00:00+00:00,Islamabad,153.04166666666666,157.5,162.95833333333334
2026-07-05 14:00:00+00:00,Islamabad,153.04166666666666,157.5,162.95833333333334
2026-07-05 15:00:00+00:00,Islamabad,153.04166666666666,157.5,162.95833333333334
2026-07-05 16:00:00+00:00,Islamabad,153.04166666666666,157.5,162.95833333333334
2026-07-05 17:00:00+00:00,Islamabad,153.04166666666666,157.5,162.95833333333334
2026-07-05 18:00:00+00:00,Islamabad,153.04166666666666,157.5,162.95833333333334
2026-07-05 19:00:00+00:00,Islamabad,153.04166666666666,157.5,162.95833333333334
2026-07-05 20:00:00+00:00,Islamabad,153.04166666666666,157.5,162.95833333333334
2026-07-05 21:00:00+00:00,Islamabad,153.04166666666666,157.5,162.95833333333334
2026-07-05 22:00:00+00:00,Islamabad,153.04166666666666,157.5,162.95833333333334
2026-07-05 23:00:00+00:00,Islamabad,153.04166666666666,157.5,162.95833333333334
2026-07-06 00:00:00+00:00,Islamabad,157.5,162.95833333333334,167.625
2026-07-06 01:00:00+00:00,Islamabad,157.5,162.95833333333334,167.625
2026-07-06 02:00:00+00:00,Islamabad,157.5,162.95833333333334,167.625
2026-07-06 03:00:00+00:00,Islamabad,157.5,162.95833333333334,167.625
2026-07-06 04:00:00+00:00,Islamabad,157.5,162.95833333333334,167.625
2026-07-06 05:00:00+00:00,Islamabad,157.5,162.95833333333334,167.625
2026-07-06 06:00:00+00:00,Islamabad,157.5,162.95833333333334,167.625
2026-07-06 07:00:00+00:00,Islamabad,157.5,162.95833333333334,167.625
2026-07-06 08:00:00+00:00,Islamabad,157.5,162.95833333333334,167.625
2026-07-06 09:00:00+00:00,Islamabad,157.5,162.95833333333334,167.625
2026-07-06 10:00:00+00:00,Islamabad,157.5,162.95833333333334,167.625
2026-07-06 11:00:00+00:00,Islamabad,157.5,162.95833333333334,167.625
2026-07-06 12:00:00+00:00,Islamabad,157.5,162.95833333333334,167.625
2026-07-06 13:00:00+00:00,Islamabad,157.5,162.95833333333334,167.625
2026-07-06 14:00:00+00:00,Islamabad,157.5,162.95833333333334,167.625
2026-07-06 15:00:00+00:00,Islamabad,157.5,162.95833333333334,167.625
2026-07-06 16:00:00+00:00,Islamabad,157.5,162.95833333333334,167.625
2026-07-06 17:00:00+00:00,Islamabad,157.5,162.95833333333334,167.625
2026-07-06 18:00:00+00:00,Islamabad,157.5,162.95833333333334,167.625
2026-07-06 19:00:00+00:00,Islamabad,157.5,162.95833333333334,167.625
2026-07-06 20:00:00+00:00,Islamabad,157.5,162.95833333333334,167.625
2026-07-06 21:00:00+00:00,Islamabad,157.5,162.95833333333334,167.625
2026-07-06 22:00:00+00:00,Islamabad,157.5,162.95833333333334,167.625
2026-07-06 23:00:00+00:00,Islamabad,157.5,162.95833333333334,167.625
2026-07-07 00:00:00+00:00,Islamabad,162.95833333333334,167.625,148.45833333333334
2026-07-07 01:00:00+00:00,Islamabad,162.95833333333334,167.625,148.45833333333334
2026-07-07 02:00:00+00:00,Islamabad,162.95833333333334,167.625,148.45833333333334
2026-07-07 03:00:00+00:00,Islamabad,162.95833333333334,167.625,148.45833333333334
2026-07-07 04:00:00+00:00,Islamabad,162.95833333333334,167.625,148.45833333333334
2026-07-07 05:00:00+00:00,Islamabad,162.95833333333334,167.625,148.45833333333334
2026-07-07 06:00:00+00:00,Islamabad,162.95833333333334,167.625,148.45833333333334
2026-07-07 07:00:00+00:00,Islamabad,162.95833333333334,167.625,148.45833333333334
2026-07-07 08:00:00+00:00,Islamabad,162.95833333333334,167.625,148.45833333333334
2026-07-07 09:00:00+00:00,Islamabad,162.95833333333334,167.625,148.45833333333334
2026-07-07 10:00:00+00:00,Islamabad,162.95833333333334,167.625,148.45833333333334
2026-07-07 11:00:00+00:00,Islamabad,162.95833333333334,167.625,148.45833333333334
2026-07-07 12:00:00+00:00,Islamabad,162.95833333333334,167.625,148.45833333333334
2026-07-07 13:00:00+00:00,Islamabad,162.95833333333334,167.625,148.45833333333334
2026-07-07 14:00:00+00:00,Islamabad,162.95833333333334,167.625,148.45833333333334
2026-07-07 15:00:00+00:00,Islamabad,162.95833333333334,167.625,148.45833333333334
2026-07-07 16:00:00+00:00,Islamabad,162.95833333333334,167.625,148.45833333333334
2026-07-07 17:00:00+00:00,Islamabad,162.95833333333334,167.625,148.45833333333334
2026-07-07 18:00:00+00:00,Islamabad,162.95833333333334,167.625,148.45833333333334
2026-07-07 19:00:00+00:00,Islamabad,162.95833333333334,167.625,148.45833333333334
2026-07-07 20:00:00+00:00,Islamabad,162.95833333333334,167.625,148.45833333333334
2026-07-07 21:00:00+00:00,Islamabad,162.95833333333334,167.625,148.45833333333334
2026-07-07 22:00:00+00:00,Islamabad,162.95833333333334,167.625,148.45833333333334
2026-07-07 23:00:00+00:00,Islamabad,162.95833333333334,167.625,148.45833333333334
2026-07-08 00:00:00+00:00,Islamabad,167.625,148.45833333333334,128.08333333333334
2026-07-08 01:00:00+00:00,Islamabad,167.625,148.45833333333334,128.08333333333334
2026-07-08 02:00:00+00:00,Islamabad,167.625,148.45833333333334,128.08333333333334
2026-07-08 03:00:00+00:00,Islamabad,167.625,148.45833333333334,128.08333333333334
2026-07-08 04:00:00+00:00,Islamabad,167.625,148.45833333333334,128.08333333333334
2026-07-08 05:00:00+00:00,Islamabad,167.625,148.45833333333334,128.08333333333334
2026-07-08 06:00:00+00:00,Islamabad,167.625,148.45833333333334,128.08333333333334
2026-07-08 07:00:00+00:00,Islamabad,167.625,148.45833333333334,128.08333333333334
2026-07-08 08:00:00+00:00,Islamabad,167.625,148.45833333333334,128.08333333333334
2026-07-08 09:00:00+00:00,Islamabad,167.625,148.45833333333334,128.08333333333334
2026-07-08 10:00:00+00:00,Islamabad,167.625,148.45833333333334,128.08333333333334
2026-07-08 11:00:00+00:00,Islamabad,167.625,148.45833333333334,128.08333333333334
2026-07-08 12:00:00+00:00,Islamabad,167.625,148.45833333333334,128.08333333333334
2026-07-08 13:00:00+00:00,Islamabad,167.625,148.45833333333334,128.08333333333334
2026-07-08 14:00:00+00:00,Islamabad,167.625,148.45833333333334,128.08333333333334
2026-07-08 15:00:00+00:00,Islamabad,167.625,148.45833333333334,128.08333333333334
2026-07-08 16:00:00+00:00,Islamabad,167.625,148.45833333333334,128.08333333333334
2026-07-08 17:00:00+00:00,Islamabad,167.625,148.45833333333334,128.08333333333334
2026-07-08 18:00:00+00:00,Islamabad,167.625,148.45833333333334,128.08333333333334
2026-07-08 19:00:00+00:00,Islamabad,167.625,148.45833333333334,128.08333333333334
2026-07-08 20:00:00+00:00,Islamabad,167.625,148.45833333333334,128.08333333333334
2026-07-08 21:00:00+00:00,Islamabad,167.625,148.45833333333334,128.08333333333334
2026-07-08 22:00:00+00:00,Islamabad,167.625,148.45833333333334,128.08333333333334
2026-07-08 23:00:00+00:00,Islamabad,167.625,148.45833333333334,128.08333333333334
2026-07-09 00:00:00+00:00,Islamabad,148.45833333333334,128.08333333333334,109.16666666666667
2026-07-09 01:00:00+00:00,Islamabad,148.45833333333334,128.08333333333334,109.16666666666667
2026-07-09 02:00:00+00:00,Islamabad,148.45833333333334,128.08333333333334,109.16666666666667
2026-07-09 03:00:00+00:00,Islamabad,148.45833333333334,128.08333333333334,109.16666666666667
2026-07-09 04:00:00+00:00,Islamabad,148.45833333333334,128.08333333333334,109.16666666666667
2026-07-09 05:00:00+00:00,Islamabad,148.45833333333334,128.08333333333334,109.16666666666667
2026-07-09 06:00:00+00:00,Islamabad,148.45833333333334,128.08333333333334,109.16666666666667
2026-07-09 07:00:00+00:00,Islamabad,148.45833333333334,128.08333333333334,109.16666666666667
2026-07-09 08:00:00+00:00,Islamabad,148.45833333333334,128.08333333333334,109.16666666666667
2026-07-09 09:00:00+00:00,Islamabad,148.45833333333334,128.08333333333334,109.16666666666667
2026-07-09 10:00:00+00:00,Islamabad,148.45833333333334,128.08333333333334,109.16666666666667
2026-07-09 11:00:00+00:00,Islamabad,148.45833333333334,128.08333333333334,109.16666666666667
2026-07-09 12:00:00+00:00,Islamabad,148.45833333333334,128.08333333333334,109.16666666666667
2026-07-09 13:00:00+00:00,Islamabad,148.45833333333334,128.08333333333334,109.16666666666667
2026-07-09 14:00:00+00:00,Islamabad,148.45833333333334,128.08333333333334,109.16666666666667
2026-07-09 15:00:00+00:00,Islamabad,148.45833333333334,128.08333333333334,109.16666666666667
2026-07-09 16:00:00+00:00,Islamabad,148.45833333333334,128.08333333333334,109.16666666666667
2026-07-09 17:00:00+00:00,Islamabad,148.45833333333334,128.08333333333334,109.16666666666667
2026-07-09 18:00:00+00:00,Islamabad,148.45833333333334,128.08333333333334,109.16666666666667
2026-07-09 19:00:00+00:00,Islamabad,148.45833333333334,128.08333333333334,109.16666666666667
2026-07-09 20:00:00+00:00,Islamabad,148.45833333333334,128.08333333333334,109.16666666666667
2026-07-09 21:00:00+00:00,Islamabad,148.45833333333334,128.08333333333334,109.16666666666667
2026-07-09 22:00:00+00:00,Islamabad,148.45833333333334,128.08333333333334,109.16666666666667
2026-07-09 23:00:00+00:00,Islamabad,148.45833333333334,128.08333333333334,109.16666666666667
2026-07-10 00:00:00+00:00,Islamabad,128.08333333333334,109.16666666666667,122.375
2026-07-10 01:00:00+00:00,Islamabad,128.08333333333334,109.16666666666667,122.375
2026-07-10 02:00:00+00:00,Islamabad,128.08333333333334,109.16666666666667,122.375
2026-07-10 03:00:00+00:00,Islamabad,128.08333333333334,109.16666666666667,122.375
2026-07-10 04:00:00+00:00,Islamabad,128.08333333333334,109.16666666666667,122.375
2026-07-10 05:00:00+00:00,Islamabad,128.08333333333334,109.16666666666667,122.375
2026-07-10 06:00:00+00:00,Islamabad,128.08333333333334,109.16666666666667,122.375
2026-07-10 07:00:00+00:00,Islamabad,128.08333333333334,109.16666666666667,122.375
2026-07-10 08:00:00+00:00,Islamabad,128.08333333333334,109.16666666666667,122.375
2026-07-10 09:00:00+00:00,Islamabad,128.08333333333334,109.16666666666667,122.375
2026-07-10 10:00:00+00:00,Islamabad,128.08333333333334,109.16666666666667,122.375
2026-07-10 11:00:00+00:00,Islamabad,128.08333333333334,109.16666666666667,122.375
2026-07-10 12:00:00+00:00,Islamabad,128.08333333333334,109.16666666666667,122.375
2026-07-10 13:00:00+00:00,Islamabad,128.08333333333334,109.16666666666667,122.375
2026-07-10 14:00:00+00:00,Islamabad,128.08333333333334,109.16666666666667,122.375
2026-07-10 15:00:00+00:00,Islamabad,128.08333333333334,109.16666666666667,122.375
2026-07-10 16:00:00+00:00,Islamabad,128.08333333333334,109.16666666666667,122.375
2026-07-10 17:00:00+00:00,Islamabad,128.08333333333334,109.16666666666667,122.375
2026-07-10 18:00:00+00:00,Islamabad,128.08333333333334,109.16666666666667,122.375
2026-07-10 19:00:00+00:00,Islamabad,128.08333333333334,109.16666666666667,122.375
2026-07-10 20:00:00+00:00,Islamabad,128.08333333333334,109.16666666666667,122.375
2026-07-10 21:00:00+00:00,Islamabad,128.08333333333334,109.16666666666667,122.375
2026-07-10 22:00:00+00:00,Islamabad,128.08333333333334,109.16666666666667,122.375
2026-07-10 23:00:00+00:00,Islamabad,128.08333333333334,109.16666666666667,122.375
2026-07-11 00:00:00+00:00,Islamabad,109.16666666666667,122.375,119.20833333333333
2026-07-11 01:00:00+00:00,Islamabad,109.16666666666667,122.375,119.20833333333333
2026-07-11 02:00:00+00:00,Islamabad,109.16666666666667,122.375,119.20833333333333
2026-07-11 03:00:00+00:00,Islamabad,109.16666666666667,122.375,119.20833333333333
2026-07-11 04:00:00+00:00,Islamabad,109.16666666666667,122.375,119.20833333333333
2026-07-11 05:00:00+00:00,Islamabad,109.16666666666667,122.375,119.20833333333333
2026-07-11 06:00:00+00:00,Islamabad,109.16666666666667,122.375,119.20833333333333
2026-07-11 07:00:00+00:00,Islamabad,109.16666666666667,122.375,119.20833333333333
2026-07-11 08:00:00+00:00,Islamabad,109.16666666666667,122.375,119.20833333333333
2026-07-11 09:00:00+00:00,Islamabad,109.16666666666667,122.375,119.20833333333333
2026-07-11 10:00:00+00:00,Islamabad,109.16666666666667,122.375,119.20833333333333
2026-07-11 11:00:00+00:00,Islamabad,109.16666666666667,122.375,119.20833333333333
2026-07-11 12:00:00+00:00,Islamabad,109.16666666666667,122.375,119.20833333333333
2026-07-11 13:00:00+00:00,Islamabad,109.16666666666667,122.375,119.20833333333333
2026-07-11 14:00:00+00:00,Islamabad,109.16666666666667,122.375,119.20833333333333
2026-07-11 15:00:00+00:00,Islamabad,109.16666666666667,122.375,119.20833333333333
2026-07-11 16:00:00+00:00,Islamabad,109.16666666666667,122.375,119.20833333333333
2026-07-11 17:00:00+00:00,Islamabad,109.16666666666667,122.375,119.20833333333333
2026-07-11 18:00:00+00:00,Islamabad,109.16666666666667,122.375,119.20833333333333
2026-07-11 19:00:00+00:00,Islamabad,109.16666666666667,122.375,119.20833333333333
2026-07-11 20:00:00+00:00,Islamabad,109.16666666666667,122.375,119.20833333333333
2026-07-11 21:00:00+00:00,Islamabad,109.16666666666667,122.375,119.20833333333333
2026-07-11 22:00:00+00:00,Islamabad,109.16666666666667,122.375,119.20833333333333
2026-07-11 23:00:00+00:00,Islamabad,109.16666666666667,122.375,119.20833333333333
2026-07-12 00:00:00+00:00,Islamabad,122.375,119.20833333333333,128.79166666666666
2026-07-12 01:00:00+00:00,Islamabad,122.375,119.20833333333333,128.79166666666666
2026-07-12 02:00:00+00:00,Islamabad,122.375,119.20833333333333,128.79166666666666
2026-07-12 03:00:00+00:00,Islamabad,122.375,119.20833333333333,128.79166666666666
2026-07-12 04:00:00+00:00,Islamabad,122.375,119.20833333333333,128.79166666666666
2026-07-12 05:00:00+00:00,Islamabad,122.375,119.20833333333333,128.79166666666666
2026-07-12 06:00:00+00:00,Islamabad,122.375,119.20833333333333,128.79166666666666
2026-07-12 07:00:00+00:00,Islamabad,122.375,119.20833333333333,128.79166666666666
2026-07-12 08:00:00+00:00,Islamabad,122.375,119.20833333333333,128.79166666666666
2026-07-12 09:00:00+00:00,Islamabad,122.375,119.20833333333333,128.79166666666666
2026-07-12 10:00:00+00:00,Islamabad,122.375,119.20833333333333,128.79166666666666
2026-07-12 11:00:00+00:00,Islamabad,122.375,119.20833333333333,128.79166666666666
2026-07-12 12:00:00+00:00,Islamabad,122.375,119.20833333333333,128.79166666666666
2026-07-12 13:00:00+00:00,Islamabad,122.375,119.20833333333333,128.79166666666666
2026-07-12 14:00:00+00:00,Islamabad,122.375,119.20833333333333,128.79166666666666
2026-07-12 15:00:00+00:00,Islamabad,122.375,119.20833333333333,128.79166666666666
2026-07-12 16:00:00+00:00,Islamabad,122.375,119.20833333333333,128.79166666666666
2026-07-12 17:00:00+00:00,Islamabad,122.375,119.20833333333333,128.79166666666666
2026-07-12 18:00:00+00:00,Islamabad,122.375,119.20833333333333,128.79166666666666
2026-07-12 19:00:00+00:00,Islamabad,122.375,119.20833333333333,128.79166666666666
2026-07-12 20:00:00+00:00,Islamabad,122.375,119.20833333333333,128.79166666666666
2026-07-12 21:00:00+00:00,Islamabad,122.375,119.20833333333333,128.79166666666666
2026-07-12 22:00:00+00:00,Islamabad,122.375,119.20833333333333,128.79166666666666
2026-07-12 23:00:00+00:00,Islamabad,122.375,119.20833333333333,128.79166666666666
2026-07-13 00:00:00+00:00,Islamabad,119.20833333333333,128.79166666666666,135.375
2026-07-13 01:00:00+00:00,Islamabad,119.20833333333333,128.79166666666666,135.375
2026-07-13 02:00:00+00:00,Islamabad,119.20833333333333,128.79166666666666,135.375
2026-07-13 03:00:00+00:00,Islamabad,119.20833333333333,128.79166666666666,135.375
2026-07-13 04:00:00+00:00,Islamabad,119.20833333333333,128.79166666666666,135.375
2026-07-13 05:00:00+00:00,Islamabad,119.20833333333333,128.79166666666666,135.375
2026-07-13 06:00:00+00:00,Islamabad,119.20833333333333,128.79166666666666,135.375
2026-07-13 07:00:00+00:00,Islamabad,119.20833333333333,128.79166666666666,135.375
2026-07-13 08:00:00+00:00,Islamabad,119.20833333333333,128.79166666666666,135.375
2026-07-13 09:00:00+00:00,Islamabad,119.20833333333333,128.79166666666666,135.375
2026-07-13 10:00:00+00:00,Islamabad,119.20833333333333,128.79166666666666,135.375
2026-07-13 11:00:00+00:00,Islamabad,119.20833333333333,128.79166666666666,135.375
2026-07-13 12:00:00+00:00,Islamabad,119.20833333333333,128.79166666666666,135.375
2026-07-13 13:00:00+00:00,Islamabad,119.20833333333333,128.79166666666666,135.375
2026-07-13 14:00:00+00:00,Islamabad,119.20833333333333,128.79166666666666,135.375
2026-07-13 15:00:00+00:00,Islamabad,119.20833333333333,128.79166666666666,135.375
2026-07-13 16:00:00+00:00,Islamabad,119.20833333333333,128.79166666666666,135.375
2026-07-13 17:00:00+00:00,Islamabad,119.20833333333333,128.79166666666666,135.375
2026-07-13 18:00:00+00:00,Islamabad,119.20833333333333,128.79166666666666,135.375
2026-07-13 19:00:00+00:00,Islamabad,119.20833333333333,128.79166666666666,135.375
2026-07-13 20:00:00+00:00,Islamabad,119.20833333333333,128.79166666666666,135.375
2026-07-13 21:00:00+00:00,Islamabad,119.20833333333333,128.79166666666666,135.375
2026-07-13 22:00:00+00:00,Islamabad,119.20833333333333,128.79166666666666,135.375
2026-07-13 23:00:00+00:00,Islamabad,119.20833333333333,128.79166666666666,135.375
2026-07-14 00:00:00+00:00,Islamabad,128.79166666666666,135.375,140.79166666666666
2026-07-14 01:00:00+00:00,Islamabad,128.79166666666666,135.375,140.79166666666666
2026-07-14 02:00:00+00:00,Islamabad,128.79166666666666,135.375,140.79166666666666
2026-07-14 03:00:00+00:00,Islamabad,128.79166666666666,135.375,140.79166666666666
2026-07-14 04:00:00+00:00,Islamabad,128.79166666666666,135.375,140.79166666666666
2026-07-14 05:00:00+00:00,Islamabad,128.79166666666666,135.375,140.79166666666666
2026-07-14 06:00:00+00:00,Islamabad,128.79166666666666,135.375,140.79166666666666
2026-07-14 07:00:00+00:00,Islamabad,128.79166666666666,135.375,140.79166666666666
2026-07-14 08:00:00+00:00,Islamabad,128.79166666666666,135.375,140.79166666666666
2026-07-14 09:00:00+00:00,Islamabad,128.79166666666666,135.375,140.79166666666666
2026-07-14 10:00:00+00:00,Islamabad,128.79166666666666,135.375,140.79166666666666
2026-07-14 11:00:00+00:00,Islamabad,128.79166666666666,135.375,140.79166666666666
2026-07-14 12:00:00+00:00,Islamabad,128.79166666666666,135.375,140.79166666666666
2026-07-14 13:00:00+00:00,Islamabad,128.79166666666666,135.375,140.79166666666666
2026-07-14 14:00:00+00:00,Islamabad,128.79166666666666,135.375,140.79166666666666
2026-07-14 15:00:00+00:00,Islamabad,128.79166666666666,135.375,140.79166666666666
2026-07-14 16:00:00+00:00,Islamabad,128.79166666666666,135.375,140.79166666666666
2026-07-14 17:00:00+00:00,Islamabad,128.79166666666666,135.375,140.79166666666666
2026-07-14 18:00:00+00:00,Islamabad,128.79166666666666,135.375,140.79166666666666
2026-07-14 19:00:00+00:00,Islamabad,128.79166666666666,135.375,140.79166666666666
2026-07-14 20:00:00+00:00,Islamabad,128.79166666666666,135.375,140.79166666666666
2026-07-14 21:00:00+00:00,Islamabad,128.79166666666666,135.375,140.79166666666666
2026-07-14 22:00:00+00:00,Islamabad,128.79166666666666,135.375,140.79166666666666
2026-07-14 23:00:00+00:00,Islamabad,128.79166666666666,135.375,140.79166666666666
2026-07-15 00:00:00+00:00,Islamabad,135.375,140.79166666666666,142.70833333333334
2026-07-15 01:00:00+00:00,Islamabad,135.375,140.79166666666666,142.70833333333334
2026-07-15 02:00:00+00:00,Islamabad,135.375,140.79166666666666,142.70833333333334
2026-07-15 03:00:00+00:00,Islamabad,135.375,140.79166666666666,142.70833333333334
2026-07-15 04:00:00+00:00,Islamabad,135.375,140.79166666666666,142.70833333333334
2026-07-15 05:00:00+00:00,Islamabad,135.375,140.79166666666666,142.70833333333334
2026-07-15 06:00:00+00:00,Islamabad,135.375,140.79166666666666,142.70833333333334
2026-07-15 07:00:00+00:00,Islamabad,135.375,140.79166666666666,142.70833333333334
2026-07-15 08:00:00+00:00,Islamabad,135.375,140.79166666666666,142.70833333333334
2026-07-15 09:00:00+00:00,Islamabad,135.375,140.79166666666666,142.70833333333334
2026-07-15 10:00:00+00:00,Islamabad,135.375,140.79166666666666,142.70833333333334
2026-07-15 11:00:00+00:00,Islamabad,135.375,140.79166666666666,142.70833333333334
2026-07-15 12:00:00+00:00,Islamabad,135.375,140.79166666666666,142.70833333333334
2026-07-15 13:00:00+00:00,Islamabad,135.375,140.79166666666666,142.70833333333334
2026-07-15 14:00:00+00:00,Islamabad,135.375,140.79166666666666,142.70833333333334
2026-07-15 15:00:00+00:00,Islamabad,135.375,140.79166666666666,142.70833333333334
2026-07-15 16:00:00+00:00,Islamabad,135.375,140.79166666666666,142.70833333333334
2026-07-15 17:00:00+00:00,Islamabad,135.375,140.79166666666666,142.70833333333334
2026-07-15 18:00:00+00:00,Islamabad,135.375,140.79166666666666,142.70833333333334
2026-07-15 19:00:00+00:00,Islamabad,135.375,140.79166666666666,142.70833333333334
2026-07-15 20:00:00+00:00,Islamabad,135.375,140.79166666666666,142.70833333333334
2026-07-15 21:00:00+00:00,Islamabad,135.375,140.79166666666666,142.70833333333334
2026-07-15 22:00:00+00:00,Islamabad,135.375,140.79166666666666,142.70833333333334
2026-07-15 23:00:00+00:00,Islamabad,135.375,140.79166666666666,142.70833333333334
2026-07-16 00:00:00+00:00,Islamabad,140.79166666666666,142.70833333333334,113.25
2026-07-16 01:00:00+00:00,Islamabad,140.79166666666666,142.70833333333334,113.25
2026-07-16 02:00:00+00:00,Islamabad,140.79166666666666,142.70833333333334,113.25
2026-07-16 03:00:00+00:00,Islamabad,140.79166666666666,142.70833333333334,113.25
2026-07-16 04:00:00+00:00,Islamabad,140.79166666666666,142.70833333333334,113.25
2026-07-16 05:00:00+00:00,Islamabad,140.79166666666666,142.70833333333334,113.25
2026-07-16 06:00:00+00:00,Islamabad,140.79166666666666,142.70833333333334,113.25
2026-07-16 07:00:00+00:00,Islamabad,140.79166666666666,142.70833333333334,113.25
2026-07-16 08:00:00+00:00,Islamabad,140.79166666666666,142.70833333333334,113.25
2026-07-16 09:00:00+00:00,Islamabad,140.79166666666666,142.70833333333334,113.25
2026-07-16 10:00:00+00:00,Islamabad,140.79166666666666,142.70833333333334,113.25
2026-07-16 11:00:00+00:00,Islamabad,140.79166666666666,142.70833333333334,113.25
2026-07-16 12:00:00+00:00,Islamabad,140.79166666666666,142.70833333333334,113.25
2026-07-16 13:00:00+00:00,Islamabad,140.79166666666666,142.70833333333334,113.25
2026-07-16 14:00:00+00:00,Islamabad,140.79166666666666,142.70833333333334,113.25
2026-07-16 15:00:00+00:00,Islamabad,140.79166666666666,142.70833333333334,113.25
2026-07-16 16:00:00+00:00,Islamabad,140.79166666666666,142.70833333333334,113.25
2026-07-16 17:00:00+00:00,Islamabad,140.79166666666666,142.70833333333334,113.25
2026-07-16 18:00:00+00:00,Islamabad,140.79166666666666,142.70833333333334,113.25
2026-07-16 19:00:00+00:00,Islamabad,140.79166666666666,142.70833333333334,113.25
2026-07-16 20:00:00+00:00,Islamabad,140.79166666666666,142.70833333333334,113.25
2026-07-16 21:00:00+00:00,Islamabad,140.79166666666666,142.70833333333334,113.25
2026-07-16 22:00:00+00:00,Islamabad,140.79166666666666,142.70833333333334,113.25
2026-07-16 23:00:00+00:00,Islamabad,140.79166666666666,142.70833333333334,113.25
2026-07-17 00:00:00+00:00,Islamabad,142.70833333333334,113.25,96.45833333333333
2026-07-17 01:00:00+00:00,Islamabad,142.70833333333334,113.25,96.45833333333333
2026-07-17 02:00:00+00:00,Islamabad,142.70833333333334,113.25,96.45833333333333
2026-07-17 03:00:00+00:00,Islamabad,142.70833333333334,113.25,96.45833333333333
2026-07-17 04:00:00+00:00,Islamabad,142.70833333333334,113.25,96.45833333333333
2026-07-17 05:00:00+00:00,Islamabad,142.70833333333334,113.25,96.45833333333333
2026-07-17 06:00:00+00:00,Islamabad,142.70833333333334,113.25,96.45833333333333
2026-07-17 07:00:00+00:00,Islamabad,142.70833333333334,113.25,96.45833333333333
2026-07-17 08:00:00+00:00,Islamabad,142.70833333333334,113.25,96.45833333333333
2026-07-17 09:00:00+00:00,Islamabad,142.70833333333334,113.25,96.45833333333333
2026-07-17 10:00:00+00:00,Islamabad,142.70833333333334,113.25,96.45833333333333
2026-07-17 11:00:00+00:00,Islamabad,142.70833333333334,113.25,96.45833333333333
2026-07-17 12:00:00+00:00,Islamabad,142.70833333333334,113.25,96.45833333333333
2026-07-17 13:00:00+00:00,Islamabad,142.70833333333334,113.25,96.45833333333333
2026-07-17 14:00:00+00:00,Islamabad,142.70833333333334,113.25,96.45833333333333
2026-07-17 15:00:00+00:00,Islamabad,142.70833333333334,113.25,96.45833333333333
2026-07-17 16:00:00+00:00,Islamabad,142.70833333333334,113.25,96.45833333333333
2026-07-17 17:00:00+00:00,Islamabad,142.70833333333334,113.25,96.45833333333333
2026-07-17 18:00:00+00:00,Islamabad,142.70833333333334,113.25,96.45833333333333
2026-07-17 19:00:00+00:00,Islamabad,142.70833333333334,113.25,96.45833333333333
2026-07-17 20:00:00+00:00,Islamabad,142.70833333333334,113.25,96.45833333333333
2026-07-17 21:00:00+00:00,Islamabad,142.70833333333334,113.25,96.45833333333333
2026-07-17 22:00:00+00:00,Islamabad,142.70833333333334,113.25,96.45833333333333
2026-07-17 23:00:00+00:00,Islamabad,142.70833333333334,113.25,96.45833333333333
2026-07-18 00:00:00+00:00,Islamabad,113.25,96.45833333333333,78.16666666666667
2026-07-18 01:00:00+00:00,Islamabad,113.25,96.45833333333333,78.16666666666667
2026-07-18 02:00:00+00:00,Islamabad,113.25,96.45833333333333,78.16666666666667
2026-07-18 03:00:00+00:00,Islamabad,113.25,96.45833333333333,78.16666666666667
2026-07-18 04:00:00+00:00,Islamabad,113.25,96.45833333333333,78.16666666666667
2026-07-18 05:00:00+00:00,Islamabad,113.25,96.45833333333333,78.16666666666667
2026-07-18 06:00:00+00:00,Islamabad,113.25,96.45833333333333,78.16666666666667
2026-07-18 07:00:00+00:00,Islamabad,113.25,96.45833333333333,78.16666666666667
2026-07-18 08:00:00+00:00,Islamabad,113.25,96.45833333333333,78.16666666666667
2026-07-18 09:00:00+00:00,Islamabad,113.25,96.45833333333333,78.16666666666667
2026-07-18 10:00:00+00:00,Islamabad,113.25,96.45833333333333,78.16666666666667
2026-07-18 11:00:00+00:00,Islamabad,113.25,96.45833333333333,78.16666666666667
2026-07-18 12:00:00+00:00,Islamabad,113.25,96.45833333333333,78.16666666666667
2026-07-18 13:00:00+00:00,Islamabad,113.25,96.45833333333333,78.16666666666667
2026-07-18 14:00:00+00:00,Islamabad,113.25,96.45833333333333,78.16666666666667
2026-07-18 15:00:00+00:00,Islamabad,113.25,96.45833333333333,78.16666666666667
2026-07-18 16:00:00+00:00,Islamabad,113.25,96.45833333333333,78.16666666666667
2026-07-18 17:00:00+00:00,Islamabad,113.25,96.45833333333333,78.16666666666667
2026-07-18 18:00:00+00:00,Islamabad,113.25,96.45833333333333,78.16666666666667
2026-07-18 19:00:00+00:00,Islamabad,113.25,96.45833333333333,78.16666666666667
2026-07-18 20:00:00+00:00,Islamabad,113.25,96.45833333333333,78.16666666666667
2026-07-18 21:00:00+00:00,Islamabad,113.25,96.45833333333333,78.16666666666667
2026-07-18 22:00:00+00:00,Islamabad,113.25,96.45833333333333,78.16666666666667
2026-07-18 23:00:00+00:00,Islamabad,113.25,96.45833333333333,78.16666666666667
2026-07-19 00:00:00+00:00,Islamabad,96.45833333333333,78.16666666666667,64.25
2026-07-19 01:00:00+00:00,Islamabad,96.45833333333333,78.16666666666667,64.25
2026-07-19 02:00:00+00:00,Islamabad,96.45833333333333,78.16666666666667,64.25
2026-07-19 03:00:00+00:00,Islamabad,96.45833333333333,78.16666666666667,64.25
2026-07-19 04:00:00+00:00,Islamabad,96.45833333333333,78.16666666666667,64.25
2026-07-19 05:00:00+00:00,Islamabad,96.45833333333333,78.16666666666667,64.25
2026-07-19 06:00:00+00:00,Islamabad,96.45833333333333,78.16666666666667,64.25
2026-07-19 07:00:00+00:00,Islamabad,96.45833333333333,78.16666666666667,64.25
2026-07-19 08:00:00+00:00,Islamabad,96.45833333333333,78.16666666666667,64.25
2026-07-19 09:00:00+00:00,Islamabad,96.45833333333333,78.16666666666667,64.25
2026-07-19 10:00:00+00:00,Islamabad,96.45833333333333,78.16666666666667,64.25
2026-07-19 11:00:00+00:00,Islamabad,96.45833333333333,78.16666666666667,64.25
2026-07-19 12:00:00+00:00,Islamabad,96.45833333333333,78.16666666666667,64.25
2026-07-19 13:00:00+00:00,Islamabad,96.45833333333333,78.16666666666667,64.25
2026-07-19 14:00:00+00:00,Islamabad,96.45833333333333,78.16666666666667,64.25
2026-07-19 15:00:00+00:00,Islamabad,96.45833333333333,78.16666666666667,64.25
2026-07-19 16:00:00+00:00,Islamabad,96.45833333333333,78.16666666666667,64.25
2026-07-19 17:00:00+00:00,Islamabad,96.45833333333333,78.16666666666667,64.25
2026-07-19 18:00:00+00:00,Islamabad,96.45833333333333,78.16666666666667,64.25
2026-07-19 19:00:00+00:00,Islamabad,96.45833333333333,78.16666666666667,64.25
2026-07-19 20:00:00+00:00,Islamabad,96.45833333333333,78.16666666666667,64.25
2026-07-19 21:00:00+00:00,Islamabad,96.45833333333333,78.16666666666667,64.25
2026-07-19 22:00:00+00:00,Islamabad,96.45833333333333,78.16666666666667,64.25
2026-07-19 23:00:00+00:00,Islamabad,96.45833333333333,78.16666666666667,64.25
2026-07-20 00:00:00+00:00,Islamabad,78.16666666666667,64.25,81.08333333333333
2026-07-20 01:00:00+00:00,Islamabad,78.16666666666667,64.25,81.08333333333333
2026-07-20 02:00:00+00:00,Islamabad,78.16666666666667,64.25,81.08333333333333
2026-07-20 03:00:00+00:00,Islamabad,78.16666666666667,64.25,81.08333333333333
2026-07-20 04:00:00+00:00,Islamabad,78.16666666666667,64.25,81.08333333333333
2026-07-20 05:00:00+00:00,Islamabad,78.16666666666667,64.25,81.08333333333333
2026-07-20 06:00:00+00:00,Islamabad,78.16666666666667,64.25,81.08333333333333
2026-07-20 07:00:00+00:00,Islamabad,78.16666666666667,64.25,81.08333333333333
2026-07-20 08:00:00+00:00,Islamabad,78.16666666666667,64.25,81.08333333333333
2026-07-20 09:00:00+00:00,Islamabad,78.16666666666667,64.25,81.08333333333333
2026-07-20 10:00:00+00:00,Islamabad,78.16666666666667,64.25,81.08333333333333
2026-07-20 11:00:00+00:00,Islamabad,78.16666666666667,64.25,81.08333333333333
2026-07-20 12:00:00+00:00,Islamabad,78.16666666666667,64.25,81.08333333333333
2026-07-20 13:00:00+00:00,Islamabad,78.16666666666667,64.25,81.08333333333333
2026-07-20 14:00:00+00:00,Islamabad,78.16666666666667,64.25,81.08333333333333
2026-07-20 15:00:00+00:00,Islamabad,78.16666666666667,64.25,81.08333333333333
2026-07-20 16:00:00+00:00,Islamabad,78.16666666666667,64.25,81.08333333333333
2026-07-20 17:00:00+00:00,Islamabad,78.16666666666667,64.25,81.08333333333333
2026-07-20 18:00:00+00:00,Islamabad,78.16666666666667,64.25,81.08333333333333
2026-07-20 19:00:00+00:00,Islamabad,78.16666666666667,64.25,81.08333333333333
2026-07-20 20:00:00+00:00,Islamabad,78.16666666666667,64.25,81.08333333333333
2026-07-20 21:00:00+00:00,Islamabad,78.16666666666667,64.25,81.08333333333333
2026-07-20 22:00:00+00:00,Islamabad,78.16666666666667,64.25,81.08333333333333
2026-07-20 23:00:00+00:00,Islamabad,78.16666666666667,64.25,81.08333333333333
2026-07-21 00:00:00+00:00,Islamabad,64.25,81.08333333333333,94.375
2026-07-21 01:00:00+00:00,Islamabad,64.25,81.08333333333333,94.375
2026-07-21 02:00:00+00:00,Islamabad,64.25,81.08333333333333,94.375
2026-07-21 03:00:00+00:00,Islamabad,64.25,81.08333333333333,94.375
2026-07-21 04:00:00+00:00,Islamabad,64.25,81.08333333333333,94.375
2026-07-21 05:00:00+00:00,Islamabad,64.25,81.08333333333333,94.375
2026-07-21 06:00:00+00:00,Islamabad,64.25,81.08333333333333,94.375
2026-07-21 07:00:00+00:00,Islamabad,64.25,81.08333333333333,94.375
2026-07-21 08:00:00+00:00,Islamabad,64.25,81.08333333333333,94.375
2026-07-21 09:00:00+00:00,Islamabad,64.25,81.08333333333333,94.375
2026-07-21 10:00:00+00:00,Islamabad,64.25,81.08333333333333,94.375
2026-07-21 11:00:00+00:00,Islamabad,64.25,81.08333333333333,94.375
2026-07-21 12:00:00+00:00,Islamabad,64.25,81.08333333333333,94.375
2026-07-21 13:00:00+00:00,Islamabad,64.25,81.08333333333333,94.375
2026-07-21 14:00:00+00:00,Islamabad,64.25,81.08333333333333,94.375
2026-07-21 15:00:00+00:00,Islamabad,64.25,81.08333333333333,94.375
2026-07-21 16:00:00+00:00,Islamabad,64.25,81.08333333333333,94.375
2026-07-21 17:00:00+00:00,Islamabad,64.25,81.08333333333333,94.375
2026-07-21 18:00:00+00:00,Islamabad,64.25,81.08333333333333,94.375
2026-07-21 19:00:00+00:00,Islamabad,64.25,81.08333333333333,94.375
2026-07-21 20:00:00+00:00,Islamabad,64.25,81.08333333333333,94.375
2026-07-21 21:00:00+00:00,Islamabad,64.25,81.08333333333333,94.375
2026-07-21 22:00:00+00:00,Islamabad,64.25,81.08333333333333,94.375
2026-07-21 23:00:00+00:00,Islamabad,64.25,81.08333333333333,94.375
2026-07-22 00:00:00+00:00,Islamabad,81.08333333333333,94.375,90.79166666666667
2026-07-22 01:00:00+00:00,Islamabad,81.08333333333333,94.375,90.79166666666667
2026-07-22 02:00:00+00:00,Islamabad,81.08333333333333,94.375,90.79166666666667
2026-07-22 03:00:00+00:00,Islamabad,81.08333333333333,94.375,90.79166666666667
2026-07-22 04:00:00+00:00,Islamabad,81.08333333333333,94.375,90.79166666666667
2026-07-22 05:00:00+00:00,Islamabad,81.08333333333333,94.375,90.79166666666667
2026-07-22 06:00:00+00:00,Islamabad,81.08333333333333,94.375,90.79166666666667
2026-07-22 07:00:00+00:00,Islamabad,81.08333333333333,94.375,90.79166666666667
2026-07-22 08:00:00+00:00,Islamabad,81.08333333333333,94.375,90.79166666666667
2026-07-22 09:00:00+00:00,Islamabad,81.08333333333333,94.375,90.79166666666667
2026-07-22 10:00:00+00:00,Islamabad,81.08333333333333,94.375,90.79166666666667
2026-07-22 11:00:00+00:00,Islamabad,81.08333333333333,94.375,90.79166666666667
2026-07-22 12:00:00+00:00,Islamabad,81.08333333333333,94.375,90.79166666666667
2026-07-22 13:00:00+00:00,Islamabad,81.08333333333333,94.375,90.79166666666667
2026-07-22 14:00:00+00:00,Islamabad,81.08333333333333,94.375,90.79166666666667
2026-07-22 15:00:00+00:00,Islamabad,81.08333333333333,94.375,90.79166666666667
2026-07-22 16:00:00+00:00,Islamabad,81.08333333333333,94.375,90.79166666666667
2026-07-22 17:00:00+00:00,Islamabad,81.08333333333333,94.375,90.79166666666667
2026-07-22 18:00:00+00:00,Islamabad,81.08333333333333,94.375,90.79166666666667
2026-07-22 19:00:00+00:00,Islamabad,81.08333333333333,94.375,90.79166666666667
2026-07-22 20:00:00+00:00,Islamabad,81.08333333333333,94.375,90.79166666666667
2026-07-22 21:00:00+00:00,Islamabad,81.08333333333333,94.375,90.79166666666667
2026-07-22 22:00:00+00:00,Islamabad,81.08333333333333,94.375,90.79166666666667
2026-07-22 23:00:00+00:00,Islamabad,81.08333333333333,94.375,90.79166666666667
2026-07-23 00:00:00+00:00,Islamabad,94.375,90.79166666666667,91.875
2026-07-23 01:00:00+00:00,Islamabad,94.375,90.79166666666667,91.875
2026-07-23 02:00:00+00:00,Islamabad,94.375,90.79166666666667,91.875
2026-07-23 03:00:00+00:00,Islamabad,94.375,90.79166666666667,91.875
2026-07-23 04:00:00+00:00,Islamabad,94.375,90.79166666666667,91.875
2026-07-23 05:00:00+00:00,Islamabad,94.375,90.79166666666667,91.875
2026-07-23 06:00:00+00:00,Islamabad,94.375,90.79166666666667,91.875
2026-07-23 07:00:00+00:00,Islamabad,94.375,90.79166666666667,91.875
2026-07-23 08:00:00+00:00,Islamabad,94.375,90.79166666666667,91.875
2026-07-23 09:00:00+00:00,Islamabad,94.375,90.79166666666667,91.875
2026-07-23 10:00:00+00:00,Islamabad,94.375,90.79166666666667,91.875
2026-07-23 11:00:00+00:00,Islamabad,94.375,90.79166666666667,91.875
2026-07-23 12:00:00+00:00,Islamabad,94.375,90.79166666666667,91.875
2026-07-23 13:00:00+00:00,Islamabad,94.375,90.79166666666667,91.875
2026-07-23 14:00:00+00:00,Islamabad,94.375,90.79166666666667,91.875
2026-07-23 15:00:00+00:00,Islamabad,94.375,90.79166666666667,91.875
2026-07-23 16:00:00+00:00,Islamabad,94.375,90.79166666666667,91.875
2026-07-23 17:00:00+00:00,Islamabad,94.375,90.79166666666667,91.875
2026-07-23 18:00:00+00:00,Islamabad,94.375,90.79166666666667,91.875
2026-07-23 19:00:00+00:00,Islamabad,94.375,90.79166666666667,91.875
2026-07-23 20:00:00+00:00,Islamabad,94.375,90.79166666666667,91.875
2026-07-23 21:00:00+00:00,Islamabad,94.375,90.79166666666667,91.875
2026-07-23 22:00:00+00:00,Islamabad,94.375,90.79166666666667,91.875
2026-07-23 23:00:00+00:00,Islamabad,94.375,90.79166666666667,91.875
2026-07-24 00:00:00+00:00,Islamabad,90.79166666666667,91.875,109.70833333333333
2026-07-24 01:00:00+00:00,Islamabad,90.79166666666667,91.875,109.70833333333333
2026-07-24 02:00:00+00:00,Islamabad,90.79166666666667,91.875,109.70833333333333
2026-07-24 03:00:00+00:00,Islamabad,90.79166666666667,91.875,109.70833333333333
2026-07-24 04:00:00+00:00,Islamabad,90.79166666666667,91.875,109.70833333333333
2026-07-24 05:00:00+00:00,Islamabad,90.79166666666667,91.875,109.70833333333333
2026-07-24 06:00:00+00:00,Islamabad,90.79166666666667,91.875,109.70833333333333
2026-07-24 07:00:00+00:00,Islamabad,90.79166666666667,91.875,109.70833333333333
2026-07-24 08:00:00+00:00,Islamabad,90.79166666666667,91.875,109.70833333333333
2026-07-24 09:00:00+00:00,Islamabad,90.79166666666667,91.875,109.70833333333333
2026-07-24 10:00:00+00:00,Islamabad,90.79166666666667,91.875,109.70833333333333
2026-07-24 11:00:00+00:00,Islamabad,90.79166666666667,91.875,109.70833333333333
2026-07-24 12:00:00+00:00,Islamabad,90.79166666666667,91.875,109.70833333333333
2026-07-24 13:00:00+00:00,Islamabad,90.79166666666667,91.875,109.70833333333333
2026-07-24 14:00:00+00:00,Islamabad,90.79166666666667,91.875,109.70833333333333
2026-07-24 15:00:00+00:00,Islamabad,90.79166666666667,91.875,109.70833333333333
2026-07-24 16:00:00+00:00,Islamabad,90.79166666666667,91.875,109.70833333333333
2026-07-24 17:00:00+00:00,Islamabad,90.79166666666667,91.875,109.70833333333333
2026-07-24 18:00:00+00:00,Islamabad,90.79166666666667,91.875,109.70833333333333
2026-07-24 19:00:00+00:00,Islamabad,90.79166666666667,91.875,109.70833333333333
2026-07-24 20:00:00+00:00,Islamabad,90.79166666666667,91.875,109.70833333333333
2026-07-24 21:00:00+00:00,Islamabad,90.79166666666667,91.875,109.70833333333333
2026-07-24 22:00:00+00:00,Islamabad,90.79166666666667,91.875,109.70833333333333
2026-07-24 23:00:00+00:00,Islamabad,90.79166666666667,91.875,109.70833333333333
2026-07-25 00:00:00+00:00,Islamabad,91.875,109.70833333333333,108.75
2026-07-25 01:00:00+00:00,Islamabad,91.875,109.70833333333333,108.75
2026-07-25 02:00:00+00:00,Islamabad,91.875,109.70833333333333,108.75
2026-07-25 03:00:00+00:00,Islamabad,91.875,109.70833333333333,108.75
2026-07-25 04:00:00+00:00,Islamabad,91.875,109.70833333333333,108.75
2026-07-25 05:00:00+00:00,Islamabad,91.875,109.70833333333333,108.75
2026-07-25 06:00:00+00:00,Islamabad,91.875,109.70833333333333,108.75
2026-07-25 07:00:00+00:00,Islamabad,91.875,109.70833333333333,108.75
2026-07-25 08:00:00+00:00,Islamabad,91.875,109.70833333333333,108.75
2026-07-25 09:00:00+00:00,Islamabad,91.875,109.70833333333333,108.75
2026-07-25 10:00:00+00:00,Islamabad,91.875,109.70833333333333,108.75
2026-07-25 11:00:00+00:00,Islamabad,91.875,109.70833333333333,108.75
2026-07-25 12:00:00+00:00,Islamabad,91.875,109.70833333333333,108.75
2026-07-25 13:00:00+00:00,Islamabad,91.875,109.70833333333333,108.75
2026-07-25 14:00:00+00:00,Islamabad,91.875,109.70833333333333,108.75
2026-07-25 15:00:00+00:00,Islamabad,91.875,109.70833333333333,108.75
2026-07-25 16:00:00+00:00,Islamabad,91.875,109.70833333333333,108.75
2026-07-25 17:00:00+00:00,Islamabad,91.875,109.70833333333333,108.75
2026-07-25 18:00:00+00:00,Islamabad,91.875,109.70833333333333,108.75
2026-07-25 19:00:00+00:00,Islamabad,91.875,109.70833333333333,108.75
2026-07-25 20:00:00+00:00,Islamabad,91.875,109.70833333333333,108.75
2026-07-25 21:00:00+00:00,Islamabad,91.875,109.70833333333333,108.75
2026-07-25 22:00:00+00:00,Islamabad,91.875,109.70833333333333,108.75
2026-07-25 23:00:00+00:00,Islamabad,91.875,109.70833333333333,108.75
2026-07-26 00:00:00+00:00,Islamabad,109.70833333333333,108.75,112.41666666666667
2026-07-26 01:00:00+00:00,Islamabad,109.70833333333333,108.75,112.41666666666667
2026-07-26 02:00:00+00:00,Islamabad,109.70833333333333,108.75,112.41666666666667
2026-07-26 03:00:00+00:00,Islamabad,109.70833333333333,108.75,112.41666666666667
2026-07-26 04:00:00+00:00,Islamabad,109.70833333333333,108.75,112.41666666666667
2026-07-26 05:00:00+00:00,Islamabad,109.70833333333333,108.75,112.41666666666667
2026-07-26 06:00:00+00:00,Islamabad,109.70833333333333,108.75,112.41666666666667
2026-07-26 07:00:00+00:00,Islamabad,109.70833333333333,108.75,112.41666666666667
2026-07-26 08:00:00+00:00,Islamabad,109.70833333333333,108.75,112.41666666666667
2026-07-26 09:00:00+00:00,Islamabad,109.70833333333333,108.75,112.41666666666667
2026-07-26 10:00:00+00:00,Islamabad,109.70833333333333,108.75,112.41666666666667
2026-07-26 11:00:00+00:00,Islamabad,109.70833333333333,108.75,112.41666666666667
2026-07-26 12:00:00+00:00,Islamabad,109.70833333333333,108.75,112.41666666666667
2026-07-26 13:00:00+00:00,Islamabad,109.70833333333333,108.75,112.41666666666667
2026-07-26 14:00:00+00:00,Islamabad,109.70833333333333,108.75,112.41666666666667
2026-07-26 15:00:00+00:00,Islamabad,109.70833333333333,108.75,112.41666666666667
2026-07-26 16:00:00+00:00,Islamabad,109.70833333333333,108.75,112.41666666666667
2026-07-26 17:00:00+00:00,Islamabad,109.70833333333333,108.75,112.41666666666667
2026-07-26 18:00:00+00:00,Islamabad,109.70833333333333,108.75,112.41666666666667
2026-07-26 19:00:00+00:00,Islamabad,109.70833333333333,108.75,112.41666666666667
2026-07-26 20:00:00+00:00,Islamabad,109.70833333333333,108.75,112.41666666666667
2026-07-26 21:00:00+00:00,Islamabad,109.70833333333333,108.75,112.41666666666667
2026-07-26 22:00:00+00:00,Islamabad,109.70833333333333,108.75,112.41666666666667
2026-07-26 23:00:00+00:00,Islamabad,109.70833333333333,108.75,112.41666666666667
2026-07-27 00:00:00+00:00,Islamabad,108.75,112.41666666666667,125.79166666666667
2026-07-27 01:00:00+00:00,Islamabad,108.75,112.41666666666667,125.79166666666667
2026-07-27 02:00:00+00:00,Islamabad,108.75,112.41666666666667,125.79166666666667
2026-07-27 03:00:00+00:00,Islamabad,108.75,112.41666666666667,125.79166666666667
2026-07-27 04:00:00+00:00,Islamabad,108.75,112.41666666666667,125.79166666666667
2026-07-27 05:00:00+00:00,Islamabad,108.75,112.41666666666667,125.79166666666667
2026-07-27 06:00:00+00:00,Islamabad,108.75,112.41666666666667,125.79166666666667
2026-07-27 07:00:00+00:00,Islamabad,108.75,112.41666666666667,125.79166666666667
2026-07-27 08:00:00+00:00,Islamabad,108.75,112.41666666666667,125.79166666666667
2026-07-27 09:00:00+00:00,Islamabad,108.75,112.41666666666667,125.79166666666667
2026-07-27 10:00:00+00:00,Islamabad,108.75,112.41666666666667,125.79166666666667
2026-07-27 11:00:00+00:00,Islamabad,108.75,112.41666666666667,125.79166666666667
2026-07-27 12:00:00+00:00,Islamabad,108.75,112.41666666666667,125.79166666666667
2026-07-27 13:00:00+00:00,Islamabad,108.75,112.41666666666667,125.79166666666667
2026-07-27 14:00:00+00:00,Islamabad,108.75,112.41666666666667,125.79166666666667
2026-07-27 15:00:00+00:00,Islamabad,108.75,112.41666666666667,125.79166666666667
2026-07-27 16:00:00+00:00,Islamabad,108.75,112.41666666666667,125.79166666666667
2026-07-27 17:00:00+00:00,Islamabad,108.75,112.41666666666667,125.79166666666667
2026-07-27 18:00:00+00:00,Islamabad,108.75,112.41666666666667,125.79166666666667
2026-07-27 19:00:00+00:00,Islamabad,108.75,112.41666666666667,125.79166666666667
2026-07-27 20:00:00+00:00,Islamabad,108.75,112.41666666666667,125.79166666666667
2026-07-27 21:00:00+00:00,Islamabad,108.75,112.41666666666667,125.79166666666667
2026-07-27 22:00:00+00:00,Islamabad,108.75,112.41666666666667,125.79166666666667
2026-07-27 23:00:00+00:00,Islamabad,108.75,112.41666666666667,125.79166666666667
2026-07-28 00:00:00+00:00,Islamabad,112.41666666666667,125.79166666666667,106.25
2026-07-28 01:00:00+00:00,Islamabad,112.41666666666667,125.79166666666667,106.25
2026-07-28 02:00:00+00:00,Islamabad,112.41666666666667,125.79166666666667,106.25
2026-07-28 03:00:00+00:00,Islamabad,112.41666666666667,125.79166666666667,106.25
2026-07-28 04:00:00+00:00,Islamabad,112.41666666666667,125.79166666666667,106.25
2026-07-28 05:00:00+00:00,Islamabad,112.41666666666667,125.79166666666667,106.25
2026-07-28 06:00:00+00:00,Islamabad,112.41666666666667,125.79166666666667,106.25
2026-07-28 07:00:00+00:00,Islamabad,112.41666666666667,125.79166666666667,106.25
2026-07-28 08:00:00+00:00,Islamabad,112.41666666666667,125.79166666666667,106.25
2026-07-28 09:00:00+00:00,Islamabad,112.41666666666667,125.79166666666667,106.25
2026-07-28 10:00:00+00:00,Islamabad,112.41666666666667,125.79166666666667,106.25
2026-07-28 11:00:00+00:00,Islamabad,112.41666666666667,125.79166666666667,106.25
2026-07-28 12:00:00+00:00,Islamabad,112.41666666666667,125.79166666666667,106.25
2026-07-28 13:00:00+00:00,Islamabad,112.41666666666667,125.79166666666667,106.25
2026-07-28 14:00:00+00:00,Islamabad,112.41666666666667,125.79166666666667,106.25
2026-07-28 15:00:00+00:00,Islamabad,112.41666666666667,125.79166666666667,106.25
2026-07-28 16:00:00+00:00,Islamabad,112.41666666666667,125.79166666666667,106.25
2026-07-28 17:00:00+00:00,Islamabad,112.41666666666667,125.79166666666667,106.25
2026-07-28 18:00:00+00:00,Islamabad,112.41666666666667,125.79166666666667,106.25
2026-07-28 19:00:00+00:00,Islamabad,112.41666666666667,125.79166666666667,106.25
2026-07-28 20:00:00+00:00,Islamabad,112.41666666666667,125.79166666666667,106.25
2026-07-28 21:00:00+00:00,Islamabad,112.41666666666667,125.79166666666667,106.25
2026-07-28 22:00:00+00:00,Islamabad,112.41666666666667,125.79166666666667,106.25
2026-07-28 23:00:00+00:00,Islamabad,112.41666666666667,125.79166666666667,106.25
2026-07-29 00:00:00+00:00,Islamabad,125.79166666666667,106.25,95.95833333333333
2026-07-29 01:00:00+00:00,Islamabad,125.79166666666667,106.25,95.95833333333333
2026-07-29 02:00:00+00:00,Islamabad,125.79166666666667,106.25,95.95833333333333
2026-07-29 03:00:00+00:00,Islamabad,125.79166666666667,106.25,95.95833333333333
2026-07-29 04:00:00+00:00,Islamabad,125.79166666666667,106.25,95.95833333333333
2026-07-29 05:00:00+00:00,Islamabad,125.79166666666667,106.25,95.95833333333333
2026-07-29 06:00:00+00:00,Islamabad,125.79166666666667,106.25,95.95833333333333
2026-07-29 07:00:00+00:00,Islamabad,125.79166666666667,106.25,95.95833333333333
2026-07-29 08:00:00+00:00,Islamabad,125.79166666666667,106.25,95.95833333333333
2026-07-29 09:00:00+00:00,Islamabad,125.79166666666667,106.25,95.95833333333333
2026-07-29 10:00:00+00:00,Islamabad,125.79166666666667,106.25,95.95833333333333
2026-07-29 11:00:00+00:00,Islamabad,125.79166666666667,106.25,95.95833333333333
2026-07-29 12:00:00+00:00,Islamabad,125.79166666666667,106.25,95.95833333333333
2026-07-29 13:00:00+00:00,Islamabad,125.79166666666667,106.25,95.95833333333333
2026-07-29 14:00:00+00:00,Islamabad,125.79166666666667,106.25,95.95833333333333
2026-07-29 15:00:00+00:00,Islamabad,125.79166666666667,106.25,95.95833333333333
2026-07-29 16:00:00+00:00,Islamabad,125.79166666666667,106.25,95.95833333333333
2026-07-29 17:00:00+00:00,Islamabad,125.79166666666667,106.25,95.95833333333333
2026-07-29 18:00:00+00:00,Islamabad,125.79166666666667,106.25,95.95833333333333
2026-07-29 19:00:00+00:00,Islamabad,125.79166666666667,106.25,95.95833333333333
2026-07-29 20:00:00+00:00,Islamabad,125.79166666666667,106.25,95.95833333333333
2026-07-29 21:00:00+00:00,Islamabad,125.79166666666667,106.25,95.95833333333333
2026-07-29 22:00:00+00:00,Islamabad,125.79166666666667,106.25,95.95833333333333
2026-07-29 23:00:00+00:00,Islamabad,125.79166666666667,106.25,95.95833333333333
2026-07-30 00:00:00+00:00,Islamabad,106.25,95.95833333333333,96.16666666666667
2026-07-30 01:00:00+00:00,Islamabad,106.25,95.95833333333333,96.16666666666667
2026-07-30 02:00:00+00:00,Islamabad,106.25,95.95833333333333,96.16666666666667
2026-07-30 03:00:00+00:00,Islamabad,106.25,95.95833333333333,96.16666666666667
2026-07-30 04:00:00+00:00,Islamabad,106.25,95.95833333333333,96.16666666666667
2026-07-30 05:00:00+00:00,Islamabad,106.25,95.95833333333333,96.16666666666667
2026-07-30 06:00:00+00:00,Islamabad,106.25,95.95833333333333,96.16666666666667
2026-07-30 07:00:00+00:00,Islamabad,106.25,95.95833333333333,96.16666666666667
2026-07-30 08:00:00+00:00,Islamabad,106.25,95.95833333333333,96.16666666666667
2026-07-30 09:00:00+00:00,Islamabad,106.25,95.95833333333333,96.16666666666667
2026-07-30 10:00:00+00:00,Islamabad,106.25,95.95833333333333,96.16666666666667
2026-07-30 11:00:00+00:00,Islamabad,106.25,95.95833333333333,96.16666666666667
2026-07-30 12:00:00+00:00,Islamabad,106.25,95.95833333333333,96.16666666666667
2026-07-30 13:00:00+00:00,Islamabad,106.25,95.95833333333333,96.16666666666667
2026-07-30 14:00:00+00:00,Islamabad,106.25,95.95833333333333,96.16666666666667
2026-07-30 15:00:00+00:00,Islamabad,106.25,95.95833333333333,96.16666666666667
2026-07-30 16:00:00+00:00,Islamabad,106.25,95.95833333333333,96.16666666666667
2026-07-30 17:00:00+00:00,Islamabad,106.25,95.95833333333333,96.16666666666667
2026-07-30 18:00:00+00:00,Islamabad,106.25,95.95833333333333,96.16666666666667
2026-07-30 19:00:00+00:00,Islamabad,106.25,95.95833333333333,96.16666666666667
2026-07-30 20:00:00+00:00,Islamabad,106.25,95.95833333333333,96.16666666666667
2026-07-30 21:00:00+00:00,Islamabad,106.25,95.95833333333333,96.16666666666667
2026-07-30 22:00:00+00:00,Islamabad,106.25,95.95833333333333,96.16666666666667
2026-07-30 23:00:00+00:00,Islamabad,106.25,95.95833333333333,96.16666666666667
2026-07-31 00:00:00+00:00,Islamabad,95.95833333333333,96.16666666666667,102.875
2026-07-31 01:00:00+00:00,Islamabad,95.95833333333333,96.16666666666667,102.875
2026-07-31 02:00:00+00:00,Islamabad,95.95833333333333,96.16666666666667,102.875
2026-07-31 03:00:00+00:00,Islamabad,95.95833333333333,96.16666666666667,102.875
2026-07-31 04:00:00+00:00,Islamabad,95.95833333333333,96.16666666666667,102.875
2026-07-31 05:00:00+00:00,Islamabad,95.95833333333333,96.16666666666667,102.875
2026-07-31 06:00:00+00:00,Islamabad,95.95833333333333,96.16666666666667,102.875
2026-07-31 07:00:00+00:00,Islamabad,95.95833333333333,96.16666666666667,102.875
2026-07-31 08:00:00+00:00,Islamabad,95.95833333333333,96.16666666666667,102.875
2026-07-31 09:00:00+00:00,Islamabad,95.95833333333333,96.16666666666667,102.875
2026-07-31 10:00:00+00:00,Islamabad,95.95833333333333,96.16666666666667,102.875
2026-07-31 11:00:00+00:00,Islamabad,95.95833333333333,96.16666666666667,102.875
2026-07-31 12:00:00+00:00,Islamabad,95.95833333333333,96.16666666666667,102.875
2026-07-31 13:00:00+00:00,Islamabad,95.95833333333333,96.16666666666667,102.875
2026-07-31 14:00:00+00:00,Islamabad,95.95833333333333,96.16666666666667,102.875
2026-07-31 15:00:00+00:00,Islamabad,95.95833333333333,96.16666666666667,102.875
2026-07-31 16:00:00+00:00,Islamabad,95.95833333333333,96.16666666666667,102.875
2026-07-31 17:00:00+00:00,Islamabad,95.95833333333333,96.16666666666667,102.875
2026-07-31 18:00:00+00:00,Islamabad,95.95833333333333,96.16666666666667,102.875
2026-07-31 19:00:00+00:00,Islamabad,95.95833333333333,96.16666666666667,102.875
2026-07-31 20:00:00+00:00,Islamabad,95.95833333333333,96.16666666666667,102.875
2026-07-31 21:00:00+00:00,Islamabad,95.95833333333333,96.16666666666667,102.875
2026-07-31 22:00:00+00:00,Islamabad,95.95833333333333,96.16666666666667,102.875
2026-07-31 23:00:00+00:00,Islamabad,95.95833333333333,96.16666666666667,102.875
2026-08-01 00:00:00+00:00,Islamabad,96.16666666666667,102.875,134.0
2026-08-01 01:00:00+00:00,Islamabad,96.16666666666667,102.875,134.0
2026-08-01 02:00:00+00:00,Islamabad,96.16666666666667,102.875,134.0
2026-08-01 03:00:00+00:00,Islamabad,96.16666666666667,102.875,134.0
2026-08-01 04:00:00+00:00,Islamabad,96.16666666666667,102.875,134.0
2026-08-01 05:00:00+00:00,Islamabad,96.16666666666667,102.875,134.0
2026-08-01 06:00:00+00:00,Islamabad,96.16666666666667,102.875,134.0
2026-08-01 07:00:00+00:00,Islamabad,96.16666666666667,102.875,134.0
2026-08-01 08:00:00+00:00,Islamabad,96.16666666666667,102.875,134.0
2026-08-01 09:00:00+00:00,Islamabad,96.16666666666667,102.875,134.0
2026-08-01 10:00:00+00:00,Islamabad,96.16666666666667,102.875,134.0
2026-08-01 11:00:00+00:00,Islamabad,96.16666666666667,102.875,134.0
2026-08-01 12:00:00+00:00,Islamabad,96.16666666666667,102.875,134.0
2026-08-01 13:00:00+00:00,Islamabad,96.16666666666667,102.875,134.0
2026-08-01 14:00:00+00:00,Islamabad,96.16666666666667,102.875,134.0
2026-08-01 15:00:00+00:00,Islamabad,96.16666666666667,102.875,134.0
2026-08-01 16:00:00+00:00,Islamabad,96.16666666666667,102.875,134.0
2026-08-01 17:00:00+00:00,Islamabad,96.16666666666667,102.875,134.0
2026-08-01 18:00:00+00:00,Islamabad,96.16666666666667,102.875,134.0
2026-08-01 19:00:00+00:00,Islamabad,96.16666666666667,102.875,134.0
2026-08-01 20:00:00+00:00,Islamabad,96.16666666666667,102.875,134.0
2026-08-01 21:00:00+00:00,Islamabad,96.16666666666667,102.875,134.0
2026-08-01 22:00:00+00:00,Islamabad,96.16666666666667,102.875,134.0
2026-08-01 23:00:00+00:00,Islamabad,96.16666666666667,102.875,134.0
2026-08-02 00:00:00+00:00,Islamabad,102.875,134.0,151.45833333333334
2026-08-02 01:00:00+00:00,Islamabad,102.875,134.0,151.45833333333334
2026-08-02 02:00:00+00:00,Islamabad,102.875,134.0,151.45833333333334
2026-08-02 03:00:00+00:00,Islamabad,102.875,134.0,151.45833333333334
2026-08-02 04:00:00+00:00,Islamabad,102.875,134.0,151.45833333333334
2026-08-02 05:00:00+00:00,Islamabad,102.875,134.0,151.45833333333334
2026-08-02 06:00:00+00:00,Islamabad,102.875,134.0,151.45833333333334
2026-08-02 07:00:00+00:00,Islamabad,102.875,134.0,151.45833333333334
2026-08-02 08:00:00+00:00,Islamabad,102.875,134.0,151.45833333333334
2026-08-02 09:00:00+00:00,Islamabad,102.875,134.0,151.45833333333334
2026-08-02 10:00:00+00:00,Islamabad,102.875,134.0,151.45833333333334
2026-08-02 11:00:00+00:00,Islamabad,102.875,134.0,151.45833333333334
2026-08-02 12:00:00+00:00,Islamabad,102.875,134.0,151.45833333333334
2026-08-02 13:00:00+00:00,Islamabad,102.875,134.0,151.45833333333334
2026-08-02 14:00:00+00:00,Islamabad,102.875,134.0,151.45833333333334
2026-08-02 15:00:00+00:00,Islamabad,102.875,134.0,151.45833333333334
2026-08-02 16:00:00+00:00,Islamabad,102.875,134.0,151.45833333333334
2026-08-02 17:00:00+00:00,Islamabad,102.875,134.0,151.45833333333334
2026-08-02 18:00:00+00:00,Islamabad,102.875,134.0,151.45833333333334
2026-08-02 19:00:00+00:00,Islamabad,102.875,134.0,151.45833333333334
2026-08-02 20:00:00+00:00,Islamabad,102.875,134.0,151.45833333333334
2026-08-02 21:00:00+00:00,Islamabad,102.875,134.0,151.45833333333334
2026-08-02 22:00:00+00:00,Islamabad,102.875,134.0,151.45833333333334
2026-08-02 23:00:00+00:00,Islamabad,102.875,134.0,151.45833333333334
2026-08-03 00:00:00+00:00,Islamabad,134.0,151.45833333333334,128.66666666666666
2026-08-03 01:00:00+00:00,Islamabad,134.0,151.45833333333334,128.66666666666666
2026-08-03 02:00:00+00:00,Islamabad,134.0,151.45833333333334,128.66666666666666
2026-08-03 03:00:00+00:00,Islamabad,134.0,151.45833333333334,128.66666666666666
2026-08-03 04:00:00+00:00,Islamabad,134.0,151.45833333333334,128.66666666666666
2026-08-03 05:00:00+00:00,Islamabad,134.0,151.45833333333334,128.66666666666666
2026-08-03 06:00:00+00:00,Islamabad,134.0,151.45833333333334,128.66666666666666
2026-08-03 07:00:00+00:00,Islamabad,134.0,151.45833333333334,128.66666666666666
2026-08-03 08:00:00+00:00,Islamabad,134.0,151.45833333333334,128.66666666666666
2026-08-03 09:00:00+00:00,Islamabad,134.0,151.45833333333334,128.66666666666666
2026-08-03 10:00:00+00:00,Islamabad,134.0,151.45833333333334,128.66666666666666
2026-08-03 11:00:00+00:00,Islamabad,134.0,151.45833333333334,128.66666666666666
2026-08-03 12:00:00+00:00,Islamabad,134.0,151.45833333333334,128.66666666666666
2026-08-03 13:00:00+00:00,Islamabad,134.0,151.45833333333334,128.66666666666666
2026-08-03 14:00:00+00:00,Islamabad,134.0,151.45833333333334,128.66666666666666
2026-08-03 15:00:00+00:00,Islamabad,134.0,151.45833333333334,128.66666666666666
2026-08-03 16:00:00+00:00,Islamabad,134.0,151.45833333333334,128.66666666666666
2026-08-03 17:00:00+00:00,Islamabad,134.0,151.45833333333334,128.66666666666666
2026-08-03 18:00:00+00:00,Islamabad,134.0,151.45833333333334,128.66666666666666
2026-08-03 19:00:00+00:00,Islamabad,134.0,151.45833333333334,128.66666666666666
2026-08-03 20:00:00+00:00,Islamabad,134.0,151.45833333333334,128.66666666666666
2026-08-03 21:00:00+00:00,Islamabad,134.0,151.45833333333334,128.66666666666666
2026-08-03 22:00:00+00:00,Islamabad,134.0,151.45833333333334,128.66666666666666
2026-08-03 23:00:00+00:00,Islamabad,134.0,151.45833333333334,128.66666666666666
2026-08-04 00:00:00+00:00,Islamabad,151.45833333333334,128.66666666666666,121.0
2026-08-04 01:00:00+00:00,Islamabad,151.45833333333334,128.66666666666666,121.0
2026-08-04 02:00:00+00:00,Islamabad,151.45833333333334,128.66666666666666,121.0
2026-08-04 03:00:00+00:00,Islamabad,151.45833333333334,128.66666666666666,121.0
2026-08-04 04:00:00+00:00,Islamabad,151.45833333333334,128.66666666666666,121.0
2026-08-04 05:00:00+00:00,Islamabad,151.45833333333334,128.66666666666666,121.0
2026-08-04 06:00:00+00:00,Islamabad,151.45833333333334,128.66666666666666,121.0
2026-08-04 07:00:00+00:00,Islamabad,151.45833333333334,128.66666666666666,121.0
2026-08-04 08:00:00+00:00,Islamabad,151.45833333333334,128.66666666666666,121.0
2026-08-04 09:00:00+00:00,Islamabad,151.45833333333334,128.66666666666666,121.0
2026-08-04 10:00:00+00:00,Islamabad,151.45833333333334,128.66666666666666,121.0
2026-08-04 11:00:00+00:00,Islamabad,151.45833333333334,128.66666666666666,121.0
2026-08-04 12:00:00+00:00,Islamabad,151.45833333333334,128.66666666666666,121.0
2026-08-04 13:00:00+00:00,Islamabad,151.45833333333334,128.66666666666666,121.0
2026-08-04 14:00:00+00:00,Islamabad,151.45833333333334,128.66666666666666,121.0
2026-08-04 15:00:00+00:00,Islamabad,151.45833333333334,128.66666666666666,121.0
2026-08-04 16:00:00+00:00,Islamabad,151.45833333333334,128.66666666666666,121.0
2026-08-04 17:00:00+00:00,Islamabad,151.45833333333334,128.66666666666666,121.0
2026-08-04 18:00:00+00:00,Islamabad,151.45833333333334,128.66666666666666,121.0
2026-08-04 19:00:00+00:00,Islamabad,151.45833333333334,128.66666666666666,121.0
2026-08-04 20:00:00+00:00,Islamabad,151.45833333333334,128.66666666666666,121.0
2026-08-04 21:00:00+00:00,Islamabad,151.45833333333334,128.66666666666666,121.0
2026-08-04 22:00:00+00:00,Islamabad,151.45833333333334,128.66666666666666,121.0
2026-08-04 23:00:00+00:00,Islamabad,151.45833333333334,128.66666666666666,121.0
2026-08-05 00:00:00+00:00,Islamabad,128.66666666666666,121.0,115.29166666666667
2026-08-05 01:00:00+00:00,Islamabad,128.66666666666666,121.0,115.29166666666667
2026-08-05 02:00:00+00:00,Islamabad,128.66666666666666,121.0,115.29166666666667
2026-08-05 03:00:00+00:00,Islamabad,128.66666666666666,121.0,115.29166666666667
2026-08-05 04:00:00+00:00,Islamabad,128.66666666666666,121.0,115.29166666666667
2026-08-05 05:00:00+00:00,Islamabad,128.66666666666666,121.0,115.29166666666667
2026-08-05 06:00:00+00:00,Islamabad,128.66666666666666,121.0,115.29166666666667
2026-08-05 07:00:00+00:00,Islamabad,128.66666666666666,121.0,115.29166666666667
2026-08-05 08:00:00+00:00,Islamabad,128.66666666666666,121.0,115.29166666666667
2026-08-05 09:00:00+00:00,Islamabad,128.66666666666666,121.0,115.29166666666667
2026-08-05 10:00:00+00:00,Islamabad,128.66666666666666,121.0,115.29166666666667
2026-08-05 11:00:00+00:00,Islamabad,128.66666666666666,121.0,115.29166666666667
2026-08-05 12:00:00+00:00,Islamabad,128.66666666666666,121.0,115.29166666666667
2026-08-05 13:00:00+00:00,Islamabad,128.66666666666666,121.0,115.29166666666667
2026-08-05 14:00:00+00:00,Islamabad,128.66666666666666,121.0,115.29166666666667
2026-08-05 15:00:00+00:00,Islamabad,128.66666666666666,121.0,115.29166666666667
2026-08-05 16:00:00+00:00,Islamabad,128.66666666666666,121.0,115.29166666666667
2026-08-05 17:00:00+00:00,Islamabad,128.66666666666666,121.0,115.29166666666667
2026-08-05 18:00:00+00:00,Islamabad,128.66666666666666,121.0,115.29166666666667
2026-08-05 19:00:00+00:00,Islamabad,128.66666666666666,121.0,115.29166666666667
2026-08-05 20:00:00+00:00,Islamabad,128.66666666666666,121.0,115.29166666666667
2026-08-05 21:00:00+00:00,Islamabad,128.66666666666666,121.0,115.29166666666667
2026-08-05 22:00:00+00:00,Islamabad,128.66666666666666,121.0,115.29166666666667
2026-08-05 23:00:00+00:00,Islamabad,128.66666666666666,121.0,115.29166666666667
2026-08-06 00:00:00+00:00,Islamabad,121.0,115.29166666666667,117.58333333333333
2026-08-06 01:00:00+00:00,Islamabad,121.0,115.29166666666667,117.58333333333333
2026-08-06 02:00:00+00:00,Islamabad,121.0,115.29166666666667,117.58333333333333
2026-08-06 03:00:00+00:00,Islamabad,121.0,115.29166666666667,117.58333333333333
2026-08-06 04:00:00+00:00,Islamabad,121.0,115.29166666666667,117.58333333333333
2026-08-06 05:00:00+00:00,Islamabad,121.0,115.29166666666667,117.58333333333333
2026-08-06 06:00:00+00:00,Islamabad,121.0,115.29166666666667,117.58333333333333
2026-08-06 07:00:00+00:00,Islamabad,121.0,115.29166666666667,117.58333333333333
2026-08-06 08:00:00+00:00,Islamabad,121.0,115.29166666666667,117.58333333333333
2026-08-06 09:00:00+00:00,Islamabad,121.0,115.29166666666667,117.58333333333333
2026-08-06 10:00:00+00:00,Islamabad,121.0,115.29166666666667,117.58333333333333
2026-08-06 11:00:00+00:00,Islamabad,121.0,115.29166666666667,117.58333333333333
2026-08-06 12:00:00+00:00,Islamabad,121.0,115.29166666666667,117.58333333333333
2026-08-06 13:00:00+00:00,Islamabad,121.0,115.29166666666667,117.58333333333333
2026-08-06 14:00:00+00:00,Islamabad,121.0,115.29166666666667,117.58333333333333
2026-08-06 15:00:00+00:00,Islamabad,121.0,115.29166666666667,117.58333333333333
2026-08-06 16:00:00+00:00,Islamabad,121.0,115.29166666666667,117.58333333333333
2026-08-06 17:00:00+00:00,Islamabad,121.0,115.29166666666667,117.58333333333333
2026-08-06 18:00:00+00:00,Islamabad,121.0,115.29166666666667,117.58333333333333
2026-08-06 19:00:00+00:00,Islamabad,121.0,115.29166666666667,117.58333333333333
2026-08-06 20:00:00+00:00,Islamabad,121.0,115.29166666666667,117.58333333333333
2026-08-06 21:00:00+00:00,Islamabad,121.0,115.29166666666667,117.58333333333333
2026-08-06 22:00:00+00:00,Islamabad,121.0,115.29166666666667,117.58333333333333
2026-08-06 23:00:00+00:00,Islamabad,121.0,115.29166666666667,117.58333333333333
2026-08-07 00:00:00+00:00,Islamabad,115.29166666666667,117.58333333333333,116.625
2026-08-07 01:00:00+00:00,Islamabad,115.29166666666667,117.58333333333333,116.625
2026-08-07 02:00:00+00:00,Islamabad,115.29166666666667,117.58333333333333,116.625
2026-08-07 03:00:00+00:00,Islamabad,115.29166666666667,117.58333333333333,116.625
2026-08-07 04:00:00+00:00,Islamabad,115.29166666666667,117.58333333333333,116.625
2026-08-07 05:00:00+00:00,Islamabad,115.29166666666667,117.58333333333333,116.625
2026-08-07 06:00:00+00:00,Islamabad,115.29166666666667,117.58333333333333,116.625
2026-08-07 07:00:00+00:00,Islamabad,115.29166666666667,117.58333333333333,116.625
2026-08-07 08:00:00+00:00,Islamabad,115.29166666666667,117.58333333333333,116.625
2026-08-07 09:00:00+00:00,Islamabad,115.29166666666667,117.58333333333333,116.625
2026-08-07 10:00:00+00:00,Islamabad,115.29166666666667,117.58333333333333,116.625
2026-08-07 11:00:00+00:00,Islamabad,115.29166666666667,117.58333333333333,116.625
2026-08-07 12:00:00+00:00,Islamabad,115.29166666666667,117.58333333333333,116.625
2026-08-07 13:00:00+00:00,Islamabad,115.29166666666667,117.58333333333333,116.625
2026-08-07 14:00:00+00:00,Islamabad,115.29166666666667,117.58333333333333,116.625
2026-08-07 15:00:00+00:00,Islamabad,115.29166666666667,117.58333333333333,116.625
2026-08-07 16:00:00+00:00,Islamabad,115.29166666666667,117.58333333333333,116.625
2026-08-07 17:00:00+00:00,Islamabad,115.29166666666667,117.58333333333333,116.625
2026-08-07 18:00:00+00:00,Islamabad,115.29166666666667,117.58333333333333,116.625
2026-08-07 19:00:00+00:00,Islamabad,115.29166666666667,117.58333333333333,116.625
2026-08-07 20:00:00+00:00,Islamabad,115.29166666666667,117.58333333333333,116.625
2026-08-07 21:00:00+00:00,Islamabad,115.29166666666667,117.58333333333333,116.625
2026-08-07 22:00:00+00:00,Islamabad,115.29166666666667,117.58333333333333,116.625
2026-08-07 23:00:00+00:00,Islamabad,115.29166666666667,117.58333333333333,116.625
2026-08-08 00:00:00+00:00,Islamabad,117.58333333333333,116.625,124.75
2026-08-08 01:00:00+00:00,Islamabad,117.58333333333333,116.625,124.75
2026-08-08 02:00:00+00:00,Islamabad,117.58333333333333,116.625,124.75
2026-08-08 03:00:00+00:00,Islamabad,117.58333333333333,116.625,124.75
2026-08-08 04:00:00+00:00,Islamabad,117.58333333333333,116.625,124.75
2026-08-08 05:00:00+00:00,Islamabad,117.58333333333333,116.625,124.75
2026-08-08 06:00:00+00:00,Islamabad,117.58333333333333,116.625,124.75
2026-08-08 07:00:00+00:00,Islamabad,117.58333333333333,116.625,124.75
2026-08-08 08:00:00+00:00,Islamabad,117.58333333333333,116.625,124.75
2026-08-08 09:00:00+00:00,Islamabad,117.58333333333333,116.625,124.75
2026-08-08 10:00:00+00:00,Islamabad,117.58333333333333,116.625,124.75
2026-08-08 11:00:00+00:00,Islamabad,117.58333333333333,116.625,124.75
2026-08-08 12:00:00+00:00,Islamabad,117.58333333333333,116.625,124.75
2026-08-08 13:00:00+00:00,Islamabad,117.58333333333333,116.625,124.75
2026-08-08 14:00:00+00:00,Islamabad,117.58333333333333,116.625,124.75
2026-08-08 15:00:00+00:00,Islamabad,117.58333333333333,116.625,124.75
2026-08-08 16:00:00+00:00,Islamabad,117.58333333333333,116.625,124.75
2026-08-08 17:00:00+00:00,Islamabad,117.58333333333333,116.625,124.75
2026-08-08 18:00:00+00:00,Islamabad,117.58333333333333,116.625,124.75
2026-08-08 19:00:00+00:00,Islamabad,117.58333333333333,116.625,124.75
2026-08-08 20:00:00+00:00,Islamabad,117.58333333333333,116.625,124.75
2026-08-08 21:00:00+00:00,Islamabad,117.58333333333333,116.625,124.75
2026-08-08 22:00:00+00:00,Islamabad,117.58333333333333,116.625,124.75
2026-08-08 23:00:00+00:00,Islamabad,117.58333333333333,116.625,124.75
2026-08-09 00:00:00+00:00,Islamabad,116.625,124.75,143.33333333333334
2026-08-09 01:00:00+00:00,Islamabad,116.625,124.75,143.33333333333334
2026-08-09 02:00:00+00:00,Islamabad,116.625,124.75,143.33333333333334
2026-08-09 03:00:00+00:00,Islamabad,116.625,124.75,143.33333333333334
2026-08-09 04:00:00+00:00,Islamabad,116.625,124.75,143.33333333333334
2026-08-09 05:00:00+00:00,Islamabad,116.625,124.75,143.33333333333334
2026-08-09 06:00:00+00:00,Islamabad,116.625,124.75,143.33333333333334
2026-08-09 07:00:00+00:00,Islamabad,116.625,124.75,143.33333333333334
2026-08-09 08:00:00+00:00,Islamabad,116.625,124.75,143.33333333333334
2026-08-09 09:00:00+00:00,Islamabad,116.625,124.75,143.33333333333334
2026-08-09 10:00:00+00:00,Islamabad,116.625,124.75,143.33333333333334
2026-08-09 11:00:00+00:00,Islamabad,116.625,124.75,143.33333333333334
2026-08-09 12:00:00+00:00,Islamabad,116.625,124.75,143.33333333333334
2026-08-09 13:00:00+00:00,Islamabad,116.625,124.75,143.33333333333334
2026-08-09 14:00:00+00:00,Islamabad,116.625,124.75,143.33333333333334
2026-08-09 15:00:00+00:00,Islamabad,116.625,124.75,143.33333333333334
2026-08-09 16:00:00+00:00,Islamabad,116.625,124.75,143.33333333333334
2026-08-09 17:00:00+00:00,Islamabad,116.625,124.75,143.33333333333334
2026-08-09 18:00:00+00:00,Islamabad,116.625,124.75,143.33333333333334
2026-08-09 19:00:00+00:00,Islamabad,116.625,124.75,143.33333333333334
2026-08-09 20:00:00+00:00,Islamabad,116.625,124.75,143.33333333333334
2026-08-09 21:00:00+00:00,Islamabad,116.625,124.75,143.33333333333334
2026-08-09 22:00:00+00:00,Islamabad,116.625,124.75,143.33333333333334
2026-08-09 23:00:00+00:00,Islamabad,116.625,124.75,143.33333333333334
2026-08-10 00:00:00+00:00,Islamabad,124.75,143.33333333333334,159.41666666666666
2026-08-10 01:00:00+00:00,Islamabad,124.75,143.33333333333334,159.41666666666666
2026-08-10 02:00:00+00:00,Islamabad,124.75,143.33333333333334,159.41666666666666
2026-08-10 03:00:00+00:00,Islamabad,124.75,143.33333333333334,159.41666666666666
2026-08-10 04:00:00+00:00,Islamabad,124.75,143.33333333333334,159.41666666666666
2026-08-10 05:00:00+00:00,Islamabad,124.75,143.33333333333334,159.41666666666666
2026-08-10 06:00:00+00:00,Islamabad,124.75,143.33333333333334,159.41666666666666
2026-08-10 07:00:00+00:00,Islamabad,124.75,143.33333333333334,159.41666666666666
2026-08-10 08:00:00+00:00,Islamabad,124.75,143.33333333333334,159.41666666666666
2026-08-10 09:00:00+00:00,Islamabad,124.75,143.33333333333334,159.41666666666666
2026-08-10 10:00:00+00:00,Islamabad,124.75,143.33333333333334,159.41666666666666
2026-08-10 11:00:00+00:00,Islamabad,124.75,143.33333333333334,159.41666666666666
2026-08-10 12:00:00+00:00,Islamabad,124.75,143.33333333333334,159.41666666666666
2026-08-10 13:00:00+00:00,Islamabad,124.75,143.33333333333334,159.41666666666666
2026-08-10 14:00:00+00:00,Islamabad,124.75,143.33333333333334,159.41666666666666
2026-08-10 15:00:00+00:00,Islamabad,124.75,143.33333333333334,159.41666666666666
2026-08-10 16:00:00+00:00,Islamabad,124.75,143.33333333333334,159.41666666666666
2026-08-10 17:00:00+00:00,Islamabad,124.75,143.33333333333334,159.41666666666666
2026-08-10 18:00:00+00:00,Islamabad,124.75,143.33333333333334,159.41666666666666
2026-08-10 19:00:00+00:00,Islamabad,124.75,143.33333333333334,159.41666666666666
2026-08-10 20:00:00+00:00,Islamabad,124.75,143.33333333333334,159.41666666666666
2026-08-10 21:00:00+00:00,Islamabad,124.75,143.33333333333334,159.41666666666666
2026-08-10 22:00:00+00:00,Islamabad,124.75,143.33333333333334,159.41666666666666
2026-08-10 23:00:00+00:00,Islamabad,124.75,143.33333333333334,159.41666666666666
2026-08-11 00:00:00+00:00,Islamabad,143.33333333333334,159.41666666666666,131.79166666666666
2026-08-11 01:00:00+00:00,Islamabad,143.33333333333334,159.41666666666666,131.79166666666666
2026-08-11 02:00:00+00:00,Islamabad,143.33333333333334,159.41666666666666,131.79166666666666
2026-08-11 03:00:00+00:00,Islamabad,143.33333333333334,159.41666666666666,131.79166666666666
2026-08-11 04:00:00+00:00,Islamabad,143.33333333333334,159.41666666666666,131.79166666666666
2026-08-11 05:00:00+00:00,Islamabad,143.33333333333334,159.41666666666666,131.79166666666666
2026-08-11 06:00:00+00:00,Islamabad,143.33333333333334,159.41666666666666,131.79166666666666
2026-08-11 07:00:00+00:00,Islamabad,143.33333333333334,159.41666666666666,131.79166666666666
2026-08-11 08:00:00+00:00,Islamabad,143.33333333333334,159.41666666666666,131.79166666666666
2026-08-11 09:00:00+00:00,Islamabad,143.33333333333334,159.41666666666666,131.79166666666666
2026-08-11 10:00:00+00:00,Islamabad,143.33333333333334,159.41666666666666,131.79166666666666
2026-08-11 11:00:00+00:00,Islamabad,143.33333333333334,159.41666666666666,131.79166666666666
2026-08-11 12:00:00+00:00,Islamabad,143.33333333333334,159.41666666666666,131.79166666666666
2026-08-11 13:00:00+00:00,Islamabad,143.33333333333334,159.41666666666666,131.79166666666666
2026-08-11 14:00:00+00:00,Islamabad,143.33333333333334,159.41666666666666,131.79166666666666
2026-08-11 15:00:00+00:00,Islamabad,143.33333333333334,159.41666666666666,131.79166666666666
2026-08-11 16:00:00+00:00,Islamabad,143.33333333333334,159.41666666666666,131.79166666666666
2026-08-11 17:00:00+00:00,Islamabad,143.33333333333334,159.41666666666666,131.79166666666666
2026-08-11 18:00:00+00:00,Islamabad,143.33333333333334,159.41666666666666,131.79166666666666
2026-08-11 19:00:00+00:00,Islamabad,143.33333333333334,159.41666666666666,131.79166666666666
2026-08-11 20:00:00+00:00,Islamabad,143.33333333333334,159.41666666666666,131.79166666666666
2026-08-11 21:00:00+00:00,Islamabad,143.33333333333334,159.41666666666666,131.79166666666666
2026-08-11 22:00:00+00:00,Islamabad,143.33333333333334,159.41666666666666,131.79166666666666
2026-08-11 23:00:00+00:00,Islamabad,143.33333333333334,159.41666666666666,131.79166666666666
2026-08-12 00:00:00+00:00,Islamabad,159.41666666666666,131.79166666666666,128.25
2026-08-12 01:00:00+00:00,Islamabad,159.41666666666666,131.79166666666666,128.25
2026-08-12 02:00:00+00:00,Islamabad,159.41666666666666,131.79166666666666,128.25
2026-08-12 03:00:00+00:00,Islamabad,159.41666666666666,131.79166666666666,128.25
2026-08-12 04:00:00+00:00,Islamabad,159.41666666666666,131.79166666666666,128.25
2026-08-12 05:00:00+00:00,Islamabad,159.41666666666666,131.79166666666666,128.25
2026-08-12 06:00:00+00:00,Islamabad,159.41666666666666,131.79166666666666,128.25
2026-08-12 07:00:00+00:00,Islamabad,159.41666666666666,131.79166666666666,128.25
2026-08-12 08:00:00+00:00,Islamabad,159.41666666666666,131.79166666666666,128.25
2026-08-12 09:00:00+00:00,Islamabad,159.41666666666666,131.79166666666666,128.25
2026-08-12 10:00:00+00:00,Islamabad,159.41666666666666,131.79166666666666,128.25
2026-08-12 11:00:00+00:00,Islamabad,159.41666666666666,131.79166666666666,128.25
2026-08-12 12:00:00+00:00,Islamabad,159.41666666666666,131.79166666666666,128.25
2026-08-12 13:00:00+00:00,Islamabad,159.41666666666666,131.79166666666666,128.25
2026-08-12 14:00:00+00:00,Islamabad,159.41666666666666,131.79166666666666,128.25
2026-08-12 15:00:00+00:00,Islamabad,159.41666666666666,131.79166666666666,128.25
2026-08-12 16:00:00+00:00,Islamabad,159.41666666666666,131.79166666666666,128.25
2026-08-12 17:00:00+00:00,Islamabad,159.41666666666666,131.79166666666666,128.25
2026-08-12 18:00:00+00:00,Islamabad,159.41666666666666,131.79166666666666,128.25
2026-08-12 19:00:00+00:00,Islamabad,159.41666666666666,131.79166666666666,128.25
2026-08-12 20:00:00+00:00,Islamabad,159.41666666666666,131.79166666666666,128.25
2026-08-12 21:00:00+00:00,Islamabad,159.41666666666666,131.79166666666666,128.25
2026-08-12 22:00:00+00:00,Islamabad,159.41666666666666,131.79166666666666,128.25
2026-08-12 23:00:00+00:00,Islamabad,159.41666666666666,131.79166666666666,128.25
2026-08-13 00:00:00+00:00,Islamabad,131.79166666666666,128.25,143.70833333333334
2026-08-13 01:00:00+00:00,Islamabad,131.79166666666666,128.25,143.70833333333334
2026-08-13 02:00:00+00:00,Islamabad,131.79166666666666,128.25,143.70833333333334
2026-08-13 03:00:00+00:00,Islamabad,131.79166666666666,128.25,143.70833333333334
2026-08-13 04:00:00+00:00,Islamabad,131.79166666666666,128.25,143.70833333333334
2026-08-13 05:00:00+00:00,Islamabad,131.79166666666666,128.25,143.70833333333334
2026-08-13 06:00:00+00:00,Islamabad,131.79166666666666,128.25,143.70833333333334
2026-08-13 07:00:00+00:00,Islamabad,131.79166666666666,128.25,143.70833333333334
2026-08-13 08:00:00+00:00,Islamabad,131.79166666666666,128.25,143.70833333333334
2026-08-13 09:00:00+00:00,Islamabad,131.79166666666666,128.25,143.70833333333334
2026-08-13 10:00:00+00:00,Islamabad,131.79166666666666,128.25,143.70833333333334
2026-08-13 11:00:00+00:00,Islamabad,131.79166666666666,128.25,143.70833333333334
2026-08-13 12:00:00+00:00,Islamabad,131.79166666666666,128.25,143.70833333333334
2026-08-13 13:00:00+00:00,Islamabad,131.79166666666666,128.25,143.70833333333334
2026-08-13 14:00:00+00:00,Islamabad,131.79166666666666,128.25,143.70833333333334
2026-08-13 15:00:00+00:00,Islamabad,131.79166666666666,128.25,143.70833333333334
2026-08-13 16:00:00+00:00,Islamabad,131.79166666666666,128.25,143.70833333333334
2026-08-13 17:00:00+00:00,Islamabad,131.79166666666666,128.25,143.70833333333334
2026-08-13 18:00:00+00:00,Islamabad,131.79166666666666,128.25,143.70833333333334
2026-08-13 19:00:00+00:00,Islamabad,131.79166666666666,128.25,143.70833333333334
2026-08-13 20:00:00+00:00,Islamabad,131.79166666666666,128.25,143.70833333333334
2026-08-13 21:00:00+00:00,Islamabad,131.79166666666666,128.25,143.70833333333334
2026-08-13 22:00:00+00:00,Islamabad,131.79166666666666,128.25,143.70833333333334
2026-08-13 23:00:00+00:00,Islamabad,131.79166666666666,128.25,143.70833333333334
2026-08-14 00:00:00+00:00,Islamabad,128.25,143.70833333333334,113.91666666666667
2026-08-14 01:00:00+00:00,Islamabad,128.25,143.70833333333334,113.91666666666667
2026-08-14 02:00:00+00:00,Islamabad,128.25,143.70833333333334,113.91666666666667
2026-08-14 03:00:00+00:00,Islamabad,128.25,143.70833333333334,113.91666666666667
2026-08-14 04:00:00+00:00,Islamabad,128.25,143.70833333333334,113.91666666666667
2026-08-14 05:00:00+00:00,Islamabad,128.25,143.70833333333334,113.91666666666667
2026-08-14 06:00:00+00:00,Islamabad,128.25,143.70833333333334,113.91666666666667
2026-08-14 07:00:00+00:00,Islamabad,128.25,143.70833333333334,113.91666666666667
2026-08-14 08:00:00+00:00,Islamabad,128.25,143.70833333333334,113.91666666666667
2026-08-14 09:00:00+00:00,Islamabad,128.25,143.70833333333334,113.91666666666667
2026-08-14 10:00:00+00:00,Islamabad,128.25,143.70833333333334,113.91666666666667
2026-08-14 11:00:00+00:00,Islamabad,128.25,143.70833333333334,113.91666666666667
2026-08-14 12:00:00+00:00,Islamabad,128.25,143.70833333333334,113.91666666666667
2026-08-14 13:00:00+00:00,Islamabad,128.25,143.70833333333334,113.91666666666667
2026-08-14 14:00:00+00:00,Islamabad,128.25,143.70833333333334,113.91666666666667
2026-08-14 15:00:00+00:00,Islamabad,128.25,143.70833333333334,113.91666666666667
2026-08-14 16:00:00+00:00,Islamabad,128.25,143.70833333333334,113.91666666666667
2026-08-14 17:00:00+00:00,Islamabad,128.25,143.70833333333334,113.91666666666667
2026-08-14 18:00:00+00:00,Islamabad,128.25,143.70833333333334,113.91666666666667
2026-08-14 19:00:00+00:00,Islamabad,128.25,143.70833333333334,113.91666666666667
2026-08-14 20:00:00+00:00,Islamabad,128.25,143.70833333333334,113.91666666666667
2026-08-14 21:00:00+00:00,Islamabad,128.25,143.70833333333334,113.91666666666667
2026-08-14 22:00:00+00:00,Islamabad,128.25,143.70833333333334,113.91666666666667
2026-08-14 23:00:00+00:00,Islamabad,128.25,143.70833333333334,113.91666666666667
2026-08-15 00:00:00+00:00,Islamabad,143.70833333333334,113.91666666666667,116.79166666666667
2026-08-15 01:00:00+00:00,Islamabad,143.70833333333334,113.91666666666667,116.79166666666667
2026-08-15 02:00:00+00:00,Islamabad,143.70833333333334,113.91666666666667,116.79166666666667
2026-08-15 03:00:00+00:00,Islamabad,143.70833333333334,113.91666666666667,116.79166666666667
2026-08-15 04:00:00+00:00,Islamabad,143.70833333333334,113.91666666666667,116.79166666666667
2026-08-15 05:00:00+00:00,Islamabad,143.70833333333334,113.91666666666667,116.79166666666667
2026-08-15 06:00:00+00:00,Islamabad,143.70833333333334,113.91666666666667,116.79166666666667
2026-08-15 07:00:00+00:00,Islamabad,143.70833333333334,113.91666666666667,116.79166666666667
2026-08-15 08:00:00+00:00,Islamabad,143.70833333333334,113.91666666666667,116.79166666666667
2026-08-15 09:00:00+00:00,Islamabad,143.70833333333334,113.91666666666667,116.79166666666667
2026-08-15 10:00:00+00:00,Islamabad,143.70833333333334,113.91666666666667,116.79166666666667
2026-08-15 11:00:00+00:00,Islamabad,143.70833333333334,113.91666666666667,116.79166666666667
2026-08-15 12:00:00+00:00,Islamabad,143.70833333333334,113.91666666666667,116.79166666666667
2026-08-15 13:00:00+00:00,Islamabad,143.70833333333334,113.91666666666667,116.79166666666667
2026-08-15 14:00:00+00:00,Islamabad,143.70833333333334,113.91666666666667,116.79166666666667
2026-08-15 15:00:00+00:00,Islamabad,143.70833333333334,113.91666666666667,116.79166666666667
2026-08-15 16:00:00+00:00,Islamabad,143.70833333333334,113.91666666666667,116.79166666666667
2026-08-15 17:00:00+00:00,Islamabad,143.70833333333334,113.91666666666667,116.79166666666667
2026-08-15 18:00:00+00:00,Islamabad,143.70833333333334,113.91666666666667,116.79166666666667
2026-08-15 19:00:00+00:00,Islamabad,143.70833333333334,113.91666666666667,116.79166666666667
2026-08-15 20:00:00+00:00,Islamabad,143.70833333333334,113.91666666666667,116.79166666666667
2026-08-15 21:00:00+00:00,Islamabad,143.70833333333334,113.91666666666667,116.79166666666667
2026-08-15 22:00:00+00:00,Islamabad,143.70833333333334,113.91666666666667,116.79166666666667
2026-08-15 23:00:00+00:00,Islamabad,143.70833333333334,113.91666666666667,116.79166666666667
2026-08-16 00:00:00+00:00,Islamabad,113.91666666666667,116.79166666666667,119.83333333333333
2026-08-16 01:00:00+00:00,Islamabad,113.91666666666667,116.79166666666667,119.83333333333333
2026-08-16 02:00:00+00:00,Islamabad,113.91666666666667,116.79166666666667,119.83333333333333
2026-08-16 03:00:00+00:00,Islamabad,113.91666666666667,116.79166666666667,119.83333333333333
2026-08-16 04:00:00+00:00,Islamabad,113.91666666666667,116.79166666666667,119.83333333333333
2026-08-16 05:00:00+00:00,Islamabad,113.91666666666667,116.79166666666667,119.83333333333333
2026-08-16 06:00:00+00:00,Islamabad,113.91666666666667,116.79166666666667,119.83333333333333
2026-08-16 07:00:00+00:00,Islamabad,113.91666666666667,116.79166666666667,119.83333333333333
2026-08-16 08:00:00+00:00,Islamabad,113.91666666666667,116.79166666666667,119.83333333333333
2026-08-16 09:00:00+00:00,Islamabad,113.91666666666667,116.79166666666667,119.83333333333333
2026-08-16 10:00:00+00:00,Islamabad,113.91666666666667,116.79166666666667,119.83333333333333
2026-08-16 11:00:00+00:00,Islamabad,113.91666666666667,116.79166666666667,119.83333333333333
2026-08-16 12:00:00+00:00,Islamabad,113.91666666666667,116.79166666666667,119.83333333333333
2026-08-16 13:00:00+00:00,Islamabad,113.91666666666667,116.79166666666667,119.83333333333333
2026-08-16 14:00:00+00:00,Islamabad,113.91666666666667,116.79166666666667,119.83333333333333
2026-08-16 15:00:00+00:00,Islamabad,113.91666666666667,116.79166666666667,119.83333333333333
2026-08-16 16:00:00+00:00,Islamabad,113.91666666666667,116.79166666666667,119.83333333333333
2026-08-16 17:00:00+00:00,Islamabad,113.91666666666667,116.79166666666667,119.83333333333333
2026-08-16 18:00:00+00:00,Islamabad,113.91666666666667,116.79166666666667,119.83333333333333
2026-08-16 19:00:00+00:00,Islamabad,113.91666666666667,116.79166666666667,119.83333333333333
2026-08-16 20:00:00+00:00,Islamabad,113.91666666666667,116.79166666666667,119.83333333333333
2026-08-16 21:00:00+00:00,Islamabad,113.91666666666667,116.79166666666667,119.83333333333333
2026-08-16 22:00:00+00:00,Islamabad,113.91666666666667,116.79166666666667,119.83333333333333
2026-08-16 23:00:00+00:00,Islamabad,113.91666666666667,116.79166666666667,119.83333333333333
2026-08-17 00:00:00+00:00,Islamabad,116.79166666666667,119.83333333333333,
2026-08-17 01:00:00+00:00,Islamabad,116.79166666666667,119.83333333333333,
2026-08-17 02:00:00+00:00,Islamabad,116.79166666666667,119.83333333333333,
2026-08-17 03:00:00+00:00,Islamabad,116.79166666666667,119.83333333333333,
2026-08-17 04:00:00+00:00,Islamabad,116.79166666666667,119.83333333333333,
2026-08-17 05:00:00+00:00,Islamabad,116.79166666666667,119.83333333333333,
2026-08-17 06:00:00+00:00,Islamabad,116.79166666666667,119.83333333333333,
2026-08-17 07:00:00+00:00,Islamabad,116.79166666666667,119.83333333333333,
2026-08-17 08:00:00+00:00,Islamabad,116.79166666666667,119.83333333333333,
2026-08-17 09:00:00+00:00,Islamabad,116.79166666666667,119.83333333333333,
2026-08-17 10:00:00+00:00,Islamabad,116.79166666666667,119.83333333333333,
2026-08-17 11:00:00+00:00,Islamabad,116.79166666666667,119.83333333333333,
2026-08-17 12:00:00+00:00,Islamabad,116.79166666666667,119.83333333333333,
2026-08-17 13:00:00+00:00,Islamabad,116.79166666666667,119.83333333333333,
2026-08-17 14:00:00+00:00,Islamabad,116.79166666666667,119.83333333333333,
2026-08-17 15:00:00+00:00,Islamabad,116.79166666666667,119.83333333333333,
2026-08-17 16:00:00+00:00,Islamabad,116.79166666666667,119.83333333333333,
2026-08-17 17:00:00+00:00,Islamabad,116.79166666666667,119.83333333333333,
2026-08-17 18:00:00+00:00,Islamabad,116.79166666666667,119.83333333333333,
2026-08-17 19:00:00+00:00,Islamabad,116.79166666666667,119.83333333333333,
2026-08-17 20:00:00+00:00,Islamabad,116.79166666666667,119.83333333333333,
2026-08-17 21:00:00+00:00,Islamabad,116.79166666666667,119.83333333333333,
2026-08-17 22:00:00+00:00,Islamabad,116.79166666666667,119.83333333333333,
2026-08-17 23:00:00+00:00,Islamabad,116.79166666666667,119.83333333333333,
2026-08-18 00:00:00+00:00,Islamabad,119.83333333333333,,
2026-08-18 01:00:00+00:00,Islamabad,119.83333333333333,,
2026-08-18 02:00:00+00:00,Islamabad,119.83333333333333,,
2026-08-18 03:00:00+00:00,Islamabad,119.83333333333333,,
2026-08-18 04:00:00+00:00,Islamabad,119.83333333333333,,
2026-08-18 05:00:00+00:00,Islamabad,119.83333333333333,,
2026-08-18 06:00:00+00:00,Islamabad,119.83333333333333,,
2026-08-18 07:00:00+00:00,Islamabad,119.83333333333333,,
2026-08-18 08:00:00+00:00,Islamabad,119.83333333333333,,
2026-08-18 09:00:00+00:00,Islamabad,119.83333333333333,,
2026-08-18 10:00:00+00:00,Islamabad,119.83333333333333,,
2026-08-18 11:00:00+00:00,Islamabad,119.83333333333333,,
2026-08-18 12:00:00+00:00,Islamabad,119.83333333333333,,
2026-08-18 13:00:00+00:00,Islamabad,119.83333333333333,,
2026-08-18 14:00:00+00:00,Islamabad,119.83333333333333,,
2026-08-18 15:00:00+00:00,Islamabad,119.83333333333333,,
2026-08-18 16:00:00+00:00,Islamabad,119.83333333333333,,
2026-08-18 17:00:00+00:00,Islamabad,119.83333333333333,,
2026-08-18 18:00:00+00:00,Islamabad,119.83333333333333,,
2026-08-18 19:00:00+00:00,Islamabad,119.83333333333333,,
2026-08-18 20:00:00+00:00,Islamabad,119.83333333333333,,
2026-08-18 21:00:00+00:00,Islamabad,119.83333333333333,,
2026-08-18 22:00:00+00:00,Islamabad,119.83333333333333,,
2026-08-18 23:00:00+00:00,Islamabad,119.83333333333333,,
2026-08-19 00:00:00+00:00,Islamabad,,,
2026-08-19 01:00:00+00:00,Islamabad,,,
2026-08-19 02:00:00+00:00,Islamabad,,,
2026-08-19 03:00:00+00:00,Islamabad,,,
2026-08-19 04:00:00+00:00,Islamabad,,,
2026-08-19 05:00:00+00:00,Islamabad,,,
2026-08-19 06:00:00+00:00,Islamabad,,,
2026-08-19 07:00:00+00:00,Islamabad,,,
2026-08-19 08:00:00+00:00,Islamabad,,,
2026-08-19 09:00:00+00:00,Islamabad,,,
2026-08-19 10:00:00+00:00,Islamabad,,,
2026-08-19 11:00:00+00:00,Islamabad,,,
2026-08-19 12:00:00+00:00,Islamabad,,,
2026-08-19 13:00:00+00:00,Islamabad,,,
2026-08-19 14:00:00+00:00,Islamabad,,,
2026-08-19 15:00:00+00:00,Islamabad,,,
2026-08-19 16:00:00+00:00,Islamabad,,,
2026-08-19 17:00:00+00:00,Islamabad,,,
2026-08-19 18:00:00+00:00,Islamabad,,,
2026-08-19 19:00:00+00:00,Islamabad,,,
2026-08-19 20:00:00+00:00,Islamabad,,,
2026-08-19 21:00:00+00:00,Islamabad,,,
2026-08-19 22:00:00+00:00,Islamabad,,,
2026-08-19 23:00:00+00:00,Islamabad,,,
2026-05-21 00:00:00+00:00,Karachi,108.625,119.41666666666667,105.29166666666667
2026-05-21 01:00:00+00:00,Karachi,108.625,119.41666666666667,105.29166666666667
2026-05-21 02:00:00+00:00,Karachi,108.625,119.41666666666667,105.29166666666667
2026-05-21 03:00:00+00:00,Karachi,108.625,119.41666666666667,105.29166666666667
2026-05-21 04:00:00+00:00,Karachi,108.625,119.41666666666667,105.29166666666667
2026-05-21 05:00:00+00:00,Karachi,108.625,119.41666666666667,105.29166666666667
2026-05-21 06:00:00+00:00,Karachi,108.625,119.41666666666667,105.29166666666667
2026-05-21 07:00:00+00:00,Karachi,108.625,119.41666666666667,105.29166666666667
2026-05-21 08:00:00+00:00,Karachi,108.625,119.41666666666667,105.29166666666667
2026-05-21 09:00:00+00:00,Karachi,108.625,119.41666666666667,105.29166666666667
2026-05-21 10:00:00+00:00,Karachi,108.625,119.41666666666667,105.29166666666667
2026-05-21 11:00:00+00:00,Karachi,108.625,119.41666666666667,105.29166666666667
2026-05-21 12:00:00+00:00,Karachi,108.625,119.41666666666667,105.29166666666667
2026-05-21 13:00:00+00:00,Karachi,108.625,119.41666666666667,105.29166666666667
2026-05-21 14:00:00+00:00,Karachi,108.625,119.41666666666667,105.29166666666667
2026-05-21 15:00:00+00:00,Karachi,108.625,119.41666666666667,105.29166666666667
2026-05-21 16:00:00+00:00,Karachi,108.625,119.41666666666667,105.29166666666667
2026-05-21 17:00:00+00:00,Karachi,108.625,119.41666666666667,105.29166666666667
2026-05-21 18:00:00+00:00,Karachi,108.625,119.41666666666667,105.29166666666667
2026-05-21 19:00:00+00:00,Karachi,108.625,119.41666666666667,105.29166666666667
2026-05-21 20:00:00+00:00,Karachi,108.625,119.41666666666667,105.29166666666667
2026-05-21 21:00:00+00:00,Karachi,108.625,119.41666666666667,105.29166666666667
2026-05-21 22:00:00+00:00,Karachi,108.625,119.41666666666667,105.29166666666667
2026-05-21 23:00:00+00:00,Karachi,108.625,119.41666666666667,105.29166666666667
2026-05-22 00:00:00+00:00,Karachi,119.41666666666667,105.29166666666667,90.0
2026-05-22 01:00:00+00:00,Karachi,119.41666666666667,105.29166666666667,90.0
2026-05-22 02:00:00+00:00,Karachi,119.41666666666667,105.29166666666667,90.0
2026-05-22 03:00:00+00:00,Karachi,119.41666666666667,105.29166666666667,90.0
2026-05-22 04:00:00+00:00,Karachi,119.41666666666667,105.29166666666667,90.0
2026-05-22 05:00:00+00:00,Karachi,119.41666666666667,105.29166666666667,90.0
2026-05-22 06:00:00+00:00,Karachi,119.41666666666667,105.29166666666667,90.0
2026-05-22 07:00:00+00:00,Karachi,119.41666666666667,105.29166666666667,90.0
2026-05-22 08:00:00+00:00,Karachi,119.41666666666667,105.29166666666667,90.0
2026-05-22 09:00:00+00:00,Karachi,119.41666666666667,105.29166666666667,90.0
2026-05-22 10:00:00+00:00,Karachi,119.41666666666667,105.29166666666667,90.0
2026-05-22 11:00:00+00:00,Karachi,119.41666666666667,105.29166666666667,90.0
2026-05-22 12:00:00+00:00,Karachi,119.41666666666667,105.29166666666667,90.0
2026-05-22 13:00:00+00:00,Karachi,119.41666666666667,105.29166666666667,90.0
2026-05-22 14:00:00+00:00,Karachi,119.41666666666667,105.29166666666667,90.0
2026-05-22 15:00:00+00:00,Karachi,119.41666666666667,105.29166666666667,90.0
2026-05-22 16:00:00+00:00,Karachi,119.41666666666667,105.29166666666667,90.0
2026-05-22 17:00:00+00:00,Karachi,119.41666666666667,105.29166666666667,90.0
2026-05-22 18:00:00+00:00,Karachi,119.41666666666667,105.29166666666667,90.0
2026-05-22 19:00:00+00:00,Karachi,119.41666666666667,105.29166666666667,90.0
2026-05-22 20:00:00+00:00,Karachi,119.41666666666667,105.29166666666667,90.0
2026-05-22 21:00:00+00:00,Karachi,119.41666666666667,105.29166666666667,90.0
2026-05-22 22:00:00+00:00,Karachi,119.41666666666667,105.29166666666667,90.0
2026-05-22 23:00:00+00:00,Karachi,119.41666666666667,105.29166666666667,90.0
2026-05-23 00:00:00+00:00,Karachi,105.29166666666667,90.0,76.08333333333333
2026-05-23 01:00:00+00:00,Karachi,105.29166666666667,90.0,76.08333333333333
2026-05-23 02:00:00+00:00,Karachi,105.29166666666667,90.0,76.08333333333333
2026-05-23 03:00:00+00:00,Karachi,105.29166666666667,90.0,76.08333333333333
2026-05-23 04:00:00+00:00,Karachi,105.29166666666667,90.0,76.08333333333333
2026-05-23 05:00:00+00:00,Karachi,105.29166666666667,90.0,76.08333333333333
2026-05-23 06:00:00+00:00,Karachi,105.29166666666667,90.0,76.08333333333333
2026-05-23 07:00:00+00:00,Karachi,105.29166666666667,90.0,76.08333333333333
2026-05-23 08:00:00+00:00,Karachi,105.29166666666667,90.0,76.08333333333333
2026-05-23 09:00:00+00:00,Karachi,105.29166666666667,90.0,76.08333333333333
2026-05-23 10:00:00+00:00,Karachi,105.29166666666667,90.0,76.08333333333333
2026-05-23 11:00:00+00:00,Karachi,105.29166666666667,90.0,76.08333333333333
2026-05-23 12:00:00+00:00,Karachi,105.29166666666667,90.0,76.08333333333333
2026-05-23 13:00:00+00:00,Karachi,105.29166666666667,90.0,76.08333333333333
2026-05-23 14:00:00+00:00,Karachi,105.29166666666667,90.0,76.08333333333333
2026-05-23 15:00:00+00:00,Karachi,105.29166666666667,90.0,76.08333333333333
2026-05-23 16:00:00+00:00,Karachi,105.29166666666667,90.0,76.08333333333333
2026-05-23 17:00:00+00:00,Karachi,105.29166666666667,90.0,76.08333333333333
2026-05-23 18:00:00+00:00,Karachi,105.29166666666667,90.0,76.08333333333333
2026-05-23 19:00:00+00:00,Karachi,105.29166666666667,90.0,76.08333333333333
2026-05-23 20:00:00+00:00,Karachi,105.29166666666667,90.0,76.08333333333333
2026-05-23 21:00:00+00:00,Karachi,105.29166666666667,90.0,76.08333333333333
2026-05-23 22:00:00+00:00,Karachi,105.29166666666667,90.0,76.08333333333333
2026-05-23 23:00:00+00:00,Karachi,105.29166666666667,90.0,76.08333333333333
2026-05-24 00:00:00+00:00,Karachi,90.0,76.08333333333333,71.91666666666667
2026-05-24 01:00:00+00:00,Karachi,90.0,76.08333333333333,71.91666666666667
2026-05-24 02:00:00+00:00,Karachi,90.0,76.08333333333333,71.91666666666667
2026-05-24 03:00:00+00:00,Karachi,90.0,76.08333333333333,71.91666666666667
2026-05-24 04:00:00+00:00,Karachi,90.0,76.08333333333333,71.91666666666667
2026-05-24 05:00:00+00:00,Karachi,90.0,76.08333333333333,71.91666666666667
2026-05-24 06:00:00+00:00,Karachi,90.0,76.08333333333333,71.91666666666667
2026-05-24 07:00:00+00:00,Karachi,90.0,76.08333333333333,71.91666666666667
2026-05-24 08:00:00+00:00,Karachi,90.0,76.08333333333333,71.91666666666667
2026-05-24 09:00:00+00:00,Karachi,90.0,76.08333333333333,71.91666666666667
2026-05-24 10:00:00+00:00,Karachi,90.0,76.08333333333333,71.91666666666667
2026-05-24 11:00:00+00:00,Karachi,90.0,76.08333333333333,71.91666666666667
2026-05-24 12:00:00+00:00,Karachi,90.0,76.08333333333333,71.91666666666667
2026-05-24 13:00:00+00:00,Karachi,90.0,76.08333333333333,71.91666666666667
2026-05-24 14:00:00+00:00,Karachi,90.0,76.08333333333333,71.91666666666667
2026-05-24 15:00:00+00:00,Karachi,90.0,76.08333333333333,71.91666666666667
2026-05-24 16:00:00+00:00,Karachi,90.0,76.08333333333333,71.91666666666667
2026-05-24 17:00:00+00:00,Karachi,90.0,76.08333333333333,71.91666666666667
2026-05-24 18:00:00+00:00,Karachi,90.0,76.08333333333333,71.91666666666667
2026-05-24 19:00:00+00:00,Karachi,90.0,76.08333333333333,71.91666666666667
2026-05-24 20:00:00+00:00,Karachi,90.0,76.08333333333333,71.91666666666667
2026-05-24 21:00:00+00:00,Karachi,90.0,76.08333333333333,71.91666666666667
2026-05-24 22:00:00+00:00,Karachi,90.0,76.08333333333333,71.91666666666667
2026-05-24 23:00:00+00:00,Karachi,90.0,76.08333333333333,71.91666666666667
2026-05-25 00:00:00+00:00,Karachi,76.08333333333333,71.91666666666667,74.75
2026-05-25 01:00:00+00:00,Karachi,76.08333333333333,71.91666666666667,74.75
2026-05-25 02:00:00+00:00,Karachi,76.08333333333333,71.91666666666667,74.75
2026-05-25 03:00:00+00:00,Karachi,76.08333333333333,71.91666666666667,74.75
2026-05-25 04:00:00+00:00,Karachi,76.08333333333333,71.91666666666667,74.75
2026-05-25 05:00:00+00:00,Karachi,76.08333333333333,71.91666666666667,74.75
2026-05-25 06:00:00+00:00,Karachi,76.08333333333333,71.91666666666667,74.75
2026-05-25 07:00:00+00:00,Karachi,76.08333333333333,71.91666666666667,74.75
2026-05-25 08:00:00+00:00,Karachi,76.08333333333333,71.91666666666667,74.75
2026-05-25 09:00:00+00:00,Karachi,76.08333333333333,71.91666666666667,74.75
2026-05-25 10:00:00+00:00,Karachi,76.08333333333333,71.91666666666667,74.75
2026-05-25 11:00:00+00:00,Karachi,76.08333333333333,71.91666666666667,74.75
2026-05-25 12:00:00+00:00,Karachi,76.08333333333333,71.91666666666667,74.75
2026-05-25 13:00:00+00:00,Karachi,76.08333333333333,71.91666666666667,74.75
2026-05-25 14:00:00+00:00,Karachi,76.08333333333333,71.91666666666667,74.75
2026-05-25 15:00:00+00:00,Karachi,76.08333333333333,71.91666666666667,74.75
2026-05-25 16:00:00+00:00,Karachi,76.08333333333333,71.91666666666667,74.75
2026-05-25 17:00:00+00:00,Karachi,76.08333333333333,71.91666666666667,74.75
2026-05-25 18:00:00+00:00,Karachi,76.08333333333333,71.91666666666667,74.75
2026-05-25 19:00:00+00:00,Karachi,76.08333333333333,71.91666666666667,74.75
2026-05-25 20:00:00+00:00,Karachi,76.08333333333333,71.91666666666667,74.75
2026-05-25 21:00:00+00:00,Karachi,76.08333333333333,71.91666666666667,74.75
2026-05-25 22:00:00+00:00,Karachi,76.08333333333333,71.91666666666667,74.75
2026-05-25 23:00:00+00:00,Karachi,76.08333333333333,71.91666666666667,74.75
2026-05-26 00:00:00+00:00,Karachi,71.91666666666667,74.75,76.5
2026-05-26 01:00:00+00:00,Karachi,71.91666666666667,74.75,76.5
2026-05-26 02:00:00+00:00,Karachi,71.91666666666667,74.75,76.5
2026-05-26 03:00:00+00:00,Karachi,71.91666666666667,74.75,76.5
2026-05-26 04:00:00+00:00,Karachi,71.91666666666667,74.75,76.5
2026-05-26 05:00:00+00:00,Karachi,71.91666666666667,74.75,76.5
2026-05-26 06:00:00+00:00,Karachi,71.91666666666667,74.75,76.5
2026-05-26 07:00:00+00:00,Karachi,71.91666666666667,74.75,76.5
2026-05-26 08:00:00+00:00,Karachi,71.91666666666667,74.75,76.5
2026-05-26 09:00:00+00:00,Karachi,71.91666666666667,74.75,76.5
2026-05-26 10:00:00+00:00,Karachi,71.91666666666667,74.75,76.5
2026-05-26 11:00:00+00:00,Karachi,71.91666666666667,74.75,76.5
2026-05-26 12:00:00+00:00,Karachi,71.91666666666667,74.75,76.5
2026-05-26 13:00:00+00:00,Karachi,71.91666666666667,74.75,76.5
2026-05-26 14:00:00+00:00,Karachi,71.91666666666667,74.75,76.5
2026-05-26 15:00:00+00:00,Karachi,71.91666666666667,74.75,76.5
2026-05-26 16:00:00+00:00,Karachi,71.91666666666667,74.75,76.5
2026-05-26 17:00:00+00:00,Karachi,71.91666666666667,74.75,76.5
2026-05-26 18:00:00+00:00,Karachi,71.91666666666667,74.75,76.5
2026-05-26 19:00:00+00:00,Karachi,71.91666666666667,74.75,76.5
2026-05-26 20:00:00+00:00,Karachi,71.91666666666667,74.75,76.5
2026-05-26 21:00:00+00:00,Karachi,71.91666666666667,74.75,76.5
2026-05-26 22:00:00+00:00,Karachi,71.91666666666667,74.75,76.5
2026-05-26 23:00:00+00:00,Karachi,71.91666666666667,74.75,76.5
2026-05-27 00:00:00+00:00,Karachi,74.75,76.5,74.16666666666667
2026-05-27 01:00:00+00:00,Karachi,74.75,76.5,74.16666666666667
2026-05-27 02:00:00+00:00,Karachi,74.75,76.5,74.16666666666667
2026-05-27 03:00:00+00:00,Karachi,74.75,76.5,74.16666666666667
2026-05-27 04:00:00+00:00,Karachi,74.75,76.5,74.16666666666667
2026-05-27 05:00:00+00:00,Karachi,74.75,76.5,74.16666666666667
2026-05-27 06:00:00+00:00,Karachi,74.75,76.5,74.16666666666667
2026-05-27 07:00:00+00:00,Karachi,74.75,76.5,74.16666666666667
2026-05-27 08:00:00+00:00,Karachi,74.75,76.5,74.16666666666667
2026-05-27 09:00:00+00:00,Karachi,74.75,76.5,74.16666666666667
2026-05-27 10:00:00+00:00,Karachi,74.75,76.5,74.16666666666667
2026-05-27 11:00:00+00:00,Karachi,74.75,76.5,74.16666666666667
2026-05-27 12:00:00+00:00,Karachi,74.75,76.5,74.16666666666667
2026-05-27 13:00:00+00:00,Karachi,74.75,76.5,74.16666666666667
2026-05-27 14:00:00+00:00,Karachi,74.75,76.5,74.16666666666667
2026-05-27 15:00:00+00:00,Karachi,74.75,76.5,74.16666666666667
2026-05-27 16:00:00+00:00,Karachi,74.75,76.5,74.16666666666667
2026-05-27 17:00:00+00:00,Karachi,74.75,76.5,74.16666666666667
2026-05-27 18:00:00+00:00,Karachi,74.75,76.5,74.16666666666667
2026-05-27 19:00:00+00:00,Karachi,74.75,76.5,74.16666666666667
2026-05-27 20:00:00+00:00,Karachi,74.75,76.5,74.16666666666667
2026-05-27 21:00:00+00:00,Karachi,74.75,76.5,74.16666666666667
2026-05-27 22:00:00+00:00,Karachi,74.75,76.5,74.16666666666667
2026-05-27 23:00:00+00:00,Karachi,74.75,76.5,74.16666666666667
2026-05-28 00:00:00+00:00,Karachi,76.5,74.16666666666667,71.625
2026-05-28 01:00:00+00:00,Karachi,76.5,74.16666666666667,71.625
2026-05-28 02:00:00+00:00,Karachi,76.5,74.16666666666667,71.625
2026-05-28 03:00:00+00:00,Karachi,76.5,74.16666666666667,71.625
2026-05-28 04:00:00+00:00,Karachi,76.5,74.16666666666667,71.625
2026-05-28 05:00:00+00:00,Karachi,76.5,74.16666666666667,71.625
2026-05-28 06:00:00+00:00,Karachi,76.5,74.16666666666667,71.625
2026-05-28 07:00:00+00:00,Karachi,76.5,74.16666666666667,71.625
2026-05-28 08:00:00+00:00,Karachi,76.5,74.16666666666667,71.625
2026-05-28 09:00:00+00:00,Karachi,76.5,74.16666666666667,71.625
2026-05-28 10:00:00+00:00,Karachi,76.5,74.16666666666667,71.625
2026-05-28 11:00:00+00:00,Karachi,76.5,74.16666666666667,71.625
2026-05-28 12:00:00+00:00,Karachi,76.5,74.16666666666667,71.625
2026-05-28 13:00:00+00:00,Karachi,76.5,74.16666666666667,71.625
2026-05-28 14:00:00+00:00,Karachi,76.5,74.16666666666667,71.625
2026-05-28 15:00:00+00:00,Karachi,76.5,74.16666666666667,71.625
2026-05-28 16:00:00+00:00,Karachi,76.5,74.16666666666667,71.625
2026-05-28 17:00:00+00:00,Karachi,76.5,74.16666666666667,71.625
2026-05-28 18:00:00+00:00,Karachi,76.5,74.16666666666667,71.625
2026-05-28 19:00:00+00:00,Karachi,76.5,74.16666666666667,71.625
2026-05-28 20:00:00+00:00,Karachi,76.5,74.16666666666667,71.625
2026-05-28 21:00:00+00:00,Karachi,76.5,74.16666666666667,71.625
2026-05-28 22:00:00+00:00,Karachi,76.5,74.16666666666667,71.625
2026-05-28 23:00:00+00:00,Karachi,76.5,74.16666666666667,71.625
2026-05-29 00:00:00+00:00,Karachi,74.16666666666667,71.625,76.375
2026-05-29 01:00:00+00:00,Karachi,74.16666666666667,71.625,76.375
2026-05-29 02:00:00+00:00,Karachi,74.16666666666667,71.625,76.375
2026-05-29 03:00:00+00:00,Karachi,74.16666666666667,71.625,76.375
2026-05-29 04:00:00+00:00,Karachi,74.16666666666667,71.625,76.375
2026-05-29 05:00:00+00:00,Karachi,74.16666666666667,71.625,76.375
2026-05-29 06:00:00+00:00,Karachi,74.16666666666667,71.625,76.375
2026-05-29 07:00:00+00:00,Karachi,74.16666666666667,71.625,76.375
2026-05-29 08:00:00+00:00,Karachi,74.16666666666667,71.625,76.375
2026-05-29 09:00:00+00:00,Karachi,74.16666666666667,71.625,76.375
2026-05-29 10:00:00+00:00,Karachi,74.16666666666667,71.625,76.375
2026-05-29 11:00:00+00:00,Karachi,74.16666666666667,71.625,76.375
2026-05-29 12:00:00+00:00,Karachi,74.16666666666667,71.625,76.375
2026-05-29 13:00:00+00:00,Karachi,74.16666666666667,71.625,76.375
2026-05-29 14:00:00+00:00,Karachi,74.16666666666667,71.625,76.375
2026-05-29 15:00:00+00:00,Karachi,74.16666666666667,71.625,76.375
2026-05-29 16:00:00+00:00,Karachi,74.16666666666667,71.625,76.375
2026-05-29 17:00:00+00:00,Karachi,74.16666666666667,71.625,76.375
2026-05-29 18:00:00+00:00,Karachi,74.16666666666667,71.625,76.375
2026-05-29 19:00:00+00:00,Karachi,74.16666666666667,71.625,76.375
2026-05-29 20:00:00+00:00,Karachi,74.16666666666667,71.625,76.375
2026-05-29 21:00:00+00:00,Karachi,74.16666666666667,71.625,76.375
2026-05-29 22:00:00+00:00,Karachi,74.16666666666667,71.625,76.375
2026-05-29 23:00:00+00:00,Karachi,74.16666666666667,71.625,76.375
2026-05-30 00:00:00+00:00,Karachi,71.625,76.375,87.16666666666667
2026-05-30 01:00:00+00:00,Karachi,71.625,76.375,87.16666666666667
2026-05-30 02:00:00+00:00,Karachi,71.625,76.375,87.16666666666667
2026-05-30 03:00:00+00:00,Karachi,71.625,76.375,87.16666666666667
2026-05-30 04:00:00+00:00,Karachi,71.625,76.375,87.16666666666667
2026-05-30 05:00:00+00:00,Karachi,71.625,76.375,87.16666666666667
2026-05-30 06:00:00+00:00,Karachi,71.625,76.375,87.16666666666667
2026-05-30 07:00:00+00:00,Karachi,71.625,76.375,87.16666666666667
2026-05-30 08:00:00+00:00,Karachi,71.625,76.375,87.16666666666667
2026-05-30 09:00:00+00:00,Karachi,71.625,76.375,87.16666666666667
2026-05-30 10:00:00+00:00,Karachi,71.625,76.375,87.16666666666667
2026-05-30 11:00:00+00:00,Karachi,71.625,76.375,87.16666666666667
2026-05-30 12:00:00+00:00,Karachi,71.625,76.375,87.16666666666667
2026-05-30 13:00:00+00:00,Karachi,71.625,76.375,87.16666666666667
2026-05-30 14:00:00+00:00,Karachi,71.625,76.375,87.16666666666667
2026-05-30 15:00:00+00:00,Karachi,71.625,76.375,87.16666666666667
2026-05-30 16:00:00+00:00,Karachi,71.625,76.375,87.16666666666667
2026-05-30 17:00:00+00:00,Karachi,71.625,76.375,87.16666666666667
2026-05-30 18:00:00+00:00,Karachi,71.625,76.375,87.16666666666667
2026-05-30 19:00:00+00:00,Karachi,71.625,76.375,87.16666666666667
2026-05-30 20:00:00+00:00,Karachi,71.625,76.375,87.16666666666667
2026-05-30 21:00:00+00:00,Karachi,71.625,76.375,87.16666666666667
2026-05-30 22:00:00+00:00,Karachi,71.625,76.375,87.16666666666667
2026-05-30 23:00:00+00:00,Karachi,71.625,76.375,87.16666666666667
2026-05-31 00:00:00+00:00,Karachi,76.375,87.16666666666667,91.375
2026-05-31 01:00:00+00:00,Karachi,76.375,87.16666666666667,91.375
2026-05-31 02:00:00+00:00,Karachi,76.375,87.16666666666667,91.375
2026-05-31 03:00:00+00:00,Karachi,76.375,87.16666666666667,91.375
2026-05-31 04:00:00+00:00,Karachi,76.375,87.16666666666667,91.375
2026-05-31 05:00:00+00:00,Karachi,76.375,87.16666666666667,91.375
2026-05-31 06:00:00+00:00,Karachi,76.375,87.16666666666667,91.375
2026-05-31 07:00:00+00:00,Karachi,76.375,87.16666666666667,91.375
2026-05-31 08:00:00+00:00,Karachi,76.375,87.16666666666667,91.375
2026-05-31 09:00:00+00:00,Karachi,76.375,87.16666666666667,91.375
2026-05-31 10:00:00+00:00,Karachi,76.375,87.16666666666667,91.375
2026-05-31 11:00:00+00:00,Karachi,76.375,87.16666666666667,91.375
2026-05-31 12:00:00+00:00,Karachi,76.375,87.16666666666667,91.375
2026-05-31 13:00:00+00:00,Karachi,76.375,87.16666666666667,91.375
2026-05-31 14:00:00+00:00,Karachi,76.375,87.16666666666667,91.375
2026-05-31 15:00:00+00:00,Karachi,76.375,87.16666666666667,91.375
2026-05-31 16:00:00+00:00,Karachi,76.375,87.16666666666667,91.375
2026-05-31 17:00:00+00:00,Karachi,76.375,87.16666666666667,91.375
2026-05-31 18:00:00+00:00,Karachi,76.375,87.16666666666667,91.375
2026-05-31 19:00:00+00:00,Karachi,76.375,87.16666666666667,91.375
2026-05-31 20:00:00+00:00,Karachi,76.375,87.16666666666667,91.375
2026-05-31 21:00:00+00:00,Karachi,76.375,87.16666666666667,91.375
2026-05-31 22:00:00+00:00,Karachi,76.375,87.16666666666667,91.375
2026-05-31 23:00:00+00:00,Karachi,76.375,87.16666666666667,91.375
2026-06-01 00:00:00+00:00,Karachi,87.16666666666667,91.375,92.66666666666667
2026-06-01 01:00:00+00:00,Karachi,87.16666666666667,91.375,92.66666666666667
2026-06-01 02:00:00+00:00,Karachi,87.16666666666667,91.375,92.66666666666667
2026-06-01 03:00:00+00:00,Karachi,87.16666666666667,91.375,92.66666666666667
2026-06-01 04:00:00+00:00,Karachi,87.16666666666667,91.375,92.66666666666667
2026-06-01 05:00:00+00:00,Karachi,87.16666666666667,91.375,92.66666666666667
2026-06-01 06:00:00+00:00,Karachi,87.16666666666667,91.375,92.66666666666667
2026-06-01 07:00:00+00:00,Karachi,87.16666666666667,91.375,92.66666666666667
2026-06-01 08:00:00+00:00,Karachi,87.16666666666667,91.375,92.66666666666667
2026-06-01 09:00:00+00:00,Karachi,87.16666666666667,91.375,92.66666666666667
2026-06-01 10:00:00+00:00,Karachi,87.16666666666667,91.375,92.66666666666667
2026-06-01 11:00:00+00:00,Karachi,87.16666666666667,91.375,92.66666666666667
2026-06-01 12:00:00+00:00,Karachi,87.16666666666667,91.375,92.66666666666667
2026-06-01 13:00:00+00:00,Karachi,87.16666666666667,91.375,92.66666666666667
2026-06-01 14:00:00+00:00,Karachi,87.16666666666667,91.375,92.66666666666667
2026-06-01 15:00:00+00:00,Karachi,87.16666666666667,91.375,92.66666666666667
2026-06-01 16:00:00+00:00,Karachi,87.16666666666667,91.375,92.66666666666667
2026-06-01 17:00:00+00:00,Karachi,87.16666666666667,91.375,92.66666666666667
2026-06-01 18:00:00+00:00,Karachi,87.16666666666667,91.375,92.66666666666667
2026-06-01 19:00:00+00:00,Karachi,87.16666666666667,91.375,92.66666666666667
2026-06-01 20:00:00+00:00,Karachi,87.16666666666667,91.375,92.66666666666667
2026-06-01 21:00:00+00:00,Karachi,87.16666666666667,91.375,92.66666666666667
2026-06-01 22:00:00+00:00,Karachi,87.16666666666667,91.375,92.66666666666667
2026-06-01 23:00:00+00:00,Karachi,87.16666666666667,91.375,92.66666666666667
2026-06-02 00:00:00+00:00,Karachi,91.375,92.66666666666667,93.16666666666667
2026-06-02 01:00:00+00:00,Karachi,91.375,92.66666666666667,93.16666666666667
2026-06-02 02:00:00+00:00,Karachi,91.375,92.66666666666667,93.16666666666667
2026-06-02 03:00:00+00:00,Karachi,91.375,92.66666666666667,93.16666666666667
2026-06-02 04:00:00+00:00,Karachi,91.375,92.66666666666667,93.16666666666667
2026-06-02 05:00:00+00:00,Karachi,91.375,92.66666666666667,93.16666666666667
2026-06-02 06:00:00+00:00,Karachi,91.375,92.66666666666667,93.16666666666667
2026-06-02 07:00:00+00:00,Karachi,91.375,92.66666666666667,93.16666666666667
2026-06-02 08:00:00+00:00,Karachi,91.375,92.66666666666667,93.16666666666667
2026-06-02 09:00:00+00:00,Karachi,91.375,92.66666666666667,93.16666666666667
2026-06-02 10:00:00+00:00,Karachi,91.375,92.66666666666667,93.16666666666667
2026-06-02 11:00:00+00:00,Karachi,91.375,92.66666666666667,93.16666666666667
2026-06-02 12:00:00+00:00,Karachi,91.375,92.66666666666667,93.16666666666667
2026-06-02 13:00:00+00:00,Karachi,91.375,92.66666666666667,93.16666666666667
2026-06-02 14:00:00+00:00,Karachi,91.375,92.66666666666667,93.16666666666667
2026-06-02 15:00:00+00:00,Karachi,91.375,92.66666666666667,93.16666666666667
2026-06-02 16:00:00+00:00,Karachi,91.375,92.66666666666667,93.16666666666667
2026-06-02 17:00:00+00:00,Karachi,91.375,92.66666666666667,93.16666666666667
2026-06-02 18:00:00+00:00,Karachi,91.375,92.66666666666667,93.16666666666667
2026-06-02 19:00:00+00:00,Karachi,91.375,92.66666666666667,93.16666666666667
2026-06-02 20:00:00+00:00,Karachi,91.375,92.66666666666667,93.16666666666667
2026-06-02 21:00:00+00:00,Karachi,91.375,92.66666666666667,93.16666666666667
2026-06-02 22:00:00+00:00,Karachi,91.375,92.66666666666667,93.16666666666667
2026-06-02 23:00:00+00:00,Karachi,91.375,92.66666666666667,93.16666666666667
2026-06-03 00:00:00+00:00,Karachi,92.66666666666667,93.16666666666667,84.125
2026-06-03 01:00:00+00:00,Karachi,92.66666666666667,93.16666666666667,84.125
2026-06-03 02:00:00+00:00,Karachi,92.66666666666667,93.16666666666667,84.125
2026-06-03 03:00:00+00:00,Karachi,92.66666666666667,93.16666666666667,84.125
2026-06-03 04:00:00+00:00,Karachi,92.66666666666667,93.16666666666667,84.125
2026-06-03 05:00:00+00:00,Karachi,92.66666666666667,93.16666666666667,84.125
2026-06-03 06:00:00+00:00,Karachi,92.66666666666667,93.16666666666667,84.125
2026-06-03 07:00:00+00:00,Karachi,92.66666666666667,93.16666666666667,84.125
2026-06-03 08:00:00+00:00,Karachi,92.66666666666667,93.16666666666667,84.125
2026-06-03 09:00:00+00:00,Karachi,92.66666666666667,93.16666666666667,84.125
2026-06-03 10:00:00+00:00,Karachi,92.66666666666667,93.16666666666667,84.125
2026-06-03 11:00:00+00:00,Karachi,92.66666666666667,93.16666666666667,84.125
2026-06-03 12:00:00+00:00,Karachi,92.66666666666667,93.16666666666667,84.125
2026-06-03 13:00:00+00:00,Karachi,92.66666666666667,93.16666666666667,84.125
2026-06-03 14:00:00+00:00,Karachi,92.66666666666667,93.16666666666667,84.125
2026-06-03 15:00:00+00:00,Karachi,92.66666666666667,93.16666666666667,84.125
2026-06-03 16:00:00+00:00,Karachi,92.66666666666667,93.16666666666667,84.125
2026-06-03 17:00:00+00:00,Karachi,92.66666666666667,93.16666666666667,84.125
2026-06-03 18:00:00+00:00,Karachi,92.66666666666667,93.16666666666667,84.125
2026-06-03 19:00:00+00:00,Karachi,92.66666666666667,93.16666666666667,84.125
2026-06-03 20:00:00+00:00,Karachi,92.66666666666667,93.16666666666667,84.125
2026-06-03 21:00:00+00:00,Karachi,92.66666666666667,93.16666666666667,84.125
2026-06-03 22:00:00+00:00,Karachi,92.66666666666667,93.16666666666667,84.125
2026-06-03 23:00:00+00:00,Karachi,92.66666666666667,93.16666666666667,84.125
2026-06-04 00:00:00+00:00,Karachi,93.16666666666667,84.125,82.25
2026-06-04 01:00:00+00:00,Karachi,93.16666666666667,84.125,82.25
2026-06-04 02:00:00+00:00,Karachi,93.16666666666667,84.125,82.25
2026-06-04 03:00:00+00:00,Karachi,93.16666666666667,84.125,82.25
2026-06-04 04:00:00+00:00,Karachi,93.16666666666667,84.125,82.25
2026-06-04 05:00:00+00:00,Karachi,93.16666666666667,84.125,82.25
2026-06-04 06:00:00+00:00,Karachi,93.16666666666667,84.125,82.25
2026-06-04 07:00:00+00:00,Karachi,93.16666666666667,84.125,82.25
2026-06-04 08:00:00+00:00,Karachi,93.16666666666667,84.125,82.25
2026-06-04 09:00:00+00:00,Karachi,93.16666666666667,84.125,82.25
2026-06-04 10:00:00+00:00,Karachi,93.16666666666667,84.125,82.25
2026-06-04 11:00:00+00:00,Karachi,93.16666666666667,84.125,82.25
2026-06-04 12:00:00+00:00,Karachi,93.16666666666667,84.125,82.25
2026-06-04 13:00:00+00:00,Karachi,93.16666666666667,84.125,82.25
2026-06-04 14:00:00+00:00,Karachi,93.16666666666667,84.125,82.25
2026-06-04 15:00:00+00:00,Karachi,93.16666666666667,84.125,82.25
2026-06-04 16:00:00+00:00,Karachi,93.16666666666667,84.125,82.25
2026-06-04 17:00:00+00:00,Karachi,93.16666666666667,84.125,82.25
2026-06-04 18:00:00+00:00,Karachi,93.16666666666667,84.125,82.25
2026-06-04 19:00:00+00:00,Karachi,93.16666666666667,84.125,82.25
2026-06-04 20:00:00+00:00,Karachi,93.16666666666667,84.125,82.25
2026-06-04 21:00:00+00:00,Karachi,93.16666666666667,84.125,82.25
2026-06-04 22:00:00+00:00,Karachi,93.16666666666667,84.125,82.25
2026-06-04 23:00:00+00:00,Karachi,93.16666666666667,84.125,82.25
2026-06-05 00:00:00+00:00,Karachi,84.125,82.25,85.54166666666667
2026-06-05 01:00:00+00:00,Karachi,84.125,82.25,85.54166666666667
2026-06-05 02:00:00+00:00,Karachi,84.125,82.25,85.54166666666667
2026-06-05 03:00:00+00:00,Karachi,84.125,82.25,85.54166666666667
2026-06-05 04:00:00+00:00,Karachi,84.125,82.25,85.54166666666667
2026-06-05 05:00:00+00:00,Karachi,84.125,82.25,85.54166666666667
2026-06-05 06:00:00+00:00,Karachi,84.125,82.25,85.54166666666667
2026-06-05 07:00:00+00:00,Karachi,84.125,82.25,85.54166666666667
2026-06-05 08:00:00+00:00,Karachi,84.125,82.25,85.54166666666667
2026-06-05 09:00:00+00:00,Karachi,84.125,82.25,85.54166666666667
2026-06-05 10:00:00+00:00,Karachi,84.125,82.25,85.54166666666667
2026-06-05 11:00:00+00:00,Karachi,84.125,82.25,85.54166666666667
2026-06-05 12:00:00+00:00,Karachi,84.125,82.25,85.54166666666667
2026-06-05 13:00:00+00:00,Karachi,84.125,82.25,85.54166666666667
2026-06-05 14:00:00+00:00,Karachi,84.125,82.25,85.54166666666667
2026-06-05 15:00:00+00:00,Karachi,84.125,82.25,85.54166666666667
2026-06-05 16:00:00+00:00,Karachi,84.125,82.25,85.54166666666667
2026-06-05 17:00:00+00:00,Karachi,84.125,82.25,85.54166666666667
2026-06-05 18:00:00+00:00,Karachi,84.125,82.25,85.54166666666667
2026-06-05 19:00:00+00:00,Karachi,84.125,82.25,85.54166666666667
2026-06-05 20:00:00+00:00,Karachi,84.125,82.25,85.54166666666667
2026-06-05 21:00:00+00:00,Karachi,84.125,82.25,85.54166666666667
2026-06-05 22:00:00+00:00,Karachi,84.125,82.25,85.54166666666667
2026-06-05 23:00:00+00:00,Karachi,84.125,82.25,85.54166666666667
2026-06-06 00:00:00+00:00,Karachi,82.25,85.54166666666667,74.45833333333333
2026-06-06 01:00:00+00:00,Karachi,82.25,85.54166666666667,74.45833333333333
2026-06-06 02:00:00+00:00,Karachi,82.25,85.54166666666667,74.45833333333333
2026-06-06 03:00:00+00:00,Karachi,82.25,85.54166666666667,74.45833333333333
2026-06-06 04:00:00+00:00,Karachi,82.25,85.54166666666667,74.45833333333333
2026-06-06 05:00:00+00:00,Karachi,82.25,85.54166666666667,74.45833333333333
2026-06-06 06:00:00+00:00,Karachi,82.25,85.54166666666667,74.45833333333333
2026-06-06 07:00:00+00:00,Karachi,82.25,85.54166666666667,74.45833333333333
2026-06-06 08:00:00+00:00,Karachi,82.25,85.54166666666667,74.45833333333333
2026-06-06 09:00:00+00:00,Karachi,82.25,85.54166666666667,74.45833333333333
2026-06-06 10:00:00+00:00,Karachi,82.25,85.54166666666667,74.45833333333333
2026-06-06 11:00:00+00:00,Karachi,82.25,85.54166666666667,74.45833333333333
2026-06-06 12:00:00+00:00,Karachi,82.25,85.54166666666667,74.45833333333333
2026-06-06 13:00:00+00:00,Karachi,82.25,85.54166666666667,74.45833333333333
2026-06-06 14:00:00+00:00,Karachi,82.25,85.54166666666667,74.45833333333333
2026-06-06 15:00:00+00:00,Karachi,82.25,85.54166666666667,74.45833333333333
2026-06-06 16:00:00+00:00,Karachi,82.25,85.54166666666667,74.45833333333333
2026-06-06 17:00:00+00:00,Karachi,82.25,85.54166666666667,74.45833333333333
2026-06-06 18:00:00+00:00,Karachi,82.25,85.54166666666667,74.45833333333333
2026-06-06 19:00:00+00:00,Karachi,82.25,85.54166666666667,74.45833333333333
2026-06-06 20:00:00+00:00,Karachi,82.25,85.54166666666667,74.45833333333333
2026-06-06 21:00:00+00:00,Karachi,82.25,85.54166666666667,74.45833333333333
2026-06-06 22:00:00+00:00,Karachi,82.25,85.54166666666667,74.45833333333333
2026-06-06 23:00:00+00:00,Karachi,82.25,85.54166666666667,74.45833333333333
2026-06-07 00:00:00+00:00,Karachi,85.54166666666667,74.45833333333333,71.91666666666667
2026-06-07 01:00:00+00:00,Karachi,85.54166666666667,74.45833333333333,71.91666666666667
2026-06-07 02:00:00+00:00,Karachi,85.54166666666667,74.45833333333333,71.91666666666667
2026-06-07 03:00:00+00:00,Karachi,85.54166666666667,74.45833333333333,71.91666666666667
2026-06-07 04:00:00+00:00,Karachi,85.54166666666667,74.45833333333333,71.91666666666667
2026-06-07 05:00:00+00:00,Karachi,85.54166666666667,74.45833333333333,71.91666666666667
2026-06-07 06:00:00+00:00,Karachi,85.54166666666667,74.45833333333333,71.91666666666667
2026-06-07 07:00:00+00:00,Karachi,85.54166666666667,74.45833333333333,71.91666666666667
2026-06-07 08:00:00+00:00,Karachi,85.54166666666667,74.45833333333333,71.91666666666667
2026-06-07 09:00:00+00:00,Karachi,85.54166666666667,74.45833333333333,71.91666666666667
2026-06-07 10:00:00+00:00,Karachi,85.54166666666667,74.45833333333333,71.91666666666667
2026-06-07 11:00:00+00:00,Karachi,85.54166666666667,74.45833333333333,71.91666666666667
2026-06-07 12:00:00+00:00,Karachi,85.54166666666667,74.45833333333333,71.91666666666667
2026-06-07 13:00:00+00:00,Karachi,85.54166666666667,74.45833333333333,71.91666666666667
2026-06-07 14:00:00+00:00,Karachi,85.54166666666667,74.45833333333333,71.91666666666667
2026-06-07 15:00:00+00:00,Karachi,85.54166666666667,74.45833333333333,71.91666666666667
2026-06-07 16:00:00+00:00,Karachi,85.54166666666667,74.45833333333333,71.91666666666667
2026-06-07 17:00:00+00:00,Karachi,85.54166666666667,74.45833333333333,71.91666666666667
2026-06-07 18:00:00+00:00,Karachi,85.54166666666667,74.45833333333333,71.91666666666667
2026-06-07 19:00:00+00:00,Karachi,85.54166666666667,74.45833333333333,71.91666666666667
2026-06-07 20:00:00+00:00,Karachi,85.54166666666667,74.45833333333333,71.91666666666667
2026-06-07 21:00:00+00:00,Karachi,85.54166666666667,74.45833333333333,71.91666666666667
2026-06-07 22:00:00+00:00,Karachi,85.54166666666667,74.45833333333333,71.91666666666667
2026-06-07 23:00:00+00:00,Karachi,85.54166666666667,74.45833333333333,71.91666666666667
2026-06-08 00:00:00+00:00,Karachi,74.45833333333333,71.91666666666667,90.20833333333333
2026-06-08 01:00:00+00:00,Karachi,74.45833333333333,71.91666666666667,90.20833333333333
2026-06-08 02:00:00+00:00,Karachi,74.45833333333333,71.91666666666667,90.20833333333333
2026-06-08 03:00:00+00:00,Karachi,74.45833333333333,71.91666666666667,90.20833333333333
2026-06-08 04:00:00+00:00,Karachi,74.45833333333333,71.91666666666667,90.20833333333333
2026-06-08 05:00:00+00:00,Karachi,74.45833333333333,71.91666666666667,90.20833333333333
2026-06-08 06:00:00+00:00,Karachi,74.45833333333333,71.91666666666667,90.20833333333333
2026-06-08 07:00:00+00:00,Karachi,74.45833333333333,71.91666666666667,90.20833333333333
2026-06-08 08:00:00+00:00,Karachi,74.45833333333333,71.91666666666667,90.20833333333333
2026-06-08 09:00:00+00:00,Karachi,74.45833333333333,71.91666666666667,90.20833333333333
2026-06-08 10:00:00+00:00,Karachi,74.45833333333333,71.91666666666667,90.20833333333333
2026-06-08 11:00:00+00:00,Karachi,74.45833333333333,71.91666666666667,90.20833333333333
2026-06-08 12:00:00+00:00,Karachi,74.45833333333333,71.91666666666667,90.20833333333333
2026-06-08 13:00:00+00:00,Karachi,74.45833333333333,71.91666666666667,90.20833333333333
2026-06-08 14:00:00+00:00,Karachi,74.45833333333333,71.91666666666667,90.20833333333333
2026-06-08 15:00:00+00:00,Karachi,74.45833333333333,71.91666666666667,90.20833333333333
2026-06-08 16:00:00+00:00,Karachi,74.45833333333333,71.91666666666667,90.20833333333333
2026-06-08 17:00:00+00:00,Karachi,74.45833333333333,71.91666666666667,90.20833333333333
2026-06-08 18:00:00+00:00,Karachi,74.45833333333333,71.91666666666667,90.20833333333333
2026-06-08 19:00:00+00:00,Karachi,74.45833333333333,71.91666666666667,90.20833333333333
2026-06-08 20:00:00+00:00,Karachi,74.45833333333333,71.91666666666667,90.20833333333333
2026-06-08 21:00:00+00:00,Karachi,74.45833333333333,71.91666666666667,90.20833333333333
2026-06-08 22:00:00+00:00,Karachi,74.45833333333333,71.91666666666667,90.20833333333333
2026-06-08 23:00:00+00:00,Karachi,74.45833333333333,71.91666666666667,90.20833333333333
2026-06-09 00:00:00+00:00,Karachi,71.91666666666667,90.20833333333333,85.29166666666667
2026-06-09 01:00:00+00:00,Karachi,71.91666666666667,90.20833333333333,85.29166666666667
2026-06-09 02:00:00+00:00,Karachi,71.91666666666667,90.20833333333333,85.29166666666667
2026-06-09 03:00:00+00:00,Karachi,71.91666666666667,90.20833333333333,85.29166666666667
2026-06-09 04:00:00+00:00,Karachi,71.91666666666667,90.20833333333333,85.29166666666667
2026-06-09 05:00:00+00:00,Karachi,71.91666666666667,90.20833333333333,85.29166666666667
2026-06-09 06:00:00+00:00,Karachi,71.91666666666667,90.20833333333333,85.29166666666667
2026-06-09 07:00:00+00:00,Karachi,71.91666666666667,90.20833333333333,85.29166666666667
2026-06-09 08:00:00+00:00,Karachi,71.91666666666667,90.20833333333333,85.29166666666667
2026-06-09 09:00:00+00:00,Karachi,71.91666666666667,90.20833333333333,85.29166666666667
2026-06-09 10:00:00+00:00,Karachi,71.91666666666667,90.20833333333333,85.29166666666667
2026-06-09 11:00:00+00:00,Karachi,71.91666666666667,90.20833333333333,85.29166666666667
2026-06-09 12:00:00+00:00,Karachi,71.91666666666667,90.20833333333333,85.29166666666667
2026-06-09 13:00:00+00:00,Karachi,71.91666666666667,90.20833333333333,85.29166666666667
2026-06-09 14:00:00+00:00,Karachi,71.91666666666667,90.20833333333333,85.29166666666667
2026-06-09 15:00:00+00:00,Karachi,71.91666666666667,90.20833333333333,85.29166666666667
2026-06-09 16:00:00+00:00,Karachi,71.91666666666667,90.20833333333333,85.29166666666667
2026-06-09 17:00:00+00:00,Karachi,71.91666666666667,90.20833333333333,85.29166666666667
2026-06-09 18:00:00+00:00,Karachi,71.91666666666667,90.20833333333333,85.29166666666667
2026-06-09 19:00:00+00:00,Karachi,71.91666666666667,90.20833333333333,85.29166666666667
2026-06-09 20:00:00+00:00,Karachi,71.91666666666667,90.20833333333333,85.29166666666667
2026-06-09 21:00:00+00:00,Karachi,71.91666666666667,90.20833333333333,85.29166666666667
2026-06-09 22:00:00+00:00,Karachi,71.91666666666667,90.20833333333333,85.29166666666667
2026-06-09 23:00:00+00:00,Karachi,71.91666666666667,90.20833333333333,85.29166666666667
2026-06-10 00:00:00+00:00,Karachi,90.20833333333333,85.29166666666667,74.79166666666667
2026-06-10 01:00:00+00:00,Karachi,90.20833333333333,85.29166666666667,74.79166666666667
2026-06-10 02:00:00+00:00,Karachi,90.20833333333333,85.29166666666667,74.79166666666667
2026-06-10 03:00:00+00:00,Karachi,90.20833333333333,85.29166666666667,74.79166666666667
2026-06-10 04:00:00+00:00,Karachi,90.20833333333333,85.29166666666667,74.79166666666667
2026-06-10 05:00:00+00:00,Karachi,90.20833333333333,85.29166666666667,74.79166666666667
2026-06-10 06:00:00+00:00,Karachi,90.20833333333333,85.29166666666667,74.79166666666667
2026-06-10 07:00:00+00:00,Karachi,90.20833333333333,85.29166666666667,74.79166666666667
2026-06-10 08:00:00+00:00,Karachi,90.20833333333333,85.29166666666667,74.79166666666667
2026-06-10 09:00:00+00:00,Karachi,90.20833333333333,85.29166666666667,74.79166666666667
2026-06-10 10:00:00+00:00,Karachi,90.20833333333333,85.29166666666667,74.79166666666667
2026-06-10 11:00:00+00:00,Karachi,90.20833333333333,85.29166666666667,74.79166666666667
2026-06-10 12:00:00+00:00,Karachi,90.20833333333333,85.29166666666667,74.79166666666667
2026-06-10 13:00:00+00:00,Karachi,90.20833333333333,85.29166666666667,74.79166666666667
2026-06-10 14:00:00+00:00,Karachi,90.20833333333333,85.29166666666667,74.79166666666667
2026-06-10 15:00:00+00:00,Karachi,90.20833333333333,85.29166666666667,74.79166666666667
2026-06-10 16:00:00+00:00,Karachi,90.20833333333333,85.29166666666667,74.79166666666667
2026-06-10 17:00:00+00:00,Karachi,90.20833333333333,85.29166666666667,74.79166666666667
2026-06-10 18:00:00+00:00,Karachi,90.20833333333333,85.29166666666667,74.79166666666667
2026-06-10 19:00:00+00:00,Karachi,90.20833333333333,85.29166666666667,74.79166666666667
2026-06-10 20:00:00+00:00,Karachi,90.20833333333333,85.29166666666667,74.79166666666667
2026-06-10 21:00:00+00:00,Karachi,90.20833333333333,85.29166666666667,74.79166666666667
2026-06-10 22:00:00+00:00,Karachi,90.20833333333333,85.29166666666667,74.79166666666667
2026-06-10 23:00:00+00:00,Karachi,90.20833333333333,85.29166666666667,74.79166666666667
2026-06-11 00:00:00+00:00,Karachi,85.29166666666667,74.79166666666667,65.54166666666667
2026-06-11 01:00:00+00:00,Karachi,85.29166666666667,74.79166666666667,65.54166666666667
2026-06-11 02:00:00+00:00,Karachi,85.29166666666667,74.79166666666667,65.54166666666667
2026-06-11 03:00:00+00:00,Karachi,85.29166666666667,74.79166666666667,65.54166666666667
2026-06-11 04:00:00+00:00,Karachi,85.29166666666667,74.79166666666667,65.54166666666667
2026-06-11 05:00:00+00:00,Karachi,85.29166666666667,74.79166666666667,65.54166666666667
2026-06-11 06:00:00+00:00,Karachi,85.29166666666667,74.79166666666667,65.54166666666667
2026-06-11 07:00:00+00:00,Karachi,85.29166666666667,74.79166666666667,65.54166666666667
2026-06-11 08:00:00+00:00,Karachi,85.29166666666667,74.79166666666667,65.54166666666667
2026-06-11 09:00:00+00:00,Karachi,85.29166666666667,74.79166666666667,65.54166666666667
2026-06-11 10:00:00+00:00,Karachi,85.29166666666667,74.79166666666667,65.54166666666667
2026-06-11 11:00:00+00:00,Karachi,85.29166666666667,74.79166666666667,65.54166666666667
2026-06-11 12:00:00+00:00,Karachi,85.29166666666667,74.79166666666667,65.54166666666667
2026-06-11 13:00:00+00:00,Karachi,85.29166666666667,74.79166666666667,65.54166666666667
2026-06-11 14:00:00+00:00,Karachi,85.29166666666667,74.79166666666667,65.54166666666667
2026-06-11 15:00:00+00:00,Karachi,85.29166666666667,74.79166666666667,65.54166666666667
2026-06-11 16:00:00+00:00,Karachi,85.29166666666667,74.79166666666667,65.54166666666667
2026-06-11 17:00:00+00:00,Karachi,85.29166666666667,74.79166666666667,65.54166666666667
2026-06-11 18:00:00+00:00,Karachi,85.29166666666667,74.79166666666667,65.54166666666667
2026-06-11 19:00:00+00:00,Karachi,85.29166666666667,74.79166666666667,65.54166666666667
2026-06-11 20:00:00+00:00,Karachi,85.29166666666667,74.79166666666667,65.54166666666667
2026-06-11 21:00:00+00:00,Karachi,85.29166666666667,74.79166666666667,65.54166666666667
2026-06-11 22:00:00+00:00,Karachi,85.29166666666667,74.79166666666667,65.54166666666667
2026-06-11 23:00:00+00:00,Karachi,85.29166666666667,74.79166666666667,65.54166666666667
2026-06-12 00:00:00+00:00,Karachi,74.79166666666667,65.54166666666667,61.916666666666664
2026-06-12 01:00:00+00:00,Karachi,74.79166666666667,65.54166666666667,61.916666666666664
2026-06-12 02:00:00+00:00,Karachi,74.79166666666667,65.54166666666667,61.916666666666664
2026-06-12 03:00:00+00:00,Karachi,74.79166666666667,65.54166666666667,61.916666666666664
2026-06-12 04:00:00+00:00,Karachi,74.79166666666667,65.54166666666667,61.916666666666664
2026-06-12 05:00:00+00:00,Karachi,74.79166666666667,65.54166666666667,61.916666666666664
2026-06-12 06:00:00+00:00,Karachi,74.79166666666667,65.54166666666667,61.916666666666664
2026-06-12 07:00:00+00:00,Karachi,74.79166666666667,65.54166666666667,61.916666666666664
2026-06-12 08:00:00+00:00,Karachi,74.79166666666667,65.54166666666667,61.916666666666664
2026-06-12 09:00:00+00:00,Karachi,74.79166666666667,65.54166666666667,61.916666666666664
2026-06-12 10:00:00+00:00,Karachi,74.79166666666667,65.54166666666667,61.916666666666664
2026-06-12 11:00:00+00:00,Karachi,74.79166666666667,65.54166666666667,61.916666666666664
2026-06-12 12:00:00+00:00,Karachi,74.79166666666667,65.54166666666667,61.916666666666664
2026-06-12 13:00:00+00:00,Karachi,74.79166666666667,65.54166666666667,61.916666666666664
2026-06-12 14:00:00+00:00,Karachi,74.79166666666667,65.54166666666667,61.916666666666664
2026-06-12 15:00:00+00:00,Karachi,74.79166666666667,65.54166666666667,61.916666666666664
2026-06-12 16:00:00+00:00,Karachi,74.79166666666667,65.54166666666667,61.916666666666664
2026-06-12 17:00:00+00:00,Karachi,74.79166666666667,65.54166666666667,61.916666666666664
2026-06-12 18:00:00+00:00,Karachi,74.79166666666667,65.54166666666667,61.916666666666664
2026-06-12 19:00:00+00:00,Karachi,74.79166666666667,65.54166666666667,61.916666666666664
2026-06-12 20:00:00+00:00,Karachi,74.79166666666667,65.54166666666667,61.916666666666664
2026-06-12 21:00:00+00:00,Karachi,74.79166666666667,65.54166666666667,61.916666666666664
2026-06-12 22:00:00+00:00,Karachi,74.79166666666667,65.54166666666667,61.916666666666664
2026-06-12 23:00:00+00:00,Karachi,74.79166666666667,65.54166666666667,61.916666666666664
2026-06-13 00:00:00+00:00,Karachi,65.54166666666667,61.916666666666664,65.625
2026-06-13 01:00:00+00:00,Karachi,65.54166666666667,61.916666666666664,65.625
2026-06-13 02:00:00+00:00,Karachi,65.54166666666667,61.916666666666664,65.625
2026-06-13 03:00:00+00:00,Karachi,65.54166666666667,61.916666666666664,65.625
2026-06-13 04:00:00+00:00,Karachi,65.54166666666667,61.916666666666664,65.625
2026-06-13 05:00:00+00:00,Karachi,65.54166666666667,61.916666666666664,65.625
2026-06-13 06:00:00+00:00,Karachi,65.54166666666667,61.916666666666664,65.625
2026-06-13 07:00:00+00:00,Karachi,65.54166666666667,61.916666666666664,65.625
2026-06-13 08:00:00+00:00,Karachi,65.54166666666667,61.916666666666664,65.625
2026-06-13 09:00:00+00:00,Karachi,65.54166666666667,61.916666666666664,65.625
2026-06-13 10:00:00+00:00,Karachi,65.54166666666667,61.916666666666664,65.625
2026-06-13 11:00:00+00:00,Karachi,65.54166666666667,61.916666666666664,65.625
2026-06-13 12:00:00+00:00,Karachi,65.54166666666667,61.916666666666664,65.625
2026-06-13 13:00:00+00:00,Karachi,65.54166666666667,61.916666666666664,65.625
2026-06-13 14:00:00+00:00,Karachi,65.54166666666667,61.916666666666664,65.625
2026-06-13 15:00:00+00:00,Karachi,65.54166666666667,61.916666666666664,65.625
2026-06-13 16:00:00+00:00,Karachi,65.54166666666667,61.916666666666664,65.625
2026-06-13 17:00:00+00:00,Karachi,65.54166666666667,61.916666666666664,65.625
2026-06-13 18:00:00+00:00,Karachi,65.54166666666667,61.916666666666664,65.625
2026-06-13 19:00:00+00:00,Karachi,65.54166666666667,61.916666666666664,65.625
2026-06-13 20:00:00+00:00,Karachi,65.54166666666667,61.916666666666664,65.625
2026-06-13 21:00:00+00:00,Karachi,65.54166666666667,61.916666666666664,65.625
2026-06-13 22:00:00+00:00,Karachi,65.54166666666667,61.916666666666664,65.625
2026-06-13 23:00:00+00:00,Karachi,65.54166666666667,61.916666666666664,65.625
2026-06-14 00:00:00+00:00,Karachi,61.916666666666664,65.625,75.375
2026-06-14 01:00:00+00:00,Karachi,61.916666666666664,65.625,75.375
2026-06-14 02:00:00+00:00,Karachi,61.916666666666664,65.625,75.375
2026-06-14 03:00:00+00:00,Karachi,61.916666666666664,65.625,75.375
2026-06-14 04:00:00+00:00,Karachi,61.916666666666664,65.625,75.375
2026-06-14 05:00:00+00:00,Karachi,61.916666666666664,65.625,75.375
2026-06-14 06:00:00+00:00,Karachi,61.916666666666664,65.625,75.375
2026-06-14 07:00:00+00:00,Karachi,61.916666666666664,65.625,75.375
2026-06-14 08:00:00+00:00,Karachi,61.916666666666664,65.625,75.375
2026-06-14 09:00:00+00:00,Karachi,61.916666666666664,65.625,75.375
2026-06-14 10:00:00+00:00,Karachi,61.916666666666664,65.625,75.375
2026-06-14 11:00:00+00:00,Karachi,61.916666666666664,65.625,75.375
2026-06-14 12:00:00+00:00,Karachi,61.916666666666664,65.625,75.375
2026-06-14 13:00:00+00:00,Karachi,61.916666666666664,65.625,75.375
2026-06-14 14:00:00+00:00,Karachi,61.916666666666664,65.625,75.375
2026-06-14 15:00:00+00:00,Karachi,61.916666666666664,65.625,75.375
2026-06-14 16:00:00+00:00,Karachi,61.916666666666664,65.625,75.375
2026-06-14 17:00:00+00:00,Karachi,61.916666666666664,65.625,75.375
2026-06-14 18:00:00+00:00,Karachi,61.916666666666664,65.625,75.375
2026-06-14 19:00:00+00:00,Karachi,61.916666666666664,65.625,75.375
2026-06-14 20:00:00+00:00,Karachi,61.916666666666664,65.625,75.375
2026-06-14 21:00:00+00:00,Karachi,61.916666666666664,65.625,75.375
2026-06-14 22:00:00+00:00,Karachi,61.916666666666664,65.625,75.375
2026-06-14 23:00:00+00:00,Karachi,61.916666666666664,65.625,75.375
2026-06-15 00:00:00+00:00,Karachi,65.625,75.375,74.45833333333333
2026-06-15 01:00:00+00:00,Karachi,65.625,75.375,74.45833333333333
2026-06-15 02:00:00+00:00,Karachi,65.625,75.375,74.45833333333333
2026-06-15 03:00:00+00:00,Karachi,65.625,75.375,74.45833333333333
2026-06-15 04:00:00+00:00,Karachi,65.625,75.375,74.45833333333333
2026-06-15 05:00:00+00:00,Karachi,65.625,75.375,74.45833333333333
2026-06-15 06:00:00+00:00,Karachi,65.625,75.375,74.45833333333333
2026-06-15 07:00:00+00:00,Karachi,65.625,75.375,74.45833333333333
2026-06-15 08:00:00+00:00,Karachi,65.625,75.375,74.45833333333333
2026-06-15 09:00:00+00:00,Karachi,65.625,75.375,74.45833333333333
2026-06-15 10:00:00+00:00,Karachi,65.625,75.375,74.45833333333333
2026-06-15 11:00:00+00:00,Karachi,65.625,75.375,74.45833333333333
2026-06-15 12:00:00+00:00,Karachi,65.625,75.375,74.45833333333333
2026-06-15 13:00:00+00:00,Karachi,65.625,75.375,74.45833333333333
2026-06-15 14:00:00+00:00,Karachi,65.625,75.375,74.45833333333333
2026-06-15 15:00:00+00:00,Karachi,65.625,75.375,74.45833333333333
2026-06-15 16:00:00+00:00,Karachi,65.625,75.375,74.45833333333333
2026-06-15 17:00:00+00:00,Karachi,65.625,75.375,74.45833333333333
2026-06-15 18:00:00+00:00,Karachi,65.625,75.375,74.45833333333333
2026-06-15 19:00:00+00:00,Karachi,65.625,75.375,74.45833333333333
2026-06-15 20:00:00+00:00,Karachi,65.625,75.375,74.45833333333333
2026-06-15 21:00:00+00:00,Karachi,65.625,75.375,74.45833333333333
2026-06-15 22:00:00+00:00,Karachi,65.625,75.375,74.45833333333333
2026-06-15 23:00:00+00:00,Karachi,65.625,75.375,74.45833333333333
2026-06-16 00:00:00+00:00,Karachi,75.375,74.45833333333333,76.70833333333333
2026-06-16 01:00:00+00:00,Karachi,75.375,74.45833333333333,76.70833333333333
2026-06-16 02:00:00+00:00,Karachi,75.375,74.45833333333333,76.70833333333333
2026-06-16 03:00:00+00:00,Karachi,75.375,74.45833333333333,76.70833333333333
2026-06-16 04:00:00+00:00,Karachi,75.375,74.45833333333333,76.70833333333333
2026-06-16 05:00:00+00:00,Karachi,75.375,74.45833333333333,76.70833333333333
2026-06-16 06:00:00+00:00,Karachi,75.375,74.45833333333333,76.70833333333333
2026-06-16 07:00:00+00:00,Karachi,75.375,74.45833333333333,76.70833333333333
2026-06-16 08:00:00+00:00,Karachi,75.375,74.45833333333333,76.70833333333333
2026-06-16 09:00:00+00:00,Karachi,75.375,74.45833333333333,76.70833333333333
2026-06-16 10:00:00+00:00,Karachi,75.375,74.45833333333333,76.70833333333333
2026-06-16 11:00:00+00:00,Karachi,75.375,74.45833333333333,76.70833333333333
2026-06-16 12:00:00+00:00,Karachi,75.375,74.45833333333333,76.70833333333333
2026-06-16 13:00:00+00:00,Karachi,75.375,74.45833333333333,76.70833333333333
2026-06-16 14:00:00+00:00,Karachi,75.375,74.45833333333333,76.70833333333333
2026-06-16 15:00:00+00:00,Karachi,75.375,74.45833333333333,76.70833333333333
2026-06-16 16:00:00+00:00,Karachi,75.375,74.45833333333333,76.70833333333333
2026-06-16 17:00:00+00:00,Karachi,75.375,74.45833333333333,76.70833333333333
2026-06-16 18:00:00+00:00,Karachi,75.375,74.45833333333333,76.70833333333333
2026-06-16 19:00:00+00:00,Karachi,75.375,74.45833333333333,76.70833333333333
2026-06-16 20:00:00+00:00,Karachi,75.375,74.45833333333333,76.70833333333333
2026-06-16 21:00:00+00:00,Karachi,75.375,74.45833333333333,76.70833333333333
2026-06-16 22:00:00+00:00,Karachi,75.375,74.45833333333333,76.70833333333333
2026-06-16 23:00:00+00:00,Karachi,75.375,74.45833333333333,76.70833333333333
2026-06-17 00:00:00+00:00,Karachi,74.45833333333333,76.70833333333333,76.625
2026-06-17 01:00:00+00:00,Karachi,74.45833333333333,76.70833333333333,76.625
2026-06-17 02:00:00+00:00,Karachi,74.45833333333333,76.70833333333333,76.625
2026-06-17 03:00:00+00:00,Karachi,74.45833333333333,76.70833333333333,76.625
2026-06-17 04:00:00+00:00,Karachi,74.45833333333333,76.70833333333333,76.625
2026-06-17 05:00:00+00:00,Karachi,74.45833333333333,76.70833333333333,76.625
2026-06-17 06:00:00+00:00,Karachi,74.45833333333333,76.70833333333333,76.625
2026-06-17 07:00:00+00:00,Karachi,74.45833333333333,76.70833333333333,76.625
2026-06-17 08:00:00+00:00,Karachi,74.45833333333333,76.70833333333333,76.625
2026-06-17 09:00:00+00:00,Karachi,74.45833333333333,76.70833333333333,76.625
2026-06-17 10:00:00+00:00,Karachi,74.45833333333333,76.70833333333333,76.625
2026-06-17 11:00:00+00:00,Karachi,74.45833333333333,76.70833333333333,76.625
2026-06-17 12:00:00+00:00,Karachi,74.45833333333333,76.70833333333333,76.625
2026-06-17 13:00:00+00:00,Karachi,74.45833333333333,76.70833333333333,76.625
2026-06-17 14:00:00+00:00,Karachi,74.45833333333333,76.70833333333333,76.625
2026-06-17 15:00:00+00:00,Karachi,74.45833333333333,76.70833333333333,76.625
2026-06-17 16:00:00+00:00,Karachi,74.45833333333333,76.70833333333333,76.625
2026-06-17 17:00:00+00:00,Karachi,74.45833333333333,76.70833333333333,76.625
2026-06-17 18:00:00+00:00,Karachi,74.45833333333333,76.70833333333333,76.625
2026-06-17 19:00:00+00:00,Karachi,74.45833333333333,76.70833333333333,76.625
2026-06-17 20:00:00+00:00,Karachi,74.45833333333333,76.70833333333333,76.625
2026-06-17 21:00:00+00:00,Karachi,74.45833333333333,76.70833333333333,76.625
2026-06-17 22:00:00+00:00,Karachi,74.45833333333333,76.70833333333333,76.625
2026-06-17 23:00:00+00:00,Karachi,74.45833333333333,76.70833333333333,76.625
2026-06-18 00:00:00+00:00,Karachi,76.70833333333333,76.625,69.25
2026-06-18 01:00:00+00:00,Karachi,76.70833333333333,76.625,69.25
2026-06-18 02:00:00+00:00,Karachi,76.70833333333333,76.625,69.25
2026-06-18 03:00:00+00:00,Karachi,76.70833333333333,76.625,69.25
2026-06-18 04:00:00+00:00,Karachi,76.70833333333333,76.625,69.25
2026-06-18 05:00:00+00:00,Karachi,76.70833333333333,76.625,69.25
2026-06-18 06:00:00+00:00,Karachi,76.70833333333333,76.625,69.25
2026-06-18 07:00:00+00:00,Karachi,76.70833333333333,76.625,69.25
2026-06-18 08:00:00+00:00,Karachi,76.70833333333333,76.625,69.25
2026-06-18 09:00:00+00:00,Karachi,76.70833333333333,76.625,69.25
2026-06-18 10:00:00+00:00,Karachi,76.70833333333333,76.625,69.25
2026-06-18 11:00:00+00:00,Karachi,76.70833333333333,76.625,69.25
2026-06-18 12:00:00+00:00,Karachi,76.70833333333333,76.625,69.25
2026-06-18 13:00:00+00:00,Karachi,76.70833333333333,76.625,69.25
2026-06-18 14:00:00+00:00,Karachi,76.70833333333333,76.625,69.25
2026-06-18 15:00:00+00:00,Karachi,76.70833333333333,76.625,69.25
2026-06-18 16:00:00+00:00,Karachi,76.70833333333333,76.625,69.25
2026-06-18 17:00:00+00:00,Karachi,76.70833333333333,76.625,69.25
2026-06-18 18:00:00+00:00,Karachi,76.70833333333333,76.625,69.25
2026-06-18 19:00:00+00:00,Karachi,76.70833333333333,76.625,69.25
2026-06-18 20:00:00+00:00,Karachi,76.70833333333333,76.625,69.25
2026-06-18 21:00:00+00:00,Karachi,76.70833333333333,76.625,69.25
2026-06-18 22:00:00+00:00,Karachi,76.70833333333333,76.625,69.25
2026-06-18 23:00:00+00:00,Karachi,76.70833333333333,76.625,69.25
2026-06-19 00:00:00+00:00,Karachi,76.625,69.25,76.04166666666667
2026-06-19 01:00:00+00:00,Karachi,76.625,69.25,76.04166666666667
2026-06-19 02:00:00+00:00,Karachi,76.625,69.25,76.04166666666667
2026-06-19 03:00:00+00:00,Karachi,76.625,69.25,76.04166666666667
2026-06-19 04:00:00+00:00,Karachi,76.625,69.25,76.04166666666667
2026-06-19 05:00:00+00:00,Karachi,76.625,69.25,76.04166666666667
2026-06-19 06:00:00+00:00,Karachi,76.625,69.25,76.04166666666667
2026-06-19 07:00:00+00:00,Karachi,76.625,69.25,76.04166666666667
2026-06-19 08:00:00+00:00,Karachi,76.625,69.25,76.04166666666667
2026-06-19 09:00:00+00:00,Karachi,76.625,69.25,76.04166666666667
2026-06-19 10:00:00+00:00,Karachi,76.625,69.25,76.04166666666667
2026-06-19 11:00:00+00:00,Karachi,76.625,69.25,76.04166666666667
2026-06-19 12:00:00+00:00,Karachi,76.625,69.25,76.04166666666667
2026-06-19 13:00:00+00:00,Karachi,76.625,69.25,76.04166666666667
2026-06-19 14:00:00+00:00,Karachi,76.625,69.25,76.04166666666667
2026-06-19 15:00:00+00:00,Karachi,76.625,69.25,76.04166666666667
2026-06-19 16:00:00+00:00,Karachi,76.625,69.25,76.04166666666667
2026-06-19 17:00:00+00:00,Karachi,76.625,69.25,76.04166666666667
2026-06-19 18:00:00+00:00,Karachi,76.625,69.25,76.04166666666667
2026-06-19 19:00:00+00:00,Karachi,76.625,69.25,76.04166666666667
2026-06-19 20:00:00+00:00,Karachi,76.625,69.25,76.04166666666667
2026-06-19 21:00:00+00:00,Karachi,76.625,69.25,76.04166666666667
2026-06-19 22:00:00+00:00,Karachi,76.625,69.25,76.04166666666667
2026-06-19 23:00:00+00:00,Karachi,76.625,69.25,76.04166666666667
2026-06-20 00:00:00+00:00,Karachi,69.25,76.04166666666667,77.54166666666667
2026-06-20 01:00:00+00:00,Karachi,69.25,76.04166666666667,77.54166666666667
2026-06-20 02:00:00+00:00,Karachi,69.25,76.04166666666667,77.54166666666667
2026-06-20 03:00:00+00:00,Karachi,69.25,76.04166666666667,77.54166666666667
2026-06-20 04:00:00+00:00,Karachi,69.25,76.04166666666667,77.54166666666667
2026-06-20 05:00:00+00:00,Karachi,69.25,76.04166666666667,77.54166666666667
2026-06-20 06:00:00+00:00,Karachi,69.25,76.04166666666667,77.54166666666667
2026-06-20 07:00:00+00:00,Karachi,69.25,76.04166666666667,77.54166666666667
2026-06-20 08:00:00+00:00,Karachi,69.25,76.04166666666667,77.54166666666667
2026-06-20 09:00:00+00:00,Karachi,69.25,76.04166666666667,77.54166666666667
2026-06-20 10:00:00+00:00,Karachi,69.25,76.04166666666667,77.54166666666667
2026-06-20 11:00:00+00:00,Karachi,69.25,76.04166666666667,77.54166666666667
2026-06-20 12:00:00+00:00,Karachi,69.25,76.04166666666667,77.54166666666667
2026-06-20 13:00:00+00:00,Karachi,69.25,76.04166666666667,77.54166666666667
2026-06-20 14:00:00+00:00,Karachi,69.25,76.04166666666667,77.54166666666667
2026-06-20 15:00:00+00:00,Karachi,69.25,76.04166666666667,77.54166666666667
2026-06-20 16:00:00+00:00,Karachi,69.25,76.04166666666667,77.54166666666667
2026-06-20 17:00:00+00:00,Karachi,69.25,76.04166666666667,77.54166666666667
2026-06-20 18:00:00+00:00,Karachi,69.25,76.04166666666667,77.54166666666667
2026-06-20 19:00:00+00:00,Karachi,69.25,76.04166666666667,77.54166666666667
2026-06-20 20:00:00+00:00,Karachi,69.25,76.04166666666667,77.54166666666667
2026-06-20 21:00:00+00:00,Karachi,69.25,76.04166666666667,77.54166666666667
2026-06-20 22:00:00+00:00,Karachi,69.25,76.04166666666667,77.54166666666667
2026-06-20 23:00:00+00:00,Karachi,69.25,76.04166666666667,77.54166666666667
2026-06-21 00:00:00+00:00,Karachi,76.04166666666667,77.54166666666667,74.875
2026-06-21 01:00:00+00:00,Karachi,76.04166666666667,77.54166666666667,74.875
2026-06-21 02:00:00+00:00,Karachi,76.04166666666667,77.54166666666667,74.875
2026-06-21 03:00:00+00:00,Karachi,76.04166666666667,77.54166666666667,74.875
2026-06-21 04:00:00+00:00,Karachi,76.04166666666667,77.54166666666667,74.875
2026-06-21 05:00:00+00:00,Karachi,76.04166666666667,77.54166666666667,74.875
2026-06-21 06:00:00+00:00,Karachi,76.04166666666667,77.54166666666667,74.875
2026-06-21 07:00:00+00:00,Karachi,76.04166666666667,77.54166666666667,74.875
2026-06-21 08:00:00+00:00,Karachi,76.04166666666667,77.54166666666667,74.875
2026-06-21 09:00:00+00:00,Karachi,76.04166666666667,77.54166666666667,74.875
2026-06-21 10:00:00+00:00,Karachi,76.04166666666667,77.54166666666667,74.875
2026-06-21 11:00:00+00:00,Karachi,76.04166666666667,77.54166666666667,74.875
2026-06-21 12:00:00+00:00,Karachi,76.04166666666667,77.54166666666667,74.875
2026-06-21 13:00:00+00:00,Karachi,76.04166666666667,77.54166666666667,74.875
2026-06-21 14:00:00+00:00,Karachi,76.04166666666667,77.54166666666667,74.875
2026-06-21 15:00:00+00:00,Karachi,76.04166666666667,77.54166666666667,74.875
2026-06-21 16:00:00+00:00,Karachi,76.04166666666667,77.54166666666667,74.875
2026-06-21 17:00:00+00:00,Karachi,76.04166666666667,77.54166666666667,74.875
2026-06-21 18:00:00+00:00,Karachi,76.04166666666667,77.54166666666667,74.875
2026-06-21 19:00:00+00:00,Karachi,76.04166666666667,77.54166666666667,74.875
2026-06-21 20:00:00+00:00,Karachi,76.04166666666667,77.54166666666667,74.875
2026-06-21 21:00:00+00:00,Karachi,76.04166666666667,77.54166666666667,74.875
2026-06-21 22:00:00+00:00,Karachi,76.04166666666667,77.54166666666667,74.875
2026-06-21 23:00:00+00:00,Karachi,76.04166666666667,77.54166666666667,74.875
2026-06-22 00:00:00+00:00,Karachi,77.54166666666667,74.875,67.33333333333333
2026-06-22 01:00:00+00:00,Karachi,77.54166666666667,74.875,67.33333333333333
2026-06-22 02:00:00+00:00,Karachi,77.54166666666667,74.875,67.33333333333333
2026-06-22 03:00:00+00:00,Karachi,77.54166666666667,74.875,67.33333333333333
2026-06-22 04:00:00+00:00,Karachi,77.54166666666667,74.875,67.33333333333333
2026-06-22 05:00:00+00:00,Karachi,77.54166666666667,74.875,67.33333333333333
2026-06-22 06:00:00+00:00,Karachi,77.54166666666667,74.875,67.33333333333333
2026-06-22 07:00:00+00:00,Karachi,77.54166666666667,74.875,67.33333333333333
2026-06-22 08:00:00+00:00,Karachi,77.54166666666667,74.875,67.33333333333333
2026-06-22 09:00:00+00:00,Karachi,77.54166666666667,74.875,67.33333333333333
2026-06-22 10:00:00+00:00,Karachi,77.54166666666667,74.875,67.33333333333333
2026-06-22 11:00:00+00:00,Karachi,77.54166666666667,74.875,67.33333333333333
2026-06-22 12:00:00+00:00,Karachi,77.54166666666667,74.875,67.33333333333333
2026-06-22 13:00:00+00:00,Karachi,77.54166666666667,74.875,67.33333333333333
2026-06-22 14:00:00+00:00,Karachi,77.54166666666667,74.875,67.33333333333333
2026-06-22 15:00:00+00:00,Karachi,77.54166666666667,74.875,67.33333333333333
2026-06-22 16:00:00+00:00,Karachi,77.54166666666667,74.875,67.33333333333333
2026-06-22 17:00:00+00:00,Karachi,77.54166666666667,74.875,67.33333333333333
2026-06-22 18:00:00+00:00,Karachi,77.54166666666667,74.875,67.33333333333333
2026-06-22 19:00:00+00:00,Karachi,77.54166666666667,74.875,67.33333333333333
2026-06-22 20:00:00+00:00,Karachi,77.54166666666667,74.875,67.33333333333333
2026-06-22 21:00:00+00:00,Karachi,77.54166666666667,74.875,67.33333333333333
2026-06-22 22:00:00+00:00,Karachi,77.54166666666667,74.875,67.33333333333333
2026-06-22 23:00:00+00:00,Karachi,77.54166666666667,74.875,67.33333333333333
2026-06-23 00:00:00+00:00,Karachi,74.875,67.33333333333333,70.08333333333333
2026-06-23 01:00:00+00:00,Karachi,74.875,67.33333333333333,70.08333333333333
2026-06-23 02:00:00+00:00,Karachi,74.875,67.33333333333333,70.08333333333333
2026-06-23 03:00:00+00:00,Karachi,74.875,67.33333333333333,70.08333333333333
2026-06-23 04:00:00+00:00,Karachi,74.875,67.33333333333333,70.08333333333333
2026-06-23 05:00:00+00:00,Karachi,74.875,67.33333333333333,70.08333333333333
2026-06-23 06:00:00+00:00,Karachi,74.875,67.33333333333333,70.08333333333333
2026-06-23 07:00:00+00:00,Karachi,74.875,67.33333333333333,70.08333333333333
2026-06-23 08:00:00+00:00,Karachi,74.875,67.33333333333333,70.08333333333333
2026-06-23 09:00:00+00:00,Karachi,74.875,67.33333333333333,70.08333333333333
2026-06-23 10:00:00+00:00,Karachi,74.875,67.33333333333333,70.08333333333333
2026-06-23 11:00:00+00:00,Karachi,74.875,67.33333333333333,70.08333333333333
2026-06-23 12:00:00+00:00,Karachi,74.875,67.33333333333333,70.08333333333333
2026-06-23 13:00:00+00:00,Karachi,74.875,67.33333333333333,70.08333333333333
2026-06-23 14:00:00+00:00,Karachi,74.875,67.33333333333333,70.08333333333333
2026-06-23 15:00:00+00:00,Karachi,74.875,67.33333333333333,70.08333333333333
2026-06-23 16:00:00+00:00,Karachi,74.875,67.33333333333333,70.08333333333333
2026-06-23 17:00:00+00:00,Karachi,74.875,67.33333333333333,70.08333333333333
2026-06-23 18:00:00+00:00,Karachi,74.875,67.33333333333333,70.08333333333333
2026-06-23 19:00:00+00:00,Karachi,74.875,67.33333333333333,70.08333333333333
2026-06-23 20:00:00+00:00,Karachi,74.875,67.33333333333333,70.08333333333333
2026-06-23 21:00:00+00:00,Karachi,74.875,67.33333333333333,70.08333333333333
2026-06-23 22:00:00+00:00,Karachi,74.875,67.33333333333333,70.08333333333333
2026-06-23 23:00:00+00:00,Karachi,74.875,67.33333333333333,70.08333333333333
2026-06-24 00:00:00+00:00,Karachi,67.33333333333333,70.08333333333333,68.95833333333333
2026-06-24 01:00:00+00:00,Karachi,67.33333333333333,70.08333333333333,68.95833333333333
2026-06-24 02:00:00+00:00,Karachi,67.33333333333333,70.08333333333333,68.95833333333333
2026-06-24 03:00:00+00:00,Karachi,67.33333333333333,70.08333333333333,68.95833333333333
2026-06-24 04:00:00+00:00,Karachi,67.33333333333333,70.08333333333333,68.95833333333333
2026-06-24 05:00:00+00:00,Karachi,67.33333333333333,70.08333333333333,68.95833333333333
2026-06-24 06:00:00+00:00,Karachi,67.33333333333333,70.08333333333333,68.95833333333333
2026-06-24 07:00:00+00:00,Karachi,67.33333333333333,70.08333333333333,68.95833333333333
2026-06-24 08:00:00+00:00,Karachi,67.33333333333333,70.08333333333333,68.95833333333333
2026-06-24 09:00:00+00:00,Karachi,67.33333333333333,70.08333333333333,68.95833333333333
2026-06-24 10:00:00+00:00,Karachi,67.33333333333333,70.08333333333333,68.95833333333333
2026-06-24 11:00:00+00:00,Karachi,67.33333333333333,70.08333333333333,68.95833333333333
2026-06-24 12:00:00+00:00,Karachi,67.33333333333333,70.08333333333333,68.95833333333333
2026-06-24 13:00:00+00:00,Karachi,67.33333333333333,70.08333333333333,68.95833333333333
2026-06-24 14:00:00+00:00,Karachi,67.33333333333333,70.08333333333333,68.95833333333333
2026-06-24 15:00:00+00:00,Karachi,67.33333333333333,70.08333333333333,68.95833333333333
2026-06-24 16:00:00+00:00,Karachi,67.33333333333333,70.08333333333333,68.95833333333333
2026-06-24 17:00:00+00:00,Karachi,67.33333333333333,70.08333333333333,68.95833333333333
2026-06-24 18:00:00+00:00,Karachi,67.33333333333333,70.08333333333333,68.95833333333333
2026-06-24 19:00:00+00:00,Karachi,67.33333333333333,70.08333333333333,68.95833333333333
2026-06-24 20:00:00+00:00,Karachi,67.33333333333333,70.08333333333333,68.95833333333333
2026-06-24 21:00:00+00:00,Karachi,67.33333333333333,70.08333333333333,68.95833333333333
2026-06-24 22:00:00+00:00,Karachi,67.33333333333333,70.08333333333333,68.95833333333333
2026-06-24 23:00:00+00:00,Karachi,67.33333333333333,70.08333333333333,68.95833333333333
2026-06-25 00:00:00+00:00,Karachi,70.08333333333333,68.95833333333333,71.54166666666667
2026-06-25 01:00:00+00:00,Karachi,70.08333333333333,68.95833333333333,71.54166666666667
2026-06-25 02:00:00+00:00,Karachi,70.08333333333333,68.95833333333333,71.54166666666667
2026-06-25 03:00:00+00:00,Karachi,70.08333333333333,68.95833333333333,71.54166666666667
2026-06-25 04:00:00+00:00,Karachi,70.08333333333333,68.95833333333333,71.54166666666667
2026-06-25 05:00:00+00:00,Karachi,70.08333333333333,68.95833333333333,71.54166666666667
2026-06-25 06:00:00+00:00,Karachi,70.08333333333333,68.95833333333333,71.54166666666667
2026-06-25 07:00:00+00:00,Karachi,70.08333333333333,68.95833333333333,71.54166666666667
2026-06-25 08:00:00+00:00,Karachi,70.08333333333333,68.95833333333333,71.54166666666667
2026-06-25 09:00:00+00:00,Karachi,70.08333333333333,68.95833333333333,71.54166666666667
2026-06-25 10:00:00+00:00,Karachi,70.08333333333333,68.95833333333333,71.54166666666667
2026-06-25 11:00:00+00:00,Karachi,70.08333333333333,68.95833333333333,71.54166666666667
2026-06-25 12:00:00+00:00,Karachi,70.08333333333333,68.95833333333333,71.54166666666667
2026-06-25 13:00:00+00:00,Karachi,70.08333333333333,68.95833333333333,71.54166666666667
2026-06-25 14:00:00+00:00,Karachi,70.08333333333333,68.95833333333333,71.54166666666667
2026-06-25 15:00:00+00:00,Karachi,70.08333333333333,68.95833333333333,71.54166666666667
2026-06-25 16:00:00+00:00,Karachi,70.08333333333333,68.95833333333333,71.54166666666667
2026-06-25 17:00:00+00:00,Karachi,70.08333333333333,68.95833333333333,71.54166666666667
2026-06-25 18:00:00+00:00,Karachi,70.08333333333333,68.95833333333333,71.54166666666667
2026-06-25 19:00:00+00:00,Karachi,70.08333333333333,68.95833333333333,71.54166666666667
2026-06-25 20:00:00+00:00,Karachi,70.08333333333333,68.95833333333333,71.54166666666667
2026-06-25 21:00:00+00:00,Karachi,70.08333333333333,68.95833333333333,71.54166666666667
2026-06-25 22:00:00+00:00,Karachi,70.08333333333333,68.95833333333333,71.54166666666667
2026-06-25 23:00:00+00:00,Karachi,70.08333333333333,68.95833333333333,71.54166666666667
2026-06-26 00:00:00+00:00,Karachi,68.95833333333333,71.54166666666667,77.70833333333333
2026-06-26 01:00:00+00:00,Karachi,68.95833333333333,71.54166666666667,77.70833333333333
2026-06-26 02:00:00+00:00,Karachi,68.95833333333333,71.54166666666667,77.70833333333333
2026-06-26 03:00:00+00:00,Karachi,68.95833333333333,71.54166666666667,77.70833333333333
2026-06-26 04:00:00+00:00,Karachi,68.95833333333333,71.54166666666667,77.70833333333333
2026-06-26 05:00:00+00:00,Karachi,68.95833333333333,71.54166666666667,77.70833333333333
2026-06-26 06:00:00+00:00,Karachi,68.95833333333333,71.54166666666667,77.70833333333333
2026-06-26 07:00:00+00:00,Karachi,68.95833333333333,71.54166666666667,77.70833333333333
2026-06-26 08:00:00+00:00,Karachi,68.95833333333333,71.54166666666667,77.70833333333333
2026-06-26 09:00:00+00:00,Karachi,68.95833333333333,71.54166666666667,77.70833333333333
2026-06-26 10:00:00+00:00,Karachi,68.95833333333333,71.54166666666667,77.70833333333333
2026-06-26 11:00:00+00:00,Karachi,68.95833333333333,71.54166666666667,77.70833333333333
2026-06-26 12:00:00+00:00,Karachi,68.95833333333333,71.54166666666667,77.70833333333333
2026-06-26 13:00:00+00:00,Karachi,68.95833333333333,71.54166666666667,77.70833333333333
2026-06-26 14:00:00+00:00,Karachi,68.95833333333333,71.54166666666667,77.70833333333333
2026-06-26 15:00:00+00:00,Karachi,68.95833333333333,71.54166666666667,77.70833333333333
2026-06-26 16:00:00+00:00,Karachi,68.95833333333333,71.54166666666667,77.70833333333333
2026-06-26 17:00:00+00:00,Karachi,68.95833333333333,71.54166666666667,77.70833333333333
2026-06-26 18:00:00+00:00,Karachi,68.95833333333333,71.54166666666667,77.70833333333333
2026-06-26 19:00:00+00:00,Karachi,68.95833333333333,71.54166666666667,77.70833333333333
2026-06-26 20:00:00+00:00,Karachi,68.95833333333333,71.54166666666667,77.70833333333333
2026-06-26 21:00:00+00:00,Karachi,68.95833333333333,71.54166666666667,77.70833333333333
2026-06-26 22:00:00+00:00,Karachi,68.95833333333333,71.54166666666667,77.70833333333333
2026-06-26 23:00:00+00:00,Karachi,68.95833333333333,71.54166666666667,77.70833333333333
2026-06-27 00:00:00+00:00,Karachi,71.54166666666667,77.70833333333333,78.75
2026-06-27 01:00:00+00:00,Karachi,71.54166666666667,77.70833333333333,78.75
2026-06-27 02:00:00+00:00,Karachi,71.54166666666667,77.70833333333333,78.75
2026-06-27 03:00:00+00:00,Karachi,71.54166666666667,77.70833333333333,78.75
2026-06-27 04:00:00+00:00,Karachi,71.54166666666667,77.70833333333333,78.75
2026-06-27 05:00:00+00:00,Karachi,71.54166666666667,77.70833333333333,78.75
2026-06-27 06:00:00+00:00,Karachi,71.54166666666667,77.70833333333333,78.75
2026-06-27 07:00:00+00:00,Karachi,71.54166666666667,77.70833333333333,78.75
2026-06-27 08:00:00+00:00,Karachi,71.54166666666667,77.70833333333333,78.75
2026-06-27 09:00:00+00:00,Karachi,71.54166666666667,77.70833333333333,78.75
2026-06-27 10:00:00+00:00,Karachi,71.54166666666667,77.70833333333333,78.75
2026-06-27 11:00:00+00:00,Karachi,71.54166666666667,77.70833333333333,78.75
2026-06-27 12:00:00+00:00,Karachi,71.54166666666667,77.70833333333333,78.75
2026-06-27 13:00:00+00:00,Karachi,71.54166666666667,77.70833333333333,78.75
2026-06-27 14:00:00+00:00,Karachi,71.54166666666667,77.70833333333333,78.75
2026-06-27 15:00:00+00:00,Karachi,71.54166666666667,77.70833333333333,78.75
2026-06-27 16:00:00+00:00,Karachi,71.54166666666667,77.70833333333333,78.75
2026-06-27 17:00:00+00:00,Karachi,71.54166666666667,77.70833333333333,78.75
2026-06-27 18:00:00+00:00,Karachi,71.54166666666667,77.70833333333333,78.75
2026-06-27 19:00:00+00:00,Karachi,71.54166666666667,77.70833333333333,78.75
2026-06-27 20:00:00+00:00,Karachi,71.54166666666667,77.70833333333333,78.75
2026-06-27 21:00:00+00:00,Karachi,71.54166666666667,77.70833333333333,78.75
2026-06-27 22:00:00+00:00,Karachi,71.54166666666667,77.70833333333333,78.75
2026-06-27 23:00:00+00:00,Karachi,71.54166666666667,77.70833333333333,78.75
2026-06-28 00:00:00+00:00,Karachi,77.70833333333333,78.75,71.58333333333333
2026-06-28 01:00:00+00:00,Karachi,77.70833333333333,78.75,71.58333333333333
2026-06-28 02:00:00+00:00,Karachi,77.70833333333333,78.75,71.58333333333333
2026-06-28 03:00:00+00:00,Karachi,77.70833333333333,78.75,71.58333333333333
2026-06-28 04:00:00+00:00,Karachi,77.70833333333333,78.75,71.58333333333333
2026-06-28 05:00:00+00:00,Karachi,77.70833333333333,78.75,71.58333333333333
2026-06-28 06:00:00+00:00,Karachi,77.70833333333333,78.75,71.58333333333333
2026-06-28 07:00:00+00:00,Karachi,77.70833333333333,78.75,71.58333333333333
2026-06-28 08:00:00+00:00,Karachi,77.70833333333333,78.75,71.58333333333333
2026-06-28 09:00:00+00:00,Karachi,77.70833333333333,78.75,71.58333333333333
2026-06-28 10:00:00+00:00,Karachi,77.70833333333333,78.75,71.58333333333333
2026-06-28 11:00:00+00:00,Karachi,77.70833333333333,78.75,71.58333333333333
2026-06-28 12:00:00+00:00,Karachi,77.70833333333333,78.75,71.58333333333333
2026-06-28 13:00:00+00:00,Karachi,77.70833333333333,78.75,71.58333333333333
2026-06-28 14:00:00+00:00,Karachi,77.70833333333333,78.75,71.58333333333333
2026-06-28 15:00:00+00:00,Karachi,77.70833333333333,78.75,71.58333333333333
2026-06-28 16:00:00+00:00,Karachi,77.70833333333333,78.75,71.58333333333333
2026-06-28 17:00:00+00:00,Karachi,77.70833333333333,78.75,71.58333333333333
2026-06-28 18:00:00+00:00,Karachi,77.70833333333333,78.75,71.58333333333333
2026-06-28 19:00:00+00:00,Karachi,77.70833333333333,78.75,71.58333333333333
2026-06-28 20:00:00+00:00,Karachi,77.70833333333333,78.75,71.58333333333333
2026-06-28 21:00:00+00:00,Karachi,77.70833333333333,78.75,71.58333333333333
2026-06-28 22:00:00+00:00,Karachi,77.70833333333333,78.75,71.58333333333333
2026-06-28 23:00:00+00:00,Karachi,77.70833333333333,78.75,71.58333333333333
2026-06-29 00:00:00+00:00,Karachi,78.75,71.58333333333333,73.95833333333333
2026-06-29 01:00:00+00:00,Karachi,78.75,71.58333333333333,73.95833333333333
2026-06-29 02:00:00+00:00,Karachi,78.75,71.58333333333333,73.95833333333333
2026-06-29 03:00:00+00:00,Karachi,78.75,71.58333333333333,73.95833333333333
2026-06-29 04:00:00+00:00,Karachi,78.75,71.58333333333333,73.95833333333333
2026-06-29 05:00:00+00:00,Karachi,78.75,71.58333333333333,73.95833333333333
2026-06-29 06:00:00+00:00,Karachi,78.75,71.58333333333333,73.95833333333333
2026-06-29 07:00:00+00:00,Karachi,78.75,71.58333333333333,73.95833333333333
2026-06-29 08:00:00+00:00,Karachi,78.75,71.58333333333333,73.95833333333333
2026-06-29 09:00:00+00:00,Karachi,78.75,71.58333333333333,73.95833333333333
2026-06-29 10:00:00+00:00,Karachi,78.75,71.58333333333333,73.95833333333333
2026-06-29 11:00:00+00:00,Karachi,78.75,71.58333333333333,73.95833333333333
2026-06-29 12:00:00+00:00,Karachi,78.75,71.58333333333333,73.95833333333333
2026-06-29 13:00:00+00:00,Karachi,78.75,71.58333333333333,73.95833333333333
2026-06-29 14:00:00+00:00,Karachi,78.75,71.58333333333333,73.95833333333333
2026-06-29 15:00:00+00:00,Karachi,78.75,71.58333333333333,73.95833333333333
2026-06-29 16:00:00+00:00,Karachi,78.75,71.58333333333333,73.95833333333333
2026-06-29 17:00:00+00:00,Karachi,78.75,71.58333333333333,73.95833333333333
2026-06-29 18:00:00+00:00,Karachi,78.75,71.58333333333333,73.95833333333333
2026-06-29 19:00:00+00:00,Karachi,78.75,71.58333333333333,73.95833333333333
2026-06-29 20:00:00+00:00,Karachi,78.75,71.58333333333333,73.95833333333333
2026-06-29 21:00:00+00:00,Karachi,78.75,71.58333333333333,73.95833333333333
2026-06-29 22:00:00+00:00,Karachi,78.75,71.58333333333333,73.95833333333333
2026-06-29 23:00:00+00:00,Karachi,78.75,71.58333333333333,73.95833333333333
2026-06-30 00:00:00+00:00,Karachi,71.58333333333333,73.95833333333333,77.66666666666667
2026-06-30 01:00:00+00:00,Karachi,71.58333333333333,73.95833333333333,77.66666666666667
2026-06-30 02:00:00+00:00,Karachi,71.58333333333333,73.95833333333333,77.66666666666667
2026-06-30 03:00:00+00:00,Karachi,71.58333333333333,73.95833333333333,77.66666666666667
2026-06-30 04:00:00+00:00,Karachi,71.58333333333333,73.95833333333333,77.66666666666667
2026-06-30 05:00:00+00:00,Karachi,71.58333333333333,73.95833333333333,77.66666666666667
2026-06-30 06:00:00+00:00,Karachi,71.58333333333333,73.95833333333333,77.66666666666667
2026-06-30 07:00:00+00:00,Karachi,71.58333333333333,73.95833333333333,77.66666666666667
2026-06-30 08:00:00+00:00,Karachi,71.58333333333333,73.95833333333333,77.66666666666667
2026-06-30 09:00:00+00:00,Karachi,71.58333333333333,73.95833333333333,77.66666666666667
2026-06-30 10:00:00+00:00,Karachi,71.58333333333333,73.95833333333333,77.66666666666667
2026-06-30 11:00:00+00:00,Karachi,71.58333333333333,73.95833333333333,77.66666666666667
2026-06-30 12:00:00+00:00,Karachi,71.58333333333333,73.95833333333333,77.66666666666667
2026-06-30 13:00:00+00:00,Karachi,71.58333333333333,73.95833333333333,77.66666666666667
2026-06-30 14:00:00+00:00,Karachi,71.58333333333333,73.95833333333333,77.66666666666667
2026-06-30 15:00:00+00:00,Karachi,71.58333333333333,73.95833333333333,77.66666666666667
2026-06-30 16:00:00+00:00,Karachi,71.58333333333333,73.95833333333333,77.66666666666667
2026-06-30 17:00:00+00:00,Karachi,71.58333333333333,73.95833333333333,77.66666666666667
2026-06-30 18:00:00+00:00,Karachi,71.58333333333333,73.95833333333333,77.66666666666667
2026-06-30 19:00:00+00:00,Karachi,71.58333333333333,73.95833333333333,77.66666666666667
2026-06-30 20:00:00+00:00,Karachi,71.58333333333333,73.95833333333333,77.66666666666667
2026-06-30 21:00:00+00:00,Karachi,71.58333333333333,73.95833333333333,77.66666666666667
2026-06-30 22:00:00+00:00,Karachi,71.58333333333333,73.95833333333333,77.66666666666667
2026-06-30 23:00:00+00:00,Karachi,71.58333333333333,73.95833333333333,77.66666666666667
2026-07-01 00:00:00+00:00,Karachi,73.95833333333333,77.66666666666667,85.75
2026-07-01 01:00:00+00:00,Karachi,73.95833333333333,77.66666666666667,85.75
2026-07-01 02:00:00+00:00,Karachi,73.95833333333333,77.66666666666667,85.75
2026-07-01 03:00:00+00:00,Karachi,73.95833333333333,77.66666666666667,85.75
2026-07-01 04:00:00+00:00,Karachi,73.95833333333333,77.66666666666667,85.75
2026-07-01 05:00:00+00:00,Karachi,73.95833333333333,77.66666666666667,85.75
2026-07-01 06:00:00+00:00,Karachi,73.95833333333333,77.66666666666667,85.75
2026-07-01 07:00:00+00:00,Karachi,73.95833333333333,77.66666666666667,85.75
2026-07-01 08:00:00+00:00,Karachi,73.95833333333333,77.66666666666667,85.75
2026-07-01 09:00:00+00:00,Karachi,73.95833333333333,77.66666666666667,85.75
2026-07-01 10:00:00+00:00,Karachi,73.95833333333333,77.66666666666667,85.75
2026-07-01 11:00:00+00:00,Karachi,73.95833333333333,77.66666666666667,85.75
2026-07-01 12:00:00+00:00,Karachi,73.95833333333333,77.66666666666667,85.75
2026-07-01 13:00:00+00:00,Karachi,73.95833333333333,77.66666666666667,85.75
2026-07-01 14:00:00+00:00,Karachi,73.95833333333333,77.66666666666667,85.75
2026-07-01 15:00:00+00:00,Karachi,73.95833333333333,77.66666666666667,85.75
2026-07-01 16:00:00+00:00,Karachi,73.95833333333333,77.66666666666667,85.75
2026-07-01 17:00:00+00:00,Karachi,73.95833333333333,77.66666666666667,85.75
2026-07-01 18:00:00+00:00,Karachi,73.95833333333333,77.66666666666667,85.75
2026-07-01 19:00:00+00:00,Karachi,73.95833333333333,77.66666666666667,85.75
2026-07-01 20:00:00+00:00,Karachi,73.95833333333333,77.66666666666667,85.75
2026-07-01 21:00:00+00:00,Karachi,73.95833333333333,77.66666666666667,85.75
2026-07-01 22:00:00+00:00,Karachi,73.95833333333333,77.66666666666667,85.75
2026-07-01 23:00:00+00:00,Karachi,73.95833333333333,77.66666666666667,85.75
2026-07-02 00:00:00+00:00,Karachi,77.66666666666667,85.75,100.125
2026-07-02 01:00:00+00:00,Karachi,77.66666666666667,85.75,100.125
2026-07-02 02:00:00+00:00,Karachi,77.66666666666667,85.75,100.125
2026-07-02 03:00:00+00:00,Karachi,77.66666666666667,85.75,100.125
2026-07-02 04:00:00+00:00,Karachi,77.66666666666667,85.75,100.125
2026-07-02 05:00:00+00:00,Karachi,77.66666666666667,85.75,100.125
2026-07-02 06:00:00+00:00,Karachi,77.66666666666667,85.75,100.125
2026-07-02 07:00:00+00:00,Karachi,77.66666666666667,85.75,100.125
2026-07-02 08:00:00+00:00,Karachi,77.66666666666667,85.75,100.125
2026-07-02 09:00:00+00:00,Karachi,77.66666666666667,85.75,100.125
2026-07-02 10:00:00+00:00,Karachi,77.66666666666667,85.75,100.125
2026-07-02 11:00:00+00:00,Karachi,77.66666666666667,85.75,100.125
2026-07-02 12:00:00+00:00,Karachi,77.66666666666667,85.75,100.125
2026-07-02 13:00:00+00:00,Karachi,77.66666666666667,85.75,100.125
2026-07-02 14:00:00+00:00,Karachi,77.66666666666667,85.75,100.125
2026-07-02 15:00:00+00:00,Karachi,77.66666666666667,85.75,100.125
2026-07-02 16:00:00+00:00,Karachi,77.66666666666667,85.75,100.125
2026-07-02 17:00:00+00:00,Karachi,77.66666666666667,85.75,100.125
2026-07-02 18:00:00+00:00,Karachi,77.66666666666667,85.75,100.125
2026-07-02 19:00:00+00:00,Karachi,77.66666666666667,85.75,100.125
2026-07-02 20:00:00+00:00,Karachi,77.66666666666667,85.75,100.125
2026-07-02 21:00:00+00:00,Karachi,77.66666666666667,85.75,100.125
2026-07-02 22:00:00+00:00,Karachi,77.66666666666667,85.75,100.125
2026-07-02 23:00:00+00:00,Karachi,77.66666666666667,85.75,100.125
2026-07-03 00:00:00+00:00,Karachi,85.75,100.125,105.0
2026-07-03 01:00:00+00:00,Karachi,85.75,100.125,105.0
2026-07-03 02:00:00+00:00,Karachi,85.75,100.125,105.0
2026-07-03 03:00:00+00:00,Karachi,85.75,100.125,105.0
2026-07-03 04:00:00+00:00,Karachi,85.75,100.125,105.0
2026-07-03 05:00:00+00:00,Karachi,85.75,100.125,105.0
2026-07-03 06:00:00+00:00,Karachi,85.75,100.125,105.0
2026-07-03 07:00:00+00:00,Karachi,85.75,100.125,105.0
2026-07-03 08:00:00+00:00,Karachi,85.75,100.125,105.0
2026-07-03 09:00:00+00:00,Karachi,85.75,100.125,105.0
2026-07-03 10:00:00+00:00,Karachi,85.75,100.125,105.0
2026-07-03 11:00:00+00:00,Karachi,85.75,100.125,105.0
2026-07-03 12:00:00+00:00,Karachi,85.75,100.125,105.0
2026-07-03 13:00:00+00:00,Karachi,85.75,100.125,105.0
2026-07-03 14:00:00+00:00,Karachi,85.75,100.125,105.0
2026-07-03 15:00:00+00:00,Karachi,85.75,100.125,105.0
2026-07-03 16:00:00+00:00,Karachi,85.75,100.125,105.0
2026-07-03 17:00:00+00:00,Karachi,85.75,100.125,105.0
2026-07-03 18:00:00+00:00,Karachi,85.75,100.125,105.0
2026-07-03 19:00:00+00:00,Karachi,85.75,100.125,105.0
2026-07-03 20:00:00+00:00,Karachi,85.75,100.125,105.0
2026-07-03 21:00:00+00:00,Karachi,85.75,100.125,105.0
2026-07-03 22:00:00+00:00,Karachi,85.75,100.125,105.0
2026-07-03 23:00:00+00:00,Karachi,85.75,100.125,105.0
2026-07-04 00:00:00+00:00,Karachi,100.125,105.0,89.5
2026-07-04 01:00:00+00:00,Karachi,100.125,105.0,89.5
2026-07-04 02:00:00+00:00,Karachi,100.125,105.0,89.5
2026-07-04 03:00:00+00:00,Karachi,100.125,105.0,89.5
2026-07-04 04:00:00+00:00,Karachi,100.125,105.0,89.5
2026-07-04 05:00:00+00:00,Karachi,100.125,105.0,89.5
2026-07-04 06:00:00+00:00,Karachi,100.125,105.0,89.5
2026-07-04 07:00:00+00:00,Karachi,100.125,105.0,89.5
2026-07-04 08:00:00+00:00,Karachi,100.125,105.0,89.5
2026-07-04 09:00:00+00:00,Karachi,100.125,105.0,89.5
2026-07-04 10:00:00+00:00,Karachi,100.125,105.0,89.5
2026-07-04 11:00:00+00:00,Karachi,100.125,105.0,89.5
2026-07-04 12:00:00+00:00,Karachi,100.125,105.0,89.5
2026-07-04 13:00:00+00:00,Karachi,100.125,105.0,89.5
2026-07-04 14:00:00+00:00,Karachi,100.125,105.0,89.5
2026-07-04 15:00:00+00:00,Karachi,100.125,105.0,89.5
2026-07-04 16:00:00+00:00,Karachi,100.125,105.0,89.5
2026-07-04 17:00:00+00:00,Karachi,100.125,105.0,89.5
2026-07-04 18:00:00+00:00,Karachi,100.125,105.0,89.5
2026-07-04 19:00:00+00:00,Karachi,100.125,105.0,89.5
2026-07-04 20:00:00+00:00,Karachi,100.125,105.0,89.5
2026-07-04 21:00:00+00:00,Karachi,100.125,105.0,89.5
2026-07-04 22:00:00+00:00,Karachi,100.125,105.0,89.5
2026-07-04 23:00:00+00:00,Karachi,100.125,105.0,89.5
2026-07-05 00:00:00+00:00,Karachi,105.0,89.5,85.625
2026-07-05 01:00:00+00:00,Karachi,105.0,89.5,85.625
2026-07-05 02:00:00+00:00,Karachi,105.0,89.5,85.625
2026-07-05 03:00:00+00:00,Karachi,105.0,89.5,85.625
2026-07-05 04:00:00+00:00,Karachi,105.0,89.5,85.625
2026-07-05 05:00:00+00:00,Karachi,105.0,89.5,85.625
2026-07-05 06:00:00+00:00,Karachi,105.0,89.5,85.625
2026-07-05 07:00:00+00:00,Karachi,105.0,89.5,85.625
2026-07-05 08:00:00+00:00,Karachi,105.0,89.5,85.625
2026-07-05 09:00:00+00:00,Karachi,105.0,89.5,85.625
2026-07-05 10:00:00+00:00,Karachi,105.0,89.5,85.625
2026-07-05 11:00:00+00:00,Karachi,105.0,89.5,85.625
2026-07-05 12:00:00+00:00,Karachi,105.0,89.5,85.625
2026-07-05 13:00:00+00:00,Karachi,105.0,89.5,85.625
2026-07-05 14:00:00+00:00,Karachi,105.0,89.5,85.625
2026-07-05 15:00:00+00:00,Karachi,105.0,89.5,85.625
2026-07-05 16:00:00+00:00,Karachi,105.0,89.5,85.625
2026-07-05 17:00:00+00:00,Karachi,105.0,89.5,85.625
2026-07-05 18:00:00+00:00,Karachi,105.0,89.5,85.625
2026-07-05 19:00:00+00:00,Karachi,105.0,89.5,85.625
2026-07-05 20:00:00+00:00,Karachi,105.0,89.5,85.625
2026-07-05 21:00:00+00:00,Karachi,105.0,89.5,85.625
2026-07-05 22:00:00+00:00,Karachi,105.0,89.5,85.625
2026-07-05 23:00:00+00:00,Karachi,105.0,89.5,85.625
2026-07-06 00:00:00+00:00,Karachi,89.5,85.625,82.16666666666667
2026-07-06 01:00:00+00:00,Karachi,89.5,85.625,82.16666666666667
2026-07-06 02:00:00+00:00,Karachi,89.5,85.625,82.16666666666667
2026-07-06 03:00:00+00:00,Karachi,89.5,85.625,82.16666666666667
2026-07-06 04:00:00+00:00,Karachi,89.5,85.625,82.16666666666667
2026-07-06 05:00:00+00:00,Karachi,89.5,85.625,82.16666666666667
2026-07-06 06:00:00+00:00,Karachi,89.5,85.625,82.16666666666667
2026-07-06 07:00:00+00:00,Karachi,89.5,85.625,82.16666666666667
2026-07-06 08:00:00+00:00,Karachi,89.5,85.625,82.16666666666667
2026-07-06 09:00:00+00:00,Karachi,89.5,85.625,82.16666666666667
2026-07-06 10:00:00+00:00,Karachi,89.5,85.625,82.16666666666667
2026-07-06 11:00:00+00:00,Karachi,89.5,85.625,82.16666666666667
2026-07-06 12:00:00+00:00,Karachi,89.5,85.625,82.16666666666667
2026-07-06 13:00:00+00:00,Karachi,89.5,85.625,82.16666666666667
2026-07-06 14:00:00+00:00,Karachi,89.5,85.625,82.16666666666667
2026-07-06 15:00:00+00:00,Karachi,89.5,85.625,82.16666666666667
2026-07-06 16:00:00+00:00,Karachi,89.5,85.625,82.16666666666667
2026-07-06 17:00:00+00:00,Karachi,89.5,85.625,82.16666666666667
2026-07-06 18:00:00+00:00,Karachi,89.5,85.625,82.16666666666667
2026-07-06 19:00:00+00:00,Karachi,89.5,85.625,82.16666666666667
2026-07-06 20:00:00+00:00,Karachi,89.5,85.625,82.16666666666667
2026-07-06 21:00:00+00:00,Karachi,89.5,85.625,82.16666666666667
2026-07-06 22:00:00+00:00,Karachi,89.5,85.625,82.16666666666667
2026-07-06 23:00:00+00:00,Karachi,89.5,85.625,82.16666666666667
2026-07-07 00:00:00+00:00,Karachi,85.625,82.16666666666667,76.33333333333333
2026-07-07 01:00:00+00:00,Karachi,85.625,82.16666666666667,76.33333333333333
2026-07-07 02:00:00+00:00,Karachi,85.625,82.16666666666667,76.33333333333333
2026-07-07 03:00:00+00:00,Karachi,85.625,82.16666666666667,76.33333333333333
2026-07-07 04:00:00+00:00,Karachi,85.625,82.16666666666667,76.33333333333333
2026-07-07 05:00:00+00:00,Karachi,85.625,82.16666666666667,76.33333333333333
2026-07-07 06:00:00+00:00,Karachi,85.625,82.16666666666667,76.33333333333333
2026-07-07 07:00:00+00:00,Karachi,85.625,82.16666666666667,76.33333333333333
2026-07-07 08:00:00+00:00,Karachi,85.625,82.16666666666667,76.33333333333333
2026-07-07 09:00:00+00:00,Karachi,85.625,82.16666666666667,76.33333333333333
2026-07-07 10:00:00+00:00,Karachi,85.625,82.16666666666667,76.33333333333333
2026-07-07 11:00:00+00:00,Karachi,85.625,82.16666666666667,76.33333333333333
2026-07-07 12:00:00+00:00,Karachi,85.625,82.16666666666667,76.33333333333333
2026-07-07 13:00:00+00:00,Karachi,85.625,82.16666666666667,76.33333333333333
2026-07-07 14:00:00+00:00,Karachi,85.625,82.16666666666667,76.33333333333333
2026-07-07 15:00:00+00:00,Karachi,85.625,82.16666666666667,76.33333333333333
2026-07-07 16:00:00+00:00,Karachi,85.625,82.16666666666667,76.33333333333333
2026-07-07 17:00:00+00:00,Karachi,85.625,82.16666666666667,76.33333333333333
2026-07-07 18:00:00+00:00,Karachi,85.625,82.16666666666667,76.33333333333333
2026-07-07 19:00:00+00:00,Karachi,85.625,82.16666666666667,76.33333333333333
2026-07-07 20:00:00+00:00,Karachi,85.625,82.16666666666667,76.33333333333333
2026-07-07 21:00:00+00:00,Karachi,85.625,82.16666666666667,76.33333333333333
2026-07-07 22:00:00+00:00,Karachi,85.625,82.16666666666667,76.33333333333333
2026-07-07 23:00:00+00:00,Karachi,85.625,82.16666666666667,76.33333333333333
2026-07-08 00:00:00+00:00,Karachi,82.16666666666667,76.33333333333333,75.16666666666667
2026-07-08 01:00:00+00:00,Karachi,82.16666666666667,76.33333333333333,75.16666666666667
2026-07-08 02:00:00+00:00,Karachi,82.16666666666667,76.33333333333333,75.16666666666667
2026-07-08 03:00:00+00:00,Karachi,82.16666666666667,76.33333333333333,75.16666666666667
2026-07-08 04:00:00+00:00,Karachi,82.16666666666667,76.33333333333333,75.16666666666667
2026-07-08 05:00:00+00:00,Karachi,82.16666666666667,76.33333333333333,75.16666666666667
2026-07-08 06:00:00+00:00,Karachi,82.16666666666667,76.33333333333333,75.16666666666667
2026-07-08 07:00:00+00:00,Karachi,82.16666666666667,76.33333333333333,75.16666666666667
2026-07-08 08:00:00+00:00,Karachi,82.16666666666667,76.33333333333333,75.16666666666667
2026-07-08 09:00:00+00:00,Karachi,82.16666666666667,76.33333333333333,75.16666666666667
2026-07-08 10:00:00+00:00,Karachi,82.16666666666667,76.33333333333333,75.16666666666667
2026-07-08 11:00:00+00:00,Karachi,82.16666666666667,76.33333333333333,75.16666666666667
2026-07-08 12:00:00+00:00,Karachi,82.16666666666667,76.33333333333333,75.16666666666667
2026-07-08 13:00:00+00:00,Karachi,82.16666666666667,76.33333333333333,75.16666666666667
2026-07-08 14:00:00+00:00,Karachi,82.16666666666667,76.33333333333333,75.16666666666667
2026-07-08 15:00:00+00:00,Karachi,82.16666666666667,76.33333333333333,75.16666666666667
2026-07-08 16:00:00+00:00,Karachi,82.16666666666667,76.33333333333333,75.16666666666667
2026-07-08 17:00:00+00:00,Karachi,82.16666666666667,76.33333333333333,75.16666666666667
2026-07-08 18:00:00+00:00,Karachi,82.16666666666667,76.33333333333333,75.16666666666667
2026-07-08 19:00:00+00:00,Karachi,82.16666666666667,76.33333333333333,75.16666666666667
2026-07-08 20:00:00+00:00,Karachi,82.16666666666667,76.33333333333333,75.16666666666667
2026-07-08 21:00:00+00:00,Karachi,82.16666666666667,76.33333333333333,75.16666666666667
2026-07-08 22:00:00+00:00,Karachi,82.16666666666667,76.33333333333333,75.16666666666667
2026-07-08 23:00:00+00:00,Karachi,82.16666666666667,76.33333333333333,75.16666666666667
2026-07-09 00:00:00+00:00,Karachi,76.33333333333333,75.16666666666667,76.41666666666667
2026-07-09 01:00:00+00:00,Karachi,76.33333333333333,75.16666666666667,76.41666666666667
2026-07-09 02:00:00+00:00,Karachi,76.33333333333333,75.16666666666667,76.41666666666667
2026-07-09 03:00:00+00:00,Karachi,76.33333333333333,75.16666666666667,76.41666666666667
2026-07-09 04:00:00+00:00,Karachi,76.33333333333333,75.16666666666667,76.41666666666667
2026-07-09 05:00:00+00:00,Karachi,76.33333333333333,75.16666666666667,76.41666666666667
2026-07-09 06:00:00+00:00,Karachi,76.33333333333333,75.16666666666667,76.41666666666667
2026-07-09 07:00:00+00:00,Karachi,76.33333333333333,75.16666666666667,76.41666666666667
2026-07-09 08:00:00+00:00,Karachi,76.33333333333333,75.16666666666667,76.41666666666667
2026-07-09 09:00:00+00:00,Karachi,76.33333333333333,75.16666666666667,76.41666666666667
2026-07-09 10:00:00+00:00,Karachi,76.33333333333333,75.16666666666667,76.41666666666667
2026-07-09 11:00:00+00:00,Karachi,76.33333333333333,75.16666666666667,76.41666666666667
2026-07-09 12:00:00+00:00,Karachi,76.33333333333333,75.16666666666667,76.41666666666667
2026-07-09 13:00:00+00:00,Karachi,76.33333333333333,75.16666666666667,76.41666666666667
2026-07-09 14:00:00+00:00,Karachi,76.33333333333333,75.16666666666667,76.41666666666667
2026-07-09 15:00:00+00:00,Karachi,76.33333333333333,75.16666666666667,76.41666666666667
2026-07-09 16:00:00+00:00,Karachi,76.33333333333333,75.16666666666667,76.41666666666667
2026-07-09 17:00:00+00:00,Karachi,76.33333333333333,75.16666666666667,76.41666666666667
2026-07-09 18:00:00+00:00,Karachi,76.33333333333333,75.16666666666667,76.41666666666667
2026-07-09 19:00:00+00:00,Karachi,76.33333333333333,75.16666666666667,76.41666666666667
2026-07-09 20:00:00+00:00,Karachi,76.33333333333333,75.16666666666667,76.41666666666667
2026-07-09 21:00:00+00:00,Karachi,76.33333333333333,75.16666666666667,76.41666666666667
2026-07-09 22:00:00+00:00,Karachi,76.33333333333333,75.16666666666667,76.41666666666667
2026-07-09 23:00:00+00:00,Karachi,76.33333333333333,75.16666666666667,76.41666666666667
2026-07-10 00:00:00+00:00,Karachi,75.16666666666667,76.41666666666667,77.33333333333333
2026-07-10 01:00:00+00:00,Karachi,75.16666666666667,76.41666666666667,77.33333333333333
2026-07-10 02:00:00+00:00,Karachi,75.16666666666667,76.41666666666667,77.33333333333333
2026-07-10 03:00:00+00:00,Karachi,75.16666666666667,76.41666666666667,77.33333333333333
2026-07-10 04:00:00+00:00,Karachi,75.16666666666667,76.41666666666667,77.33333333333333
2026-07-10 05:00:00+00:00,Karachi,75.16666666666667,76.41666666666667,77.33333333333333
2026-07-10 06:00:00+00:00,Karachi,75.16666666666667,76.41666666666667,77.33333333333333
2026-07-10 07:00:00+00:00,Karachi,75.16666666666667,76.41666666666667,77.33333333333333
2026-07-10 08:00:00+00:00,Karachi,75.16666666666667,76.41666666666667,77.33333333333333
2026-07-10 09:00:00+00:00,Karachi,75.16666666666667,76.41666666666667,77.33333333333333
2026-07-10 10:00:00+00:00,Karachi,75.16666666666667,76.41666666666667,77.33333333333333
2026-07-10 11:00:00+00:00,Karachi,75.16666666666667,76.41666666666667,77.33333333333333
2026-07-10 12:00:00+00:00,Karachi,75.16666666666667,76.41666666666667,77.33333333333333
2026-07-10 13:00:00+00:00,Karachi,75.16666666666667,76.41666666666667,77.33333333333333
2026-07-10 14:00:00+00:00,Karachi,75.16666666666667,76.41666666666667,77.33333333333333
2026-07-10 15:00:00+00:00,Karachi,75.16666666666667,76.41666666666667,77.33333333333333
2026-07-10 16:00:00+00:00,Karachi,75.16666666666667,76.41666666666667,77.33333333333333
2026-07-10 17:00:00+00:00,Karachi,75.16666666666667,76.41666666666667,77.33333333333333
2026-07-10 18:00:00+00:00,Karachi,75.16666666666667,76.41666666666667,77.33333333333333
2026-07-10 19:00:00+00:00,Karachi,75.16666666666667,76.41666666666667,77.33333333333333
2026-07-10 20:00:00+00:00,Karachi,75.16666666666667,76.41666666666667,77.33333333333333
2026-07-10 21:00:00+00:00,Karachi,75.16666666666667,76.41666666666667,77.33333333333333
2026-07-10 22:00:00+00:00,Karachi,75.16666666666667,76.41666666666667,77.33333333333333
2026-07-10 23:00:00+00:00,Karachi,75.16666666666667,76.41666666666667,77.33333333333333
2026-07-11 00:00:00+00:00,Karachi,76.41666666666667,77.33333333333333,74.58333333333333
2026-07-11 01:00:00+00:00,Karachi,76.41666666666667,77.33333333333333,74.58333333333333
2026-07-11 02:00:00+00:00,Karachi,76.41666666666667,77.33333333333333,74.58333333333333
2026-07-11 03:00:00+00:00,Karachi,76.41666666666667,77.33333333333333,74.58333333333333
2026-07-11 04:00:00+00:00,Karachi,76.41666666666667,77.33333333333333,74.58333333333333
2026-07-11 05:00:00+00:00,Karachi,76.41666666666667,77.33333333333333,74.58333333333333
2026-07-11 06:00:00+00:00,Karachi,76.41666666666667,77.33333333333333,74.58333333333333
2026-07-11 07:00:00+00:00,Karachi,76.41666666666667,77.33333333333333,74.58333333333333
2026-07-11 08:00:00+00:00,Karachi,76.41666666666667,77.33333333333333,74.58333333333333
2026-07-11 09:00:00+00:00,Karachi,76.41666666666667,77.33333333333333,74.58333333333333
2026-07-11 10:00:00+00:00,Karachi,76.41666666666667,77.33333333333333,74.58333333333333
2026-07-11 11:00:00+00:00,Karachi,76.41666666666667,77.33333333333333,74.58333333333333
2026-07-11 12:00:00+00:00,Karachi,76.41666666666667,77.33333333333333,74.58333333333333
2026-07-11 13:00:00+00:00,Karachi,76.41666666666667,77.33333333333333,74.58333333333333
2026-07-11 14:00:00+00:00,Karachi,76.41666666666667,77.33333333333333,74.58333333333333
2026-07-11 15:00:00+00:00,Karachi,76.41666666666667,77.33333333333333,74.58333333333333
2026-07-11 16:00:00+00:00,Karachi,76.41666666666667,77.33333333333333,74.58333333333333
2026-07-11 17:00:00+00:00,Karachi,76.41666666666667,77.33333333333333,74.58333333333333
2026-07-11 18:00:00+00:00,Karachi,76.41666666666667,77.33333333333333,74.58333333333333
2026-07-11 19:00:00+00:00,Karachi,76.41666666666667,77.33333333333333,74.58333333333333
2026-07-11 20:00:00+00:00,Karachi,76.41666666666667,77.33333333333333,74.58333333333333
2026-07-11 21:00:00+00:00,Karachi,76.41666666666667,77.33333333333333,74.58333333333333
2026-07-11 22:00:00+00:00,Karachi,76.41666666666667,77.33333333333333,74.58333333333333
2026-07-11 23:00:00+00:00,Karachi,76.41666666666667,77.33333333333333,74.58333333333333
2026-07-12 00:00:00+00:00,Karachi,77.33333333333333,74.58333333333333,73.20833333333333
2026-07-12 01:00:00+00:00,Karachi,77.33333333333333,74.58333333333333,73.20833333333333
2026-07-12 02:00:00+00:00,Karachi,77.33333333333333,74.58333333333333,73.20833333333333
2026-07-12 03:00:00+00:00,Karachi,77.33333333333333,74.58333333333333,73.20833333333333
2026-07-12 04:00:00+00:00,Karachi,77.33333333333333,74.58333333333333,73.20833333333333
2026-07-12 05:00:00+00:00,Karachi,77.33333333333333,74.58333333333333,73.20833333333333
2026-07-12 06:00:00+00:00,Karachi,77.33333333333333,74.58333333333333,73.20833333333333
2026-07-12 07:00:00+00:00,Karachi,77.33333333333333,74.58333333333333,73.20833333333333
2026-07-12 08:00:00+00:00,Karachi,77.33333333333333,74.58333333333333,73.20833333333333
2026-07-12 09:00:00+00:00,Karachi,77.33333333333333,74.58333333333333,73.20833333333333
2026-07-12 10:00:00+00:00,Karachi,77.33333333333333,74.58333333333333,73.20833333333333
2026-07-12 11:00:00+00:00,Karachi,77.33333333333333,74.58333333333333,73.20833333333333
2026-07-12 12:00:00+00:00,Karachi,77.33333333333333,74.58333333333333,73.20833333333333
2026-07-12 13:00:00+00:00,Karachi,77.33333333333333,74.58333333333333,73.20833333333333
2026-07-12 14:00:00+00:00,Karachi,77.33333333333333,74.58333333333333,73.20833333333333
2026-07-12 15:00:00+00:00,Karachi,77.33333333333333,74.58333333333333,73.20833333333333
2026-07-12 16:00:00+00:00,Karachi,77.33333333333333,74.58333333333333,73.20833333333333
2026-07-12 17:00:00+00:00,Karachi,77.33333333333333,74.58333333333333,73.20833333333333
2026-07-12 18:00:00+00:00,Karachi,77.33333333333333,74.58333333333333,73.20833333333333
2026-07-12 19:00:00+00:00,Karachi,77.33333333333333,74.58333333333333,73.20833333333333
2026-07-12 20:00:00+00:00,Karachi,77.33333333333333,74.58333333333333,73.20833333333333
2026-07-12 21:00:00+00:00,Karachi,77.33333333333333,74.58333333333333,73.20833333333333
2026-07-12 22:00:00+00:00,Karachi,77.33333333333333,74.58333333333333,73.20833333333333
2026-07-12 23:00:00+00:00,Karachi,77.33333333333333,74.58333333333333,73.20833333333333
2026-07-13 00:00:00+00:00,Karachi,74.58333333333333,73.20833333333333,75.04166666666667
2026-07-13 01:00:00+00:00,Karachi,74.58333333333333,73.20833333333333,75.04166666666667
2026-07-13 02:00:00+00:00,Karachi,74.58333333333333,73.20833333333333,75.04166666666667
2026-07-13 03:00:00+00:00,Karachi,74.58333333333333,73.20833333333333,75.04166666666667
2026-07-13 04:00:00+00:00,Karachi,74.58333333333333,73.20833333333333,75.04166666666667
2026-07-13 05:00:00+00:00,Karachi,74.58333333333333,73.20833333333333,75.04166666666667
2026-07-13 06:00:00+00:00,Karachi,74.58333333333333,73.20833333333333,75.04166666666667
2026-07-13 07:00:00+00:00,Karachi,74.58333333333333,73.20833333333333,75.04166666666667
2026-07-13 08:00:00+00:00,Karachi,74.58333333333333,73.20833333333333,75.04166666666667
2026-07-13 09:00:00+00:00,Karachi,74.58333333333333,73.20833333333333,75.04166666666667
2026-07-13 10:00:00+00:00,Karachi,74.58333333333333,73.20833333333333,75.04166666666667
2026-07-13 11:00:00+00:00,Karachi,74.58333333333333,73.20833333333333,75.04166666666667
2026-07-13 12:00:00+00:00,Karachi,74.58333333333333,73.20833333333333,75.04166666666667
2026-07-13 13:00:00+00:00,Karachi,74.58333333333333,73.20833333333333,75.04166666666667
2026-07-13 14:00:00+00:00,Karachi,74.58333333333333,73.20833333333333,75.04166666666667
2026-07-13 15:00:00+00:00,Karachi,74.58333333333333,73.20833333333333,75.04166666666667
2026-07-13 16:00:00+00:00,Karachi,74.58333333333333,73.20833333333333,75.04166666666667
2026-07-13 17:00:00+00:00,Karachi,74.58333333333333,73.20833333333333,75.04166666666667
2026-07-13 18:00:00+00:00,Karachi,74.58333333333333,73.20833333333333,75.04166666666667
2026-07-13 19:00:00+00:00,Karachi,74.58333333333333,73.20833333333333,75.04166666666667
2026-07-13 20:00:00+00:00,Karachi,74.58333333333333,73.20833333333333,75.04166666666667
2026-07-13 21:00:00+00:00,Karachi,74.58333333333333,73.20833333333333,75.04166666666667
2026-07-13 22:00:00+00:00,Karachi,74.58333333333333,73.20833333333333,75.04166666666667
2026-07-13 23:00:00+00:00,Karachi,74.58333333333333,73.20833333333333,75.04166666666667
2026-07-14 00:00:00+00:00,Karachi,73.20833333333333,75.04166666666667,70.29166666666667
2026-07-14 01:00:00+00:00,Karachi,73.20833333333333,75.04166666666667,70.29166666666667
2026-07-14 02:00:00+00:00,Karachi,73.20833333333333,75.04166666666667,70.29166666666667
2026-07-14 03:00:00+00:00,Karachi,73.20833333333333,75.04166666666667,70.29166666666667
2026-07-14 04:00:00+00:00,Karachi,73.20833333333333,75.04166666666667,70.29166666666667
2026-07-14 05:00:00+00:00,Karachi,73.20833333333333,75.04166666666667,70.29166666666667
2026-07-14 06:00:00+00:00,Karachi,73.20833333333333,75.04166666666667,70.29166666666667
2026-07-14 07:00:00+00:00,Karachi,73.20833333333333,75.04166666666667,70.29166666666667
2026-07-14 08:00:00+00:00,Karachi,73.20833333333333,75.04166666666667,70.29166666666667
2026-07-14 09:00:00+00:00,Karachi,73.20833333333333,75.04166666666667,70.29166666666667
2026-07-14 10:00:00+00:00,Karachi,73.20833333333333,75.04166666666667,70.29166666666667
2026-07-14 11:00:00+00:00,Karachi,73.20833333333333,75.04166666666667,70.29166666666667
2026-07-14 12:00:00+00:00,Karachi,73.20833333333333,75.04166666666667,70.29166666666667
2026-07-14 13:00:00+00:00,Karachi,73.20833333333333,75.04166666666667,70.29166666666667
2026-07-14 14:00:00+00:00,Karachi,73.20833333333333,75.04166666666667,70.29166666666667
2026-07-14 15:00:00+00:00,Karachi,73.20833333333333,75.04166666666667,70.29166666666667
2026-07-14 16:00:00+00:00,Karachi,73.20833333333333,75.04166666666667,70.29166666666667
2026-07-14 17:00:00+00:00,Karachi,73.20833333333333,75.04166666666667,70.29166666666667
2026-07-14 18:00:00+00:00,Karachi,73.20833333333333,75.04166666666667,70.29166666666667
2026-07-14 19:00:00+00:00,Karachi,73.20833333333333,75.04166666666667,70.29166666666667
2026-07-14 20:00:00+00:00,Karachi,73.20833333333333,75.04166666666667,70.29166666666667
2026-07-14 21:00:00+00:00,Karachi,73.20833333333333,75.04166666666667,70.29166666666667
2026-07-14 22:00:00+00:00,Karachi,73.20833333333333,75.04166666666667,70.29166666666667
2026-07-14 23:00:00+00:00,Karachi,73.20833333333333,75.04166666666667,70.29166666666667
2026-07-15 00:00:00+00:00,Karachi,75.04166666666667,70.29166666666667,65.33333333333333
2026-07-15 01:00:00+00:00,Karachi,75.04166666666667,70.29166666666667,65.33333333333333
2026-07-15 02:00:00+00:00,Karachi,75.04166666666667,70.29166666666667,65.33333333333333
2026-07-15 03:00:00+00:00,Karachi,75.04166666666667,70.29166666666667,65.33333333333333
2026-07-15 04:00:00+00:00,Karachi,75.04166666666667,70.29166666666667,65.33333333333333
2026-07-15 05:00:00+00:00,Karachi,75.04166666666667,70.29166666666667,65.33333333333333
2026-07-15 06:00:00+00:00,Karachi,75.04166666666667,70.29166666666667,65.33333333333333
2026-07-15 07:00:00+00:00,Karachi,75.04166666666667,70.29166666666667,65.33333333333333
2026-07-15 08:00:00+00:00,Karachi,75.04166666666667,70.29166666666667,65.33333333333333
2026-07-15 09:00:00+00:00,Karachi,75.04166666666667,70.29166666666667,65.33333333333333
2026-07-15 10:00:00+00:00,Karachi,75.04166666666667,70.29166666666667,65.33333333333333
2026-07-15 11:00:00+00:00,Karachi,75.04166666666667,70.29166666666667,65.33333333333333
2026-07-15 12:00:00+00:00,Karachi,75.04166666666667,70.29166666666667,65.33333333333333
2026-07-15 13:00:00+00:00,Karachi,75.04166666666667,70.29166666666667,65.33333333333333
2026-07-15 14:00:00+00:00,Karachi,75.04166666666667,70.29166666666667,65.33333333333333
2026-07-15 15:00:00+00:00,Karachi,75.04166666666667,70.29166666666667,65.33333333333333
2026-07-15 16:00:00+00:00,Karachi,75.04166666666667,70.29166666666667,65.33333333333333
2026-07-15 17:00:00+00:00,Karachi,75.04166666666667,70.29166666666667,65.33333333333333
2026-07-15 18:00:00+00:00,Karachi,75.04166666666667,70.29166666666667,65.33333333333333
2026-07-15 19:00:00+00:00,Karachi,75.04166666666667,70.29166666666667,65.33333333333333
2026-07-15 20:00:00+00:00,Karachi,75.04166666666667,70.29166666666667,65.33333333333333
2026-07-15 21:00:00+00:00,Karachi,75.04166666666667,70.29166666666667,65.33333333333333
2026-07-15 22:00:00+00:00,Karachi,75.04166666666667,70.29166666666667,65.33333333333333
2026-07-15 23:00:00+00:00,Karachi,75.04166666666667,70.29166666666667,65.33333333333333
2026-07-16 00:00:00+00:00,Karachi,70.29166666666667,65.33333333333333,69.04166666666667
2026-07-16 01:00:00+00:00,Karachi,70.29166666666667,65.33333333333333,69.04166666666667
2026-07-16 02:00:00+00:00,Karachi,70.29166666666667,65.33333333333333,69.04166666666667
2026-07-16 03:00:00+00:00,Karachi,70.29166666666667,65.33333333333333,69.04166666666667
2026-07-16 04:00:00+00:00,Karachi,70.29166666666667,65.33333333333333,69.04166666666667
2026-07-16 05:00:00+00:00,Karachi,70.29166666666667,65.33333333333333,69.04166666666667
2026-07-16 06:00:00+00:00,Karachi,70.29166666666667,65.33333333333333,69.04166666666667
2026-07-16 07:00:00+00:00,Karachi,70.29166666666667,65.33333333333333,69.04166666666667
2026-07-16 08:00:00+00:00,Karachi,70.29166666666667,65.33333333333333,69.04166666666667
2026-07-16 09:00:00+00:00,Karachi,70.29166666666667,65.33333333333333,69.04166666666667
2026-07-16 10:00:00+00:00,Karachi,70.29166666666667,65.33333333333333,69.04166666666667
2026-07-16 11:00:00+00:00,Karachi,70.29166666666667,65.33333333333333,69.04166666666667
2026-07-16 12:00:00+00:00,Karachi,70.29166666666667,65.33333333333333,69.04166666666667
2026-07-16 13:00:00+00:00,Karachi,70.29166666666667,65.33333333333333,69.04166666666667
2026-07-16 14:00:00+00:00,Karachi,70.29166666666667,65.33333333333333,69.04166666666667
2026-07-16 15:00:00+00:00,Karachi,70.29166666666667,65.33333333333333,69.04166666666667
2026-07-16 16:00:00+00:00,Karachi,70.29166666666667,65.33333333333333,69.04166666666667
2026-07-16 17:00:00+00:00,Karachi,70.29166666666667,65.33333333333333,69.04166666666667
2026-07-16 18:00:00+00:00,Karachi,70.29166666666667,65.33333333333333,69.04166666666667
2026-07-16 19:00:00+00:00,Karachi,70.29166666666667,65.33333333333333,69.04166666666667
2026-07-16 20:00:00+00:00,Karachi,70.29166666666667,65.33333333333333,69.04166666666667
2026-07-16 21:00:00+00:00,Karachi,70.29166666666667,65.33333333333333,69.04166666666667
2026-07-16 22:00:00+00:00,Karachi,70.29166666666667,65.33333333333333,69.04166666666667
2026-07-16 23:00:00+00:00,Karachi,70.29166666666667,65.33333333333333,69.04166666666667
2026-07-17 00:00:00+00:00,Karachi,65.33333333333333,69.04166666666667,70.95833333333333
2026-07-17 01:00:00+00:00,Karachi,65.33333333333333,69.04166666666667,70.95833333333333
2026-07-17 02:00:00+00:00,Karachi,65.33333333333333,69.04166666666667,70.95833333333333
2026-07-17 03:00:00+00:00,Karachi,65.33333333333333,69.04166666666667,70.95833333333333
2026-07-17 04:00:00+00:00,Karachi,65.33333333333333,69.04166666666667,70.95833333333333
2026-07-17 05:00:00+00:00,Karachi,65.33333333333333,69.04166666666667,70.95833333333333
2026-07-17 06:00:00+00:00,Karachi,65.33333333333333,69.04166666666667,70.95833333333333
2026-07-17 07:00:00+00:00,Karachi,65.33333333333333,69.04166666666667,70.95833333333333
2026-07-17 08:00:00+00:00,Karachi,65.33333333333333,69.04166666666667,70.95833333333333
2026-07-17 09:00:00+00:00,Karachi,65.33333333333333,69.04166666666667,70.95833333333333
2026-07-17 10:00:00+00:00,Karachi,65.33333333333333,69.04166666666667,70.95833333333333
2026-07-17 11:00:00+00:00,Karachi,65.33333333333333,69.04166666666667,70.95833333333333
2026-07-17 12:00:00+00:00,Karachi,65.33333333333333,69.04166666666667,70.95833333333333
2026-07-17 13:00:00+00:00,Karachi,65.33333333333333,69.04166666666667,70.95833333333333
2026-07-17 14:00:00+00:00,Karachi,65.33333333333333,69.04166666666667,70.95833333333333
2026-07-17 15:00:00+00:00,Karachi,65.33333333333333,69.04166666666667,70.95833333333333
2026-07-17 16:00:00+00:00,Karachi,65.33333333333333,69.04166666666667,70.95833333333333
2026-07-17 17:00:00+00:00,Karachi,65.33333333333333,69.04166666666667,70.95833333333333
2026-07-17 18:00:00+00:00,Karachi,65.33333333333333,69.04166666666667,70.95833333333333
2026-07-17 19:00:00+00:00,Karachi,65.33333333333333,69.04166666666667,70.95833333333333
2026-07-17 20:00:00+00:00,Karachi,65.33333333333333,69.04166666666667,70.95833333333333
2026-07-17 21:00:00+00:00,Karachi,65.33333333333333,69.04166666666667,70.95833333333333
2026-07-17 22:00:00+00:00,Karachi,65.33333333333333,69.04166666666667,70.95833333333333
2026-07-17 23:00:00+00:00,Karachi,65.33333333333333,69.04166666666667,70.95833333333333
2026-07-18 00:00:00+00:00,Karachi,69.04166666666667,70.95833333333333,73.79166666666667
2026-07-18 01:00:00+00:00,Karachi,69.04166666666667,70.95833333333333,73.79166666666667
2026-07-18 02:00:00+00:00,Karachi,69.04166666666667,70.95833333333333,73.79166666666667
2026-07-18 03:00:00+00:00,Karachi,69.04166666666667,70.95833333333333,73.79166666666667
2026-07-18 04:00:00+00:00,Karachi,69.04166666666667,70.95833333333333,73.79166666666667
2026-07-18 05:00:00+00:00,Karachi,69.04166666666667,70.95833333333333,73.79166666666667
2026-07-18 06:00:00+00:00,Karachi,69.04166666666667,70.95833333333333,73.79166666666667
2026-07-18 07:00:00+00:00,Karachi,69.04166666666667,70.95833333333333,73.79166666666667
2026-07-18 08:00:00+00:00,Karachi,69.04166666666667,70.95833333333333,73.79166666666667
2026-07-18 09:00:00+00:00,Karachi,69.04166666666667,70.95833333333333,73.79166666666667
2026-07-18 10:00:00+00:00,Karachi,69.04166666666667,70.95833333333333,73.79166666666667
2026-07-18 11:00:00+00:00,Karachi,69.04166666666667,70.95833333333333,73.79166666666667
2026-07-18 12:00:00+00:00,Karachi,69.04166666666667,70.95833333333333,73.79166666666667
2026-07-18 13:00:00+00:00,Karachi,69.04166666666667,70.95833333333333,73.79166666666667
2026-07-18 14:00:00+00:00,Karachi,69.04166666666667,70.95833333333333,73.79166666666667
2026-07-18 15:00:00+00:00,Karachi,69.04166666666667,70.95833333333333,73.79166666666667
2026-07-18 16:00:00+00:00,Karachi,69.04166666666667,70.95833333333333,73.79166666666667
2026-07-18 17:00:00+00:00,Karachi,69.04166666666667,70.95833333333333,73.79166666666667
2026-07-18 18:00:00+00:00,Karachi,69.04166666666667,70.95833333333333,73.79166666666667
2026-07-18 19:00:00+00:00,Karachi,69.04166666666667,70.95833333333333,73.79166666666667
2026-07-18 20:00:00+00:00,Karachi,69.04166666666667,70.95833333333333,73.79166666666667
2026-07-18 21:00:00+00:00,Karachi,69.04166666666667,70.95833333333333,73.79166666666667
2026-07-18 22:00:00+00:00,Karachi,69.04166666666667,70.95833333333333,73.79166666666667
2026-07-18 23:00:00+00:00,Karachi,69.04166666666667,70.95833333333333,73.79166666666667
2026-07-19 00:00:00+00:00,Karachi,70.95833333333333,73.79166666666667,74.75
2026-07-19 01:00:00+00:00,Karachi,70.95833333333333,73.79166666666667,74.75
2026-07-19 02:00:00+00:00,Karachi,70.95833333333333,73.79166666666667,74.75
2026-07-19 03:00:00+00:00,Karachi,70.95833333333333,73.79166666666667,74.75
2026-07-19 04:00:00+00:00,Karachi,70.95833333333333,73.79166666666667,74.75
2026-07-19 05:00:00+00:00,Karachi,70.95833333333333,73.79166666666667,74.75
2026-07-19 06:00:00+00:00,Karachi,70.95833333333333,73.79166666666667,74.75
2026-07-19 07:00:00+00:00,Karachi,70.95833333333333,73.79166666666667,74.75
2026-07-19 08:00:00+00:00,Karachi,70.95833333333333,73.79166666666667,74.75
2026-07-19 09:00:00+00:00,Karachi,70.95833333333333,73.79166666666667,74.75
2026-07-19 10:00:00+00:00,Karachi,70.95833333333333,73.79166666666667,74.75
2026-07-19 11:00:00+00:00,Karachi,70.95833333333333,73.79166666666667,74.75
2026-07-19 12:00:00+00:00,Karachi,70.95833333333333,73.79166666666667,74.75
2026-07-19 13:00:00+00:00,Karachi,70.95833333333333,73.79166666666667,74.75
2026-07-19 14:00:00+00:00,Karachi,70.95833333333333,73.79166666666667,74.75
2026-07-19 15:00:00+00:00,Karachi,70.95833333333333,73.79166666666667,74.75
2026-07-19 16:00:00+00:00,Karachi,70.95833333333333,73.79166666666667,74.75
2026-07-19 17:00:00+00:00,Karachi,70.95833333333333,73.79166666666667,74.75
2026-07-19 18:00:00+00:00,Karachi,70.95833333333333,73.79166666666667,74.75
2026-07-19 19:00:00+00:00,Karachi,70.95833333333333,73.79166666666667,74.75
2026-07-19 20:00:00+00:00,Karachi,70.95833333333333,73.79166666666667,74.75
2026-07-19 21:00:00+00:00,Karachi,70.95833333333333,73.79166666666667,74.75
2026-07-19 22:00:00+00:00,Karachi,70.95833333333333,73.79166666666667,74.75
2026-07-19 23:00:00+00:00,Karachi,70.95833333333333,73.79166666666667,74.75
2026-07-20 00:00:00+00:00,Karachi,73.79166666666667,74.75,81.04166666666667
2026-07-20 01:00:00+00:00,Karachi,73.79166666666667,74.75,81.04166666666667
2026-07-20 02:00:00+00:00,Karachi,73.79166666666667,74.75,81.04166666666667
2026-07-20 03:00:00+00:00,Karachi,73.79166666666667,74.75,81.04166666666667
2026-07-20 04:00:00+00:00,Karachi,73.79166666666667,74.75,81.04166666666667
2026-07-20 05:00:00+00:00,Karachi,73.79166666666667,74.75,81.04166666666667
2026-07-20 06:00:00+00:00,Karachi,73.79166666666667,74.75,81.04166666666667
2026-07-20 07:00:00+00:00,Karachi,73.79166666666667,74.75,81.04166666666667
2026-07-20 08:00:00+00:00,Karachi,73.79166666666667,74.75,81.04166666666667
2026-07-20 09:00:00+00:00,Karachi,73.79166666666667,74.75,81.04166666666667
2026-07-20 10:00:00+00:00,Karachi,73.79166666666667,74.75,81.04166666666667
2026-07-20 11:00:00+00:00,Karachi,73.79166666666667,74.75,81.04166666666667
2026-07-20 12:00:00+00:00,Karachi,73.79166666666667,74.75,81.04166666666667
2026-07-20 13:00:00+00:00,Karachi,73.79166666666667,74.75,81.04166666666667
2026-07-20 14:00:00+00:00,Karachi,73.79166666666667,74.75,81.04166666666667
2026-07-20 15:00:00+00:00,Karachi,73.79166666666667,74.75,81.04166666666667
2026-07-20 16:00:00+00:00,Karachi,73.79166666666667,74.75,81.04166666666667
2026-07-20 17:00:00+00:00,Karachi,73.79166666666667,74.75,81.04166666666667
2026-07-20 18:00:00+00:00,Karachi,73.79166666666667,74.75,81.04166666666667
2026-07-20 19:00:00+00:00,Karachi,73.79166666666667,74.75,81.04166666666667
2026-07-20 20:00:00+00:00,Karachi,73.79166666666667,74.75,81.04166666666667
2026-07-20 21:00:00+00:00,Karachi,73.79166666666667,74.75,81.04166666666667
2026-07-20 22:00:00+00:00,Karachi,73.79166666666667,74.75,81.04166666666667
2026-07-20 23:00:00+00:00,Karachi,73.79166666666667,74.75,81.04166666666667
2026-07-21 00:00:00+00:00,Karachi,74.75,81.04166666666667,85.83333333333333
2026-07-21 01:00:00+00:00,Karachi,74.75,81.04166666666667,85.83333333333333
2026-07-21 02:00:00+00:00,Karachi,74.75,81.04166666666667,85.83333333333333
2026-07-21 03:00:00+00:00,Karachi,74.75,81.04166666666667,85.83333333333333
2026-07-21 04:00:00+00:00,Karachi,74.75,81.04166666666667,85.83333333333333
2026-07-21 05:00:00+00:00,Karachi,74.75,81.04166666666667,85.83333333333333
2026-07-21 06:00:00+00:00,Karachi,74.75,81.04166666666667,85.83333333333333
2026-07-21 07:00:00+00:00,Karachi,74.75,81.04166666666667,85.83333333333333
2026-07-21 08:00:00+00:00,Karachi,74.75,81.04166666666667,85.83333333333333
2026-07-21 09:00:00+00:00,Karachi,74.75,81.04166666666667,85.83333333333333
2026-07-21 10:00:00+00:00,Karachi,74.75,81.04166666666667,85.83333333333333
2026-07-21 11:00:00+00:00,Karachi,74.75,81.04166666666667,85.83333333333333
2026-07-21 12:00:00+00:00,Karachi,74.75,81.04166666666667,85.83333333333333
2026-07-21 13:00:00+00:00,Karachi,74.75,81.04166666666667,85.83333333333333
2026-07-21 14:00:00+00:00,Karachi,74.75,81.04166666666667,85.83333333333333
2026-07-21 15:00:00+00:00,Karachi,74.75,81.04166666666667,85.83333333333333
2026-07-21 16:00:00+00:00,Karachi,74.75,81.04166666666667,85.83333333333333
2026-07-21 17:00:00+00:00,Karachi,74.75,81.04166666666667,85.83333333333333
2026-07-21 18:00:00+00:00,Karachi,74.75,81.04166666666667,85.83333333333333
2026-07-21 19:00:00+00:00,Karachi,74.75,81.04166666666667,85.83333333333333
2026-07-21 20:00:00+00:00,Karachi,74.75,81.04166666666667,85.83333333333333
2026-07-21 21:00:00+00:00,Karachi,74.75,81.04166666666667,85.83333333333333
2026-07-21 22:00:00+00:00,Karachi,74.75,81.04166666666667,85.83333333333333
2026-07-21 23:00:00+00:00,Karachi,74.75,81.04166666666667,85.83333333333333
2026-07-22 00:00:00+00:00,Karachi,81.04166666666667,85.83333333333333,84.33333333333333
2026-07-22 01:00:00+00:00,Karachi,81.04166666666667,85.83333333333333,84.33333333333333
2026-07-22 02:00:00+00:00,Karachi,81.04166666666667,85.83333333333333,84.33333333333333
2026-07-22 03:00:00+00:00,Karachi,81.04166666666667,85.83333333333333,84.33333333333333
2026-07-22 04:00:00+00:00,Karachi,81.04166666666667,85.83333333333333,84.33333333333333
2026-07-22 05:00:00+00:00,Karachi,81.04166666666667,85.83333333333333,84.33333333333333
2026-07-22 06:00:00+00:00,Karachi,81.04166666666667,85.83333333333333,84.33333333333333
2026-07-22 07:00:00+00:00,Karachi,81.04166666666667,85.83333333333333,84.33333333333333
2026-07-22 08:00:00+00:00,Karachi,81.04166666666667,85.83333333333333,84.33333333333333
2026-07-22 09:00:00+00:00,Karachi,81.04166666666667,85.83333333333333,84.33333333333333
2026-07-22 10:00:00+00:00,Karachi,81.04166666666667,85.83333333333333,84.33333333333333
2026-07-22 11:00:00+00:00,Karachi,81.04166666666667,85.83333333333333,84.33333333333333
2026-07-22 12:00:00+00:00,Karachi,81.04166666666667,85.83333333333333,84.33333333333333
2026-07-22 13:00:00+00:00,Karachi,81.04166666666667,85.83333333333333,84.33333333333333
2026-07-22 14:00:00+00:00,Karachi,81.04166666666667,85.83333333333333,84.33333333333333
2026-07-22 15:00:00+00:00,Karachi,81.04166666666667,85.83333333333333,84.33333333333333
2026-07-22 16:00:00+00:00,Karachi,81.04166666666667,85.83333333333333,84.33333333333333
2026-07-22 17:00:00+00:00,Karachi,81.04166666666667,85.83333333333333,84.33333333333333
2026-07-22 18:00:00+00:00,Karachi,81.04166666666667,85.83333333333333,84.33333333333333
2026-07-22 19:00:00+00:00,Karachi,81.04166666666667,85.83333333333333,84.33333333333333
2026-07-22 20:00:00+00:00,Karachi,81.04166666666667,85.83333333333333,84.33333333333333
2026-07-22 21:00:00+00:00,Karachi,81.04166666666667,85.83333333333333,84.33333333333333
2026-07-22 22:00:00+00:00,Karachi,81.04166666666667,85.83333333333333,84.33333333333333
2026-07-22 23:00:00+00:00,Karachi,81.04166666666667,85.83333333333333,84.33333333333333
2026-07-23 00:00:00+00:00,Karachi,85.83333333333333,84.33333333333333,82.125
2026-07-23 01:00:00+00:00,Karachi,85.83333333333333,84.33333333333333,82.125
2026-07-23 02:00:00+00:00,Karachi,85.83333333333333,84.33333333333333,82.125
2026-07-23 03:00:00+00:00,Karachi,85.83333333333333,84.33333333333333,82.125
2026-07-23 04:00:00+00:00,Karachi,85.83333333333333,84.33333333333333,82.125
2026-07-23 05:00:00+00:00,Karachi,85.83333333333333,84.33333333333333,82.125
2026-07-23 06:00:00+00:00,Karachi,85.83333333333333,84.33333333333333,82.125
2026-07-23 07:00:00+00:00,Karachi,85.83333333333333,84.33333333333333,82.125
2026-07-23 08:00:00+00:00,Karachi,85.83333333333333,84.33333333333333,82.125
2026-07-23 09:00:00+00:00,Karachi,85.83333333333333,84.33333333333333,82.125
2026-07-23 10:00:00+00:00,Karachi,85.83333333333333,84.33333333333333,82.125
2026-07-23 11:00:00+00:00,Karachi,85.83333333333333,84.33333333333333,82.125
2026-07-23 12:00:00+00:00,Karachi,85.83333333333333,84.33333333333333,82.125
2026-07-23 13:00:00+00:00,Karachi,85.83333333333333,84.33333333333333,82.125
2026-07-23 14:00:00+00:00,Karachi,85.83333333333333,84.33333333333333,82.125
2026-07-23 15:00:00+00:00,Karachi,85.83333333333333,84.33333333333333,82.125
2026-07-23 16:00:00+00:00,Karachi,85.83333333333333,84.33333333333333,82.125
2026-07-23 17:00:00+00:00,Karachi,85.83333333333333,84.33333333333333,82.125
2026-07-23 18:00:00+00:00,Karachi,85.83333333333333,84.33333333333333,82.125
2026-07-23 19:00:00+00:00,Karachi,85.83333333333333,84.33333333333333,82.125
2026-07-23 20:00:00+00:00,Karachi,85.83333333333333,84.33333333333333,82.125
2026-07-23 21:00:00+00:00,Karachi,85.83333333333333,84.33333333333333,82.125
2026-07-23 22:00:00+00:00,Karachi,85.83333333333333,84.33333333333333,82.125
2026-07-23 23:00:00+00:00,Karachi,85.83333333333333,84.33333333333333,82.125
2026-07-24 00:00:00+00:00,Karachi,84.33333333333333,82.125,83.70833333333333
2026-07-24 01:00:00+00:00,Karachi,84.33333333333333,82.125,83.70833333333333
2026-07-24 02:00:00+00:00,Karachi,84.33333333333333,82.125,83.70833333333333
2026-07-24 03:00:00+00:00,Karachi,84.33333333333333,82.125,83.70833333333333
2026-07-24 04:00:00+00:00,Karachi,84.33333333333333,82.125,83.70833333333333
2026-07-24 05:00:00+00:00,Karachi,84.33333333333333,82.125,83.70833333333333
2026-07-24 06:00:00+00:00,Karachi,84.33333333333333,82.125,83.70833333333333
2026-07-24 07:00:00+00:00,Karachi,84.33333333333333,82.125,83.70833333333333
2026-07-24 08:00:00+00:00,Karachi,84.33333333333333,82.125,83.70833333333333
2026-07-24 09:00:00+00:00,Karachi,84.33333333333333,82.125,83.70833333333333
2026-07-24 10:00:00+00:00,Karachi,84.33333333333333,82.125,83.70833333333333
2026-07-24 11:00:00+00:00,Karachi,84.33333333333333,82.125,83.70833333333333
2026-07-24 12:00:00+00:00,Karachi,84.33333333333333,82.125,83.70833333333333
2026-07-24 13:00:00+00:00,Karachi,84.33333333333333,82.125,83.70833333333333
2026-07-24 14:00:00+00:00,Karachi,84.33333333333333,82.125,83.70833333333333
2026-07-24 15:00:00+00:00,Karachi,84.33333333333333,82.125,83.70833333333333
2026-07-24 16:00:00+00:00,Karachi,84.33333333333333,82.125,83.70833333333333
2026-07-24 17:00:00+00:00,Karachi,84.33333333333333,82.125,83.70833333333333
2026-07-24 18:00:00+00:00,Karachi,84.33333333333333,82.125,83.70833333333333
2026-07-24 19:00:00+00:00,Karachi,84.33333333333333,82.125,83.70833333333333
2026-07-24 20:00:00+00:00,Karachi,84.33333333333333,82.125,83.70833333333333
2026-07-24 21:00:00+00:00,Karachi,84.33333333333333,82.125,83.70833333333333
2026-07-24 22:00:00+00:00,Karachi,84.33333333333333,82.125,83.70833333333333
2026-07-24 23:00:00+00:00,Karachi,84.33333333333333,82.125,83.70833333333333
2026-07-25 00:00:00+00:00,Karachi,82.125,83.70833333333333,76.95833333333333
2026-07-25 01:00:00+00:00,Karachi,82.125,83.70833333333333,76.95833333333333
2026-07-25 02:00:00+00:00,Karachi,82.125,83.70833333333333,76.95833333333333
2026-07-25 03:00:00+00:00,Karachi,82.125,83.70833333333333,76.95833333333333
2026-07-25 04:00:00+00:00,Karachi,82.125,83.70833333333333,76.95833333333333
2026-07-25 05:00:00+00:00,Karachi,82.125,83.70833333333333,76.95833333333333
2026-07-25 06:00:00+00:00,Karachi,82.125,83.70833333333333,76.95833333333333
2026-07-25 07:00:00+00:00,Karachi,82.125,83.70833333333333,76.95833333333333
2026-07-25 08:00:00+00:00,Karachi,82.125,83.70833333333333,76.95833333333333
2026-07-25 09:00:00+00:00,Karachi,82.125,83.70833333333333,76.95833333333333
2026-07-25 10:00:00+00:00,Karachi,82.125,83.70833333333333,76.95833333333333
2026-07-25 11:00:00+00:00,Karachi,82.125,83.70833333333333,76.95833333333333
2026-07-25 12:00:00+00:00,Karachi,82.125,83.70833333333333,76.95833333333333
2026-07-25 13:00:00+00:00,Karachi,82.125,83.70833333333333,76.95833333333333
2026-07-25 14:00:00+00:00,Karachi,82.125,83.70833333333333,76.95833333333333
2026-07-25 15:00:00+00:00,Karachi,82.125,83.70833333333333,76.95833333333333
2026-07-25 16:00:00+00:00,Karachi,82.125,83.70833333333333,76.95833333333333
2026-07-25 17:00:00+00:00,Karachi,82.125,83.70833333333333,76.95833333333333
2026-07-25 18:00:00+00:00,Karachi,82.125,83.70833333333333,76.95833333333333
2026-07-25 19:00:00+00:00,Karachi,82.125,83.70833333333333,76.95833333333333
2026-07-25 20:00:00+00:00,Karachi,82.125,83.70833333333333,76.95833333333333
2026-07-25 21:00:00+00:00,Karachi,82.125,83.70833333333333,76.95833333333333
2026-07-25 22:00:00+00:00,Karachi,82.125,83.70833333333333,76.95833333333333
2026-07-25 23:00:00+00:00,Karachi,82.125,83.70833333333333,76.95833333333333
2026-07-26 00:00:00+00:00,Karachi,83.70833333333333,76.95833333333333,79.79166666666667
2026-07-26 01:00:00+00:00,Karachi,83.70833333333333,76.95833333333333,79.79166666666667
2026-07-26 02:00:00+00:00,Karachi,83.70833333333333,76.95833333333333,79.79166666666667
2026-07-26 03:00:00+00:00,Karachi,83.70833333333333,76.95833333333333,79.79166666666667
2026-07-26 04:00:00+00:00,Karachi,83.70833333333333,76.95833333333333,79.79166666666667
2026-07-26 05:00:00+00:00,Karachi,83.70833333333333,76.95833333333333,79.79166666666667
2026-07-26 06:00:00+00:00,Karachi,83.70833333333333,76.95833333333333,79.79166666666667
2026-07-26 07:00:00+00:00,Karachi,83.70833333333333,76.95833333333333,79.79166666666667
2026-07-26 08:00:00+00:00,Karachi,83.70833333333333,76.95833333333333,79.79166666666667
2026-07-26 09:00:00+00:00,Karachi,83.70833333333333,76.95833333333333,79.79166666666667
2026-07-26 10:00:00+00:00,Karachi,83.70833333333333,76.95833333333333,79.79166666666667
2026-07-26 11:00:00+00:00,Karachi,83.70833333333333,76.95833333333333,79.79166666666667
2026-07-26 12:00:00+00:00,Karachi,83.70833333333333,76.95833333333333,79.79166666666667
2026-07-26 13:00:00+00:00,Karachi,83.70833333333333,76.95833333333333,79.79166666666667
2026-07-26 14:00:00+00:00,Karachi,83.70833333333333,76.95833333333333,79.79166666666667
2026-07-26 15:00:00+00:00,Karachi,83.70833333333333,76.95833333333333,79.79166666666667
2026-07-26 16:00:00+00:00,Karachi,83.70833333333333,76.95833333333333,79.79166666666667
2026-07-26 17:00:00+00:00,Karachi,83.70833333333333,76.95833333333333,79.79166666666667
2026-07-26 18:00:00+00:00,Karachi,83.70833333333333,76.95833333333333,79.79166666666667
2026-07-26 19:00:00+00:00,Karachi,83.70833333333333,76.95833333333333,79.79166666666667
2026-07-26 20:00:00+00:00,Karachi,83.70833333333333,76.95833333333333,79.79166666666667
2026-07-26 21:00:00+00:00,Karachi,83.70833333333333,76.95833333333333,79.79166666666667
2026-07-26 22:00:00+00:00,Karachi,83.70833333333333,76.95833333333333,79.79166666666667
2026-07-26 23:00:00+00:00,Karachi,83.70833333333333,76.95833333333333,79.79166666666667
2026-07-27 00:00:00+00:00,Karachi,76.95833333333333,79.79166666666667,81.625
2026-07-27 01:00:00+00:00,Karachi,76.95833333333333,79.79166666666667,81.625
2026-07-27 02:00:00+00:00,Karachi,76.95833333333333,79.79166666666667,81.625
2026-07-27 03:00:00+00:00,Karachi,76.95833333333333,79.79166666666667,81.625
2026-07-27 04:00:00+00:00,Karachi,76.95833333333333,79.79166666666667,81.625
2026-07-27 05:00:00+00:00,Karachi,76.95833333333333,79.79166666666667,81.625
2026-07-27 06:00:00+00:00,Karachi,76.95833333333333,79.79166666666667,81.625
2026-07-27 07:00:00+00:00,Karachi,76.95833333333333,79.79166666666667,81.625
2026-07-27 08:00:00+00:00,Karachi,76.95833333333333,79.79166666666667,81.625
2026-07-27 09:00:00+00:00,Karachi,76.95833333333333,79.79166666666667,81.625
2026-07-27 10:00:00+00:00,Karachi,76.95833333333333,79.79166666666667,81.625
2026-07-27 11:00:00+00:00,Karachi,76.95833333333333,79.79166666666667,81.625
2026-07-27 12:00:00+00:00,Karachi,76.95833333333333,79.79166666666667,81.625
2026-07-27 13:00:00+00:00,Karachi,76.95833333333333,79.79166666666667,81.625
2026-07-27 14:00:00+00:00,Karachi,76.95833333333333,79.79166666666667,81.625
2026-07-27 15:00:00+00:00,Karachi,76.95833333333333,79.79166666666667,81.625
2026-07-27 16:00:00+00:00,Karachi,76.95833333333333,79.79166666666667,81.625
2026-07-27 17:00:00+00:00,Karachi,76.95833333333333,79.79166666666667,81.625
2026-07-27 18:00:00+00:00,Karachi,76.95833333333333,79.79166666666667,81.625
2026-07-27 19:00:00+00:00,Karachi,76.95833333333333,79.79166666666667,81.625
2026-07-27 20:00:00+00:00,Karachi,76.95833333333333,79.79166666666667,81.625
2026-07-27 21:00:00+00:00,Karachi,76.95833333333333,79.79166666666667,81.625
2026-07-27 22:00:00+00:00,Karachi,76.95833333333333,79.79166666666667,81.625
2026-07-27 23:00:00+00:00,Karachi,76.95833333333333,79.79166666666667,81.625
2026-07-28 00:00:00+00:00,Karachi,79.79166666666667,81.625,89.625
2026-07-28 01:00:00+00:00,Karachi,79.79166666666667,81.625,89.625
2026-07-28 02:00:00+00:00,Karachi,79.79166666666667,81.625,89.625
2026-07-28 03:00:00+00:00,Karachi,79.79166666666667,81.625,89.625
2026-07-28 04:00:00+00:00,Karachi,79.79166666666667,81.625,89.625
2026-07-28 05:00:00+00:00,Karachi,79.79166666666667,81.625,89.625
2026-07-28 06:00:00+00:00,Karachi,79.79166666666667,81.625,89.625
2026-07-28 07:00:00+00:00,Karachi,79.79166666666667,81.625,89.625
2026-07-28 08:00:00+00:00,Karachi,79.79166666666667,81.625,89.625
2026-07-28 09:00:00+00:00,Karachi,79.79166666666667,81.625,89.625
2026-07-28 10:00:00+00:00,Karachi,79.79166666666667,81.625,89.625
2026-07-28 11:00:00+00:00,Karachi,79.79166666666667,81.625,89.625
2026-07-28 12:00:00+00:00,Karachi,79.79166666666667,81.625,89.625
2026-07-28 13:00:00+00:00,Karachi,79.79166666666667,81.625,89.625
2026-07-28 14:00:00+00:00,Karachi,79.79166666666667,81.625,89.625
2026-07-28 15:00:00+00:00,Karachi,79.79166666666667,81.625,89.625
2026-07-28 16:00:00+00:00,Karachi,79.79166666666667,81.625,89.625
2026-07-28 17:00:00+00:00,Karachi,79.79166666666667,81.625,89.625
2026-07-28 18:00:00+00:00,Karachi,79.79166666666667,81.625,89.625
2026-07-28 19:00:00+00:00,Karachi,79.79166666666667,81.625,89.625
2026-07-28 20:00:00+00:00,Karachi,79.79166666666667,81.625,89.625
2026-07-28 21:00:00+00:00,Karachi,79.79166666666667,81.625,89.625
2026-07-28 22:00:00+00:00,Karachi,79.79166666666667,81.625,89.625
2026-07-28 23:00:00+00:00,Karachi,79.79166666666667,81.625,89.625
2026-07-29 00:00:00+00:00,Karachi,81.625,89.625,89.33333333333333
2026-07-29 01:00:00+00:00,Karachi,81.625,89.625,89.33333333333333
2026-07-29 02:00:00+00:00,Karachi,81.625,89.625,89.33333333333333
2026-07-29 03:00:00+00:00,Karachi,81.625,89.625,89.33333333333333
2026-07-29 04:00:00+00:00,Karachi,81.625,89.625,89.33333333333333
2026-07-29 05:00:00+00:00,Karachi,81.625,89.625,89.33333333333333
2026-07-29 06:00:00+00:00,Karachi,81.625,89.625,89.33333333333333
2026-07-29 07:00:00+00:00,Karachi,81.625,89.625,89.33333333333333
2026-07-29 08:00:00+00:00,Karachi,81.625,89.625,89.33333333333333
2026-07-29 09:00:00+00:00,Karachi,81.625,89.625,89.33333333333333
2026-07-29 10:00:00+00:00,Karachi,81.625,89.625,89.33333333333333
2026-07-29 11:00:00+00:00,Karachi,81.625,89.625,89.33333333333333
2026-07-29 12:00:00+00:00,Karachi,81.625,89.625,89.33333333333333
2026-07-29 13:00:00+00:00,Karachi,81.625,89.625,89.33333333333333
2026-07-29 14:00:00+00:00,Karachi,81.625,89.625,89.33333333333333
2026-07-29 15:00:00+00:00,Karachi,81.625,89.625,89.33333333333333
2026-07-29 16:00:00+00:00,Karachi,81.625,89.625,89.33333333333333
2026-07-29 17:00:00+00:00,Karachi,81.625,89.625,89.33333333333333
2026-07-29 18:00:00+00:00,Karachi,81.625,89.625,89.33333333333333
2026-07-29 19:00:00+00:00,Karachi,81.625,89.625,89.33333333333333
2026-07-29 20:00:00+00:00,Karachi,81.625,89.625,89.33333333333333
2026-07-29 21:00:00+00:00,Karachi,81.625,89.625,89.33333333333333
2026-07-29 22:00:00+00:00,Karachi,81.625,89.625,89.33333333333333
2026-07-29 23:00:00+00:00,Karachi,81.625,89.625,89.33333333333333
2026-07-30 00:00:00+00:00,Karachi,89.625,89.33333333333333,80.41666666666667
2026-07-30 01:00:00+00:00,Karachi,89.625,89.33333333333333,80.41666666666667
2026-07-30 02:00:00+00:00,Karachi,89.625,89.33333333333333,80.41666666666667
2026-07-30 03:00:00+00:00,Karachi,89.625,89.33333333333333,80.41666666666667
2026-07-30 04:00:00+00:00,Karachi,89.625,89.33333333333333,80.41666666666667
2026-07-30 05:00:00+00:00,Karachi,89.625,89.33333333333333,80.41666666666667
2026-07-30 06:00:00+00:00,Karachi,89.625,89.33333333333333,80.41666666666667
2026-07-30 07:00:00+00:00,Karachi,89.625,89.33333333333333,80.41666666666667
2026-07-30 08:00:00+00:00,Karachi,89.625,89.33333333333333,80.41666666666667
2026-07-30 09:00:00+00:00,Karachi,89.625,89.33333333333333,80.41666666666667
2026-07-30 10:00:00+00:00,Karachi,89.625,89.33333333333333,80.41666666666667
2026-07-30 11:00:00+00:00,Karachi,89.625,89.33333333333333,80.41666666666667
2026-07-30 12:00:00+00:00,Karachi,89.625,89.33333333333333,80.41666666666667
2026-07-30 13:00:00+00:00,Karachi,89.625,89.33333333333333,80.41666666666667
2026-07-30 14:00:00+00:00,Karachi,89.625,89.33333333333333,80.41666666666667
2026-07-30 15:00:00+00:00,Karachi,89.625,89.33333333333333,80.41666666666667
2026-07-30 16:00:00+00:00,Karachi,89.625,89.33333333333333,80.41666666666667
2026-07-30 17:00:00+00:00,Karachi,89.625,89.33333333333333,80.41666666666667
2026-07-30 18:00:00+00:00,Karachi,89.625,89.33333333333333,80.41666666666667
2026-07-30 19:00:00+00:00,Karachi,89.625,89.33333333333333,80.41666666666667
2026-07-30 20:00:00+00:00,Karachi,89.625,89.33333333333333,80.41666666666667
2026-07-30 21:00:00+00:00,Karachi,89.625,89.33333333333333,80.41666666666667
2026-07-30 22:00:00+00:00,Karachi,89.625,89.33333333333333,80.41666666666667
2026-07-30 23:00:00+00:00,Karachi,89.625,89.33333333333333,80.41666666666667
2026-07-31 00:00:00+00:00,Karachi,89.33333333333333,80.41666666666667,83.33333333333333
2026-07-31 01:00:00+00:00,Karachi,89.33333333333333,80.41666666666667,83.33333333333333
2026-07-31 02:00:00+00:00,Karachi,89.33333333333333,80.41666666666667,83.33333333333333
2026-07-31 03:00:00+00:00,Karachi,89.33333333333333,80.41666666666667,83.33333333333333
2026-07-31 04:00:00+00:00,Karachi,89.33333333333333,80.41666666666667,83.33333333333333
2026-07-31 05:00:00+00:00,Karachi,89.33333333333333,80.41666666666667,83.33333333333333
2026-07-31 06:00:00+00:00,Karachi,89.33333333333333,80.41666666666667,83.33333333333333
2026-07-31 07:00:00+00:00,Karachi,89.33333333333333,80.41666666666667,83.33333333333333
2026-07-31 08:00:00+00:00,Karachi,89.33333333333333,80.41666666666667,83.33333333333333
2026-07-31 09:00:00+00:00,Karachi,89.33333333333333,80.41666666666667,83.33333333333333
2026-07-31 10:00:00+00:00,Karachi,89.33333333333333,80.41666666666667,83.33333333333333
2026-07-31 11:00:00+00:00,Karachi,89.33333333333333,80.41666666666667,83.33333333333333
2026-07-31 12:00:00+00:00,Karachi,89.33333333333333,80.41666666666667,83.33333333333333
2026-07-31 13:00:00+00:00,Karachi,89.33333333333333,80.41666666666667,83.33333333333333
2026-07-31 14:00:00+00:00,Karachi,89.33333333333333,80.41666666666667,83.33333333333333
2026-07-31 15:00:00+00:00,Karachi,89.33333333333333,80.41666666666667,83.33333333333333
2026-07-31 16:00:00+00:00,Karachi,89.33333333333333,80.41666666666667,83.33333333333333
2026-07-31 17:00:00+00:00,Karachi,89.33333333333333,80.41666666666667,83.33333333333333
2026-07-31 18:00:00+00:00,Karachi,89.33333333333333,80.41666666666667,83.33333333333333
2026-07-31 19:00:00+00:00,Karachi,89.33333333333333,80.41666666666667,83.33333333333333
2026-07-31 20:00:00+00:00,Karachi,89.33333333333333,80.41666666666667,83.33333333333333
2026-07-31 21:00:00+00:00,Karachi,89.33333333333333,80.41666666666667,83.33333333333333
2026-07-31 22:00:00+00:00,Karachi,89.33333333333333,80.41666666666667,83.33333333333333
2026-07-31 23:00:00+00:00,Karachi,89.33333333333333,80.41666666666667,83.33333333333333
2026-08-01 00:00:00+00:00,Karachi,80.41666666666667,83.33333333333333,82.75
2026-08-01 01:00:00+00:00,Karachi,80.41666666666667,83.33333333333333,82.75
2026-08-01 02:00:00+00:00,Karachi,80.41666666666667,83.33333333333333,82.75
2026-08-01 03:00:00+00:00,Karachi,80.41666666666667,83.33333333333333,82.75
2026-08-01 04:00:00+00:00,Karachi,80.41666666666667,83.33333333333333,82.75
2026-08-01 05:00:00+00:00,Karachi,80.41666666666667,83.33333333333333,82.75
2026-08-01 06:00:00+00:00,Karachi,80.41666666666667,83.33333333333333,82.75
2026-08-01 07:00:00+00:00,Karachi,80.41666666666667,83.33333333333333,82.75
2026-08-01 08:00:00+00:00,Karachi,80.41666666666667,83.33333333333333,82.75
2026-08-01 09:00:00+00:00,Karachi,80.41666666666667,83.33333333333333,82.75
2026-08-01 10:00:00+00:00,Karachi,80.41666666666667,83.33333333333333,82.75
2026-08-01 11:00:00+00:00,Karachi,80.41666666666667,83.33333333333333,82.75
2026-08-01 12:00:00+00:00,Karachi,80.41666666666667,83.33333333333333,82.75
2026-08-01 13:00:00+00:00,Karachi,80.41666666666667,83.33333333333333,82.75
2026-08-01 14:00:00+00:00,Karachi,80.41666666666667,83.33333333333333,82.75
2026-08-01 15:00:00+00:00,Karachi,80.41666666666667,83.33333333333333,82.75
2026-08-01 16:00:00+00:00,Karachi,80.41666666666667,83.33333333333333,82.75
2026-08-01 17:00:00+00:00,Karachi,80.41666666666667,83.33333333333333,82.75
2026-08-01 18:00:00+00:00,Karachi,80.41666666666667,83.33333333333333,82.75
2026-08-01 19:00:00+00:00,Karachi,80.41666666666667,83.33333333333333,82.75
2026-08-01 20:00:00+00:00,Karachi,80.41666666666667,83.33333333333333,82.75
2026-08-01 21:00:00+00:00,Karachi,80.41666666666667,83.33333333333333,82.75
2026-08-01 22:00:00+00:00,Karachi,80.41666666666667,83.33333333333333,82.75
2026-08-01 23:00:00+00:00,Karachi,80.41666666666667,83.33333333333333,82.75
2026-08-02 00:00:00+00:00,Karachi,83.33333333333333,82.75,79.66666666666667
2026-08-02 01:00:00+00:00,Karachi,83.33333333333333,82.75,79.66666666666667
2026-08-02 02:00:00+00:00,Karachi,83.33333333333333,82.75,79.66666666666667
2026-08-02 03:00:00+00:00,Karachi,83.33333333333333,82.75,79.66666666666667
2026-08-02 04:00:00+00:00,Karachi,83.33333333333333,82.75,79.66666666666667
2026-08-02 05:00:00+00:00,Karachi,83.33333333333333,82.75,79.66666666666667
2026-08-02 06:00:00+00:00,Karachi,83.33333333333333,82.75,79.66666666666667
2026-08-02 07:00:00+00:00,Karachi,83.33333333333333,82.75,79.66666666666667
2026-08-02 08:00:00+00:00,Karachi,83.33333333333333,82.75,79.66666666666667
2026-08-02 09:00:00+00:00,Karachi,83.33333333333333,82.75,79.66666666666667
2026-08-02 10:00:00+00:00,Karachi,83.33333333333333,82.75,79.66666666666667
2026-08-02 11:00:00+00:00,Karachi,83.33333333333333,82.75,79.66666666666667
2026-08-02 12:00:00+00:00,Karachi,83.33333333333333,82.75,79.66666666666667
2026-08-02 13:00:00+00:00,Karachi,83.33333333333333,82.75,79.66666666666667
2026-08-02 14:00:00+00:00,Karachi,83.33333333333333,82.75,79.66666666666667
2026-08-02 15:00:00+00:00,Karachi,83.33333333333333,82.75,79.66666666666667
2026-08-02 16:00:00+00:00,Karachi,83.33333333333333,82.75,79.66666666666667
2026-08-02 17:00:00+00:00,Karachi,83.33333333333333,82.75,79.66666666666667
2026-08-02 18:00:00+00:00,Karachi,83.33333333333333,82.75,79.66666666666667
2026-08-02 19:00:00+00:00,Karachi,83.33333333333333,82.75,79.66666666666667
2026-08-02 20:00:00+00:00,Karachi,83.33333333333333,82.75,79.66666666666667
2026-08-02 21:00:00+00:00,Karachi,83.33333333333333,82.75,79.66666666666667
2026-08-02 22:00:00+00:00,Karachi,83.33333333333333,82.75,79.66666666666667
2026-08-02 23:00:00+00:00,Karachi,83.33333333333333,82.75,79.66666666666667
2026-08-03 00:00:00+00:00,Karachi,82.75,79.66666666666667,82.91666666666667
2026-08-03 01:00:00+00:00,Karachi,82.75,79.66666666666667,82.91666666666667
2026-08-03 02:00:00+00:00,Karachi,82.75,79.66666666666667,82.91666666666667
2026-08-03 03:00:00+00:00,Karachi,82.75,79.66666666666667,82.91666666666667
2026-08-03 04:00:00+00:00,Karachi,82.75,79.66666666666667,82.91666666666667
2026-08-03 05:00:00+00:00,Karachi,82.75,79.66666666666667,82.91666666666667
2026-08-03 06:00:00+00:00,Karachi,82.75,79.66666666666667,82.91666666666667
2026-08-03 07:00:00+00:00,Karachi,82.75,79.66666666666667,82.91666666666667
2026-08-03 08:00:00+00:00,Karachi,82.75,79.66666666666667,82.91666666666667
2026-08-03 09:00:00+00:00,Karachi,82.75,79.66666666666667,82.91666666666667
2026-08-03 10:00:00+00:00,Karachi,82.75,79.66666666666667,82.91666666666667
2026-08-03 11:00:00+00:00,Karachi,82.75,79.66666666666667,82.91666666666667
2026-08-03 12:00:00+00:00,Karachi,82.75,79.66666666666667,82.91666666666667
2026-08-03 13:00:00+00:00,Karachi,82.75,79.66666666666667,82.91666666666667
2026-08-03 14:00:00+00:00,Karachi,82.75,79.66666666666667,82.91666666666667
2026-08-03 15:00:00+00:00,Karachi,82.75,79.66666666666667,82.91666666666667
2026-08-03 16:00:00+00:00,Karachi,82.75,79.66666666666667,82.91666666666667
2026-08-03 17:00:00+00:00,Karachi,82.75,79.66666666666667,82.91666666666667
2026-08-03 18:00:00+00:00,Karachi,82.75,79.66666666666667,82.91666666666667
2026-08-03 19:00:00+00:00,Karachi,82.75,79.66666666666667,82.91666666666667
2026-08-03 20:00:00+00:00,Karachi,82.75,79.66666666666667,82.91666666666667
2026-08-03 21:00:00+00:00,Karachi,82.75,79.66666666666667,82.91666666666667
2026-08-03 22:00:00+00:00,Karachi,82.75,79.66666666666667,82.91666666666667
2026-08-03 23:00:00+00:00,Karachi,82.75,79.66666666666667,82.91666666666667
2026-08-04 00:00:00+00:00,Karachi,79.66666666666667,82.91666666666667,73.79166666666667
2026-08-04 01:00:00+00:00,Karachi,79.66666666666667,82.91666666666667,73.79166666666667
2026-08-04 02:00:00+00:00,Karachi,79.66666666666667,82.91666666666667,73.79166666666667
2026-08-04 03:00:00+00:00,Karachi,79.66666666666667,82.91666666666667,73.79166666666667
2026-08-04 04:00:00+00:00,Karachi,79.66666666666667,82.91666666666667,73.79166666666667
2026-08-04 05:00:00+00:00,Karachi,79.66666666666667,82.91666666666667,73.79166666666667
2026-08-04 06:00:00+00:00,Karachi,79.66666666666667,82.91666666666667,73.79166666666667
2026-08-04 07:00:00+00:00,Karachi,79.66666666666667,82.91666666666667,73.79166666666667
2026-08-04 08:00:00+00:00,Karachi,79.66666666666667,82.91666666666667,73.79166666666667
2026-08-04 09:00:00+00:00,Karachi,79.66666666666667,82.91666666666667,73.79166666666667
2026-08-04 10:00:00+00:00,Karachi,79.66666666666667,82.91666666666667,73.79166666666667
2026-08-04 11:00:00+00:00,Karachi,79.66666666666667,82.91666666666667,73.79166666666667
2026-08-04 12:00:00+00:00,Karachi,79.66666666666667,82.91666666666667,73.79166666666667
2026-08-04 13:00:00+00:00,Karachi,79.66666666666667,82.91666666666667,73.79166666666667
2026-08-04 14:00:00+00:00,Karachi,79.66666666666667,82.91666666666667,73.79166666666667
2026-08-04 15:00:00+00:00,Karachi,79.66666666666667,82.91666666666667,73.79166666666667
2026-08-04 16:00:00+00:00,Karachi,79.66666666666667,82.91666666666667,73.79166666666667
2026-08-04 17:00:00+00:00,Karachi,79.66666666666667,82.91666666666667,73.79166666666667
2026-08-04 18:00:00+00:00,Karachi,79.66666666666667,82.91666666666667,73.79166666666667
2026-08-04 19:00:00+00:00,Karachi,79.66666666666667,82.91666666666667,73.79166666666667
2026-08-04 20:00:00+00:00,Karachi,79.66666666666667,82.91666666666667,73.79166666666667
2026-08-04 21:00:00+00:00,Karachi,79.66666666666667,82.91666666666667,73.79166666666667
2026-08-04 22:00:00+00:00,Karachi,79.66666666666667,82.91666666666667,73.79166666666667
2026-08-04 23:00:00+00:00,Karachi,79.66666666666667,82.91666666666667,73.79166666666667
2026-08-05 00:00:00+00:00,Karachi,82.91666666666667,73.79166666666667,76.70833333333333
2026-08-05 01:00:00+00:00,Karachi,82.91666666666667,73.79166666666667,76.70833333333333
2026-08-05 02:00:00+00:00,Karachi,82.91666666666667,73.79166666666667,76.70833333333333
2026-08-05 03:00:00+00:00,Karachi,82.91666666666667,73.79166666666667,76.70833333333333
2026-08-05 04:00:00+00:00,Karachi,82.91666666666667,73.79166666666667,76.70833333333333
2026-08-05 05:00:00+00:00,Karachi,82.91666666666667,73.79166666666667,76.70833333333333
2026-08-05 06:00:00+00:00,Karachi,82.91666666666667,73.79166666666667,76.70833333333333
2026-08-05 07:00:00+00:00,Karachi,82.91666666666667,73.79166666666667,76.70833333333333
2026-08-05 08:00:00+00:00,Karachi,82.91666666666667,73.79166666666667,76.70833333333333
2026-08-05 09:00:00+00:00,Karachi,82.91666666666667,73.79166666666667,76.70833333333333
2026-08-05 10:00:00+00:00,Karachi,82.91666666666667,73.79166666666667,76.70833333333333
2026-08-05 11:00:00+00:00,Karachi,82.91666666666667,73.79166666666667,76.70833333333333
2026-08-05 12:00:00+00:00,Karachi,82.91666666666667,73.79166666666667,76.70833333333333
2026-08-05 13:00:00+00:00,Karachi,82.91666666666667,73.79166666666667,76.70833333333333
2026-08-05 14:00:00+00:00,Karachi,82.91666666666667,73.79166666666667,76.70833333333333
2026-08-05 15:00:00+00:00,Karachi,82.91666666666667,73.79166666666667,76.70833333333333
2026-08-05 16:00:00+00:00,Karachi,82.91666666666667,73.79166666666667,76.70833333333333
2026-08-05 17:00:00+00:00,Karachi,82.91666666666667,73.79166666666667,76.70833333333333
2026-08-05 18:00:00+00:00,Karachi,82.91666666666667,73.79166666666667,76.70833333333333
2026-08-05 19:00:00+00:00,Karachi,82.91666666666667,73.79166666666667,76.70833333333333
2026-08-05 20:00:00+00:00,Karachi,82.91666666666667,73.79166666666667,76.70833333333333
2026-08-05 21:00:00+00:00,Karachi,82.91666666666667,73.79166666666667,76.70833333333333
2026-08-05 22:00:00+00:00,Karachi,82.91666666666667,73.79166666666667,76.70833333333333
2026-08-05 23:00:00+00:00,Karachi,82.91666666666667,73.79166666666667,76.70833333333333
2026-08-06 00:00:00+00:00,Karachi,73.79166666666667,76.70833333333333,76.04166666666667
2026-08-06 01:00:00+00:00,Karachi,73.79166666666667,76.70833333333333,76.04166666666667
2026-08-06 02:00:00+00:00,Karachi,73.79166666666667,76.70833333333333,76.04166666666667
2026-08-06 03:00:00+00:00,Karachi,73.79166666666667,76.70833333333333,76.04166666666667
2026-08-06 04:00:00+00:00,Karachi,73.79166666666667,76.70833333333333,76.04166666666667
2026-08-06 05:00:00+00:00,Karachi,73.79166666666667,76.70833333333333,76.04166666666667
2026-08-06 06:00:00+00:00,Karachi,73.79166666666667,76.70833333333333,76.04166666666667
2026-08-06 07:00:00+00:00,Karachi,73.79166666666667,76.70833333333333,76.04166666666667
2026-08-06 08:00:00+00:00,Karachi,73.79166666666667,76.70833333333333,76.04166666666667
2026-08-06 09:00:00+00:00,Karachi,73.79166666666667,76.70833333333333,76.04166666666667
2026-08-06 10:00:00+00:00,Karachi,73.79166666666667,76.70833333333333,76.04166666666667
2026-08-06 11:00:00+00:00,Karachi,73.79166666666667,76.70833333333333,76.04166666666667
2026-08-06 12:00:00+00:00,Karachi,73.79166666666667,76.70833333333333,76.04166666666667
2026-08-06 13:00:00+00:00,Karachi,73.79166666666667,76.70833333333333,76.04166666666667
2026-08-06 14:00:00+00:00,Karachi,73.79166666666667,76.70833333333333,76.04166666666667
2026-08-06 15:00:00+00:00,Karachi,73.79166666666667,76.70833333333333,76.04166666666667
2026-08-06 16:00:00+00:00,Karachi,73.79166666666667,76.70833333333333,76.04166666666667
2026-08-06 17:00:00+00:00,Karachi,73.79166666666667,76.70833333333333,76.04166666666667
2026-08-06 18:00:00+00:00,Karachi,73.79166666666667,76.70833333333333,76.04166666666667
2026-08-06 19:00:00+00:00,Karachi,73.79166666666667,76.70833333333333,76.04166666666667
2026-08-06 20:00:00+00:00,Karachi,73.79166666666667,76.70833333333333,76.04166666666667
2026-08-06 21:00:00+00:00,Karachi,73.79166666666667,76.70833333333333,76.04166666666667
2026-08-06 22:00:00+00:00,Karachi,73.79166666666667,76.70833333333333,76.04166666666667
2026-08-06 23:00:00+00:00,Karachi,73.79166666666667,76.70833333333333,76.04166666666667
2026-08-07 00:00:00+00:00,Karachi,76.70833333333333,76.04166666666667,70.625
2026-08-07 01:00:00+00:00,Karachi,76.70833333333333,76.04166666666667,70.625
2026-08-07 02:00:00+00:00,Karachi,76.70833333333333,76.04166666666667,70.625
2026-08-07 03:00:00+00:00,Karachi,76.70833333333333,76.04166666666667,70.625
2026-08-07 04:00:00+00:00,Karachi,76.70833333333333,76.04166666666667,70.625
2026-08-07 05:00:00+00:00,Karachi,76.70833333333333,76.04166666666667,70.625
2026-08-07 06:00:00+00:00,Karachi,76.70833333333333,76.04166666666667,70.625
2026-08-07 07:00:00+00:00,Karachi,76.70833333333333,76.04166666666667,70.625
2026-08-07 08:00:00+00:00,Karachi,76.70833333333333,76.04166666666667,70.625
2026-08-07 09:00:00+00:00,Karachi,76.70833333333333,76.04166666666667,70.625
2026-08-07 10:00:00+00:00,Karachi,76.70833333333333,76.04166666666667,70.625
2026-08-07 11:00:00+00:00,Karachi,76.70833333333333,76.04166666666667,70.625
2026-08-07 12:00:00+00:00,Karachi,76.70833333333333,76.04166666666667,70.625
2026-08-07 13:00:00+00:00,Karachi,76.70833333333333,76.04166666666667,70.625
2026-08-07 14:00:00+00:00,Karachi,76.70833333333333,76.04166666666667,70.625
2026-08-07 15:00:00+00:00,Karachi,76.70833333333333,76.04166666666667,70.625
2026-08-07 16:00:00+00:00,Karachi,76.70833333333333,76.04166666666667,70.625
2026-08-07 17:00:00+00:00,Karachi,76.70833333333333,76.04166666666667,70.625
2026-08-07 18:00:00+00:00,Karachi,76.70833333333333,76.04166666666667,70.625
2026-08-07 19:00:00+00:00,Karachi,76.70833333333333,76.04166666666667,70.625
2026-08-07 20:00:00+00:00,Karachi,76.70833333333333,76.04166666666667,70.625
2026-08-07 21:00:00+00:00,Karachi,76.70833333333333,76.04166666666667,70.625
2026-08-07 22:00:00+00:00,Karachi,76.70833333333333,76.04166666666667,70.625
2026-08-07 23:00:00+00:00,Karachi,76.70833333333333,76.04166666666667,70.625
2026-08-08 00:00:00+00:00,Karachi,76.04166666666667,70.625,75.79166666666667
2026-08-08 01:00:00+00:00,Karachi,76.04166666666667,70.625,75.79166666666667
2026-08-08 02:00:00+00:00,Karachi,76.04166666666667,70.625,75.79166666666667
2026-08-08 03:00:00+00:00,Karachi,76.04166666666667,70.625,75.79166666666667
2026-08-08 04:00:00+00:00,Karachi,76.04166666666667,70.625,75.79166666666667
2026-08-08 05:00:00+00:00,Karachi,76.04166666666667,70.625,75.79166666666667
2026-08-08 06:00:00+00:00,Karachi,76.04166666666667,70.625,75.79166666666667
2026-08-08 07:00:00+00:00,Karachi,76.04166666666667,70.625,75.79166666666667
2026-08-08 08:00:00+00:00,Karachi,76.04166666666667,70.625,75.79166666666667
2026-08-08 09:00:00+00:00,Karachi,76.04166666666667,70.625,75.79166666666667
2026-08-08 10:00:00+00:00,Karachi,76.04166666666667,70.625,75.79166666666667
2026-08-08 11:00:00+00:00,Karachi,76.04166666666667,70.625,75.79166666666667
2026-08-08 12:00:00+00:00,Karachi,76.04166666666667,70.625,75.79166666666667
2026-08-08 13:00:00+00:00,Karachi,76.04166666666667,70.625,75.79166666666667
2026-08-08 14:00:00+00:00,Karachi,76.04166666666667,70.625,75.79166666666667
2026-08-08 15:00:00+00:00,Karachi,76.04166666666667,70.625,75.79166666666667
2026-08-08 16:00:00+00:00,Karachi,76.04166666666667,70.625,75.79166666666667
2026-08-08 17:00:00+00:00,Karachi,76.04166666666667,70.625,75.79166666666667
2026-08-08 18:00:00+00:00,Karachi,76.04166666666667,70.625,75.79166666666667
2026-08-08 19:00:00+00:00,Karachi,76.04166666666667,70.625,75.79166666666667
2026-08-08 20:00:00+00:00,Karachi,76.04166666666667,70.625,75.79166666666667
2026-08-08 21:00:00+00:00,Karachi,76.04166666666667,70.625,75.79166666666667
2026-08-08 22:00:00+00:00,Karachi,76.04166666666667,70.625,75.79166666666667
2026-08-08 23:00:00+00:00,Karachi,76.04166666666667,70.625,75.79166666666667
2026-08-09 00:00:00+00:00,Karachi,70.625,75.79166666666667,74.29166666666667
2026-08-09 01:00:00+00:00,Karachi,70.625,75.79166666666667,74.29166666666667
2026-08-09 02:00:00+00:00,Karachi,70.625,75.79166666666667,74.29166666666667
2026-08-09 03:00:00+00:00,Karachi,70.625,75.79166666666667,74.29166666666667
2026-08-09 04:00:00+00:00,Karachi,70.625,75.79166666666667,74.29166666666667
2026-08-09 05:00:00+00:00,Karachi,70.625,75.79166666666667,74.29166666666667
2026-08-09 06:00:00+00:00,Karachi,70.625,75.79166666666667,74.29166666666667
2026-08-09 07:00:00+00:00,Karachi,70.625,75.79166666666667,74.29166666666667
2026-08-09 08:00:00+00:00,Karachi,70.625,75.79166666666667,74.29166666666667
2026-08-09 09:00:00+00:00,Karachi,70.625,75.79166666666667,74.29166666666667
2026-08-09 10:00:00+00:00,Karachi,70.625,75.79166666666667,74.29166666666667
2026-08-09 11:00:00+00:00,Karachi,70.625,75.79166666666667,74.29166666666667
2026-08-09 12:00:00+00:00,Karachi,70.625,75.79166666666667,74.29166666666667
2026-08-09 13:00:00+00:00,Karachi,70.625,75.79166666666667,74.29166666666667
2026-08-09 14:00:00+00:00,Karachi,70.625,75.79166666666667,74.29166666666667
2026-08-09 15:00:00+00:00,Karachi,70.625,75.79166666666667,74.29166666666667
2026-08-09 16:00:00+00:00,Karachi,70.625,75.79166666666667,74.29166666666667
2026-08-09 17:00:00+00:00,Karachi,70.625,75.79166666666667,74.29166666666667
2026-08-09 18:00:00+00:00,Karachi,70.625,75.79166666666667,74.29166666666667
2026-08-09 19:00:00+00:00,Karachi,70.625,75.79166666666667,74.29166666666667
2026-08-09 20:00:00+00:00,Karachi,70.625,75.79166666666667,74.29166666666667
2026-08-09 21:00:00+00:00,Karachi,70.625,75.79166666666667,74.29166666666667
2026-08-09 22:00:00+00:00,Karachi,70.625,75.79166666666667,74.29166666666667
2026-08-09 23:00:00+00:00,Karachi,70.625,75.79166666666667,74.29166666666667
2026-08-10 00:00:00+00:00,Karachi,75.79166666666667,74.29166666666667,74.83333333333333
2026-08-10 01:00:00+00:00,Karachi,75.79166666666667,74.29166666666667,74.83333333333333
2026-08-10 02:00:00+00:00,Karachi,75.79166666666667,74.29166666666667,74.83333333333333
2026-08-10 03:00:00+00:00,Karachi,75.79166666666667,74.29166666666667,74.83333333333333
2026-08-10 04:00:00+00:00,Karachi,75.79166666666667,74.29166666666667,74.83333333333333
2026-08-10 05:00:00+00:00,Karachi,75.79166666666667,74.29166666666667,74.83333333333333
2026-08-10 06:00:00+00:00,Karachi,75.79166666666667,74.29166666666667,74.83333333333333
2026-08-10 07:00:00+00:00,Karachi,75.79166666666667,74.29166666666667,74.83333333333333
2026-08-10 08:00:00+00:00,Karachi,75.79166666666667,74.29166666666667,74.83333333333333
2026-08-10 09:00:00+00:00,Karachi,75.79166666666667,74.29166666666667,74.83333333333333
2026-08-10 10:00:00+00:00,Karachi,75.79166666666667,74.29166666666667,74.83333333333333
2026-08-10 11:00:00+00:00,Karachi,75.79166666666667,74.29166666666667,74.83333333333333
2026-08-10 12:00:00+00:00,Karachi,75.79166666666667,74.29166666666667,74.83333333333333
2026-08-10 13:00:00+00:00,Karachi,75.79166666666667,74.29166666666667,74.83333333333333
2026-08-10 14:00:00+00:00,Karachi,75.79166666666667,74.29166666666667,74.83333333333333
2026-08-10 15:00:00+00:00,Karachi,75.79166666666667,74.29166666666667,74.83333333333333
2026-08-10 16:00:00+00:00,Karachi,75.79166666666667,74.29166666666667,74.83333333333333
2026-08-10 17:00:00+00:00,Karachi,75.79166666666667,74.29166666666667,74.83333333333333
2026-08-10 18:00:00+00:00,Karachi,75.79166666666667,74.29166666666667,74.83333333333333
2026-08-10 19:00:00+00:00,Karachi,75.79166666666667,74.29166666666667,74.83333333333333
2026-08-10 20:00:00+00:00,Karachi,75.79166666666667,74.29166666666667,74.83333333333333
2026-08-10 21:00:00+00:00,Karachi,75.79166666666667,74.29166666666667,74.83333333333333
2026-08-10 22:00:00+00:00,Karachi,75.79166666666667,74.29166666666667,74.83333333333333
2026-08-10 23:00:00+00:00,Karachi,75.79166666666667,74.29166666666667,74.83333333333333
2026-08-11 00:00:00+00:00,Karachi,74.29166666666667,74.83333333333333,75.125
2026-08-11 01:00:00+00:00,Karachi,74.29166666666667,74.83333333333333,75.125
2026-08-11 02:00:00+00:00,Karachi,74.29166666666667,74.83333333333333,75.125
2026-08-11 03:00:00+00:00,Karachi,74.29166666666667,74.83333333333333,75.125
2026-08-11 04:00:00+00:00,Karachi,74.29166666666667,74.83333333333333,75.125
2026-08-11 05:00:00+00:00,Karachi,74.29166666666667,74.83333333333333,75.125
2026-08-11 06:00:00+00:00,Karachi,74.29166666666667,74.83333333333333,75.125
2026-08-11 07:00:00+00:00,Karachi,74.29166666666667,74.83333333333333,75.125
2026-08-11 08:00:00+00:00,Karachi,74.29166666666667,74.83333333333333,75.125
2026-08-11 09:00:00+00:00,Karachi,74.29166666666667,74.83333333333333,75.125
2026-08-11 10:00:00+00:00,Karachi,74.29166666666667,74.83333333333333,75.125
2026-08-11 11:00:00+00:00,Karachi,74.29166666666667,74.83333333333333,75.125
2026-08-11 12:00:00+00:00,Karachi,74.29166666666667,74.83333333333333,75.125
2026-08-11 13:00:00+00:00,Karachi,74.29166666666667,74.83333333333333,75.125
2026-08-11 14:00:00+00:00,Karachi,74.29166666666667,74.83333333333333,75.125
2026-08-11 15:00:00+00:00,Karachi,74.29166666666667,74.83333333333333,75.125
2026-08-11 16:00:00+00:00,Karachi,74.29166666666667,74.83333333333333,75.125
2026-08-11 17:00:00+00:00,Karachi,74.29166666666667,74.83333333333333,75.125
2026-08-11 18:00:00+00:00,Karachi,74.29166666666667,74.83333333333333,75.125
2026-08-11 19:00:00+00:00,Karachi,74.29166666666667,74.83333333333333,75.125
2026-08-11 20:00:00+00:00,Karachi,74.29166666666667,74.83333333333333,75.125
2026-08-11 21:00:00+00:00,Karachi,74.29166666666667,74.83333333333333,75.125
2026-08-11 22:00:00+00:00,Karachi,74.29166666666667,74.83333333333333,75.125
2026-08-11 23:00:00+00:00,Karachi,74.29166666666667,74.83333333333333,75.125
2026-08-12 00:00:00+00:00,Karachi,74.83333333333333,75.125,72.45833333333333
2026-08-12 01:00:00+00:00,Karachi,74.83333333333333,75.125,72.45833333333333
2026-08-12 02:00:00+00:00,Karachi,74.83333333333333,75.125,72.45833333333333
2026-08-12 03:00:00+00:00,Karachi,74.83333333333333,75.125,72.45833333333333
2026-08-12 04:00:00+00:00,Karachi,74.83333333333333,75.125,72.45833333333333
2026-08-12 05:00:00+00:00,Karachi,74.83333333333333,75.125,72.45833333333333
2026-08-12 06:00:00+00:00,Karachi,74.83333333333333,75.125,72.45833333333333
2026-08-12 07:00:00+00:00,Karachi,74.83333333333333,75.125,72.45833333333333
2026-08-12 08:00:00+00:00,Karachi,74.83333333333333,75.125,72.45833333333333
2026-08-12 09:00:00+00:00,Karachi,74.83333333333333,75.125,72.45833333333333
2026-08-12 10:00:00+00:00,Karachi,74.83333333333333,75.125,72.45833333333333
2026-08-12 11:00:00+00:00,Karachi,74.83333333333333,75.125,72.45833333333333
2026-08-12 12:00:00+00:00,Karachi,74.83333333333333,75.125,72.45833333333333
2026-08-12 13:00:00+00:00,Karachi,74.83333333333333,75.125,72.45833333333333
2026-08-12 14:00:00+00:00,Karachi,74.83333333333333,75.125,72.45833333333333
2026-08-12 15:00:00+00:00,Karachi,74.83333333333333,75.125,72.45833333333333
2026-08-12 16:00:00+00:00,Karachi,74.83333333333333,75.125,72.45833333333333
2026-08-12 17:00:00+00:00,Karachi,74.83333333333333,75.125,72.45833333333333
2026-08-12 18:00:00+00:00,Karachi,74.83333333333333,75.125,72.45833333333333
2026-08-12 19:00:00+00:00,Karachi,74.83333333333333,75.125,72.45833333333333
2026-08-12 20:00:00+00:00,Karachi,74.83333333333333,75.125,72.45833333333333
2026-08-12 21:00:00+00:00,Karachi,74.83333333333333,75.125,72.45833333333333
2026-08-12 22:00:00+00:00,Karachi,74.83333333333333,75.125,72.45833333333333
2026-08-12 23:00:00+00:00,Karachi,74.83333333333333,75.125,72.45833333333333
2026-08-13 00:00:00+00:00,Karachi,75.125,72.45833333333333,70.875
2026-08-13 01:00:00+00:00,Karachi,75.125,72.45833333333333,70.875
2026-08-13 02:00:00+00:00,Karachi,75.125,72.45833333333333,70.875
2026-08-13 03:00:00+00:00,Karachi,75.125,72.45833333333333,70.875
2026-08-13 04:00:00+00:00,Karachi,75.125,72.45833333333333,70.875
2026-08-13 05:00:00+00:00,Karachi,75.125,72.45833333333333,70.875
2026-08-13 06:00:00+00:00,Karachi,75.125,72.45833333333333,70.875
2026-08-13 07:00:00+00:00,Karachi,75.125,72.45833333333333,70.875
2026-08-13 08:00:00+00:00,Karachi,75.125,72.45833333333333,70.875
2026-08-13 09:00:00+00:00,Karachi,75.125,72.45833333333333,70.875
2026-08-13 10:00:00+00:00,Karachi,75.125,72.45833333333333,70.875
2026-08-13 11:00:00+00:00,Karachi,75.125,72.45833333333333,70.875
2026-08-13 12:00:00+00:00,Karachi,75.125,72.45833333333333,70.875
2026-08-13 13:00:00+00:00,Karachi,75.125,72.45833333333333,70.875
2026-08-13 14:00:00+00:00,Karachi,75.125,72.45833333333333,70.875
2026-08-13 15:00:00+00:00,Karachi,75.125,72.45833333333333,70.875
2026-08-13 16:00:00+00:00,Karachi,75.125,72.45833333333333,70.875
2026-08-13 17:00:00+00:00,Karachi,75.125,72.45833333333333,70.875
2026-08-13 18:00:00+00:00,Karachi,75.125,72.45833333333333,70.875
2026-08-13 19:00:00+00:00,Karachi,75.125,72.45833333333333,70.875
2026-08-13 20:00:00+00:00,Karachi,75.125,72.45833333333333,70.875
2026-08-13 21:00:00+00:00,Karachi,75.125,72.45833333333333,70.875
2026-08-13 22:00:00+00:00,Karachi,75.125,72.45833333333333,70.875
2026-08-13 23:00:00+00:00,Karachi,75.125,72.45833333333333,70.875
2026-08-14 00:00:00+00:00,Karachi,72.45833333333333,70.875,70.20833333333333
2026-08-14 01:00:00+00:00,Karachi,72.45833333333333,70.875,70.20833333333333
2026-08-14 02:00:00+00:00,Karachi,72.45833333333333,70.875,70.20833333333333
2026-08-14 03:00:00+00:00,Karachi,72.45833333333333,70.875,70.20833333333333
2026-08-14 04:00:00+00:00,Karachi,72.45833333333333,70.875,70.20833333333333
2026-08-14 05:00:00+00:00,Karachi,72.45833333333333,70.875,70.20833333333333
2026-08-14 06:00:00+00:00,Karachi,72.45833333333333,70.875,70.20833333333333
2026-08-14 07:00:00+00:00,Karachi,72.45833333333333,70.875,70.20833333333333
2026-08-14 08:00:00+00:00,Karachi,72.45833333333333,70.875,70.20833333333333
2026-08-14 09:00:00+00:00,Karachi,72.45833333333333,70.875,70.20833333333333
2026-08-14 10:00:00+00:00,Karachi,72.45833333333333,70.875,70.20833333333333
2026-08-14 11:00:00+00:00,Karachi,72.45833333333333,70.875,70.20833333333333
2026-08-14 12:00:00+00:00,Karachi,72.45833333333333,70.875,70.20833333333333
2026-08-14 13:00:00+00:00,Karachi,72.45833333333333,70.875,70.20833333333333
2026-08-14 14:00:00+00:00,Karachi,72.45833333333333,70.875,70.20833333333333
2026-08-14 15:00:00+00:00,Karachi,72.45833333333333,70.875,70.20833333333333
2026-08-14 16:00:00+00:00,Karachi,72.45833333333333,70.875,70.20833333333333
2026-08-14 17:00:00+00:00,Karachi,72.45833333333333,70.875,70.20833333333333
2026-08-14 18:00:00+00:00,Karachi,72.45833333333333,70.875,70.20833333333333
2026-08-14 19:00:00+00:00,Karachi,72.45833333333333,70.875,70.20833333333333
2026-08-14 20:00:00+00:00,Karachi,72.45833333333333,70.875,70.20833333333333
2026-08-14 21:00:00+00:00,Karachi,72.45833333333333,70.875,70.20833333333333
2026-08-14 22:00:00+00:00,Karachi,72.45833333333333,70.875,70.20833333333333
2026-08-14 23:00:00+00:00,Karachi,72.45833333333333,70.875,70.20833333333333
2026-08-15 00:00:00+00:00,Karachi,70.875,70.20833333333333,68.375
2026-08-15 01:00:00+00:00,Karachi,70.875,70.20833333333333,68.375
2026-08-15 02:00:00+00:00,Karachi,70.875,70.20833333333333,68.375
2026-08-15 03:00:00+00:00,Karachi,70.875,70.20833333333333,68.375
2026-08-15 04:00:00+00:00,Karachi,70.875,70.20833333333333,68.375
2026-08-15 05:00:00+00:00,Karachi,70.875,70.20833333333333,68.375
2026-08-15 06:00:00+00:00,Karachi,70.875,70.20833333333333,68.375
2026-08-15 07:00:00+00:00,Karachi,70.875,70.20833333333333,68.375
2026-08-15 08:00:00+00:00,Karachi,70.875,70.20833333333333,68.375
2026-08-15 09:00:00+00:00,Karachi,70.875,70.20833333333333,68.375
2026-08-15 10:00:00+00:00,Karachi,70.875,70.20833333333333,68.375
2026-08-15 11:00:00+00:00,Karachi,70.875,70.20833333333333,68.375
2026-08-15 12:00:00+00:00,Karachi,70.875,70.20833333333333,68.375
2026-08-15 13:00:00+00:00,Karachi,70.875,70.20833333333333,68.375
2026-08-15 14:00:00+00:00,Karachi,70.875,70.20833333333333,68.375
2026-08-15 15:00:00+00:00,Karachi,70.875,70.20833333333333,68.375
2026-08-15 16:00:00+00:00,Karachi,70.875,70.20833333333333,68.375
2026-08-15 17:00:00+00:00,Karachi,70.875,70.20833333333333,68.375
2026-08-15 18:00:00+00:00,Karachi,70.875,70.20833333333333,68.375
2026-08-15 19:00:00+00:00,Karachi,70.875,70.20833333333333,68.375
2026-08-15 20:00:00+00:00,Karachi,70.875,70.20833333333333,68.375
2026-08-15 21:00:00+00:00,Karachi,70.875,70.20833333333333,68.375
2026-08-15 22:00:00+00:00,Karachi,70.875,70.20833333333333,68.375
2026-08-15 23:00:00+00:00,Karachi,70.875,70.20833333333333,68.375
2026-08-16 00:00:00+00:00,Karachi,70.20833333333333,68.375,62.666666666666664
2026-08-16 01:00:00+00:00,Karachi,70.20833333333333,68.375,62.666666666666664
2026-08-16 02:00:00+00:00,Karachi,70.20833333333333,68.375,62.666666666666664
2026-08-16 03:00:00+00:00,Karachi,70.20833333333333,68.375,62.666666666666664
2026-08-16 04:00:00+00:00,Karachi,70.20833333333333,68.375,62.666666666666664
2026-08-16 05:00:00+00:00,Karachi,70.20833333333333,68.375,62.666666666666664
2026-08-16 06:00:00+00:00,Karachi,70.20833333333333,68.375,62.666666666666664
2026-08-16 07:00:00+00:00,Karachi,70.20833333333333,68.375,62.666666666666664
2026-08-16 08:00:00+00:00,Karachi,70.20833333333333,68.375,62.666666666666664
2026-08-16 09:00:00+00:00,Karachi,70.20833333333333,68.375,62.666666666666664
2026-08-16 10:00:00+00:00,Karachi,70.20833333333333,68.375,62.666666666666664
2026-08-16 11:00:00+00:00,Karachi,70.20833333333333,68.375,62.666666666666664
2026-08-16 12:00:00+00:00,Karachi,70.20833333333333,68.375,62.666666666666664
2026-08-16 13:00:00+00:00,Karachi,70.20833333333333,68.375,62.666666666666664
2026-08-16 14:00:00+00:00,Karachi,70.20833333333333,68.375,62.666666666666664
2026-08-16 15:00:00+00:00,Karachi,70.20833333333333,68.375,62.666666666666664
2026-08-16 16:00:00+00:00,Karachi,70.20833333333333,68.375,62.666666666666664
2026-08-16 17:00:00+00:00,Karachi,70.20833333333333,68.375,62.666666666666664
2026-08-16 18:00:00+00:00,Karachi,70.20833333333333,68.375,62.666666666666664
2026-08-16 19:00:00+00:00,Karachi,70.20833333333333,68.375,62.666666666666664
2026-08-16 20:00:00+00:00,Karachi,70.20833333333333,68.375,62.666666666666664
2026-08-16 21:00:00+00:00,Karachi,70.20833333333333,68.375,62.666666666666664
2026-08-16 22:00:00+00:00,Karachi,70.20833333333333,68.375,62.666666666666664
2026-08-16 23:00:00+00:00,Karachi,70.20833333333333,68.375,62.666666666666664
2026-08-17 00:00:00+00:00,Karachi,68.375,62.666666666666664,
2026-08-17 01:00:00+00:00,Karachi,68.375,62.666666666666664,
2026-08-17 02:00:00+00:00,Karachi,68.375,62.666666666666664,
2026-08-17 03:00:00+00:00,Karachi,68.375,62.666666666666664,
2026-08-17 04:00:00+00:00,Karachi,68.375,62.666666666666664,
2026-08-17 05:00:00+00:00,Karachi,68.375,62.666666666666664,
2026-08-17 06:00:00+00:00,Karachi,68.375,62.666666666666664,
2026-08-17 07:00:00+00:00,Karachi,68.375,62.666666666666664,
2026-08-17 08:00:00+00:00,Karachi,68.375,62.666666666666664,
2026-08-17 09:00:00+00:00,Karachi,68.375,62.666666666666664,
2026-08-17 10:00:00+00:00,Karachi,68.375,62.666666666666664,
2026-08-17 11:00:00+00:00,Karachi,68.375,62.666666666666664,
2026-08-17 12:00:00+00:00,Karachi,68.375,62.666666666666664,
2026-08-17 13:00:00+00:00,Karachi,68.375,62.666666666666664,
2026-08-17 14:00:00+00:00,Karachi,68.375,62.666666666666664,
2026-08-17 15:00:00+00:00,Karachi,68.375,62.666666666666664,
2026-08-17 16:00:00+00:00,Karachi,68.375,62.666666666666664,
2026-08-17 17:00:00+00:00,Karachi,68.375,62.666666666666664,
2026-08-17 18:00:00+00:00,Karachi,68.375,62.666666666666664,
2026-08-17 19:00:00+00:00,Karachi,68.375,62.666666666666664,
2026-08-17 20:00:00+00:00,Karachi,68.375,62.666666666666664,
2026-08-17 21:00:00+00:00,Karachi,68.375,62.666666666666664,
2026-08-17 22:00:00+00:00,Karachi,68.375,62.666666666666664,
2026-08-17 23:00:00+00:00,Karachi,68.375,62.666666666666664,
2026-08-18 00:00:00+00:00,Karachi,62.666666666666664,,
2026-08-18 01:00:00+00:00,Karachi,62.666666666666664,,
2026-08-18 02:00:00+00:00,Karachi,62.666666666666664,,
2026-08-18 03:00:00+00:00,Karachi,62.666666666666664,,
2026-08-18 04:00:00+00:00,Karachi,62.666666666666664,,
2026-08-18 05:00:00+00:00,Karachi,62.666666666666664,,
2026-08-18 06:00:00+00:00,Karachi,62.666666666666664,,
2026-08-18 07:00:00+00:00,Karachi,62.666666666666664,,
2026-08-18 08:00:00+00:00,Karachi,62.666666666666664,,
2026-08-18 09:00:00+00:00,Karachi,62.666666666666664,,
2026-08-18 10:00:00+00:00,Karachi,62.666666666666664,,
2026-08-18 11:00:00+00:00,Karachi,62.666666666666664,,
2026-08-18 12:00:00+00:00,Karachi,62.666666666666664,,
2026-08-18 13:00:00+00:00,Karachi,62.666666666666664,,
2026-08-18 14:00:00+00:00,Karachi,62.666666666666664,,
2026-08-18 15:00:00+00:00,Karachi,62.666666666666664,,
2026-08-18 16:00:00+00:00,Karachi,62.666666666666664,,
2026-08-18 17:00:00+00:00,Karachi,62.666666666666664,,
2026-08-18 18:00:00+00:00,Karachi,62.666666666666664,,
2026-08-18 19:00:00+00:00,Karachi,62.666666666666664,,
2026-08-18 20:00:00+00:00,Karachi,62.666666666666664,,
2026-08-18 21:00:00+00:00,Karachi,62.666666666666664,,
2026-08-18 22:00:00+00:00,Karachi,62.666666666666664,,
2026-08-18 23:00:00+00:00,Karachi,62.666666666666664,,
2026-08-19 00:00:00+00:00,Karachi,,,
2026-08-19 01:00:00+00:00,Karachi,,,
2026-08-19 02:00:00+00:00,Karachi,,,
2026-08-19 03:00:00+00:00,Karachi,,,
2026-08-19 04:00:00+00:00,Karachi,,,
2026-08-19 05:00:00+00:00,Karachi,,,
2026-08-19 06:00:00+00:00,Karachi,,,
2026-08-19 07:00:00+00:00,Karachi,,,
2026-08-19 08:00:00+00:00,Karachi,,,
2026-08-19 09:00:00+00:00,Karachi,,,
2026-08-19 10:00:00+00:00,Karachi,,,
2026-08-19 11:00:00+00:00,Karachi,,,
2026-08-19 12:00:00+00:00,Karachi,,,
2026-08-19 13:00:00+00:00,Karachi,,,
2026-08-19 14:00:00+00:00,Karachi,,,
2026-08-19 15:00:00+00:00,Karachi,,,
2026-08-19 16:00:00+00:00,Karachi,,,
2026-08-19 17:00:00+00:00,Karachi,,,
2026-08-19 18:00:00+00:00,Karachi,,,
2026-08-19 19:00:00+00:00,Karachi,,,
2026-08-19 20:00:00+00:00,Karachi,,,
2026-08-19 21:00:00+00:00,Karachi,,,
2026-08-19 22:00:00+00:00,Karachi,,,
2026-08-19 23:00:00+00:00,Karachi,,,
2026-05-21 00:00:00+00:00,Lahore,91.33333333333333,112.25,93.91666666666667
2026-05-21 01:00:00+00:00,Lahore,91.33333333333333,112.25,93.91666666666667
2026-05-21 02:00:00+00:00,Lahore,91.33333333333333,112.25,93.91666666666667
2026-05-21 03:00:00+00:00,Lahore,91.33333333333333,112.25,93.91666666666667
2026-05-21 04:00:00+00:00,Lahore,91.33333333333333,112.25,93.91666666666667
2026-05-21 05:00:00+00:00,Lahore,91.33333333333333,112.25,93.91666666666667
2026-05-21 06:00:00+00:00,Lahore,91.33333333333333,112.25,93.91666666666667
2026-05-21 07:00:00+00:00,Lahore,91.33333333333333,112.25,93.91666666666667
2026-05-21 08:00:00+00:00,Lahore,91.33333333333333,112.25,93.91666666666667
2026-05-21 09:00:00+00:00,Lahore,91.33333333333333,112.25,93.91666666666667
2026-05-21 10:00:00+00:00,Lahore,91.33333333333333,112.25,93.91666666666667
2026-05-21 11:00:00+00:00,Lahore,91.33333333333333,112.25,93.91666666666667
2026-05-21 12:00:00+00:00,Lahore,91.33333333333333,112.25,93.91666666666667
2026-05-21 13:00:00+00:00,Lahore,91.33333333333333,112.25,93.91666666666667
2026-05-21 14:00:00+00:00,Lahore,91.33333333333333,112.25,93.91666666666667
2026-05-21 15:00:00+00:00,Lahore,91.33333333333333,112.25,93.91666666666667
2026-05-21 16:00:00+00:00,Lahore,91.33333333333333,112.25,93.91666666666667
2026-05-21 17:00:00+00:00,Lahore,91.33333333333333,112.25,93.91666666666667
2026-05-21 18:00:00+00:00,Lahore,91.33333333333333,112.25,93.91666666666667
2026-05-21 19:00:00+00:00,Lahore,91.33333333333333,112.25,93.91666666666667
2026-05-21 20:00:00+00:00,Lahore,91.33333333333333,112.25,93.91666666666667
2026-05-21 21:00:00+00:00,Lahore,91.33333333333333,112.25,93.91666666666667
2026-05-21 22:00:00+00:00,Lahore,91.33333333333333,112.25,93.91666666666667
2026-05-21 23:00:00+00:00,Lahore,91.33333333333333,112.25,93.91666666666667
2026-05-22 00:00:00+00:00,Lahore,112.25,93.91666666666667,100.20833333333333
2026-05-22 01:00:00+00:00,Lahore,112.25,93.91666666666667,100.20833333333333
2026-05-22 02:00:00+00:00,Lahore,112.25,93.91666666666667,100.20833333333333
2026-05-22 03:00:00+00:00,Lahore,112.25,93.91666666666667,100.20833333333333
2026-05-22 04:00:00+00:00,Lahore,112.25,93.91666666666667,100.20833333333333
2026-05-22 05:00:00+00:00,Lahore,112.25,93.91666666666667,100.20833333333333
2026-05-22 06:00:00+00:00,Lahore,112.25,93.91666666666667,100.20833333333333
2026-05-22 07:00:00+00:00,Lahore,112.25,93.91666666666667,100.20833333333333
2026-05-22 08:00:00+00:00,Lahore,112.25,93.91666666666667,100.20833333333333
2026-05-22 09:00:00+00:00,Lahore,112.25,93.91666666666667,100.20833333333333
2026-05-22 10:00:00+00:00,Lahore,112.25,93.91666666666667,100.20833333333333
2026-05-22 11:00:00+00:00,Lahore,112.25,93.91666666666667,100.20833333333333
2026-05-22 12:00:00+00:00,Lahore,112.25,93.91666666666667,100.20833333333333
2026-05-22 13:00:00+00:00,Lahore,112.25,93.91666666666667,100.20833333333333
2026-05-22 14:00:00+00:00,Lahore,112.25,93.91666666666667,100.20833333333333
2026-05-22 15:00:00+00:00,Lahore,112.25,93.91666666666667,100.20833333333333
2026-05-22 16:00:00+00:00,Lahore,112.25,93.91666666666667,100.20833333333333
2026-05-22 17:00:00+00:00,Lahore,112.25,93.91666666666667,100.20833333333333
2026-05-22 18:00:00+00:00,Lahore,112.25,93.91666666666667,100.20833333333333
2026-05-22 19:00:00+00:00,Lahore,112.25,93.91666666666667,100.20833333333333
2026-05-22 20:00:00+00:00,Lahore,112.25,93.91666666666667,100.20833333333333
2026-05-22 21:00:00+00:00,Lahore,112.25,93.91666666666667,100.20833333333333
2026-05-22 22:00:00+00:00,Lahore,112.25,93.91666666666667,100.20833333333333
2026-05-22 23:00:00+00:00,Lahore,112.25,93.91666666666667,100.20833333333333
2026-05-23 00:00:00+00:00,Lahore,93.91666666666667,100.20833333333333,101.5
2026-05-23 01:00:00+00:00,Lahore,93.91666666666667,100.20833333333333,101.5
2026-05-23 02:00:00+00:00,Lahore,93.91666666666667,100.20833333333333,101.5
2026-05-23 03:00:00+00:00,Lahore,93.91666666666667,100.20833333333333,101.5
2026-05-23 04:00:00+00:00,Lahore,93.91666666666667,100.20833333333333,101.5
2026-05-23 05:00:00+00:00,Lahore,93.91666666666667,100.20833333333333,101.5
2026-05-23 06:00:00+00:00,Lahore,93.91666666666667,100.20833333333333,101.5
2026-05-23 07:00:00+00:00,Lahore,93.91666666666667,100.20833333333333,101.5
2026-05-23 08:00:00+00:00,Lahore,93.91666666666667,100.20833333333333,101.5
2026-05-23 09:00:00+00:00,Lahore,93.91666666666667,100.20833333333333,101.5
2026-05-23 10:00:00+00:00,Lahore,93.91666666666667,100.20833333333333,101.5
2026-05-23 11:00:00+00:00,Lahore,93.91666666666667,100.20833333333333,101.5
2026-05-23 12:00:00+00:00,Lahore,93.91666666666667,100.20833333333333,101.5
2026-05-23 13:00:00+00:00,Lahore,93.91666666666667,100.20833333333333,101.5
2026-05-23 14:00:00+00:00,Lahore,93.91666666666667,100.20833333333333,101.5
2026-05-23 15:00:00+00:00,Lahore,93.91666666666667,100.20833333333333,101.5
2026-05-23 16:00:00+00:00,Lahore,93.91666666666667,100.20833333333333,101.5
2026-05-23 17:00:00+00:00,Lahore,93.91666666666667,100.20833333333333,101.5
2026-05-23 18:00:00+00:00,Lahore,93.91666666666667,100.20833333333333,101.5
2026-05-23 19:00:00+00:00,Lahore,93.91666666666667,100.20833333333333,101.5
2026-05-23 20:00:00+00:00,Lahore,93.91666666666667,100.20833333333333,101.5
2026-05-23 21:00:00+00:00,Lahore,93.91666666666667,100.20833333333333,101.5
2026-05-23 22:00:00+00:00,Lahore,93.91666666666667,100.20833333333333,101.5
2026-05-23 23:00:00+00:00,Lahore,93.91666666666667,100.20833333333333,101.5
2026-05-24 00:00:00+00:00,Lahore,100.20833333333333,101.5,106.45833333333333
2026-05-24 01:00:00+00:00,Lahore,100.20833333333333,101.5,106.45833333333333
2026-05-24 02:00:00+00:00,Lahore,100.20833333333333,101.5,106.45833333333333
2026-05-24 03:00:00+00:00,Lahore,100.20833333333333,101.5,106.45833333333333
2026-05-24 04:00:00+00:00,Lahore,100.20833333333333,101.5,106.45833333333333
2026-05-24 05:00:00+00:00,Lahore,100.20833333333333,101.5,106.45833333333333
2026-05-24 06:00:00+00:00,Lahore,100.20833333333333,101.5,106.45833333333333
2026-05-24 07:00:00+00:00,Lahore,100.20833333333333,101.5,106.45833333333333
2026-05-24 08:00:00+00:00,Lahore,100.20833333333333,101.5,106.45833333333333
2026-05-24 09:00:00+00:00,Lahore,100.20833333333333,101.5,106.45833333333333
2026-05-24 10:00:00+00:00,Lahore,100.20833333333333,101.5,106.45833333333333
2026-05-24 11:00:00+00:00,Lahore,100.20833333333333,101.5,106.45833333333333
2026-05-24 12:00:00+00:00,Lahore,100.20833333333333,101.5,106.45833333333333
2026-05-24 13:00:00+00:00,Lahore,100.20833333333333,101.5,106.45833333333333
2026-05-24 14:00:00+00:00,Lahore,100.20833333333333,101.5,106.45833333333333
2026-05-24 15:00:00+00:00,Lahore,100.20833333333333,101.5,106.45833333333333
2026-05-24 16:00:00+00:00,Lahore,100.20833333333333,101.5,106.45833333333333
2026-05-24 17:00:00+00:00,Lahore,100.20833333333333,101.5,106.45833333333333
2026-05-24 18:00:00+00:00,Lahore,100.20833333333333,101.5,106.45833333333333
2026-05-24 19:00:00+00:00,Lahore,100.20833333333333,101.5,106.45833333333333
2026-05-24 20:00:00+00:00,Lahore,100.20833333333333,101.5,106.45833333333333
2026-05-24 21:00:00+00:00,Lahore,100.20833333333333,101.5,106.45833333333333
2026-05-24 22:00:00+00:00,Lahore,100.20833333333333,101.5,106.45833333333333
2026-05-24 23:00:00+00:00,Lahore,100.20833333333333,101.5,106.45833333333333
2026-05-25 00:00:00+00:00,Lahore,101.5,106.45833333333333,119.95833333333333
2026-05-25 01:00:00+00:00,Lahore,101.5,106.45833333333333,119.95833333333333
2026-05-25 02:00:00+00:00,Lahore,101.5,106.45833333333333,119.95833333333333
2026-05-25 03:00:00+00:00,Lahore,101.5,106.45833333333333,119.95833333333333
2026-05-25 04:00:00+00:00,Lahore,101.5,106.45833333333333,119.95833333333333
2026-05-25 05:00:00+00:00,Lahore,101.5,106.45833333333333,119.95833333333333
2026-05-25 06:00:00+00:00,Lahore,101.5,106.45833333333333,119.95833333333333
2026-05-25 07:00:00+00:00,Lahore,101.5,106.45833333333333,119.95833333333333
2026-05-25 08:00:00+00:00,Lahore,101.5,106.45833333333333,119.95833333333333
2026-05-25 09:00:00+00:00,Lahore,101.5,106.45833333333333,119.95833333333333
2026-05-25 10:00:00+00:00,Lahore,101.5,106.45833333333333,119.95833333333333
2026-05-25 11:00:00+00:00,Lahore,101.5,106.45833333333333,119.95833333333333
2026-05-25 12:00:00+00:00,Lahore,101.5,106.45833333333333,119.95833333333333
2026-05-25 13:00:00+00:00,Lahore,101.5,106.45833333333333,119.95833333333333
2026-05-25 14:00:00+00:00,Lahore,101.5,106.45833333333333,119.95833333333333
2026-05-25 15:00:00+00:00,Lahore,101.5,106.45833333333333,119.95833333333333
2026-05-25 16:00:00+00:00,Lahore,101.5,106.45833333333333,119.95833333333333
2026-05-25 17:00:00+00:00,Lahore,101.5,106.45833333333333,119.95833333333333
2026-05-25 18:00:00+00:00,Lahore,101.5,106.45833333333333,119.95833333333333
2026-05-25 19:00:00+00:00,Lahore,101.5,106.45833333333333,119.95833333333333
2026-05-25 20:00:00+00:00,Lahore,101.5,106.45833333333333,119.95833333333333
2026-05-25 21:00:00+00:00,Lahore,101.5,106.45833333333333,119.95833333333333
2026-05-25 22:00:00+00:00,Lahore,101.5,106.45833333333333,119.95833333333333
2026-05-25 23:00:00+00:00,Lahore,101.5,106.45833333333333,119.95833333333333
2026-05-26 00:00:00+00:00,Lahore,106.45833333333333,119.95833333333333,169.25
2026-05-26 01:00:00+00:00,Lahore,106.45833333333333,119.95833333333333,169.25
2026-05-26 02:00:00+00:00,Lahore,106.45833333333333,119.95833333333333,169.25
2026-05-26 03:00:00+00:00,Lahore,106.45833333333333,119.95833333333333,169.25
2026-05-26 04:00:00+00:00,Lahore,106.45833333333333,119.95833333333333,169.25
2026-05-26 05:00:00+00:00,Lahore,106.45833333333333,119.95833333333333,169.25
2026-05-26 06:00:00+00:00,Lahore,106.45833333333333,119.95833333333333,169.25
2026-05-26 07:00:00+00:00,Lahore,106.45833333333333,119.95833333333333,169.25
2026-05-26 08:00:00+00:00,Lahore,106.45833333333333,119.95833333333333,169.25
2026-05-26 09:00:00+00:00,Lahore,106.45833333333333,119.95833333333333,169.25
2026-05-26 10:00:00+00:00,Lahore,106.45833333333333,119.95833333333333,169.25
2026-05-26 11:00:00+00:00,Lahore,106.45833333333333,119.95833333333333,169.25
2026-05-26 12:00:00+00:00,Lahore,106.45833333333333,119.95833333333333,169.25
2026-05-26 13:00:00+00:00,Lahore,106.45833333333333,119.95833333333333,169.25
2026-05-26 14:00:00+00:00,Lahore,106.45833333333333,119.95833333333333,169.25
2026-05-26 15:00:00+00:00,Lahore,106.45833333333333,119.95833333333333,169.25
2026-05-26 16:00:00+00:00,Lahore,106.45833333333333,119.95833333333333,169.25
2026-05-26 17:00:00+00:00,Lahore,106.45833333333333,119.95833333333333,169.25
2026-05-26 18:00:00+00:00,Lahore,106.45833333333333,119.95833333333333,169.25
2026-05-26 19:00:00+00:00,Lahore,106.45833333333333,119.95833333333333,169.25
2026-05-26 20:00:00+00:00,Lahore,106.45833333333333,119.95833333333333,169.25
2026-05-26 21:00:00+00:00,Lahore,106.45833333333333,119.95833333333333,169.25
2026-05-26 22:00:00+00:00,Lahore,106.45833333333333,119.95833333333333,169.25
2026-05-26 23:00:00+00:00,Lahore,106.45833333333333,119.95833333333333,169.25
2026-05-27 00:00:00+00:00,Lahore,119.95833333333333,169.25,205.04166666666666
2026-05-27 01:00:00+00:00,Lahore,119.95833333333333,169.25,205.04166666666666
2026-05-27 02:00:00+00:00,Lahore,119.95833333333333,169.25,205.04166666666666
2026-05-27 03:00:00+00:00,Lahore,119.95833333333333,169.25,205.04166666666666
2026-05-27 04:00:00+00:00,Lahore,119.95833333333333,169.25,205.04166666666666
2026-05-27 05:00:00+00:00,Lahore,119.95833333333333,169.25,205.04166666666666
2026-05-27 06:00:00+00:00,Lahore,119.95833333333333,169.25,205.04166666666666
2026-05-27 07:00:00+00:00,Lahore,119.95833333333333,169.25,205.04166666666666
2026-05-27 08:00:00+00:00,Lahore,119.95833333333333,169.25,205.04166666666666
2026-05-27 09:00:00+00:00,Lahore,119.95833333333333,169.25,205.04166666666666
2026-05-27 10:00:00+00:00,Lahore,119.95833333333333,169.25,205.04166666666666
2026-05-27 11:00:00+00:00,Lahore,119.95833333333333,169.25,205.04166666666666
2026-05-27 12:00:00+00:00,Lahore,119.95833333333333,169.25,205.04166666666666
2026-05-27 13:00:00+00:00,Lahore,119.95833333333333,169.25,205.04166666666666
2026-05-27 14:00:00+00:00,Lahore,119.95833333333333,169.25,205.04166666666666
2026-05-27 15:00:00+00:00,Lahore,119.95833333333333,169.25,205.04166666666666
2026-05-27 16:00:00+00:00,Lahore,119.95833333333333,169.25,205.04166666666666
2026-05-27 17:00:00+00:00,Lahore,119.95833333333333,169.25,205.04166666666666
2026-05-27 18:00:00+00:00,Lahore,119.95833333333333,169.25,205.04166666666666
2026-05-27 19:00:00+00:00,Lahore,119.95833333333333,169.25,205.04166666666666
2026-05-27 20:00:00+00:00,Lahore,119.95833333333333,169.25,205.04166666666666
2026-05-27 21:00:00+00:00,Lahore,119.95833333333333,169.25,205.04166666666666
2026-05-27 22:00:00+00:00,Lahore,119.95833333333333,169.25,205.04166666666666
2026-05-27 23:00:00+00:00,Lahore,119.95833333333333,169.25,205.04166666666666
2026-05-28 00:00:00+00:00,Lahore,169.25,205.04166666666666,117.45833333333333
2026-05-28 01:00:00+00:00,Lahore,169.25,205.04166666666666,117.45833333333333
2026-05-28 02:00:00+00:00,Lahore,169.25,205.04166666666666,117.45833333333333
2026-05-28 03:00:00+00:00,Lahore,169.25,205.04166666666666,117.45833333333333
2026-05-28 04:00:00+00:00,Lahore,169.25,205.04166666666666,117.45833333333333
2026-05-28 05:00:00+00:00,Lahore,169.25,205.04166666666666,117.45833333333333
2026-05-28 06:00:00+00:00,Lahore,169.25,205.04166666666666,117.45833333333333
2026-05-28 07:00:00+00:00,Lahore,169.25,205.04166666666666,117.45833333333333
2026-05-28 08:00:00+00:00,Lahore,169.25,205.04166666666666,117.45833333333333
2026-05-28 09:00:00+00:00,Lahore,169.25,205.04166666666666,117.45833333333333
2026-05-28 10:00:00+00:00,Lahore,169.25,205.04166666666666,117.45833333333333
2026-05-28 11:00:00+00:00,Lahore,169.25,205.04166666666666,117.45833333333333
2026-05-28 12:00:00+00:00,Lahore,169.25,205.04166666666666,117.45833333333333
2026-05-28 13:00:00+00:00,Lahore,169.25,205.04166666666666,117.45833333333333
2026-05-28 14:00:00+00:00,Lahore,169.25,205.04166666666666,117.45833333333333
2026-05-28 15:00:00+00:00,Lahore,169.25,205.04166666666666,117.45833333333333
2026-05-28 16:00:00+00:00,Lahore,169.25,205.04166666666666,117.45833333333333
2026-05-28 17:00:00+00:00,Lahore,169.25,205.04166666666666,117.45833333333333
2026-05-28 18:00:00+00:00,Lahore,169.25,205.04166666666666,117.45833333333333
2026-05-28 19:00:00+00:00,Lahore,169.25,205.04166666666666,117.45833333333333
2026-05-28 20:00:00+00:00,Lahore,169.25,205.04166666666666,117.45833333333333
2026-05-28 21:00:00+00:00,Lahore,169.25,205.04166666666666,117.45833333333333
2026-05-28 22:00:00+00:00,Lahore,169.25,205.04166666666666,117.45833333333333
2026-05-28 23:00:00+00:00,Lahore,169.25,205.04166666666666,117.45833333333333
2026-05-29 00:00:00+00:00,Lahore,205.04166666666666,117.45833333333333,141.16666666666666
2026-05-29 01:00:00+00:00,Lahore,205.04166666666666,117.45833333333333,141.16666666666666
2026-05-29 02:00:00+00:00,Lahore,205.04166666666666,117.45833333333333,141.16666666666666
2026-05-29 03:00:00+00:00,Lahore,205.04166666666666,117.45833333333333,141.16666666666666
2026-05-29 04:00:00+00:00,Lahore,205.04166666666666,117.45833333333333,141.16666666666666
2026-05-29 05:00:00+00:00,Lahore,205.04166666666666,117.45833333333333,141.16666666666666
2026-05-29 06:00:00+00:00,Lahore,205.04166666666666,117.45833333333333,141.16666666666666
2026-05-29 07:00:00+00:00,Lahore,205.04166666666666,117.45833333333333,141.16666666666666
2026-05-29 08:00:00+00:00,Lahore,205.04166666666666,117.45833333333333,141.16666666666666
2026-05-29 09:00:00+00:00,Lahore,205.04166666666666,117.45833333333333,141.16666666666666
2026-05-29 10:00:00+00:00,Lahore,205.04166666666666,117.45833333333333,141.16666666666666
2026-05-29 11:00:00+00:00,Lahore,205.04166666666666,117.45833333333333,141.16666666666666
2026-05-29 12:00:00+00:00,Lahore,205.04166666666666,117.45833333333333,141.16666666666666
2026-05-29 13:00:00+00:00,Lahore,205.04166666666666,117.45833333333333,141.16666666666666
2026-05-29 14:00:00+00:00,Lahore,205.04166666666666,117.45833333333333,141.16666666666666
2026-05-29 15:00:00+00:00,Lahore,205.04166666666666,117.45833333333333,141.16666666666666
2026-05-29 16:00:00+00:00,Lahore,205.04166666666666,117.45833333333333,141.16666666666666
2026-05-29 17:00:00+00:00,Lahore,205.04166666666666,117.45833333333333,141.16666666666666
2026-05-29 18:00:00+00:00,Lahore,205.04166666666666,117.45833333333333,141.16666666666666
2026-05-29 19:00:00+00:00,Lahore,205.04166666666666,117.45833333333333,141.16666666666666
2026-05-29 20:00:00+00:00,Lahore,205.04166666666666,117.45833333333333,141.16666666666666
2026-05-29 21:00:00+00:00,Lahore,205.04166666666666,117.45833333333333,141.16666666666666
2026-05-29 22:00:00+00:00,Lahore,205.04166666666666,117.45833333333333,141.16666666666666
2026-05-29 23:00:00+00:00,Lahore,205.04166666666666,117.45833333333333,141.16666666666666
2026-05-30 00:00:00+00:00,Lahore,117.45833333333333,141.16666666666666,161.25
2026-05-30 01:00:00+00:00,Lahore,117.45833333333333,141.16666666666666,161.25
2026-05-30 02:00:00+00:00,Lahore,117.45833333333333,141.16666666666666,161.25
2026-05-30 03:00:00+00:00,Lahore,117.45833333333333,141.16666666666666,161.25
2026-05-30 04:00:00+00:00,Lahore,117.45833333333333,141.16666666666666,161.25
2026-05-30 05:00:00+00:00,Lahore,117.45833333333333,141.16666666666666,161.25
2026-05-30 06:00:00+00:00,Lahore,117.45833333333333,141.16666666666666,161.25
2026-05-30 07:00:00+00:00,Lahore,117.45833333333333,141.16666666666666,161.25
2026-05-30 08:00:00+00:00,Lahore,117.45833333333333,141.16666666666666,161.25
2026-05-30 09:00:00+00:00,Lahore,117.45833333333333,141.16666666666666,161.25
2026-05-30 10:00:00+00:00,Lahore,117.45833333333333,141.16666666666666,161.25
2026-05-30 11:00:00+00:00,Lahore,117.45833333333333,141.16666666666666,161.25
2026-05-30 12:00:00+00:00,Lahore,117.45833333333333,141.16666666666666,161.25
2026-05-30 13:00:00+00:00,Lahore,117.45833333333333,141.16666666666666,161.25
2026-05-30 14:00:00+00:00,Lahore,117.45833333333333,141.16666666666666,161.25
2026-05-30 15:00:00+00:00,Lahore,117.45833333333333,141.16666666666666,161.25
2026-05-30 16:00:00+00:00,Lahore,117.45833333333333,141.16666666666666,161.25
2026-05-30 17:00:00+00:00,Lahore,117.45833333333333,141.16666666666666,161.25
2026-05-30 18:00:00+00:00,Lahore,117.45833333333333,141.16666666666666,161.25
2026-05-30 19:00:00+00:00,Lahore,117.45833333333333,141.16666666666666,161.25
2026-05-30 20:00:00+00:00,Lahore,117.45833333333333,141.16666666666666,161.25
2026-05-30 21:00:00+00:00,Lahore,117.45833333333333,141.16666666666666,161.25
2026-05-30 22:00:00+00:00,Lahore,117.45833333333333,141.16666666666666,161.25
2026-05-30 23:00:00+00:00,Lahore,117.45833333333333,141.16666666666666,161.25
2026-05-31 00:00:00+00:00,Lahore,141.16666666666666,161.25,167.29166666666666
2026-05-31 01:00:00+00:00,Lahore,141.16666666666666,161.25,167.29166666666666
2026-05-31 02:00:00+00:00,Lahore,141.16666666666666,161.25,167.29166666666666
2026-05-31 03:00:00+00:00,Lahore,141.16666666666666,161.25,167.29166666666666
2026-05-31 04:00:00+00:00,Lahore,141.16666666666666,161.25,167.29166666666666
2026-05-31 05:00:00+00:00,Lahore,141.16666666666666,161.25,167.29166666666666
2026-05-31 06:00:00+00:00,Lahore,141.16666666666666,161.25,167.29166666666666
2026-05-31 07:00:00+00:00,Lahore,141.16666666666666,161.25,167.29166666666666
2026-05-31 08:00:00+00:00,Lahore,141.16666666666666,161.25,167.29166666666666
2026-05-31 09:00:00+00:00,Lahore,141.16666666666666,161.25,167.29166666666666
2026-05-31 10:00:00+00:00,Lahore,141.16666666666666,161.25,167.29166666666666
2026-05-31 11:00:00+00:00,Lahore,141.16666666666666,161.25,167.29166666666666
2026-05-31 12:00:00+00:00,Lahore,141.16666666666666,161.25,167.29166666666666
2026-05-31 13:00:00+00:00,Lahore,141.16666666666666,161.25,167.29166666666666
2026-05-31 14:00:00+00:00,Lahore,141.16666666666666,161.25,167.29166666666666
2026-05-31 15:00:00+00:00,Lahore,141.16666666666666,161.25,167.29166666666666
2026-05-31 16:00:00+00:00,Lahore,141.16666666666666,161.25,167.29166666666666
2026-05-31 17:00:00+00:00,Lahore,141.16666666666666,161.25,167.29166666666666
2026-05-31 18:00:00+00:00,Lahore,141.16666666666666,161.25,167.29166666666666
2026-05-31 19:00:00+00:00,Lahore,141.16666666666666,161.25,167.29166666666666
2026-05-31 20:00:00+00:00,Lahore,141.16666666666666,161.25,167.29166666666666
2026-05-31 21:00:00+00:00,Lahore,141.16666666666666,161.25,167.29166666666666
2026-05-31 22:00:00+00:00,Lahore,141.16666666666666,161.25,167.29166666666666
2026-05-31 23:00:00+00:00,Lahore,141.16666666666666,161.25,167.29166666666666
2026-06-01 00:00:00+00:00,Lahore,161.25,167.29166666666666,162.5
2026-06-01 01:00:00+00:00,Lahore,161.25,167.29166666666666,162.5
2026-06-01 02:00:00+00:00,Lahore,161.25,167.29166666666666,162.5
2026-06-01 03:00:00+00:00,Lahore,161.25,167.29166666666666,162.5
2026-06-01 04:00:00+00:00,Lahore,161.25,167.29166666666666,162.5
2026-06-01 05:00:00+00:00,Lahore,161.25,167.29166666666666,162.5
2026-06-01 06:00:00+00:00,Lahore,161.25,167.29166666666666,162.5
2026-06-01 07:00:00+00:00,Lahore,161.25,167.29166666666666,162.5
2026-06-01 08:00:00+00:00,Lahore,161.25,167.29166666666666,162.5
2026-06-01 09:00:00+00:00,Lahore,161.25,167.29166666666666,162.5
2026-06-01 10:00:00+00:00,Lahore,161.25,167.29166666666666,162.5
2026-06-01 11:00:00+00:00,Lahore,161.25,167.29166666666666,162.5
2026-06-01 12:00:00+00:00,Lahore,161.25,167.29166666666666,162.5
2026-06-01 13:00:00+00:00,Lahore,161.25,167.29166666666666,162.5
2026-06-01 14:00:00+00:00,Lahore,161.25,167.29166666666666,162.5
2026-06-01 15:00:00+00:00,Lahore,161.25,167.29166666666666,162.5
2026-06-01 16:00:00+00:00,Lahore,161.25,167.29166666666666,162.5
2026-06-01 17:00:00+00:00,Lahore,161.25,167.29166666666666,162.5
2026-06-01 18:00:00+00:00,Lahore,161.25,167.29166666666666,162.5
2026-06-01 19:00:00+00:00,Lahore,161.25,167.29166666666666,162.5
2026-06-01 20:00:00+00:00,Lahore,161.25,167.29166666666666,162.5
2026-06-01 21:00:00+00:00,Lahore,161.25,167.29166666666666,162.5
2026-06-01 22:00:00+00:00,Lahore,161.25,167.29166666666666,162.5
2026-06-01 23:00:00+00:00,Lahore,161.25,167.29166666666666,162.5
2026-06-02 00:00:00+00:00,Lahore,167.29166666666666,162.5,153.04166666666666
2026-06-02 01:00:00+00:00,Lahore,167.29166666666666,162.5,153.04166666666666
2026-06-02 02:00:00+00:00,Lahore,167.29166666666666,162.5,153.04166666666666
2026-06-02 03:00:00+00:00,Lahore,167.29166666666666,162.5,153.04166666666666
2026-06-02 04:00:00+00:00,Lahore,167.29166666666666,162.5,153.04166666666666
2026-06-02 05:00:00+00:00,Lahore,167.29166666666666,162.5,153.04166666666666
2026-06-02 06:00:00+00:00,Lahore,167.29166666666666,162.5,153.04166666666666
2026-06-02 07:00:00+00:00,Lahore,167.29166666666666,162.5,153.04166666666666
2026-06-02 08:00:00+00:00,Lahore,167.29166666666666,162.5,153.04166666666666
2026-06-02 09:00:00+00:00,Lahore,167.29166666666666,162.5,153.04166666666666
2026-06-02 10:00:00+00:00,Lahore,167.29166666666666,162.5,153.04166666666666
2026-06-02 11:00:00+00:00,Lahore,167.29166666666666,162.5,153.04166666666666
2026-06-02 12:00:00+00:00,Lahore,167.29166666666666,162.5,153.04166666666666
2026-06-02 13:00:00+00:00,Lahore,167.29166666666666,162.5,153.04166666666666
2026-06-02 14:00:00+00:00,Lahore,167.29166666666666,162.5,153.04166666666666
2026-06-02 15:00:00+00:00,Lahore,167.29166666666666,162.5,153.04166666666666
2026-06-02 16:00:00+00:00,Lahore,167.29166666666666,162.5,153.04166666666666
2026-06-02 17:00:00+00:00,Lahore,167.29166666666666,162.5,153.04166666666666
2026-06-02 18:00:00+00:00,Lahore,167.29166666666666,162.5,153.04166666666666
2026-06-02 19:00:00+00:00,Lahore,167.29166666666666,162.5,153.04166666666666
2026-06-02 20:00:00+00:00,Lahore,167.29166666666666,162.5,153.04166666666666
2026-06-02 21:00:00+00:00,Lahore,167.29166666666666,162.5,153.04166666666666
2026-06-02 22:00:00+00:00,Lahore,167.29166666666666,162.5,153.04166666666666
2026-06-02 23:00:00+00:00,Lahore,167.29166666666666,162.5,153.04166666666666
2026-06-03 00:00:00+00:00,Lahore,162.5,153.04166666666666,160.29166666666666
2026-06-03 01:00:00+00:00,Lahore,162.5,153.04166666666666,160.29166666666666
2026-06-03 02:00:00+00:00,Lahore,162.5,153.04166666666666,160.29166666666666
2026-06-03 03:00:00+00:00,Lahore,162.5,153.04166666666666,160.29166666666666
2026-06-03 04:00:00+00:00,Lahore,162.5,153.04166666666666,160.29166666666666
2026-06-03 05:00:00+00:00,Lahore,162.5,153.04166666666666,160.29166666666666
2026-06-03 06:00:00+00:00,Lahore,162.5,153.04166666666666,160.29166666666666
2026-06-03 07:00:00+00:00,Lahore,162.5,153.04166666666666,160.29166666666666
2026-06-03 08:00:00+00:00,Lahore,162.5,153.04166666666666,160.29166666666666
2026-06-03 09:00:00+00:00,Lahore,162.5,153.04166666666666,160.29166666666666
2026-06-03 10:00:00+00:00,Lahore,162.5,153.04166666666666,160.29166666666666
2026-06-03 11:00:00+00:00,Lahore,162.5,153.04166666666666,160.29166666666666
2026-06-03 12:00:00+00:00,Lahore,162.5,153.04166666666666,160.29166666666666
2026-06-03 13:00:00+00:00,Lahore,162.5,153.04166666666666,160.29166666666666
2026-06-03 14:00:00+00:00,Lahore,162.5,153.04166666666666,160.29166666666666
2026-06-03 15:00:00+00:00,Lahore,162.5,153.04166666666666,160.29166666666666
2026-06-03 16:00:00+00:00,Lahore,162.5,153.04166666666666,160.29166666666666
2026-06-03 17:00:00+00:00,Lahore,162.5,153.04166666666666,160.29166666666666
2026-06-03 18:00:00+00:00,Lahore,162.5,153.04166666666666,160.29166666666666
2026-06-03 19:00:00+00:00,Lahore,162.5,153.04166666666666,160.29166666666666
2026-06-03 20:00:00+00:00,Lahore,162.5,153.04166666666666,160.29166666666666
2026-06-03 21:00:00+00:00,Lahore,162.5,153.04166666666666,160.29166666666666
2026-06-03 22:00:00+00:00,Lahore,162.5,153.04166666666666,160.29166666666666
2026-06-03 23:00:00+00:00,Lahore,162.5,153.04166666666666,160.29166666666666
2026-06-04 00:00:00+00:00,Lahore,153.04166666666666,160.29166666666666,148.25
2026-06-04 01:00:00+00:00,Lahore,153.04166666666666,160.29166666666666,148.25
2026-06-04 02:00:00+00:00,Lahore,153.04166666666666,160.29166666666666,148.25
2026-06-04 03:00:00+00:00,Lahore,153.04166666666666,160.29166666666666,148.25
2026-06-04 04:00:00+00:00,Lahore,153.04166666666666,160.29166666666666,148.25
2026-06-04 05:00:00+00:00,Lahore,153.04166666666666,160.29166666666666,148.25
2026-06-04 06:00:00+00:00,Lahore,153.04166666666666,160.29166666666666,148.25
2026-06-04 07:00:00+00:00,Lahore,153.04166666666666,160.29166666666666,148.25
2026-06-04 08:00:00+00:00,Lahore,153.04166666666666,160.29166666666666,148.25
2026-06-04 09:00:00+00:00,Lahore,153.04166666666666,160.29166666666666,148.25
2026-06-04 10:00:00+00:00,Lahore,153.04166666666666,160.29166666666666,148.25
2026-06-04 11:00:00+00:00,Lahore,153.04166666666666,160.29166666666666,148.25
2026-06-04 12:00:00+00:00,Lahore,153.04166666666666,160.29166666666666,148.25
2026-06-04 13:00:00+00:00,Lahore,153.04166666666666,160.29166666666666,148.25
2026-06-04 14:00:00+00:00,Lahore,153.04166666666666,160.29166666666666,148.25
2026-06-04 15:00:00+00:00,Lahore,153.04166666666666,160.29166666666666,148.25
2026-06-04 16:00:00+00:00,Lahore,153.04166666666666,160.29166666666666,148.25
2026-06-04 17:00:00+00:00,Lahore,153.04166666666666,160.29166666666666,148.25
2026-06-04 18:00:00+00:00,Lahore,153.04166666666666,160.29166666666666,148.25
2026-06-04 19:00:00+00:00,Lahore,153.04166666666666,160.29166666666666,148.25
2026-06-04 20:00:00+00:00,Lahore,153.04166666666666,160.29166666666666,148.25
2026-06-04 21:00:00+00:00,Lahore,153.04166666666666,160.29166666666666,148.25
2026-06-04 22:00:00+00:00,Lahore,153.04166666666666,160.29166666666666,148.25
2026-06-04 23:00:00+00:00,Lahore,153.04166666666666,160.29166666666666,148.25
2026-06-05 00:00:00+00:00,Lahore,160.29166666666666,148.25,127.0
2026-06-05 01:00:00+00:00,Lahore,160.29166666666666,148.25,127.0
2026-06-05 02:00:00+00:00,Lahore,160.29166666666666,148.25,127.0
2026-06-05 03:00:00+00:00,Lahore,160.29166666666666,148.25,127.0
2026-06-05 04:00:00+00:00,Lahore,160.29166666666666,148.25,127.0
2026-06-05 05:00:00+00:00,Lahore,160.29166666666666,148.25,127.0
2026-06-05 06:00:00+00:00,Lahore,160.29166666666666,148.25,127.0
2026-06-05 07:00:00+00:00,Lahore,160.29166666666666,148.25,127.0
2026-06-05 08:00:00+00:00,Lahore,160.29166666666666,148.25,127.0
2026-06-05 09:00:00+00:00,Lahore,160.29166666666666,148.25,127.0
2026-06-05 10:00:00+00:00,Lahore,160.29166666666666,148.25,127.0
2026-06-05 11:00:00+00:00,Lahore,160.29166666666666,148.25,127.0
2026-06-05 12:00:00+00:00,Lahore,160.29166666666666,148.25,127.0
2026-06-05 13:00:00+00:00,Lahore,160.29166666666666,148.25,127.0
2026-06-05 14:00:00+00:00,Lahore,160.29166666666666,148.25,127.0
2026-06-05 15:00:00+00:00,Lahore,160.29166666666666,148.25,127.0
2026-06-05 16:00:00+00:00,Lahore,160.29166666666666,148.25,127.0
2026-06-05 17:00:00+00:00,Lahore,160.29166666666666,148.25,127.0
2026-06-05 18:00:00+00:00,Lahore,160.29166666666666,148.25,127.0
2026-06-05 19:00:00+00:00,Lahore,160.29166666666666,148.25,127.0
2026-06-05 20:00:00+00:00,Lahore,160.29166666666666,148.25,127.0
2026-06-05 21:00:00+00:00,Lahore,160.29166666666666,148.25,127.0
2026-06-05 22:00:00+00:00,Lahore,160.29166666666666,148.25,127.0
2026-06-05 23:00:00+00:00,Lahore,160.29166666666666,148.25,127.0
2026-06-06 00:00:00+00:00,Lahore,148.25,127.0,134.79166666666666
2026-06-06 01:00:00+00:00,Lahore,148.25,127.0,134.79166666666666
2026-06-06 02:00:00+00:00,Lahore,148.25,127.0,134.79166666666666
2026-06-06 03:00:00+00:00,Lahore,148.25,127.0,134.79166666666666
2026-06-06 04:00:00+00:00,Lahore,148.25,127.0,134.79166666666666
2026-06-06 05:00:00+00:00,Lahore,148.25,127.0,134.79166666666666
2026-06-06 06:00:00+00:00,Lahore,148.25,127.0,134.79166666666666
2026-06-06 07:00:00+00:00,Lahore,148.25,127.0,134.79166666666666
2026-06-06 08:00:00+00:00,Lahore,148.25,127.0,134.79166666666666
2026-06-06 09:00:00+00:00,Lahore,148.25,127.0,134.79166666666666
2026-06-06 10:00:00+00:00,Lahore,148.25,127.0,134.79166666666666
2026-06-06 11:00:00+00:00,Lahore,148.25,127.0,134.79166666666666
2026-06-06 12:00:00+00:00,Lahore,148.25,127.0,134.79166666666666
2026-06-06 13:00:00+00:00,Lahore,148.25,127.0,134.79166666666666
2026-06-06 14:00:00+00:00,Lahore,148.25,127.0,134.79166666666666
2026-06-06 15:00:00+00:00,Lahore,148.25,127.0,134.79166666666666
2026-06-06 16:00:00+00:00,Lahore,148.25,127.0,134.79166666666666
2026-06-06 17:00:00+00:00,Lahore,148.25,127.0,134.79166666666666
2026-06-06 18:00:00+00:00,Lahore,148.25,127.0,134.79166666666666
2026-06-06 19:00:00+00:00,Lahore,148.25,127.0,134.79166666666666
2026-06-06 20:00:00+00:00,Lahore,148.25,127.0,134.79166666666666
2026-06-06 21:00:00+00:00,Lahore,148.25,127.0,134.79166666666666
2026-06-06 22:00:00+00:00,Lahore,148.25,127.0,134.79166666666666
2026-06-06 23:00:00+00:00,Lahore,148.25,127.0,134.79166666666666
2026-06-07 00:00:00+00:00,Lahore,127.0,134.79166666666666,142.375
2026-06-07 01:00:00+00:00,Lahore,127.0,134.79166666666666,142.375
2026-06-07 02:00:00+00:00,Lahore,127.0,134.79166666666666,142.375
2026-06-07 03:00:00+00:00,Lahore,127.0,134.79166666666666,142.375
2026-06-07 04:00:00+00:00,Lahore,127.0,134.79166666666666,142.375
2026-06-07 05:00:00+00:00,Lahore,127.0,134.79166666666666,142.375
2026-06-07 06:00:00+00:00,Lahore,127.0,134.79166666666666,142.375
2026-06-07 07:00:00+00:00,Lahore,127.0,134.79166666666666,142.375
2026-06-07 08:00:00+00:00,Lahore,127.0,134.79166666666666,142.375
2026-06-07 09:00:00+00:00,Lahore,127.0,134.79166666666666,142.375
2026-06-07 10:00:00+00:00,Lahore,127.0,134.79166666666666,142.375
2026-06-07 11:00:00+00:00,Lahore,127.0,134.79166666666666,142.375
2026-06-07 12:00:00+00:00,Lahore,127.0,134.79166666666666,142.375
2026-06-07 13:00:00+00:00,Lahore,127.0,134.79166666666666,142.375
2026-06-07 14:00:00+00:00,Lahore,127.0,134.79166666666666,142.375
2026-06-07 15:00:00+00:00,Lahore,127.0,134.79166666666666,142.375
2026-06-07 16:00:00+00:00,Lahore,127.0,134.79166666666666,142.375
2026-06-07 17:00:00+00:00,Lahore,127.0,134.79166666666666,142.375
2026-06-07 18:00:00+00:00,Lahore,127.0,134.79166666666666,142.375
2026-06-07 19:00:00+00:00,Lahore,127.0,134.79166666666666,142.375
2026-06-07 20:00:00+00:00,Lahore,127.0,134.79166666666666,142.375
2026-06-07 21:00:00+00:00,Lahore,127.0,134.79166666666666,142.375
2026-06-07 22:00:00+00:00,Lahore,127.0,134.79166666666666,142.375
2026-06-07 23:00:00+00:00,Lahore,127.0,134.79166666666666,142.375
2026-06-08 00:00:00+00:00,Lahore,134.79166666666666,142.375,154.29166666666666
2026-06-08 01:00:00+00:00,Lahore,134.79166666666666,142.375,154.29166666666666
2026-06-08 02:00:00+00:00,Lahore,134.79166666666666,142.375,154.29166666666666
2026-06-08 03:00:00+00:00,Lahore,134.79166666666666,142.375,154.29166666666666
2026-06-08 04:00:00+00:00,Lahore,134.79166666666666,142.375,154.29166666666666
2026-06-08 05:00:00+00:00,Lahore,134.79166666666666,142.375,154.29166666666666
2026-06-08 06:00:00+00:00,Lahore,134.79166666666666,142.375,154.29166666666666
2026-06-08 07:00:00+00:00,Lahore,134.79166666666666,142.375,154.29166666666666
2026-06-08 08:00:00+00:00,Lahore,134.79166666666666,142.375,154.29166666666666
2026-06-08 09:00:00+00:00,Lahore,134.79166666666666,142.375,154.29166666666666
2026-06-08 10:00:00+00:00,Lahore,134.79166666666666,142.375,154.29166666666666
2026-06-08 11:00:00+00:00,Lahore,134.79166666666666,142.375,154.29166666666666
2026-06-08 12:00:00+00:00,Lahore,134.79166666666666,142.375,154.29166666666666
2026-06-08 13:00:00+00:00,Lahore,134.79166666666666,142.375,154.29166666666666
2026-06-08 14:00:00+00:00,Lahore,134.79166666666666,142.375,154.29166666666666
2026-06-08 15:00:00+00:00,Lahore,134.79166666666666,142.375,154.29166666666666
2026-06-08 16:00:00+00:00,Lahore,134.79166666666666,142.375,154.29166666666666
2026-06-08 17:00:00+00:00,Lahore,134.79166666666666,142.375,154.29166666666666
2026-06-08 18:00:00+00:00,Lahore,134.79166666666666,142.375,154.29166666666666
2026-06-08 19:00:00+00:00,Lahore,134.79166666666666,142.375,154.29166666666666
2026-06-08 20:00:00+00:00,Lahore,134.79166666666666,142.375,154.29166666666666
2026-06-08 21:00:00+00:00,Lahore,134.79166666666666,142.375,154.29166666666666
2026-06-08 22:00:00+00:00,Lahore,134.79166666666666,142.375,154.29166666666666
2026-06-08 23:00:00+00:00,Lahore,134.79166666666666,142.375,154.29166666666666
2026-06-09 00:00:00+00:00,Lahore,142.375,154.29166666666666,232.125
2026-06-09 01:00:00+00:00,Lahore,142.375,154.29166666666666,232.125
2026-06-09 02:00:00+00:00,Lahore,142.375,154.29166666666666,232.125
2026-06-09 03:00:00+00:00,Lahore,142.375,154.29166666666666,232.125
2026-06-09 04:00:00+00:00,Lahore,142.375,154.29166666666666,232.125
2026-06-09 05:00:00+00:00,Lahore,142.375,154.29166666666666,232.125
2026-06-09 06:00:00+00:00,Lahore,142.375,154.29166666666666,232.125
2026-06-09 07:00:00+00:00,Lahore,142.375,154.29166666666666,232.125
2026-06-09 08:00:00+00:00,Lahore,142.375,154.29166666666666,232.125
2026-06-09 09:00:00+00:00,Lahore,142.375,154.29166666666666,232.125
2026-06-09 10:00:00+00:00,Lahore,142.375,154.29166666666666,232.125
2026-06-09 11:00:00+00:00,Lahore,142.375,154.29166666666666,232.125
2026-06-09 12:00:00+00:00,Lahore,142.375,154.29166666666666,232.125
2026-06-09 13:00:00+00:00,Lahore,142.375,154.29166666666666,232.125
2026-06-09 14:00:00+00:00,Lahore,142.375,154.29166666666666,232.125
2026-06-09 15:00:00+00:00,Lahore,142.375,154.29166666666666,232.125
2026-06-09 16:00:00+00:00,Lahore,142.375,154.29166666666666,232.125
2026-06-09 17:00:00+00:00,Lahore,142.375,154.29166666666666,232.125
2026-06-09 18:00:00+00:00,Lahore,142.375,154.29166666666666,232.125
2026-06-09 19:00:00+00:00,Lahore,142.375,154.29166666666666,232.125
2026-06-09 20:00:00+00:00,Lahore,142.375,154.29166666666666,232.125
2026-06-09 21:00:00+00:00,Lahore,142.375,154.29166666666666,232.125
2026-06-09 22:00:00+00:00,Lahore,142.375,154.29166666666666,232.125
2026-06-09 23:00:00+00:00,Lahore,142.375,154.29166666666666,232.125
2026-06-10 00:00:00+00:00,Lahore,154.29166666666666,232.125,145.45833333333334
2026-06-10 01:00:00+00:00,Lahore,154.29166666666666,232.125,145.45833333333334
2026-06-10 02:00:00+00:00,Lahore,154.29166666666666,232.125,145.45833333333334
2026-06-10 03:00:00+00:00,Lahore,154.29166666666666,232.125,145.45833333333334
2026-06-10 04:00:00+00:00,Lahore,154.29166666666666,232.125,145.45833333333334
2026-06-10 05:00:00+00:00,Lahore,154.29166666666666,232.125,145.45833333333334
2026-06-10 06:00:00+00:00,Lahore,154.29166666666666,232.125,145.45833333333334
2026-06-10 07:00:00+00:00,Lahore,154.29166666666666,232.125,145.45833333333334
2026-06-10 08:00:00+00:00,Lahore,154.29166666666666,232.125,145.45833333333334
2026-06-10 09:00:00+00:00,Lahore,154.29166666666666,232.125,145.45833333333334
2026-06-10 10:00:00+00:00,Lahore,154.29166666666666,232.125,145.45833333333334
2026-06-10 11:00:00+00:00,Lahore,154.29166666666666,232.125,145.45833333333334
2026-06-10 12:00:00+00:00,Lahore,154.29166666666666,232.125,145.45833333333334
2026-06-10 13:00:00+00:00,Lahore,154.29166666666666,232.125,145.45833333333334
2026-06-10 14:00:00+00:00,Lahore,154.29166666666666,232.125,145.45833333333334
2026-06-10 15:00:00+00:00,Lahore,154.29166666666666,232.125,145.45833333333334
2026-06-10 16:00:00+00:00,Lahore,154.29166666666666,232.125,145.45833333333334
2026-06-10 17:00:00+00:00,Lahore,154.29166666666666,232.125,145.45833333333334
2026-06-10 18:00:00+00:00,Lahore,154.29166666666666,232.125,145.45833333333334
2026-06-10 19:00:00+00:00,Lahore,154.29166666666666,232.125,145.45833333333334
2026-06-10 20:00:00+00:00,Lahore,154.29166666666666,232.125,145.45833333333334
2026-06-10 21:00:00+00:00,Lahore,154.29166666666666,232.125,145.45833333333334
2026-06-10 22:00:00+00:00,Lahore,154.29166666666666,232.125,145.45833333333334
2026-06-10 23:00:00+00:00,Lahore,154.29166666666666,232.125,145.45833333333334
2026-06-11 00:00:00+00:00,Lahore,232.125,145.45833333333334,118.29166666666667
2026-06-11 01:00:00+00:00,Lahore,232.125,145.45833333333334,118.29166666666667
2026-06-11 02:00:00+00:00,Lahore,232.125,145.45833333333334,118.29166666666667
2026-06-11 03:00:00+00:00,Lahore,232.125,145.45833333333334,118.29166666666667
2026-06-11 04:00:00+00:00,Lahore,232.125,145.45833333333334,118.29166666666667
2026-06-11 05:00:00+00:00,Lahore,232.125,145.45833333333334,118.29166666666667
2026-06-11 06:00:00+00:00,Lahore,232.125,145.45833333333334,118.29166666666667
2026-06-11 07:00:00+00:00,Lahore,232.125,145.45833333333334,118.29166666666667
2026-06-11 08:00:00+00:00,Lahore,232.125,145.45833333333334,118.29166666666667
2026-06-11 09:00:00+00:00,Lahore,232.125,145.45833333333334,118.29166666666667
2026-06-11 10:00:00+00:00,Lahore,232.125,145.45833333333334,118.29166666666667
2026-06-11 11:00:00+00:00,Lahore,232.125,145.45833333333334,118.29166666666667
2026-06-11 12:00:00+00:00,Lahore,232.125,145.45833333333334,118.29166666666667
2026-06-11 13:00:00+00:00,Lahore,232.125,145.45833333333334,118.29166666666667
2026-06-11 14:00:00+00:00,Lahore,232.125,145.45833333333334,118.29166666666667
2026-06-11 15:00:00+00:00,Lahore,232.125,145.45833333333334,118.29166666666667
2026-06-11 16:00:00+00:00,Lahore,232.125,145.45833333333334,118.29166666666667
2026-06-11 17:00:00+00:00,Lahore,232.125,145.45833333333334,118.29166666666667
2026-06-11 18:00:00+00:00,Lahore,232.125,145.45833333333334,118.29166666666667
2026-06-11 19:00:00+00:00,Lahore,232.125,145.45833333333334,118.29166666666667
2026-06-11 20:00:00+00:00,Lahore,232.125,145.45833333333334,118.29166666666667
2026-06-11 21:00:00+00:00,Lahore,232.125,145.45833333333334,118.29166666666667
2026-06-11 22:00:00+00:00,Lahore,232.125,145.45833333333334,118.29166666666667
2026-06-11 23:00:00+00:00,Lahore,232.125,145.45833333333334,118.29166666666667
2026-06-12 00:00:00+00:00,Lahore,145.45833333333334,118.29166666666667,142.625
2026-06-12 01:00:00+00:00,Lahore,145.45833333333334,118.29166666666667,142.625
2026-06-12 02:00:00+00:00,Lahore,145.45833333333334,118.29166666666667,142.625
2026-06-12 03:00:00+00:00,Lahore,145.45833333333334,118.29166666666667,142.625
2026-06-12 04:00:00+00:00,Lahore,145.45833333333334,118.29166666666667,142.625
2026-06-12 05:00:00+00:00,Lahore,145.45833333333334,118.29166666666667,142.625
2026-06-12 06:00:00+00:00,Lahore,145.45833333333334,118.29166666666667,142.625
2026-06-12 07:00:00+00:00,Lahore,145.45833333333334,118.29166666666667,142.625
2026-06-12 08:00:00+00:00,Lahore,145.45833333333334,118.29166666666667,142.625
2026-06-12 09:00:00+00:00,Lahore,145.45833333333334,118.29166666666667,142.625
2026-06-12 10:00:00+00:00,Lahore,145.45833333333334,118.29166666666667,142.625
2026-06-12 11:00:00+00:00,Lahore,145.45833333333334,118.29166666666667,142.625
2026-06-12 12:00:00+00:00,Lahore,145.45833333333334,118.29166666666667,142.625
2026-06-12 13:00:00+00:00,Lahore,145.45833333333334,118.29166666666667,142.625
2026-06-12 14:00:00+00:00,Lahore,145.45833333333334,118.29166666666667,142.625
2026-06-12 15:00:00+00:00,Lahore,145.45833333333334,118.29166666666667,142.625
2026-06-12 16:00:00+00:00,Lahore,145.45833333333334,118.29166666666667,142.625
2026-06-12 17:00:00+00:00,Lahore,145.45833333333334,118.29166666666667,142.625
2026-06-12 18:00:00+00:00,Lahore,145.45833333333334,118.29166666666667,142.625
2026-06-12 19:00:00+00:00,Lahore,145.45833333333334,118.29166666666667,142.625
2026-06-12 20:00:00+00:00,Lahore,145.45833333333334,118.29166666666667,142.625
2026-06-12 21:00:00+00:00,Lahore,145.45833333333334,118.29166666666667,142.625
2026-06-12 22:00:00+00:00,Lahore,145.45833333333334,118.29166666666667,142.625
2026-06-12 23:00:00+00:00,Lahore,145.45833333333334,118.29166666666667,142.625
2026-06-13 00:00:00+00:00,Lahore,118.29166666666667,142.625,131.91666666666666
2026-06-13 01:00:00+00:00,Lahore,118.29166666666667,142.625,131.91666666666666
2026-06-13 02:00:00+00:00,Lahore,118.29166666666667,142.625,131.91666666666666
2026-06-13 03:00:00+00:00,Lahore,118.29166666666667,142.625,131.91666666666666
2026-06-13 04:00:00+00:00,Lahore,118.29166666666667,142.625,131.91666666666666
2026-06-13 05:00:00+00:00,Lahore,118.29166666666667,142.625,131.91666666666666
2026-06-13 06:00:00+00:00,Lahore,118.29166666666667,142.625,131.91666666666666
2026-06-13 07:00:00+00:00,Lahore,118.29166666666667,142.625,131.91666666666666
2026-06-13 08:00:00+00:00,Lahore,118.29166666666667,142.625,131.91666666666666
2026-06-13 09:00:00+00:00,Lahore,118.29166666666667,142.625,131.91666666666666
2026-06-13 10:00:00+00:00,Lahore,118.29166666666667,142.625,131.91666666666666
2026-06-13 11:00:00+00:00,Lahore,118.29166666666667,142.625,131.91666666666666
2026-06-13 12:00:00+00:00,Lahore,118.29166666666667,142.625,131.91666666666666
2026-06-13 13:00:00+00:00,Lahore,118.29166666666667,142.625,131.91666666666666
2026-06-13 14:00:00+00:00,Lahore,118.29166666666667,142.625,131.91666666666666
2026-06-13 15:00:00+00:00,Lahore,118.29166666666667,142.625,131.91666666666666
2026-06-13 16:00:00+00:00,Lahore,118.29166666666667,142.625,131.91666666666666
2026-06-13 17:00:00+00:00,Lahore,118.29166666666667,142.625,131.91666666666666
2026-06-13 18:00:00+00:00,Lahore,118.29166666666667,142.625,131.91666666666666
2026-06-13 19:00:00+00:00,Lahore,118.29166666666667,142.625,131.91666666666666
2026-06-13 20:00:00+00:00,Lahore,118.29166666666667,142.625,131.91666666666666
2026-06-13 21:00:00+00:00,Lahore,118.29166666666667,142.625,131.91666666666666
2026-06-13 22:00:00+00:00,Lahore,118.29166666666667,142.625,131.91666666666666
2026-06-13 23:00:00+00:00,Lahore,118.29166666666667,142.625,131.91666666666666
2026-06-14 00:00:00+00:00,Lahore,142.625,131.91666666666666,157.29166666666666
2026-06-14 01:00:00+00:00,Lahore,142.625,131.91666666666666,157.29166666666666
2026-06-14 02:00:00+00:00,Lahore,142.625,131.91666666666666,157.29166666666666
2026-06-14 03:00:00+00:00,Lahore,142.625,131.91666666666666,157.29166666666666
2026-06-14 04:00:00+00:00,Lahore,142.625,131.91666666666666,157.29166666666666
2026-06-14 05:00:00+00:00,Lahore,142.625,131.91666666666666,157.29166666666666
2026-06-14 06:00:00+00:00,Lahore,142.625,131.91666666666666,157.29166666666666
2026-06-14 07:00:00+00:00,Lahore,142.625,131.91666666666666,157.29166666666666
2026-06-14 08:00:00+00:00,Lahore,142.625,131.91666666666666,157.29166666666666
2026-06-14 09:00:00+00:00,Lahore,142.625,131.91666666666666,157.29166666666666
2026-06-14 10:00:00+00:00,Lahore,142.625,131.91666666666666,157.29166666666666
2026-06-14 11:00:00+00:00,Lahore,142.625,131.91666666666666,157.29166666666666
2026-06-14 12:00:00+00:00,Lahore,142.625,131.91666666666666,157.29166666666666
2026-06-14 13:00:00+00:00,Lahore,142.625,131.91666666666666,157.29166666666666
2026-06-14 14:00:00+00:00,Lahore,142.625,131.91666666666666,157.29166666666666
2026-06-14 15:00:00+00:00,Lahore,142.625,131.91666666666666,157.29166666666666
2026-06-14 16:00:00+00:00,Lahore,142.625,131.91666666666666,157.29166666666666
2026-06-14 17:00:00+00:00,Lahore,142.625,131.91666666666666,157.29166666666666
2026-06-14 18:00:00+00:00,Lahore,142.625,131.91666666666666,157.29166666666666
2026-06-14 19:00:00+00:00,Lahore,142.625,131.91666666666666,157.29166666666666
2026-06-14 20:00:00+00:00,Lahore,142.625,131.91666666666666,157.29166666666666
2026-06-14 21:00:00+00:00,Lahore,142.625,131.91666666666666,157.29166666666666
2026-06-14 22:00:00+00:00,Lahore,142.625,131.91666666666666,157.29166666666666
2026-06-14 23:00:00+00:00,Lahore,142.625,131.91666666666666,157.29166666666666
2026-06-15 00:00:00+00:00,Lahore,131.91666666666666,157.29166666666666,162.58333333333334
2026-06-15 01:00:00+00:00,Lahore,131.91666666666666,157.29166666666666,162.58333333333334
2026-06-15 02:00:00+00:00,Lahore,131.91666666666666,157.29166666666666,162.58333333333334
2026-06-15 03:00:00+00:00,Lahore,131.91666666666666,157.29166666666666,162.58333333333334
2026-06-15 04:00:00+00:00,Lahore,131.91666666666666,157.29166666666666,162.58333333333334
2026-06-15 05:00:00+00:00,Lahore,131.91666666666666,157.29166666666666,162.58333333333334
2026-06-15 06:00:00+00:00,Lahore,131.91666666666666,157.29166666666666,162.58333333333334
2026-06-15 07:00:00+00:00,Lahore,131.91666666666666,157.29166666666666,162.58333333333334
2026-06-15 08:00:00+00:00,Lahore,131.91666666666666,157.29166666666666,162.58333333333334
2026-06-15 09:00:00+00:00,Lahore,131.91666666666666,157.29166666666666,162.58333333333334
2026-06-15 10:00:00+00:00,Lahore,131.91666666666666,157.29166666666666,162.58333333333334
2026-06-15 11:00:00+00:00,Lahore,131.91666666666666,157.29166666666666,162.58333333333334
2026-06-15 12:00:00+00:00,Lahore,131.91666666666666,157.29166666666666,162.58333333333334
2026-06-15 13:00:00+00:00,Lahore,131.91666666666666,157.29166666666666,162.58333333333334
2026-06-15 14:00:00+00:00,Lahore,131.91666666666666,157.29166666666666,162.58333333333334
2026-06-15 15:00:00+00:00,Lahore,131.91666666666666,157.29166666666666,162.58333333333334
2026-06-15 16:00:00+00:00,Lahore,131.91666666666666,157.29166666666666,162.58333333333334
2026-06-15 17:00:00+00:00,Lahore,131.91666666666666,157.29166666666666,162.58333333333334
2026-06-15 18:00:00+00:00,Lahore,131.91666666666666,157.29166666666666,162.58333333333334
2026-06-15 19:00:00+00:00,Lahore,131.91666666666666,157.29166666666666,162.58333333333334
2026-06-15 20:00:00+00:00,Lahore,131.91666666666666,157.29166666666666,162.58333333333334
2026-06-15 21:00:00+00:00,Lahore,131.91666666666666,157.29166666666666,162.58333333333334
2026-06-15 22:00:00+00:00,Lahore,131.91666666666666,157.29166666666666,162.58333333333334
2026-06-15 23:00:00+00:00,Lahore,131.91666666666666,157.29166666666666,162.58333333333334
2026-06-16 00:00:00+00:00,Lahore,157.29166666666666,162.58333333333334,139.54166666666666
2026-06-16 01:00:00+00:00,Lahore,157.29166666666666,162.58333333333334,139.54166666666666
2026-06-16 02:00:00+00:00,Lahore,157.29166666666666,162.58333333333334,139.54166666666666
2026-06-16 03:00:00+00:00,Lahore,157.29166666666666,162.58333333333334,139.54166666666666
2026-06-16 04:00:00+00:00,Lahore,157.29166666666666,162.58333333333334,139.54166666666666
2026-06-16 05:00:00+00:00,Lahore,157.29166666666666,162.58333333333334,139.54166666666666
2026-06-16 06:00:00+00:00,Lahore,157.29166666666666,162.58333333333334,139.54166666666666
2026-06-16 07:00:00+00:00,Lahore,157.29166666666666,162.58333333333334,139.54166666666666
2026-06-16 08:00:00+00:00,Lahore,157.29166666666666,162.58333333333334,139.54166666666666
2026-06-16 09:00:00+00:00,Lahore,157.29166666666666,162.58333333333334,139.54166666666666
2026-06-16 10:00:00+00:00,Lahore,157.29166666666666,162.58333333333334,139.54166666666666
2026-06-16 11:00:00+00:00,Lahore,157.29166666666666,162.58333333333334,139.54166666666666
2026-06-16 12:00:00+00:00,Lahore,157.29166666666666,162.58333333333334,139.54166666666666
2026-06-16 13:00:00+00:00,Lahore,157.29166666666666,162.58333333333334,139.54166666666666
2026-06-16 14:00:00+00:00,Lahore,157.29166666666666,162.58333333333334,139.54166666666666
2026-06-16 15:00:00+00:00,Lahore,157.29166666666666,162.58333333333334,139.54166666666666
2026-06-16 16:00:00+00:00,Lahore,157.29166666666666,162.58333333333334,139.54166666666666
2026-06-16 17:00:00+00:00,Lahore,157.29166666666666,162.58333333333334,139.54166666666666
2026-06-16 18:00:00+00:00,Lahore,157.29166666666666,162.58333333333334,139.54166666666666
2026-06-16 19:00:00+00:00,Lahore,157.29166666666666,162.58333333333334,139.54166666666666
2026-06-16 20:00:00+00:00,Lahore,157.29166666666666,162.58333333333334,139.54166666666666
2026-06-16 21:00:00+00:00,Lahore,157.29166666666666,162.58333333333334,139.54166666666666
2026-06-16 22:00:00+00:00,Lahore,157.29166666666666,162.58333333333334,139.54166666666666
2026-06-16 23:00:00+00:00,Lahore,157.29166666666666,162.58333333333334,139.54166666666666
2026-06-17 00:00:00+00:00,Lahore,162.58333333333334,139.54166666666666,155.91666666666666
2026-06-17 01:00:00+00:00,Lahore,162.58333333333334,139.54166666666666,155.91666666666666
2026-06-17 02:00:00+00:00,Lahore,162.58333333333334,139.54166666666666,155.91666666666666
2026-06-17 03:00:00+00:00,Lahore,162.58333333333334,139.54166666666666,155.91666666666666
2026-06-17 04:00:00+00:00,Lahore,162.58333333333334,139.54166666666666,155.91666666666666
2026-06-17 05:00:00+00:00,Lahore,162.58333333333334,139.54166666666666,155.91666666666666
2026-06-17 06:00:00+00:00,Lahore,162.58333333333334,139.54166666666666,155.91666666666666
2026-06-17 07:00:00+00:00,Lahore,162.58333333333334,139.54166666666666,155.91666666666666
2026-06-17 08:00:00+00:00,Lahore,162.58333333333334,139.54166666666666,155.91666666666666
2026-06-17 09:00:00+00:00,Lahore,162.58333333333334,139.54166666666666,155.91666666666666
2026-06-17 10:00:00+00:00,Lahore,162.58333333333334,139.54166666666666,155.91666666666666
2026-06-17 11:00:00+00:00,Lahore,162.58333333333334,139.54166666666666,155.91666666666666
2026-06-17 12:00:00+00:00,Lahore,162.58333333333334,139.54166666666666,155.91666666666666
2026-06-17 13:00:00+00:00,Lahore,162.58333333333334,139.54166666666666,155.91666666666666
2026-06-17 14:00:00+00:00,Lahore,162.58333333333334,139.54166666666666,155.91666666666666
2026-06-17 15:00:00+00:00,Lahore,162.58333333333334,139.54166666666666,155.91666666666666
2026-06-17 16:00:00+00:00,Lahore,162.58333333333334,139.54166666666666,155.91666666666666
2026-06-17 17:00:00+00:00,Lahore,162.58333333333334,139.54166666666666,155.91666666666666
2026-06-17 18:00:00+00:00,Lahore,162.58333333333334,139.54166666666666,155.91666666666666
2026-06-17 19:00:00+00:00,Lahore,162.58333333333334,139.54166666666666,155.91666666666666
2026-06-17 20:00:00+00:00,Lahore,162.58333333333334,139.54166666666666,155.91666666666666
2026-06-17 21:00:00+00:00,Lahore,162.58333333333334,139.54166666666666,155.91666666666666
2026-06-17 22:00:00+00:00,Lahore,162.58333333333334,139.54166666666666,155.91666666666666
2026-06-17 23:00:00+00:00,Lahore,162.58333333333334,139.54166666666666,155.91666666666666
2026-06-18 00:00:00+00:00,Lahore,139.54166666666666,155.91666666666666,124.20833333333333
2026-06-18 01:00:00+00:00,Lahore,139.54166666666666,155.91666666666666,124.20833333333333
2026-06-18 02:00:00+00:00,Lahore,139.54166666666666,155.91666666666666,124.20833333333333
2026-06-18 03:00:00+00:00,Lahore,139.54166666666666,155.91666666666666,124.20833333333333
2026-06-18 04:00:00+00:00,Lahore,139.54166666666666,155.91666666666666,124.20833333333333
2026-06-18 05:00:00+00:00,Lahore,139.54166666666666,155.91666666666666,124.20833333333333
2026-06-18 06:00:00+00:00,Lahore,139.54166666666666,155.91666666666666,124.20833333333333
2026-06-18 07:00:00+00:00,Lahore,139.54166666666666,155.91666666666666,124.20833333333333
2026-06-18 08:00:00+00:00,Lahore,139.54166666666666,155.91666666666666,124.20833333333333
2026-06-18 09:00:00+00:00,Lahore,139.54166666666666,155.91666666666666,124.20833333333333
2026-06-18 10:00:00+00:00,Lahore,139.54166666666666,155.91666666666666,124.20833333333333
2026-06-18 11:00:00+00:00,Lahore,139.54166666666666,155.91666666666666,124.20833333333333
2026-06-18 12:00:00+00:00,Lahore,139.54166666666666,155.91666666666666,124.20833333333333
2026-06-18 13:00:00+00:00,Lahore,139.54166666666666,155.91666666666666,124.20833333333333
2026-06-18 14:00:00+00:00,Lahore,139.54166666666666,155.91666666666666,124.20833333333333
2026-06-18 15:00:00+00:00,Lahore,139.54166666666666,155.91666666666666,124.20833333333333
2026-06-18 16:00:00+00:00,Lahore,139.54166666666666,155.91666666666666,124.20833333333333
2026-06-18 17:00:00+00:00,Lahore,139.54166666666666,155.91666666666666,124.20833333333333
2026-06-18 18:00:00+00:00,Lahore,139.54166666666666,155.91666666666666,124.20833333333333
2026-06-18 19:00:00+00:00,Lahore,139.54166666666666,155.91666666666666,124.20833333333333
2026-06-18 20:00:00+00:00,Lahore,139.54166666666666,155.91666666666666,124.20833333333333
2026-06-18 21:00:00+00:00,Lahore,139.54166666666666,155.91666666666666,124.20833333333333
2026-06-18 22:00:00+00:00,Lahore,139.54166666666666,155.91666666666666,124.20833333333333
2026-06-18 23:00:00+00:00,Lahore,139.54166666666666,155.91666666666666,124.20833333333333
2026-06-19 00:00:00+00:00,Lahore,155.91666666666666,124.20833333333333,131.83333333333334
2026-06-19 01:00:00+00:00,Lahore,155.91666666666666,124.20833333333333,131.83333333333334
2026-06-19 02:00:00+00:00,Lahore,155.91666666666666,124.20833333333333,131.83333333333334
2026-06-19 03:00:00+00:00,Lahore,155.91666666666666,124.20833333333333,131.83333333333334
2026-06-19 04:00:00+00:00,Lahore,155.91666666666666,124.20833333333333,131.83333333333334
2026-06-19 05:00:00+00:00,Lahore,155.91666666666666,124.20833333333333,131.83333333333334
2026-06-19 06:00:00+00:00,Lahore,155.91666666666666,124.20833333333333,131.83333333333334
2026-06-19 07:00:00+00:00,Lahore,155.91666666666666,124.20833333333333,131.83333333333334
2026-06-19 08:00:00+00:00,Lahore,155.91666666666666,124.20833333333333,131.83333333333334
2026-06-19 09:00:00+00:00,Lahore,155.91666666666666,124.20833333333333,131.83333333333334
2026-06-19 10:00:00+00:00,Lahore,155.91666666666666,124.20833333333333,131.83333333333334
2026-06-19 11:00:00+00:00,Lahore,155.91666666666666,124.20833333333333,131.83333333333334
2026-06-19 12:00:00+00:00,Lahore,155.91666666666666,124.20833333333333,131.83333333333334
2026-06-19 13:00:00+00:00,Lahore,155.91666666666666,124.20833333333333,131.83333333333334
2026-06-19 14:00:00+00:00,Lahore,155.91666666666666,124.20833333333333,131.83333333333334
2026-06-19 15:00:00+00:00,Lahore,155.91666666666666,124.20833333333333,131.83333333333334
2026-06-19 16:00:00+00:00,Lahore,155.91666666666666,124.20833333333333,131.83333333333334
2026-06-19 17:00:00+00:00,Lahore,155.91666666666666,124.20833333333333,131.83333333333334
2026-06-19 18:00:00+00:00,Lahore,155.91666666666666,124.20833333333333,131.83333333333334
2026-06-19 19:00:00+00:00,Lahore,155.91666666666666,124.20833333333333,131.83333333333334
2026-06-19 20:00:00+00:00,Lahore,155.91666666666666,124.20833333333333,131.83333333333334
2026-06-19 21:00:00+00:00,Lahore,155.91666666666666,124.20833333333333,131.83333333333334
2026-06-19 22:00:00+00:00,Lahore,155.91666666666666,124.20833333333333,131.83333333333334
2026-06-19 23:00:00+00:00,Lahore,155.91666666666666,124.20833333333333,131.83333333333334
2026-06-20 00:00:00+00:00,Lahore,124.20833333333333,131.83333333333334,132.16666666666666
2026-06-20 01:00:00+00:00,Lahore,124.20833333333333,131.83333333333334,132.16666666666666
2026-06-20 02:00:00+00:00,Lahore,124.20833333333333,131.83333333333334,132.16666666666666
2026-06-20 03:00:00+00:00,Lahore,124.20833333333333,131.83333333333334,132.16666666666666
2026-06-20 04:00:00+00:00,Lahore,124.20833333333333,131.83333333333334,132.16666666666666
2026-06-20 05:00:00+00:00,Lahore,124.20833333333333,131.83333333333334,132.16666666666666
2026-06-20 06:00:00+00:00,Lahore,124.20833333333333,131.83333333333334,132.16666666666666
2026-06-20 07:00:00+00:00,Lahore,124.20833333333333,131.83333333333334,132.16666666666666
2026-06-20 08:00:00+00:00,Lahore,124.20833333333333,131.83333333333334,132.16666666666666
2026-06-20 09:00:00+00:00,Lahore,124.20833333333333,131.83333333333334,132.16666666666666
2026-06-20 10:00:00+00:00,Lahore,124.20833333333333,131.83333333333334,132.16666666666666
2026-06-20 11:00:00+00:00,Lahore,124.20833333333333,131.83333333333334,132.16666666666666
2026-06-20 12:00:00+00:00,Lahore,124.20833333333333,131.83333333333334,132.16666666666666
2026-06-20 13:00:00+00:00,Lahore,124.20833333333333,131.83333333333334,132.16666666666666
2026-06-20 14:00:00+00:00,Lahore,124.20833333333333,131.83333333333334,132.16666666666666
2026-06-20 15:00:00+00:00,Lahore,124.20833333333333,131.83333333333334,132.16666666666666
2026-06-20 16:00:00+00:00,Lahore,124.20833333333333,131.83333333333334,132.16666666666666
2026-06-20 17:00:00+00:00,Lahore,124.20833333333333,131.83333333333334,132.16666666666666
2026-06-20 18:00:00+00:00,Lahore,124.20833333333333,131.83333333333334,132.16666666666666
2026-06-20 19:00:00+00:00,Lahore,124.20833333333333,131.83333333333334,132.16666666666666
2026-06-20 20:00:00+00:00,Lahore,124.20833333333333,131.83333333333334,132.16666666666666
2026-06-20 21:00:00+00:00,Lahore,124.20833333333333,131.83333333333334,132.16666666666666
2026-06-20 22:00:00+00:00,Lahore,124.20833333333333,131.83333333333334,132.16666666666666
2026-06-20 23:00:00+00:00,Lahore,124.20833333333333,131.83333333333334,132.16666666666666
2026-06-21 00:00:00+00:00,Lahore,131.83333333333334,132.16666666666666,141.25
2026-06-21 01:00:00+00:00,Lahore,131.83333333333334,132.16666666666666,141.25
2026-06-21 02:00:00+00:00,Lahore,131.83333333333334,132.16666666666666,141.25
2026-06-21 03:00:00+00:00,Lahore,131.83333333333334,132.16666666666666,141.25
2026-06-21 04:00:00+00:00,Lahore,131.83333333333334,132.16666666666666,141.25
2026-06-21 05:00:00+00:00,Lahore,131.83333333333334,132.16666666666666,141.25
2026-06-21 06:00:00+00:00,Lahore,131.83333333333334,132.16666666666666,141.25
2026-06-21 07:00:00+00:00,Lahore,131.83333333333334,132.16666666666666,141.25
2026-06-21 08:00:00+00:00,Lahore,131.83333333333334,132.16666666666666,141.25
2026-06-21 09:00:00+00:00,Lahore,131.83333333333334,132.16666666666666,141.25
2026-06-21 10:00:00+00:00,Lahore,131.83333333333334,132.16666666666666,141.25
2026-06-21 11:00:00+00:00,Lahore,131.83333333333334,132.16666666666666,141.25
2026-06-21 12:00:00+00:00,Lahore,131.83333333333334,132.16666666666666,141.25
2026-06-21 13:00:00+00:00,Lahore,131.83333333333334,132.16666666666666,141.25
2026-06-21 14:00:00+00:00,Lahore,131.83333333333334,132.16666666666666,141.25
2026-06-21 15:00:00+00:00,Lahore,131.83333333333334,132.16666666666666,141.25
2026-06-21 16:00:00+00:00,Lahore,131.83333333333334,132.16666666666666,141.25
2026-06-21 17:00:00+00:00,Lahore,131.83333333333334,132.16666666666666,141.25
2026-06-21 18:00:00+00:00,Lahore,131.83333333333334,132.16666666666666,141.25
2026-06-21 19:00:00+00:00,Lahore,131.83333333333334,132.16666666666666,141.25
2026-06-21 20:00:00+00:00,Lahore,131.83333333333334,132.16666666666666,141.25
2026-06-21 21:00:00+00:00,Lahore,131.83333333333334,132.16666666666666,141.25
2026-06-21 22:00:00+00:00,Lahore,131.83333333333334,132.16666666666666,141.25
2026-06-21 23:00:00+00:00,Lahore,131.83333333333334,132.16666666666666,141.25
2026-06-22 00:00:00+00:00,Lahore,132.16666666666666,141.25,148.54166666666666
2026-06-22 01:00:00+00:00,Lahore,132.16666666666666,141.25,148.54166666666666
2026-06-22 02:00:00+00:00,Lahore,132.16666666666666,141.25,148.54166666666666
2026-06-22 03:00:00+00:00,Lahore,132.16666666666666,141.25,148.54166666666666
2026-06-22 04:00:00+00:00,Lahore,132.16666666666666,141.25,148.54166666666666
2026-06-22 05:00:00+00:00,Lahore,132.16666666666666,141.25,148.54166666666666
2026-06-22 06:00:00+00:00,Lahore,132.16666666666666,141.25,148.54166666666666
2026-06-22 07:00:00+00:00,Lahore,132.16666666666666,141.25,148.54166666666666
2026-06-22 08:00:00+00:00,Lahore,132.16666666666666,141.25,148.54166666666666
2026-06-22 09:00:00+00:00,Lahore,132.16666666666666,141.25,148.54166666666666
2026-06-22 10:00:00+00:00,Lahore,132.16666666666666,141.25,148.54166666666666
2026-06-22 11:00:00+00:00,Lahore,132.16666666666666,141.25,148.54166666666666
2026-06-22 12:00:00+00:00,Lahore,132.16666666666666,141.25,148.54166666666666
2026-06-22 13:00:00+00:00,Lahore,132.16666666666666,141.25,148.54166666666666
2026-06-22 14:00:00+00:00,Lahore,132.16666666666666,141.25,148.54166666666666
2026-06-22 15:00:00+00:00,Lahore,132.16666666666666,141.25,148.54166666666666
2026-06-22 16:00:00+00:00,Lahore,132.16666666666666,141.25,148.54166666666666
2026-06-22 17:00:00+00:00,Lahore,132.16666666666666,141.25,148.54166666666666
2026-06-22 18:00:00+00:00,Lahore,132.16666666666666,141.25,148.54166666666666
2026-06-22 19:00:00+00:00,Lahore,132.16666666666666,141.25,148.54166666666666
2026-06-22 20:00:00+00:00,Lahore,132.16666666666666,141.25,148.54166666666666
2026-06-22 21:00:00+00:00,Lahore,132.16666666666666,141.25,148.54166666666666
2026-06-22 22:00:00+00:00,Lahore,132.16666666666666,141.25,148.54166666666666
2026-06-22 23:00:00+00:00,Lahore,132.16666666666666,141.25,148.54166666666666
2026-06-23 00:00:00+00:00,Lahore,141.25,148.54166666666666,163.875
2026-06-23 01:00:00+00:00,Lahore,141.25,148.54166666666666,163.875
2026-06-23 02:00:00+00:00,Lahore,141.25,148.54166666666666,163.875
2026-06-23 03:00:00+00:00,Lahore,141.25,148.54166666666666,163.875
2026-06-23 04:00:00+00:00,Lahore,141.25,148.54166666666666,163.875
2026-06-23 05:00:00+00:00,Lahore,141.25,148.54166666666666,163.875
2026-06-23 06:00:00+00:00,Lahore,141.25,148.54166666666666,163.875
2026-06-23 07:00:00+00:00,Lahore,141.25,148.54166666666666,163.875
2026-06-23 08:00:00+00:00,Lahore,141.25,148.54166666666666,163.875
2026-06-23 09:00:00+00:00,Lahore,141.25,148.54166666666666,163.875
2026-06-23 10:00:00+00:00,Lahore,141.25,148.54166666666666,163.875
2026-06-23 11:00:00+00:00,Lahore,141.25,148.54166666666666,163.875
2026-06-23 12:00:00+00:00,Lahore,141.25,148.54166666666666,163.875
2026-06-23 13:00:00+00:00,Lahore,141.25,148.54166666666666,163.875
2026-06-23 14:00:00+00:00,Lahore,141.25,148.54166666666666,163.875
2026-06-23 15:00:00+00:00,Lahore,141.25,148.54166666666666,163.875
2026-06-23 16:00:00+00:00,Lahore,141.25,148.54166666666666,163.875
2026-06-23 17:00:00+00:00,Lahore,141.25,148.54166666666666,163.875
2026-06-23 18:00:00+00:00,Lahore,141.25,148.54166666666666,163.875
2026-06-23 19:00:00+00:00,Lahore,141.25,148.54166666666666,163.875
2026-06-23 20:00:00+00:00,Lahore,141.25,148.54166666666666,163.875
2026-06-23 21:00:00+00:00,Lahore,141.25,148.54166666666666,163.875
2026-06-23 22:00:00+00:00,Lahore,141.25,148.54166666666666,163.875
2026-06-23 23:00:00+00:00,Lahore,141.25,148.54166666666666,163.875
2026-06-24 00:00:00+00:00,Lahore,148.54166666666666,163.875,176.25
2026-06-24 01:00:00+00:00,Lahore,148.54166666666666,163.875,176.25
2026-06-24 02:00:00+00:00,Lahore,148.54166666666666,163.875,176.25
2026-06-24 03:00:00+00:00,Lahore,148.54166666666666,163.875,176.25
2026-06-24 04:00:00+00:00,Lahore,148.54166666666666,163.875,176.25
2026-06-24 05:00:00+00:00,Lahore,148.54166666666666,163.875,176.25
2026-06-24 06:00:00+00:00,Lahore,148.54166666666666,163.875,176.25
2026-06-24 07:00:00+00:00,Lahore,148.54166666666666,163.875,176.25
2026-06-24 08:00:00+00:00,Lahore,148.54166666666666,163.875,176.25
2026-06-24 09:00:00+00:00,Lahore,148.54166666666666,163.875,176.25
2026-06-24 10:00:00+00:00,Lahore,148.54166666666666,163.875,176.25
2026-06-24 11:00:00+00:00,Lahore,148.54166666666666,163.875,176.25
2026-06-24 12:00:00+00:00,Lahore,148.54166666666666,163.875,176.25
2026-06-24 13:00:00+00:00,Lahore,148.54166666666666,163.875,176.25
2026-06-24 14:00:00+00:00,Lahore,148.54166666666666,163.875,176.25
2026-06-24 15:00:00+00:00,Lahore,148.54166666666666,163.875,176.25
2026-06-24 16:00:00+00:00,Lahore,148.54166666666666,163.875,176.25
2026-06-24 17:00:00+00:00,Lahore,148.54166666666666,163.875,176.25
2026-06-24 18:00:00+00:00,Lahore,148.54166666666666,163.875,176.25
2026-06-24 19:00:00+00:00,Lahore,148.54166666666666,163.875,176.25
2026-06-24 20:00:00+00:00,Lahore,148.54166666666666,163.875,176.25
2026-06-24 21:00:00+00:00,Lahore,148.54166666666666,163.875,176.25
2026-06-24 22:00:00+00:00,Lahore,148.54166666666666,163.875,176.25
2026-06-24 23:00:00+00:00,Lahore,148.54166666666666,163.875,176.25
2026-06-25 00:00:00+00:00,Lahore,163.875,176.25,164.66666666666666
2026-06-25 01:00:00+00:00,Lahore,163.875,176.25,164.66666666666666
2026-06-25 02:00:00+00:00,Lahore,163.875,176.25,164.66666666666666
2026-06-25 03:00:00+00:00,Lahore,163.875,176.25,164.66666666666666
2026-06-25 04:00:00+00:00,Lahore,163.875,176.25,164.66666666666666
2026-06-25 05:00:00+00:00,Lahore,163.875,176.25,164.66666666666666
2026-06-25 06:00:00+00:00,Lahore,163.875,176.25,164.66666666666666
2026-06-25 07:00:00+00:00,Lahore,163.875,176.25,164.66666666666666
2026-06-25 08:00:00+00:00,Lahore,163.875,176.25,164.66666666666666
2026-06-25 09:00:00+00:00,Lahore,163.875,176.25,164.66666666666666
2026-06-25 10:00:00+00:00,Lahore,163.875,176.25,164.66666666666666
2026-06-25 11:00:00+00:00,Lahore,163.875,176.25,164.66666666666666
2026-06-25 12:00:00+00:00,Lahore,163.875,176.25,164.66666666666666
2026-06-25 13:00:00+00:00,Lahore,163.875,176.25,164.66666666666666
2026-06-25 14:00:00+00:00,Lahore,163.875,176.25,164.66666666666666
2026-06-25 15:00:00+00:00,Lahore,163.875,176.25,164.66666666666666
2026-06-25 16:00:00+00:00,Lahore,163.875,176.25,164.66666666666666
2026-06-25 17:00:00+00:00,Lahore,163.875,176.25,164.66666666666666
2026-06-25 18:00:00+00:00,Lahore,163.875,176.25,164.66666666666666
2026-06-25 19:00:00+00:00,Lahore,163.875,176.25,164.66666666666666
2026-06-25 20:00:00+00:00,Lahore,163.875,176.25,164.66666666666666
2026-06-25 21:00:00+00:00,Lahore,163.875,176.25,164.66666666666666
2026-06-25 22:00:00+00:00,Lahore,163.875,176.25,164.66666666666666
2026-06-25 23:00:00+00:00,Lahore,163.875,176.25,164.66666666666666
2026-06-26 00:00:00+00:00,Lahore,176.25,164.66666666666666,137.625
2026-06-26 01:00:00+00:00,Lahore,176.25,164.66666666666666,137.625
2026-06-26 02:00:00+00:00,Lahore,176.25,164.66666666666666,137.625
2026-06-26 03:00:00+00:00,Lahore,176.25,164.66666666666666,137.625
2026-06-26 04:00:00+00:00,Lahore,176.25,164.66666666666666,137.625
2026-06-26 05:00:00+00:00,Lahore,176.25,164.66666666666666,137.625
2026-06-26 06:00:00+00:00,Lahore,176.25,164.66666666666666,137.625
2026-06-26 07:00:00+00:00,Lahore,176.25,164.66666666666666,137.625
2026-06-26 08:00:00+00:00,Lahore,176.25,164.66666666666666,137.625
2026-06-26 09:00:00+00:00,Lahore,176.25,164.66666666666666,137.625
2026-06-26 10:00:00+00:00,Lahore,176.25,164.66666666666666,137.625
2026-06-26 11:00:00+00:00,Lahore,176.25,164.66666666666666,137.625
2026-06-26 12:00:00+00:00,Lahore,176.25,164.66666666666666,137.625
2026-06-26 13:00:00+00:00,Lahore,176.25,164.66666666666666,137.625
2026-06-26 14:00:00+00:00,Lahore,176.25,164.66666666666666,137.625
2026-06-26 15:00:00+00:00,Lahore,176.25,164.66666666666666,137.625
2026-06-26 16:00:00+00:00,Lahore,176.25,164.66666666666666,137.625
2026-06-26 17:00:00+00:00,Lahore,176.25,164.66666666666666,137.625
2026-06-26 18:00:00+00:00,Lahore,176.25,164.66666666666666,137.625
2026-06-26 19:00:00+00:00,Lahore,176.25,164.66666666666666,137.625
2026-06-26 20:00:00+00:00,Lahore,176.25,164.66666666666666,137.625
2026-06-26 21:00:00+00:00,Lahore,176.25,164.66666666666666,137.625
2026-06-26 22:00:00+00:00,Lahore,176.25,164.66666666666666,137.625
2026-06-26 23:00:00+00:00,Lahore,176.25,164.66666666666666,137.625
2026-06-27 00:00:00+00:00,Lahore,164.66666666666666,137.625,153.125
2026-06-27 01:00:00+00:00,Lahore,164.66666666666666,137.625,153.125
2026-06-27 02:00:00+00:00,Lahore,164.66666666666666,137.625,153.125
2026-06-27 03:00:00+00:00,Lahore,164.66666666666666,137.625,153.125
2026-06-27 04:00:00+00:00,Lahore,164.66666666666666,137.625,153.125
2026-06-27 05:00:00+00:00,Lahore,164.66666666666666,137.625,153.125
2026-06-27 06:00:00+00:00,Lahore,164.66666666666666,137.625,153.125
2026-06-27 07:00:00+00:00,Lahore,164.66666666666666,137.625,153.125
2026-06-27 08:00:00+00:00,Lahore,164.66666666666666,137.625,153.125
2026-06-27 09:00:00+00:00,Lahore,164.66666666666666,137.625,153.125
2026-06-27 10:00:00+00:00,Lahore,164.66666666666666,137.625,153.125
2026-06-27 11:00:00+00:00,Lahore,164.66666666666666,137.625,153.125
2026-06-27 12:00:00+00:00,Lahore,164.66666666666666,137.625,153.125
2026-06-27 13:00:00+00:00,Lahore,164.66666666666666,137.625,153.125
2026-06-27 14:00:00+00:00,Lahore,164.66666666666666,137.625,153.125
2026-06-27 15:00:00+00:00,Lahore,164.66666666666666,137.625,153.125
2026-06-27 16:00:00+00:00,Lahore,164.66666666666666,137.625,153.125
2026-06-27 17:00:00+00:00,Lahore,164.66666666666666,137.625,153.125
2026-06-27 18:00:00+00:00,Lahore,164.66666666666666,137.625,153.125
2026-06-27 19:00:00+00:00,Lahore,164.66666666666666,137.625,153.125
2026-06-27 20:00:00+00:00,Lahore,164.66666666666666,137.625,153.125
2026-06-27 21:00:00+00:00,Lahore,164.66666666666666,137.625,153.125
2026-06-27 22:00:00+00:00,Lahore,164.66666666666666,137.625,153.125
2026-06-27 23:00:00+00:00,Lahore,164.66666666666666,137.625,153.125
2026-06-28 00:00:00+00:00,Lahore,137.625,153.125,225.79166666666666
2026-06-28 01:00:00+00:00,Lahore,137.625,153.125,225.79166666666666
2026-06-28 02:00:00+00:00,Lahore,137.625,153.125,225.79166666666666
2026-06-28 03:00:00+00:00,Lahore,137.625,153.125,225.79166666666666
2026-06-28 04:00:00+00:00,Lahore,137.625,153.125,225.79166666666666
2026-06-28 05:00:00+00:00,Lahore,137.625,153.125,225.79166666666666
2026-06-28 06:00:00+00:00,Lahore,137.625,153.125,225.79166666666666
2026-06-28 07:00:00+00:00,Lahore,137.625,153.125,225.79166666666666
2026-06-28 08:00:00+00:00,Lahore,137.625,153.125,225.79166666666666
2026-06-28 09:00:00+00:00,Lahore,137.625,153.125,225.79166666666666
2026-06-28 10:00:00+00:00,Lahore,137.625,153.125,225.79166666666666
2026-06-28 11:00:00+00:00,Lahore,137.625,153.125,225.79166666666666
2026-06-28 12:00:00+00:00,Lahore,137.625,153.125,225.79166666666666
2026-06-28 13:00:00+00:00,Lahore,137.625,153.125,225.79166666666666
2026-06-28 14:00:00+00:00,Lahore,137.625,153.125,225.79166666666666
2026-06-28 15:00:00+00:00,Lahore,137.625,153.125,225.79166666666666
2026-06-28 16:00:00+00:00,Lahore,137.625,153.125,225.79166666666666
2026-06-28 17:00:00+00:00,Lahore,137.625,153.125,225.79166666666666
2026-06-28 18:00:00+00:00,Lahore,137.625,153.125,225.79166666666666
2026-06-28 19:00:00+00:00,Lahore,137.625,153.125,225.79166666666666
2026-06-28 20:00:00+00:00,Lahore,137.625,153.125,225.79166666666666
2026-06-28 21:00:00+00:00,Lahore,137.625,153.125,225.79166666666666
2026-06-28 22:00:00+00:00,Lahore,137.625,153.125,225.79166666666666
2026-06-28 23:00:00+00:00,Lahore,137.625,153.125,225.79166666666666
2026-06-29 00:00:00+00:00,Lahore,153.125,225.79166666666666,268.75
2026-06-29 01:00:00+00:00,Lahore,153.125,225.79166666666666,268.75
2026-06-29 02:00:00+00:00,Lahore,153.125,225.79166666666666,268.75
2026-06-29 03:00:00+00:00,Lahore,153.125,225.79166666666666,268.75
2026-06-29 04:00:00+00:00,Lahore,153.125,225.79166666666666,268.75
2026-06-29 05:00:00+00:00,Lahore,153.125,225.79166666666666,268.75
2026-06-29 06:00:00+00:00,Lahore,153.125,225.79166666666666,268.75
2026-06-29 07:00:00+00:00,Lahore,153.125,225.79166666666666,268.75
2026-06-29 08:00:00+00:00,Lahore,153.125,225.79166666666666,268.75
2026-06-29 09:00:00+00:00,Lahore,153.125,225.79166666666666,268.75
2026-06-29 10:00:00+00:00,Lahore,153.125,225.79166666666666,268.75
2026-06-29 11:00:00+00:00,Lahore,153.125,225.79166666666666,268.75
2026-06-29 12:00:00+00:00,Lahore,153.125,225.79166666666666,268.75
2026-06-29 13:00:00+00:00,Lahore,153.125,225.79166666666666,268.75
2026-06-29 14:00:00+00:00,Lahore,153.125,225.79166666666666,268.75
2026-06-29 15:00:00+00:00,Lahore,153.125,225.79166666666666,268.75
2026-06-29 16:00:00+00:00,Lahore,153.125,225.79166666666666,268.75
2026-06-29 17:00:00+00:00,Lahore,153.125,225.79166666666666,268.75
2026-06-29 18:00:00+00:00,Lahore,153.125,225.79166666666666,268.75
2026-06-29 19:00:00+00:00,Lahore,153.125,225.79166666666666,268.75
2026-06-29 20:00:00+00:00,Lahore,153.125,225.79166666666666,268.75
2026-06-29 21:00:00+00:00,Lahore,153.125,225.79166666666666,268.75
2026-06-29 22:00:00+00:00,Lahore,153.125,225.79166666666666,268.75
2026-06-29 23:00:00+00:00,Lahore,153.125,225.79166666666666,268.75
2026-06-30 00:00:00+00:00,Lahore,225.79166666666666,268.75,157.20833333333334
2026-06-30 01:00:00+00:00,Lahore,225.79166666666666,268.75,157.20833333333334
2026-06-30 02:00:00+00:00,Lahore,225.79166666666666,268.75,157.20833333333334
2026-06-30 03:00:00+00:00,Lahore,225.79166666666666,268.75,157.20833333333334
2026-06-30 04:00:00+00:00,Lahore,225.79166666666666,268.75,157.20833333333334
2026-06-30 05:00:00+00:00,Lahore,225.79166666666666,268.75,157.20833333333334
2026-06-30 06:00:00+00:00,Lahore,225.79166666666666,268.75,157.20833333333334
2026-06-30 07:00:00+00:00,Lahore,225.79166666666666,268.75,157.20833333333334
2026-06-30 08:00:00+00:00,Lahore,225.79166666666666,268.75,157.20833333333334
2026-06-30 09:00:00+00:00,Lahore,225.79166666666666,268.75,157.20833333333334
2026-06-30 10:00:00+00:00,Lahore,225.79166666666666,268.75,157.20833333333334
2026-06-30 11:00:00+00:00,Lahore,225.79166666666666,268.75,157.20833333333334
2026-06-30 12:00:00+00:00,Lahore,225.79166666666666,268.75,157.20833333333334
2026-06-30 13:00:00+00:00,Lahore,225.79166666666666,268.75,157.20833333333334
2026-06-30 14:00:00+00:00,Lahore,225.79166666666666,268.75,157.20833333333334
2026-06-30 15:00:00+00:00,Lahore,225.79166666666666,268.75,157.20833333333334
2026-06-30 16:00:00+00:00,Lahore,225.79166666666666,268.75,157.20833333333334
2026-06-30 17:00:00+00:00,Lahore,225.79166666666666,268.75,157.20833333333334
2026-06-30 18:00:00+00:00,Lahore,225.79166666666666,268.75,157.20833333333334
2026-06-30 19:00:00+00:00,Lahore,225.79166666666666,268.75,157.20833333333334
2026-06-30 20:00:00+00:00,Lahore,225.79166666666666,268.75,157.20833333333334
2026-06-30 21:00:00+00:00,Lahore,225.79166666666666,268.75,157.20833333333334
2026-06-30 22:00:00+00:00,Lahore,225.79166666666666,268.75,157.20833333333334
2026-06-30 23:00:00+00:00,Lahore,225.79166666666666,268.75,157.20833333333334
2026-07-01 00:00:00+00:00,Lahore,268.75,157.20833333333334,140.70833333333334
2026-07-01 01:00:00+00:00,Lahore,268.75,157.20833333333334,140.70833333333334
2026-07-01 02:00:00+00:00,Lahore,268.75,157.20833333333334,140.70833333333334
2026-07-01 03:00:00+00:00,Lahore,268.75,157.20833333333334,140.70833333333334
2026-07-01 04:00:00+00:00,Lahore,268.75,157.20833333333334,140.70833333333334
2026-07-01 05:00:00+00:00,Lahore,268.75,157.20833333333334,140.70833333333334
2026-07-01 06:00:00+00:00,Lahore,268.75,157.20833333333334,140.70833333333334
2026-07-01 07:00:00+00:00,Lahore,268.75,157.20833333333334,140.70833333333334
2026-07-01 08:00:00+00:00,Lahore,268.75,157.20833333333334,140.70833333333334
2026-07-01 09:00:00+00:00,Lahore,268.75,157.20833333333334,140.70833333333334
2026-07-01 10:00:00+00:00,Lahore,268.75,157.20833333333334,140.70833333333334
2026-07-01 11:00:00+00:00,Lahore,268.75,157.20833333333334,140.70833333333334
2026-07-01 12:00:00+00:00,Lahore,268.75,157.20833333333334,140.70833333333334
2026-07-01 13:00:00+00:00,Lahore,268.75,157.20833333333334,140.70833333333334
2026-07-01 14:00:00+00:00,Lahore,268.75,157.20833333333334,140.70833333333334
2026-07-01 15:00:00+00:00,Lahore,268.75,157.20833333333334,140.70833333333334
2026-07-01 16:00:00+00:00,Lahore,268.75,157.20833333333334,140.70833333333334
2026-07-01 17:00:00+00:00,Lahore,268.75,157.20833333333334,140.70833333333334
2026-07-01 18:00:00+00:00,Lahore,268.75,157.20833333333334,140.70833333333334
2026-07-01 19:00:00+00:00,Lahore,268.75,157.20833333333334,140.70833333333334
2026-07-01 20:00:00+00:00,Lahore,268.75,157.20833333333334,140.70833333333334
2026-07-01 21:00:00+00:00,Lahore,268.75,157.20833333333334,140.70833333333334
2026-07-01 22:00:00+00:00,Lahore,268.75,157.20833333333334,140.70833333333334
2026-07-01 23:00:00+00:00,Lahore,268.75,157.20833333333334,140.70833333333334
2026-07-02 00:00:00+00:00,Lahore,157.20833333333334,140.70833333333334,170.08333333333334
2026-07-02 01:00:00+00:00,Lahore,157.20833333333334,140.70833333333334,170.08333333333334
2026-07-02 02:00:00+00:00,Lahore,157.20833333333334,140.70833333333334,170.08333333333334
2026-07-02 03:00:00+00:00,Lahore,157.20833333333334,140.70833333333334,170.08333333333334
2026-07-02 04:00:00+00:00,Lahore,157.20833333333334,140.70833333333334,170.08333333333334
2026-07-02 05:00:00+00:00,Lahore,157.20833333333334,140.70833333333334,170.08333333333334
2026-07-02 06:00:00+00:00,Lahore,157.20833333333334,140.70833333333334,170.08333333333334
2026-07-02 07:00:00+00:00,Lahore,157.20833333333334,140.70833333333334,170.08333333333334
2026-07-02 08:00:00+00:00,Lahore,157.20833333333334,140.70833333333334,170.08333333333334
2026-07-02 09:00:00+00:00,Lahore,157.20833333333334,140.70833333333334,170.08333333333334
2026-07-02 10:00:00+00:00,Lahore,157.20833333333334,140.70833333333334,170.08333333333334
2026-07-02 11:00:00+00:00,Lahore,157.20833333333334,140.70833333333334,170.08333333333334
2026-07-02 12:00:00+00:00,Lahore,157.20833333333334,140.70833333333334,170.08333333333334
2026-07-02 13:00:00+00:00,Lahore,157.20833333333334,140.70833333333334,170.08333333333334
2026-07-02 14:00:00+00:00,Lahore,157.20833333333334,140.70833333333334,170.08333333333334
2026-07-02 15:00:00+00:00,Lahore,157.20833333333334,140.70833333333334,170.08333333333334
2026-07-02 16:00:00+00:00,Lahore,157.20833333333334,140.70833333333334,170.08333333333334
2026-07-02 17:00:00+00:00,Lahore,157.20833333333334,140.70833333333334,170.08333333333334
2026-07-02 18:00:00+00:00,Lahore,157.20833333333334,140.70833333333334,170.08333333333334
2026-07-02 19:00:00+00:00,Lahore,157.20833333333334,140.70833333333334,170.08333333333334
2026-07-02 20:00:00+00:00,Lahore,157.20833333333334,140.70833333333334,170.08333333333334
2026-07-02 21:00:00+00:00,Lahore,157.20833333333334,140.70833333333334,170.08333333333334
2026-07-02 22:00:00+00:00,Lahore,157.20833333333334,140.70833333333334,170.08333333333334
2026-07-02 23:00:00+00:00,Lahore,157.20833333333334,140.70833333333334,170.08333333333334
2026-07-03 00:00:00+00:00,Lahore,140.70833333333334,170.08333333333334,160.04166666666666
2026-07-03 01:00:00+00:00,Lahore,140.70833333333334,170.08333333333334,160.04166666666666
2026-07-03 02:00:00+00:00,Lahore,140.70833333333334,170.08333333333334,160.04166666666666
2026-07-03 03:00:00+00:00,Lahore,140.70833333333334,170.08333333333334,160.04166666666666
2026-07-03 04:00:00+00:00,Lahore,140.70833333333334,170.08333333333334,160.04166666666666
2026-07-03 05:00:00+00:00,Lahore,140.70833333333334,170.08333333333334,160.04166666666666
2026-07-03 06:00:00+00:00,Lahore,140.70833333333334,170.08333333333334,160.04166666666666
2026-07-03 07:00:00+00:00,Lahore,140.70833333333334,170.08333333333334,160.04166666666666
2026-07-03 08:00:00+00:00,Lahore,140.70833333333334,170.08333333333334,160.04166666666666
2026-07-03 09:00:00+00:00,Lahore,140.70833333333334,170.08333333333334,160.04166666666666
2026-07-03 10:00:00+00:00,Lahore,140.70833333333334,170.08333333333334,160.04166666666666
2026-07-03 11:00:00+00:00,Lahore,140.70833333333334,170.08333333333334,160.04166666666666
2026-07-03 12:00:00+00:00,Lahore,140.70833333333334,170.08333333333334,160.04166666666666
2026-07-03 13:00:00+00:00,Lahore,140.70833333333334,170.08333333333334,160.04166666666666
2026-07-03 14:00:00+00:00,Lahore,140.70833333333334,170.08333333333334,160.04166666666666
2026-07-03 15:00:00+00:00,Lahore,140.70833333333334,170.08333333333334,160.04166666666666
2026-07-03 16:00:00+00:00,Lahore,140.70833333333334,170.08333333333334,160.04166666666666
2026-07-03 17:00:00+00:00,Lahore,140.70833333333334,170.08333333333334,160.04166666666666
2026-07-03 18:00:00+00:00,Lahore,140.70833333333334,170.08333333333334,160.04166666666666
2026-07-03 19:00:00+00:00,Lahore,140.70833333333334,170.08333333333334,160.04166666666666
2026-07-03 20:00:00+00:00,Lahore,140.70833333333334,170.08333333333334,160.04166666666666
2026-07-03 21:00:00+00:00,Lahore,140.70833333333334,170.08333333333334,160.04166666666666
2026-07-03 22:00:00+00:00,Lahore,140.70833333333334,170.08333333333334,160.04166666666666
2026-07-03 23:00:00+00:00,Lahore,140.70833333333334,170.08333333333334,160.04166666666666
2026-07-04 00:00:00+00:00,Lahore,170.08333333333334,160.04166666666666,171.20833333333334
2026-07-04 01:00:00+00:00,Lahore,170.08333333333334,160.04166666666666,171.20833333333334
2026-07-04 02:00:00+00:00,Lahore,170.08333333333334,160.04166666666666,171.20833333333334
2026-07-04 03:00:00+00:00,Lahore,170.08333333333334,160.04166666666666,171.20833333333334
2026-07-04 04:00:00+00:00,Lahore,170.08333333333334,160.04166666666666,171.20833333333334
2026-07-04 05:00:00+00:00,Lahore,170.08333333333334,160.04166666666666,171.20833333333334
2026-07-04 06:00:00+00:00,Lahore,170.08333333333334,160.04166666666666,171.20833333333334
2026-07-04 07:00:00+00:00,Lahore,170.08333333333334,160.04166666666666,171.20833333333334
2026-07-04 08:00:00+00:00,Lahore,170.08333333333334,160.04166666666666,171.20833333333334
2026-07-04 09:00:00+00:00,Lahore,170.08333333333334,160.04166666666666,171.20833333333334
2026-07-04 10:00:00+00:00,Lahore,170.08333333333334,160.04166666666666,171.20833333333334
2026-07-04 11:00:00+00:00,Lahore,170.08333333333334,160.04166666666666,171.20833333333334
2026-07-04 12:00:00+00:00,Lahore,170.08333333333334,160.04166666666666,171.20833333333334
2026-07-04 13:00:00+00:00,Lahore,170.08333333333334,160.04166666666666,171.20833333333334
2026-07-04 14:00:00+00:00,Lahore,170.08333333333334,160.04166666666666,171.20833333333334
2026-07-04 15:00:00+00:00,Lahore,170.08333333333334,160.04166666666666,171.20833333333334
2026-07-04 16:00:00+00:00,Lahore,170.08333333333334,160.04166666666666,171.20833333333334
2026-07-04 17:00:00+00:00,Lahore,170.08333333333334,160.04166666666666,171.20833333333334
2026-07-04 18:00:00+00:00,Lahore,170.08333333333334,160.04166666666666,171.20833333333334
2026-07-04 19:00:00+00:00,Lahore,170.08333333333334,160.04166666666666,171.20833333333334
2026-07-04 20:00:00+00:00,Lahore,170.08333333333334,160.04166666666666,171.20833333333334
2026-07-04 21:00:00+00:00,Lahore,170.08333333333334,160.04166666666666,171.20833333333334
2026-07-04 22:00:00+00:00,Lahore,170.08333333333334,160.04166666666666,171.20833333333334
2026-07-04 23:00:00+00:00,Lahore,170.08333333333334,160.04166666666666,171.20833333333334
2026-07-05 00:00:00+00:00,Lahore,160.04166666666666,171.20833333333334,182.79166666666666
2026-07-05 01:00:00+00:00,Lahore,160.04166666666666,171.20833333333334,182.79166666666666
2026-07-05 02:00:00+00:00,Lahore,160.04166666666666,171.20833333333334,182.79166666666666
2026-07-05 03:00:00+00:00,Lahore,160.04166666666666,171.20833333333334,182.79166666666666
2026-07-05 04:00:00+00:00,Lahore,160.04166666666666,171.20833333333334,182.79166666666666
2026-07-05 05:00:00+00:00,Lahore,160.04166666666666,171.20833333333334,182.79166666666666
2026-07-05 06:00:00+00:00,Lahore,160.04166666666666,171.20833333333334,182.79166666666666
2026-07-05 07:00:00+00:00,Lahore,160.04166666666666,171.20833333333334,182.79166666666666
2026-07-05 08:00:00+00:00,Lahore,160.04166666666666,171.20833333333334,182.79166666666666
2026-07-05 09:00:00+00:00,Lahore,160.04166666666666,171.20833333333334,182.79166666666666
2026-07-05 10:00:00+00:00,Lahore,160.04166666666666,171.20833333333334,182.79166666666666
2026-07-05 11:00:00+00:00,Lahore,160.04166666666666,171.20833333333334,182.79166666666666
2026-07-05 12:00:00+00:00,Lahore,160.04166666666666,171.20833333333334,182.79166666666666
2026-07-05 13:00:00+00:00,Lahore,160.04166666666666,171.20833333333334,182.79166666666666
2026-07-05 14:00:00+00:00,Lahore,160.04166666666666,171.20833333333334,182.79166666666666
2026-07-05 15:00:00+00:00,Lahore,160.04166666666666,171.20833333333334,182.79166666666666
2026-07-05 16:00:00+00:00,Lahore,160.04166666666666,171.20833333333334,182.79166666666666
2026-07-05 17:00:00+00:00,Lahore,160.04166666666666,171.20833333333334,182.79166666666666
2026-07-05 18:00:00+00:00,Lahore,160.04166666666666,171.20833333333334,182.79166666666666
2026-07-05 19:00:00+00:00,Lahore,160.04166666666666,171.20833333333334,182.79166666666666
2026-07-05 20:00:00+00:00,Lahore,160.04166666666666,171.20833333333334,182.79166666666666
2026-07-05 21:00:00+00:00,Lahore,160.04166666666666,171.20833333333334,182.79166666666666
2026-07-05 22:00:00+00:00,Lahore,160.04166666666666,171.20833333333334,182.79166666666666
2026-07-05 23:00:00+00:00,Lahore,160.04166666666666,171.20833333333334,182.79166666666666
2026-07-06 00:00:00+00:00,Lahore,171.20833333333334,182.79166666666666,180.54166666666666
2026-07-06 01:00:00+00:00,Lahore,171.20833333333334,182.79166666666666,180.54166666666666
2026-07-06 02:00:00+00:00,Lahore,171.20833333333334,182.79166666666666,180.54166666666666
2026-07-06 03:00:00+00:00,Lahore,171.20833333333334,182.79166666666666,180.54166666666666
2026-07-06 04:00:00+00:00,Lahore,171.20833333333334,182.79166666666666,180.54166666666666
2026-07-06 05:00:00+00:00,Lahore,171.20833333333334,182.79166666666666,180.54166666666666
2026-07-06 06:00:00+00:00,Lahore,171.20833333333334,182.79166666666666,180.54166666666666
2026-07-06 07:00:00+00:00,Lahore,171.20833333333334,182.79166666666666,180.54166666666666
2026-07-06 08:00:00+00:00,Lahore,171.20833333333334,182.79166666666666,180.54166666666666
2026-07-06 09:00:00+00:00,Lahore,171.20833333333334,182.79166666666666,180.54166666666666
2026-07-06 10:00:00+00:00,Lahore,171.20833333333334,182.79166666666666,180.54166666666666
2026-07-06 11:00:00+00:00,Lahore,171.20833333333334,182.79166666666666,180.54166666666666
2026-07-06 12:00:00+00:00,Lahore,171.20833333333334,182.79166666666666,180.54166666666666
2026-07-06 13:00:00+00:00,Lahore,171.20833333333334,182.79166666666666,180.54166666666666
2026-07-06 14:00:00+00:00,Lahore,171.20833333333334,182.79166666666666,180.54166666666666
2026-07-06 15:00:00+00:00,Lahore,171.20833333333334,182.79166666666666,180.54166666666666
2026-07-06 16:00:00+00:00,Lahore,171.20833333333334,182.79166666666666,180.54166666666666
2026-07-06 17:00:00+00:00,Lahore,171.20833333333334,182.79166666666666,180.54166666666666
2026-07-06 18:00:00+00:00,Lahore,171.20833333333334,182.79166666666666,180.54166666666666
2026-07-06 19:00:00+00:00,Lahore,171.20833333333334,182.79166666666666,180.54166666666666
2026-07-06 20:00:00+00:00,Lahore,171.20833333333334,182.79166666666666,180.54166666666666
2026-07-06 21:00:00+00:00,Lahore,171.20833333333334,182.79166666666666,180.54166666666666
2026-07-06 22:00:00+00:00,Lahore,171.20833333333334,182.79166666666666,180.54166666666666
2026-07-06 23:00:00+00:00,Lahore,171.20833333333334,182.79166666666666,180.54166666666666
2026-07-07 00:00:00+00:00,Lahore,182.79166666666666,180.54166666666666,169.41666666666666
2026-07-07 01:00:00+00:00,Lahore,182.79166666666666,180.54166666666666,169.41666666666666
2026-07-07 02:00:00+00:00,Lahore,182.79166666666666,180.54166666666666,169.41666666666666
2026-07-07 03:00:00+00:00,Lahore,182.79166666666666,180.54166666666666,169.41666666666666
2026-07-07 04:00:00+00:00,Lahore,182.79166666666666,180.54166666666666,169.41666666666666
2026-07-07 05:00:00+00:00,Lahore,182.79166666666666,180.54166666666666,169.41666666666666
2026-07-07 06:00:00+00:00,Lahore,182.79166666666666,180.54166666666666,169.41666666666666
2026-07-07 07:00:00+00:00,Lahore,182.79166666666666,180.54166666666666,169.41666666666666
2026-07-07 08:00:00+00:00,Lahore,182.79166666666666,180.54166666666666,169.41666666666666
2026-07-07 09:00:00+00:00,Lahore,182.79166666666666,180.54166666666666,169.41666666666666
2026-07-07 10:00:00+00:00,Lahore,182.79166666666666,180.54166666666666,169.41666666666666
2026-07-07 11:00:00+00:00,Lahore,182.79166666666666,180.54166666666666,169.41666666666666
2026-07-07 12:00:00+00:00,Lahore,182.79166666666666,180.54166666666666,169.41666666666666
2026-07-07 13:00:00+00:00,Lahore,182.79166666666666,180.54166666666666,169.41666666666666
2026-07-07 14:00:00+00:00,Lahore,182.79166666666666,180.54166666666666,169.41666666666666
2026-07-07 15:00:00+00:00,Lahore,182.79166666666666,180.54166666666666,169.41666666666666
2026-07-07 16:00:00+00:00,Lahore,182.79166666666666,180.54166666666666,169.41666666666666
2026-07-07 17:00:00+00:00,Lahore,182.79166666666666,180.54166666666666,169.41666666666666
2026-07-07 18:00:00+00:00,Lahore,182.79166666666666,180.54166666666666,169.41666666666666
2026-07-07 19:00:00+00:00,Lahore,182.79166666666666,180.54166666666666,169.41666666666666
2026-07-07 20:00:00+00:00,Lahore,182.79166666666666,180.54166666666666,169.41666666666666
2026-07-07 21:00:00+00:00,Lahore,182.79166666666666,180.54166666666666,169.41666666666666
2026-07-07 22:00:00+00:00,Lahore,182.79166666666666,180.54166666666666,169.41666666666666
2026-07-07 23:00:00+00:00,Lahore,182.79166666666666,180.54166666666666,169.41666666666666
2026-07-08 00:00:00+00:00,Lahore,180.54166666666666,169.41666666666666,161.83333333333334
2026-07-08 01:00:00+00:00,Lahore,180.54166666666666,169.41666666666666,161.83333333333334
2026-07-08 02:00:00+00:00,Lahore,180.54166666666666,169.41666666666666,161.83333333333334
2026-07-08 03:00:00+00:00,Lahore,180.54166666666666,169.41666666666666,161.83333333333334
2026-07-08 04:00:00+00:00,Lahore,180.54166666666666,169.41666666666666,161.83333333333334
2026-07-08 05:00:00+00:00,Lahore,180.54166666666666,169.41666666666666,161.83333333333334
2026-07-08 06:00:00+00:00,Lahore,180.54166666666666,169.41666666666666,161.83333333333334
2026-07-08 07:00:00+00:00,Lahore,180.54166666666666,169.41666666666666,161.83333333333334
2026-07-08 08:00:00+00:00,Lahore,180.54166666666666,169.41666666666666,161.83333333333334
2026-07-08 09:00:00+00:00,Lahore,180.54166666666666,169.41666666666666,161.83333333333334
2026-07-08 10:00:00+00:00,Lahore,180.54166666666666,169.41666666666666,161.83333333333334
2026-07-08 11:00:00+00:00,Lahore,180.54166666666666,169.41666666666666,161.83333333333334
2026-07-08 12:00:00+00:00,Lahore,180.54166666666666,169.41666666666666,161.83333333333334
2026-07-08 13:00:00+00:00,Lahore,180.54166666666666,169.41666666666666,161.83333333333334
2026-07-08 14:00:00+00:00,Lahore,180.54166666666666,169.41666666666666,161.83333333333334
2026-07-08 15:00:00+00:00,Lahore,180.54166666666666,169.41666666666666,161.83333333333334
2026-07-08 16:00:00+00:00,Lahore,180.54166666666666,169.41666666666666,161.83333333333334
2026-07-08 17:00:00+00:00,Lahore,180.54166666666666,169.41666666666666,161.83333333333334
2026-07-08 18:00:00+00:00,Lahore,180.54166666666666,169.41666666666666,161.83333333333334
2026-07-08 19:00:00+00:00,Lahore,180.54166666666666,169.41666666666666,161.83333333333334
2026-07-08 20:00:00+00:00,Lahore,180.54166666666666,169.41666666666666,161.83333333333334
2026-07-08 21:00:00+00:00,Lahore,180.54166666666666,169.41666666666666,161.83333333333334
2026-07-08 22:00:00+00:00,Lahore,180.54166666666666,169.41666666666666,161.83333333333334
2026-07-08 23:00:00+00:00,Lahore,180.54166666666666,169.41666666666666,161.83333333333334
2026-07-09 00:00:00+00:00,Lahore,169.41666666666666,161.83333333333334,170.83333333333334
2026-07-09 01:00:00+00:00,Lahore,169.41666666666666,161.83333333333334,170.83333333333334
2026-07-09 02:00:00+00:00,Lahore,169.41666666666666,161.83333333333334,170.83333333333334
2026-07-09 03:00:00+00:00,Lahore,169.41666666666666,161.83333333333334,170.83333333333334
2026-07-09 04:00:00+00:00,Lahore,169.41666666666666,161.83333333333334,170.83333333333334
2026-07-09 05:00:00+00:00,Lahore,169.41666666666666,161.83333333333334,170.83333333333334
2026-07-09 06:00:00+00:00,Lahore,169.41666666666666,161.83333333333334,170.83333333333334
2026-07-09 07:00:00+00:00,Lahore,169.41666666666666,161.83333333333334,170.83333333333334
2026-07-09 08:00:00+00:00,Lahore,169.41666666666666,161.83333333333334,170.83333333333334
2026-07-09 09:00:00+00:00,Lahore,169.41666666666666,161.83333333333334,170.83333333333334
2026-07-09 10:00:00+00:00,Lahore,169.41666666666666,161.83333333333334,170.83333333333334
2026-07-09 11:00:00+00:00,Lahore,169.41666666666666,161.83333333333334,170.83333333333334
2026-07-09 12:00:00+00:00,Lahore,169.41666666666666,161.83333333333334,170.83333333333334
2026-07-09 13:00:00+00:00,Lahore,169.41666666666666,161.83333333333334,170.83333333333334
2026-07-09 14:00:00+00:00,Lahore,169.41666666666666,161.83333333333334,170.83333333333334
2026-07-09 15:00:00+00:00,Lahore,169.41666666666666,161.83333333333334,170.83333333333334
2026-07-09 16:00:00+00:00,Lahore,169.41666666666666,161.83333333333334,170.83333333333334
2026-07-09 17:00:00+00:00,Lahore,169.41666666666666,161.83333333333334,170.83333333333334
2026-07-09 18:00:00+00:00,Lahore,169.41666666666666,161.83333333333334,170.83333333333334
2026-07-09 19:00:00+00:00,Lahore,169.41666666666666,161.83333333333334,170.83333333333334
2026-07-09 20:00:00+00:00,Lahore,169.41666666666666,161.83333333333334,170.83333333333334
2026-07-09 21:00:00+00:00,Lahore,169.41666666666666,161.83333333333334,170.83333333333334
2026-07-09 22:00:00+00:00,Lahore,169.41666666666666,161.83333333333334,170.83333333333334
2026-07-09 23:00:00+00:00,Lahore,169.41666666666666,161.83333333333334,170.83333333333334
2026-07-10 00:00:00+00:00,Lahore,161.83333333333334,170.83333333333334,173.16666666666666
2026-07-10 01:00:00+00:00,Lahore,161.83333333333334,170.83333333333334,173.16666666666666
2026-07-10 02:00:00+00:00,Lahore,161.83333333333334,170.83333333333334,173.16666666666666
2026-07-10 03:00:00+00:00,Lahore,161.83333333333334,170.83333333333334,173.16666666666666
2026-07-10 04:00:00+00:00,Lahore,161.83333333333334,170.83333333333334,173.16666666666666
2026-07-10 05:00:00+00:00,Lahore,161.83333333333334,170.83333333333334,173.16666666666666
2026-07-10 06:00:00+00:00,Lahore,161.83333333333334,170.83333333333334,173.16666666666666
2026-07-10 07:00:00+00:00,Lahore,161.83333333333334,170.83333333333334,173.16666666666666
2026-07-10 08:00:00+00:00,Lahore,161.83333333333334,170.83333333333334,173.16666666666666
2026-07-10 09:00:00+00:00,Lahore,161.83333333333334,170.83333333333334,173.16666666666666
2026-07-10 10:00:00+00:00,Lahore,161.83333333333334,170.83333333333334,173.16666666666666
2026-07-10 11:00:00+00:00,Lahore,161.83333333333334,170.83333333333334,173.16666666666666
2026-07-10 12:00:00+00:00,Lahore,161.83333333333334,170.83333333333334,173.16666666666666
2026-07-10 13:00:00+00:00,Lahore,161.83333333333334,170.83333333333334,173.16666666666666
2026-07-10 14:00:00+00:00,Lahore,161.83333333333334,170.83333333333334,173.16666666666666
2026-07-10 15:00:00+00:00,Lahore,161.83333333333334,170.83333333333334,173.16666666666666
2026-07-10 16:00:00+00:00,Lahore,161.83333333333334,170.83333333333334,173.16666666666666
2026-07-10 17:00:00+00:00,Lahore,161.83333333333334,170.83333333333334,173.16666666666666
2026-07-10 18:00:00+00:00,Lahore,161.83333333333334,170.83333333333334,173.16666666666666
2026-07-10 19:00:00+00:00,Lahore,161.83333333333334,170.83333333333334,173.16666666666666
2026-07-10 20:00:00+00:00,Lahore,161.83333333333334,170.83333333333334,173.16666666666666
2026-07-10 21:00:00+00:00,Lahore,161.83333333333334,170.83333333333334,173.16666666666666
2026-07-10 22:00:00+00:00,Lahore,161.83333333333334,170.83333333333334,173.16666666666666
2026-07-10 23:00:00+00:00,Lahore,161.83333333333334,170.83333333333334,173.16666666666666
2026-07-11 00:00:00+00:00,Lahore,170.83333333333334,173.16666666666666,180.33333333333334
2026-07-11 01:00:00+00:00,Lahore,170.83333333333334,173.16666666666666,180.33333333333334
2026-07-11 02:00:00+00:00,Lahore,170.83333333333334,173.16666666666666,180.33333333333334
2026-07-11 03:00:00+00:00,Lahore,170.83333333333334,173.16666666666666,180.33333333333334
2026-07-11 04:00:00+00:00,Lahore,170.83333333333334,173.16666666666666,180.33333333333334
2026-07-11 05:00:00+00:00,Lahore,170.83333333333334,173.16666666666666,180.33333333333334
2026-07-11 06:00:00+00:00,Lahore,170.83333333333334,173.16666666666666,180.33333333333334
2026-07-11 07:00:00+00:00,Lahore,170.83333333333334,173.16666666666666,180.33333333333334
2026-07-11 08:00:00+00:00,Lahore,170.83333333333334,173.16666666666666,180.33333333333334
2026-07-11 09:00:00+00:00,Lahore,170.83333333333334,173.16666666666666,180.33333333333334
2026-07-11 10:00:00+00:00,Lahore,170.83333333333334,173.16666666666666,180.33333333333334
2026-07-11 11:00:00+00:00,Lahore,170.83333333333334,173.16666666666666,180.33333333333334
2026-07-11 12:00:00+00:00,Lahore,170.83333333333334,173.16666666666666,180.33333333333334
2026-07-11 13:00:00+00:00,Lahore,170.83333333333334,173.16666666666666,180.33333333333334
2026-07-11 14:00:00+00:00,Lahore,170.83333333333334,173.16666666666666,180.33333333333334
2026-07-11 15:00:00+00:00,Lahore,170.83333333333334,173.16666666666666,180.33333333333334
2026-07-11 16:00:00+00:00,Lahore,170.83333333333334,173.16666666666666,180.33333333333334
2026-07-11 17:00:00+00:00,Lahore,170.83333333333334,173.16666666666666,180.33333333333334
2026-07-11 18:00:00+00:00,Lahore,170.83333333333334,173.16666666666666,180.33333333333334
2026-07-11 19:00:00+00:00,Lahore,170.83333333333334,173.16666666666666,180.33333333333334
2026-07-11 20:00:00+00:00,Lahore,170.83333333333334,173.16666666666666,180.33333333333334
2026-07-11 21:00:00+00:00,Lahore,170.83333333333334,173.16666666666666,180.33333333333334
2026-07-11 22:00:00+00:00,Lahore,170.83333333333334,173.16666666666666,180.33333333333334
2026-07-11 23:00:00+00:00,Lahore,170.83333333333334,173.16666666666666,180.33333333333334
2026-07-12 00:00:00+00:00,Lahore,173.16666666666666,180.33333333333334,173.5
2026-07-12 01:00:00+00:00,Lahore,173.16666666666666,180.33333333333334,173.5
2026-07-12 02:00:00+00:00,Lahore,173.16666666666666,180.33333333333334,173.5
2026-07-12 03:00:00+00:00,Lahore,173.16666666666666,180.33333333333334,173.5
2026-07-12 04:00:00+00:00,Lahore,173.16666666666666,180.33333333333334,173.5
2026-07-12 05:00:00+00:00,Lahore,173.16666666666666,180.33333333333334,173.5
2026-07-12 06:00:00+00:00,Lahore,173.16666666666666,180.33333333333334,173.5
2026-07-12 07:00:00+00:00,Lahore,173.16666666666666,180.33333333333334,173.5
2026-07-12 08:00:00+00:00,Lahore,173.16666666666666,180.33333333333334,173.5
2026-07-12 09:00:00+00:00,Lahore,173.16666666666666,180.33333333333334,173.5
2026-07-12 10:00:00+00:00,Lahore,173.16666666666666,180.33333333333334,173.5
2026-07-12 11:00:00+00:00,Lahore,173.16666666666666,180.33333333333334,173.5
2026-07-12 12:00:00+00:00,Lahore,173.16666666666666,180.33333333333334,173.5
2026-07-12 13:00:00+00:00,Lahore,173.16666666666666,180.33333333333334,173.5
2026-07-12 14:00:00+00:00,Lahore,173.16666666666666,180.33333333333334,173.5
2026-07-12 15:00:00+00:00,Lahore,173.16666666666666,180.33333333333334,173.5
2026-07-12 16:00:00+00:00,Lahore,173.16666666666666,180.33333333333334,173.5
2026-07-12 17:00:00+00:00,Lahore,173.16666666666666,180.33333333333334,173.5
2026-07-12 18:00:00+00:00,Lahore,173.16666666666666,180.33333333333334,173.5
2026-07-12 19:00:00+00:00,Lahore,173.16666666666666,180.33333333333334,173.5
2026-07-12 20:00:00+00:00,Lahore,173.16666666666666,180.33333333333334,173.5
2026-07-12 21:00:00+00:00,Lahore,173.16666666666666,180.33333333333334,173.5
2026-07-12 22:00:00+00:00,Lahore,173.16666666666666,180.33333333333334,173.5
2026-07-12 23:00:00+00:00,Lahore,173.16666666666666,180.33333333333334,173.5
2026-07-13 00:00:00+00:00,Lahore,180.33333333333334,173.5,169.33333333333334
2026-07-13 01:00:00+00:00,Lahore,180.33333333333334,173.5,169.33333333333334
2026-07-13 02:00:00+00:00,Lahore,180.33333333333334,173.5,169.33333333333334
2026-07-13 03:00:00+00:00,Lahore,180.33333333333334,173.5,169.33333333333334
2026-07-13 04:00:00+00:00,Lahore,180.33333333333334,173.5,169.33333333333334
2026-07-13 05:00:00+00:00,Lahore,180.33333333333334,173.5,169.33333333333334
2026-07-13 06:00:00+00:00,Lahore,180.33333333333334,173.5,169.33333333333334
2026-07-13 07:00:00+00:00,Lahore,180.33333333333334,173.5,169.33333333333334
2026-07-13 08:00:00+00:00,Lahore,180.33333333333334,173.5,169.33333333333334
2026-07-13 09:00:00+00:00,Lahore,180.33333333333334,173.5,169.33333333333334
2026-07-13 10:00:00+00:00,Lahore,180.33333333333334,173.5,169.33333333333334
2026-07-13 11:00:00+00:00,Lahore,180.33333333333334,173.5,169.33333333333334
2026-07-13 12:00:00+00:00,Lahore,180.33333333333334,173.5,169.33333333333334
2026-07-13 13:00:00+00:00,Lahore,180.33333333333334,173.5,169.33333333333334
2026-07-13 14:00:00+00:00,Lahore,180.33333333333334,173.5,169.33333333333334
2026-07-13 15:00:00+00:00,Lahore,180.33333333333334,173.5,169.33333333333334
2026-07-13 16:00:00+00:00,Lahore,180.33333333333334,173.5,169.33333333333334
2026-07-13 17:00:00+00:00,Lahore,180.33333333333334,173.5,169.33333333333334
2026-07-13 18:00:00+00:00,Lahore,180.33333333333334,173.5,169.33333333333334
2026-07-13 19:00:00+00:00,Lahore,180.33333333333334,173.5,169.33333333333334
2026-07-13 20:00:00+00:00,Lahore,180.33333333333334,173.5,169.33333333333334
2026-07-13 21:00:00+00:00,Lahore,180.33333333333334,173.5,169.33333333333334
2026-07-13 22:00:00+00:00,Lahore,180.33333333333334,173.5,169.33333333333334
2026-07-13 23:00:00+00:00,Lahore,180.33333333333334,173.5,169.33333333333334
2026-07-14 00:00:00+00:00,Lahore,173.5,169.33333333333334,161.29166666666666
2026-07-14 01:00:00+00:00,Lahore,173.5,169.33333333333334,161.29166666666666
2026-07-14 02:00:00+00:00,Lahore,173.5,169.33333333333334,161.29166666666666
2026-07-14 03:00:00+00:00,Lahore,173.5,169.33333333333334,161.29166666666666
2026-07-14 04:00:00+00:00,Lahore,173.5,169.33333333333334,161.29166666666666
2026-07-14 05:00:00+00:00,Lahore,173.5,169.33333333333334,161.29166666666666
2026-07-14 06:00:00+00:00,Lahore,173.5,169.33333333333334,161.29166666666666
2026-07-14 07:00:00+00:00,Lahore,173.5,169.33333333333334,161.29166666666666
2026-07-14 08:00:00+00:00,Lahore,173.5,169.33333333333334,161.29166666666666
2026-07-14 09:00:00+00:00,Lahore,173.5,169.33333333333334,161.29166666666666
2026-07-14 10:00:00+00:00,Lahore,173.5,169.33333333333334,161.29166666666666
2026-07-14 11:00:00+00:00,Lahore,173.5,169.33333333333334,161.29166666666666
2026-07-14 12:00:00+00:00,Lahore,173.5,169.33333333333334,161.29166666666666
2026-07-14 13:00:00+00:00,Lahore,173.5,169.33333333333334,161.29166666666666
2026-07-14 14:00:00+00:00,Lahore,173.5,169.33333333333334,161.29166666666666
2026-07-14 15:00:00+00:00,Lahore,173.5,169.33333333333334,161.29166666666666
2026-07-14 16:00:00+00:00,Lahore,173.5,169.33333333333334,161.29166666666666
2026-07-14 17:00:00+00:00,Lahore,173.5,169.33333333333334,161.29166666666666
2026-07-14 18:00:00+00:00,Lahore,173.5,169.33333333333334,161.29166666666666
2026-07-14 19:00:00+00:00,Lahore,173.5,169.33333333333334,161.29166666666666
2026-07-14 20:00:00+00:00,Lahore,173.5,169.33333333333334,161.29166666666666
2026-07-14 21:00:00+00:00,Lahore,173.5,169.33333333333334,161.29166666666666
2026-07-14 22:00:00+00:00,Lahore,173.5,169.33333333333334,161.29166666666666
2026-07-14 23:00:00+00:00,Lahore,173.5,169.33333333333334,161.29166666666666
2026-07-15 00:00:00+00:00,Lahore,169.33333333333334,161.29166666666666,157.04166666666666
2026-07-15 01:00:00+00:00,Lahore,169.33333333333334,161.29166666666666,157.04166666666666
2026-07-15 02:00:00+00:00,Lahore,169.33333333333334,161.29166666666666,157.04166666666666
2026-07-15 03:00:00+00:00,Lahore,169.33333333333334,161.29166666666666,157.04166666666666
2026-07-15 04:00:00+00:00,Lahore,169.33333333333334,161.29166666666666,157.04166666666666
2026-07-15 05:00:00+00:00,Lahore,169.33333333333334,161.29166666666666,157.04166666666666
2026-07-15 06:00:00+00:00,Lahore,169.33333333333334,161.29166666666666,157.04166666666666
2026-07-15 07:00:00+00:00,Lahore,169.33333333333334,161.29166666666666,157.04166666666666
2026-07-15 08:00:00+00:00,Lahore,169.33333333333334,161.29166666666666,157.04166666666666
2026-07-15 09:00:00+00:00,Lahore,169.33333333333334,161.29166666666666,157.04166666666666
2026-07-15 10:00:00+00:00,Lahore,169.33333333333334,161.29166666666666,157.04166666666666
2026-07-15 11:00:00+00:00,Lahore,169.33333333333334,161.29166666666666,157.04166666666666
2026-07-15 12:00:00+00:00,Lahore,169.33333333333334,161.29166666666666,157.04166666666666
2026-07-15 13:00:00+00:00,Lahore,169.33333333333334,161.29166666666666,157.04166666666666
2026-07-15 14:00:00+00:00,Lahore,169.33333333333334,161.29166666666666,157.04166666666666
2026-07-15 15:00:00+00:00,Lahore,169.33333333333334,161.29166666666666,157.04166666666666
2026-07-15 16:00:00+00:00,Lahore,169.33333333333334,161.29166666666666,157.04166666666666
2026-07-15 17:00:00+00:00,Lahore,169.33333333333334,161.29166666666666,157.04166666666666
2026-07-15 18:00:00+00:00,Lahore,169.33333333333334,161.29166666666666,157.04166666666666
2026-07-15 19:00:00+00:00,Lahore,169.33333333333334,161.29166666666666,157.04166666666666
2026-07-15 20:00:00+00:00,Lahore,169.33333333333334,161.29166666666666,157.04166666666666
2026-07-15 21:00:00+00:00,Lahore,169.33333333333334,161.29166666666666,157.04166666666666
2026-07-15 22:00:00+00:00,Lahore,169.33333333333334,161.29166666666666,157.04166666666666
2026-07-15 23:00:00+00:00,Lahore,169.33333333333334,161.29166666666666,157.04166666666666
2026-07-16 00:00:00+00:00,Lahore,161.29166666666666,157.04166666666666,166.66666666666666
2026-07-16 01:00:00+00:00,Lahore,161.29166666666666,157.04166666666666,166.66666666666666
2026-07-16 02:00:00+00:00,Lahore,161.29166666666666,157.04166666666666,166.66666666666666
2026-07-16 03:00:00+00:00,Lahore,161.29166666666666,157.04166666666666,166.66666666666666
2026-07-16 04:00:00+00:00,Lahore,161.29166666666666,157.04166666666666,166.66666666666666
2026-07-16 05:00:00+00:00,Lahore,161.29166666666666,157.04166666666666,166.66666666666666
2026-07-16 06:00:00+00:00,Lahore,161.29166666666666,157.04166666666666,166.66666666666666
2026-07-16 07:00:00+00:00,Lahore,161.29166666666666,157.04166666666666,166.66666666666666
2026-07-16 08:00:00+00:00,Lahore,161.29166666666666,157.04166666666666,166.66666666666666
2026-07-16 09:00:00+00:00,Lahore,161.29166666666666,157.04166666666666,166.66666666666666
2026-07-16 10:00:00+00:00,Lahore,161.29166666666666,157.04166666666666,166.66666666666666
2026-07-16 11:00:00+00:00,Lahore,161.29166666666666,157.04166666666666,166.66666666666666
2026-07-16 12:00:00+00:00,Lahore,161.29166666666666,157.04166666666666,166.66666666666666
2026-07-16 13:00:00+00:00,Lahore,161.29166666666666,157.04166666666666,166.66666666666666
2026-07-16 14:00:00+00:00,Lahore,161.29166666666666,157.04166666666666,166.66666666666666
2026-07-16 15:00:00+00:00,Lahore,161.29166666666666,157.04166666666666,166.66666666666666
2026-07-16 16:00:00+00:00,Lahore,161.29166666666666,157.04166666666666,166.66666666666666
2026-07-16 17:00:00+00:00,Lahore,161.29166666666666,157.04166666666666,166.66666666666666
2026-07-16 18:00:00+00:00,Lahore,161.29166666666666,157.04166666666666,166.66666666666666
2026-07-16 19:00:00+00:00,Lahore,161.29166666666666,157.04166666666666,166.66666666666666
2026-07-16 20:00:00+00:00,Lahore,161.29166666666666,157.04166666666666,166.66666666666666
2026-07-16 21:00:00+00:00,Lahore,161.29166666666666,157.04166666666666,166.66666666666666
2026-07-16 22:00:00+00:00,Lahore,161.29166666666666,157.04166666666666,166.66666666666666
2026-07-16 23:00:00+00:00,Lahore,161.29166666666666,157.04166666666666,166.66666666666666
2026-07-17 00:00:00+00:00,Lahore,157.04166666666666,166.66666666666666,173.08333333333334
2026-07-17 01:00:00+00:00,Lahore,157.04166666666666,166.66666666666666,173.08333333333334
2026-07-17 02:00:00+00:00,Lahore,157.04166666666666,166.66666666666666,173.08333333333334
2026-07-17 03:00:00+00:00,Lahore,157.04166666666666,166.66666666666666,173.08333333333334
2026-07-17 04:00:00+00:00,Lahore,157.04166666666666,166.66666666666666,173.08333333333334
2026-07-17 05:00:00+00:00,Lahore,157.04166666666666,166.66666666666666,173.08333333333334
2026-07-17 06:00:00+00:00,Lahore,157.04166666666666,166.66666666666666,173.08333333333334
2026-07-17 07:00:00+00:00,Lahore,157.04166666666666,166.66666666666666,173.08333333333334
2026-07-17 08:00:00+00:00,Lahore,157.04166666666666,166.66666666666666,173.08333333333334
2026-07-17 09:00:00+00:00,Lahore,157.04166666666666,166.66666666666666,173.08333333333334
2026-07-17 10:00:00+00:00,Lahore,157.04166666666666,166.66666666666666,173.08333333333334
2026-07-17 11:00:00+00:00,Lahore,157.04166666666666,166.66666666666666,173.08333333333334
2026-07-17 12:00:00+00:00,Lahore,157.04166666666666,166.66666666666666,173.08333333333334
2026-07-17 13:00:00+00:00,Lahore,157.04166666666666,166.66666666666666,173.08333333333334
2026-07-17 14:00:00+00:00,Lahore,157.04166666666666,166.66666666666666,173.08333333333334
2026-07-17 15:00:00+00:00,Lahore,157.04166666666666,166.66666666666666,173.08333333333334
2026-07-17 16:00:00+00:00,Lahore,157.04166666666666,166.66666666666666,173.08333333333334
2026-07-17 17:00:00+00:00,Lahore,157.04166666666666,166.66666666666666,173.08333333333334
2026-07-17 18:00:00+00:00,Lahore,157.04166666666666,166.66666666666666,173.08333333333334
2026-07-17 19:00:00+00:00,Lahore,157.04166666666666,166.66666666666666,173.08333333333334
2026-07-17 20:00:00+00:00,Lahore,157.04166666666666,166.66666666666666,173.08333333333334
2026-07-17 21:00:00+00:00,Lahore,157.04166666666666,166.66666666666666,173.08333333333334
2026-07-17 22:00:00+00:00,Lahore,157.04166666666666,166.66666666666666,173.08333333333334
2026-07-17 23:00:00+00:00,Lahore,157.04166666666666,166.66666666666666,173.08333333333334
2026-07-18 00:00:00+00:00,Lahore,166.66666666666666,173.08333333333334,125.45833333333333
2026-07-18 01:00:00+00:00,Lahore,166.66666666666666,173.08333333333334,125.45833333333333
2026-07-18 02:00:00+00:00,Lahore,166.66666666666666,173.08333333333334,125.45833333333333
2026-07-18 03:00:00+00:00,Lahore,166.66666666666666,173.08333333333334,125.45833333333333
2026-07-18 04:00:00+00:00,Lahore,166.66666666666666,173.08333333333334,125.45833333333333
2026-07-18 05:00:00+00:00,Lahore,166.66666666666666,173.08333333333334,125.45833333333333
2026-07-18 06:00:00+00:00,Lahore,166.66666666666666,173.08333333333334,125.45833333333333
2026-07-18 07:00:00+00:00,Lahore,166.66666666666666,173.08333333333334,125.45833333333333
2026-07-18 08:00:00+00:00,Lahore,166.66666666666666,173.08333333333334,125.45833333333333
2026-07-18 09:00:00+00:00,Lahore,166.66666666666666,173.08333333333334,125.45833333333333
2026-07-18 10:00:00+00:00,Lahore,166.66666666666666,173.08333333333334,125.45833333333333
2026-07-18 11:00:00+00:00,Lahore,166.66666666666666,173.08333333333334,125.45833333333333
2026-07-18 12:00:00+00:00,Lahore,166.66666666666666,173.08333333333334,125.45833333333333
2026-07-18 13:00:00+00:00,Lahore,166.66666666666666,173.08333333333334,125.45833333333333
2026-07-18 14:00:00+00:00,Lahore,166.66666666666666,173.08333333333334,125.45833333333333
2026-07-18 15:00:00+00:00,Lahore,166.66666666666666,173.08333333333334,125.45833333333333
2026-07-18 16:00:00+00:00,Lahore,166.66666666666666,173.08333333333334,125.45833333333333
2026-07-18 17:00:00+00:00,Lahore,166.66666666666666,173.08333333333334,125.45833333333333
2026-07-18 18:00:00+00:00,Lahore,166.66666666666666,173.08333333333334,125.45833333333333
2026-07-18 19:00:00+00:00,Lahore,166.66666666666666,173.08333333333334,125.45833333333333
2026-07-18 20:00:00+00:00,Lahore,166.66666666666666,173.08333333333334,125.45833333333333
2026-07-18 21:00:00+00:00,Lahore,166.66666666666666,173.08333333333334,125.45833333333333
2026-07-18 22:00:00+00:00,Lahore,166.66666666666666,173.08333333333334,125.45833333333333
2026-07-18 23:00:00+00:00,Lahore,166.66666666666666,173.08333333333334,125.45833333333333
2026-07-19 00:00:00+00:00,Lahore,173.08333333333334,125.45833333333333,80.75
2026-07-19 01:00:00+00:00,Lahore,173.08333333333334,125.45833333333333,80.75
2026-07-19 02:00:00+00:00,Lahore,173.08333333333334,125.45833333333333,80.75
2026-07-19 03:00:00+00:00,Lahore,173.08333333333334,125.45833333333333,80.75
2026-07-19 04:00:00+00:00,Lahore,173.08333333333334,125.45833333333333,80.75
2026-07-19 05:00:00+00:00,Lahore,173.08333333333334,125.45833333333333,80.75
2026-07-19 06:00:00+00:00,Lahore,173.08333333333334,125.45833333333333,80.75
2026-07-19 07:00:00+00:00,Lahore,173.08333333333334,125.45833333333333,80.75
2026-07-19 08:00:00+00:00,Lahore,173.08333333333334,125.45833333333333,80.75
2026-07-19 09:00:00+00:00,Lahore,173.08333333333334,125.45833333333333,80.75
2026-07-19 10:00:00+00:00,Lahore,173.08333333333334,125.45833333333333,80.75
2026-07-19 11:00:00+00:00,Lahore,173.08333333333334,125.45833333333333,80.75
2026-07-19 12:00:00+00:00,Lahore,173.08333333333334,125.45833333333333,80.75
2026-07-19 13:00:00+00:00,Lahore,173.08333333333334,125.45833333333333,80.75
2026-07-19 14:00:00+00:00,Lahore,173.08333333333334,125.45833333333333,80.75
2026-07-19 15:00:00+00:00,Lahore,173.08333333333334,125.45833333333333,80.75
2026-07-19 16:00:00+00:00,Lahore,173.08333333333334,125.45833333333333,80.75
2026-07-19 17:00:00+00:00,Lahore,173.08333333333334,125.45833333333333,80.75
2026-07-19 18:00:00+00:00,Lahore,173.08333333333334,125.45833333333333,80.75
2026-07-19 19:00:00+00:00,Lahore,173.08333333333334,125.45833333333333,80.75
2026-07-19 20:00:00+00:00,Lahore,173.08333333333334,125.45833333333333,80.75
2026-07-19 21:00:00+00:00,Lahore,173.08333333333334,125.45833333333333,80.75
2026-07-19 22:00:00+00:00,Lahore,173.08333333333334,125.45833333333333,80.75
2026-07-19 23:00:00+00:00,Lahore,173.08333333333334,125.45833333333333,80.75
2026-07-20 00:00:00+00:00,Lahore,125.45833333333333,80.75,87.375
2026-07-20 01:00:00+00:00,Lahore,125.45833333333333,80.75,87.375
2026-07-20 02:00:00+00:00,Lahore,125.45833333333333,80.75,87.375
2026-07-20 03:00:00+00:00,Lahore,125.45833333333333,80.75,87.375
2026-07-20 04:00:00+00:00,Lahore,125.45833333333333,80.75,87.375
2026-07-20 05:00:00+00:00,Lahore,125.45833333333333,80.75,87.375
2026-07-20 06:00:00+00:00,Lahore,125.45833333333333,80.75,87.375
2026-07-20 07:00:00+00:00,Lahore,125.45833333333333,80.75,87.375
2026-07-20 08:00:00+00:00,Lahore,125.45833333333333,80.75,87.375
2026-07-20 09:00:00+00:00,Lahore,125.45833333333333,80.75,87.375
2026-07-20 10:00:00+00:00,Lahore,125.45833333333333,80.75,87.375
2026-07-20 11:00:00+00:00,Lahore,125.45833333333333,80.75,87.375
2026-07-20 12:00:00+00:00,Lahore,125.45833333333333,80.75,87.375
2026-07-20 13:00:00+00:00,Lahore,125.45833333333333,80.75,87.375
2026-07-20 14:00:00+00:00,Lahore,125.45833333333333,80.75,87.375
2026-07-20 15:00:00+00:00,Lahore,125.45833333333333,80.75,87.375
2026-07-20 16:00:00+00:00,Lahore,125.45833333333333,80.75,87.375
2026-07-20 17:00:00+00:00,Lahore,125.45833333333333,80.75,87.375
2026-07-20 18:00:00+00:00,Lahore,125.45833333333333,80.75,87.375
2026-07-20 19:00:00+00:00,Lahore,125.45833333333333,80.75,87.375
2026-07-20 20:00:00+00:00,Lahore,125.45833333333333,80.75,87.375
2026-07-20 21:00:00+00:00,Lahore,125.45833333333333,80.75,87.375
2026-07-20 22:00:00+00:00,Lahore,125.45833333333333,80.75,87.375
2026-07-20 23:00:00+00:00,Lahore,125.45833333333333,80.75,87.375
2026-07-21 00:00:00+00:00,Lahore,80.75,87.375,100.25
2026-07-21 01:00:00+00:00,Lahore,80.75,87.375,100.25
2026-07-21 02:00:00+00:00,Lahore,80.75,87.375,100.25
2026-07-21 03:00:00+00:00,Lahore,80.75,87.375,100.25
2026-07-21 04:00:00+00:00,Lahore,80.75,87.375,100.25
2026-07-21 05:00:00+00:00,Lahore,80.75,87.375,100.25
2026-07-21 06:00:00+00:00,Lahore,80.75,87.375,100.25
2026-07-21 07:00:00+00:00,Lahore,80.75,87.375,100.25
2026-07-21 08:00:00+00:00,Lahore,80.75,87.375,100.25
2026-07-21 09:00:00+00:00,Lahore,80.75,87.375,100.25
2026-07-21 10:00:00+00:00,Lahore,80.75,87.375,100.25
2026-07-21 11:00:00+00:00,Lahore,80.75,87.375,100.25
2026-07-21 12:00:00+00:00,Lahore,80.75,87.375,100.25
2026-07-21 13:00:00+00:00,Lahore,80.75,87.375,100.25
2026-07-21 14:00:00+00:00,Lahore,80.75,87.375,100.25
2026-07-21 15:00:00+00:00,Lahore,80.75,87.375,100.25
2026-07-21 16:00:00+00:00,Lahore,80.75,87.375,100.25
2026-07-21 17:00:00+00:00,Lahore,80.75,87.375,100.25
2026-07-21 18:00:00+00:00,Lahore,80.75,87.375,100.25
2026-07-21 19:00:00+00:00,Lahore,80.75,87.375,100.25
2026-07-21 20:00:00+00:00,Lahore,80.75,87.375,100.25
2026-07-21 21:00:00+00:00,Lahore,80.75,87.375,100.25
2026-07-21 22:00:00+00:00,Lahore,80.75,87.375,100.25
2026-07-21 23:00:00+00:00,Lahore,80.75,87.375,100.25
2026-07-22 00:00:00+00:00,Lahore,87.375,100.25,100.25
2026-07-22 01:00:00+00:00,Lahore,87.375,100.25,100.25
2026-07-22 02:00:00+00:00,Lahore,87.375,100.25,100.25
2026-07-22 03:00:00+00:00,Lahore,87.375,100.25,100.25
2026-07-22 04:00:00+00:00,Lahore,87.375,100.25,100.25
2026-07-22 05:00:00+00:00,Lahore,87.375,100.25,100.25
2026-07-22 06:00:00+00:00,Lahore,87.375,100.25,100.25
2026-07-22 07:00:00+00:00,Lahore,87.375,100.25,100.25
2026-07-22 08:00:00+00:00,Lahore,87.375,100.25,100.25
2026-07-22 09:00:00+00:00,Lahore,87.375,100.25,100.25
2026-07-22 10:00:00+00:00,Lahore,87.375,100.25,100.25
2026-07-22 11:00:00+00:00,Lahore,87.375,100.25,100.25
2026-07-22 12:00:00+00:00,Lahore,87.375,100.25,100.25
2026-07-22 13:00:00+00:00,Lahore,87.375,100.25,100.25
2026-07-22 14:00:00+00:00,Lahore,87.375,100.25,100.25
2026-07-22 15:00:00+00:00,Lahore,87.375,100.25,100.25
2026-07-22 16:00:00+00:00,Lahore,87.375,100.25,100.25
2026-07-22 17:00:00+00:00,Lahore,87.375,100.25,100.25
2026-07-22 18:00:00+00:00,Lahore,87.375,100.25,100.25
2026-07-22 19:00:00+00:00,Lahore,87.375,100.25,100.25
2026-07-22 20:00:00+00:00,Lahore,87.375,100.25,100.25
2026-07-22 21:00:00+00:00,Lahore,87.375,100.25,100.25
2026-07-22 22:00:00+00:00,Lahore,87.375,100.25,100.25
2026-07-22 23:00:00+00:00,Lahore,87.375,100.25,100.25
2026-07-23 00:00:00+00:00,Lahore,100.25,100.25,125.41666666666667
2026-07-23 01:00:00+00:00,Lahore,100.25,100.25,125.41666666666667
2026-07-23 02:00:00+00:00,Lahore,100.25,100.25,125.41666666666667
2026-07-23 03:00:00+00:00,Lahore,100.25,100.25,125.41666666666667
2026-07-23 04:00:00+00:00,Lahore,100.25,100.25,125.41666666666667
2026-07-23 05:00:00+00:00,Lahore,100.25,100.25,125.41666666666667
2026-07-23 06:00:00+00:00,Lahore,100.25,100.25,125.41666666666667
2026-07-23 07:00:00+00:00,Lahore,100.25,100.25,125.41666666666667
2026-07-23 08:00:00+00:00,Lahore,100.25,100.25,125.41666666666667
2026-07-23 09:00:00+00:00,Lahore,100.25,100.25,125.41666666666667
2026-07-23 10:00:00+00:00,Lahore,100.25,100.25,125.41666666666667
2026-07-23 11:00:00+00:00,Lahore,100.25,100.25,125.41666666666667
2026-07-23 12:00:00+00:00,Lahore,100.25,100.25,125.41666666666667
2026-07-23 13:00:00+00:00,Lahore,100.25,100.25,125.41666666666667
2026-07-23 14:00:00+00:00,Lahore,100.25,100.25,125.41666666666667
2026-07-23 15:00:00+00:00,Lahore,100.25,100.25,125.41666666666667
2026-07-23 16:00:00+00:00,Lahore,100.25,100.25,125.41666666666667
2026-07-23 17:00:00+00:00,Lahore,100.25,100.25,125.41666666666667
2026-07-23 18:00:00+00:00,Lahore,100.25,100.25,125.41666666666667
2026-07-23 19:00:00+00:00,Lahore,100.25,100.25,125.41666666666667
2026-07-23 20:00:00+00:00,Lahore,100.25,100.25,125.41666666666667
2026-07-23 21:00:00+00:00,Lahore,100.25,100.25,125.41666666666667
2026-07-23 22:00:00+00:00,Lahore,100.25,100.25,125.41666666666667
2026-07-23 23:00:00+00:00,Lahore,100.25,100.25,125.41666666666667
2026-07-24 00:00:00+00:00,Lahore,100.25,125.41666666666667,176.41666666666666
2026-07-24 01:00:00+00:00,Lahore,100.25,125.41666666666667,176.41666666666666
2026-07-24 02:00:00+00:00,Lahore,100.25,125.41666666666667,176.41666666666666
2026-07-24 03:00:00+00:00,Lahore,100.25,125.41666666666667,176.41666666666666
2026-07-24 04:00:00+00:00,Lahore,100.25,125.41666666666667,176.41666666666666
2026-07-24 05:00:00+00:00,Lahore,100.25,125.41666666666667,176.41666666666666
2026-07-24 06:00:00+00:00,Lahore,100.25,125.41666666666667,176.41666666666666
2026-07-24 07:00:00+00:00,Lahore,100.25,125.41666666666667,176.41666666666666
2026-07-24 08:00:00+00:00,Lahore,100.25,125.41666666666667,176.41666666666666
2026-07-24 09:00:00+00:00,Lahore,100.25,125.41666666666667,176.41666666666666
2026-07-24 10:00:00+00:00,Lahore,100.25,125.41666666666667,176.41666666666666
2026-07-24 11:00:00+00:00,Lahore,100.25,125.41666666666667,176.41666666666666
2026-07-24 12:00:00+00:00,Lahore,100.25,125.41666666666667,176.41666666666666
2026-07-24 13:00:00+00:00,Lahore,100.25,125.41666666666667,176.41666666666666
2026-07-24 14:00:00+00:00,Lahore,100.25,125.41666666666667,176.41666666666666
2026-07-24 15:00:00+00:00,Lahore,100.25,125.41666666666667,176.41666666666666
2026-07-24 16:00:00+00:00,Lahore,100.25,125.41666666666667,176.41666666666666
2026-07-24 17:00:00+00:00,Lahore,100.25,125.41666666666667,176.41666666666666
2026-07-24 18:00:00+00:00,Lahore,100.25,125.41666666666667,176.41666666666666
2026-07-24 19:00:00+00:00,Lahore,100.25,125.41666666666667,176.41666666666666
2026-07-24 20:00:00+00:00,Lahore,100.25,125.41666666666667,176.41666666666666
2026-07-24 21:00:00+00:00,Lahore,100.25,125.41666666666667,176.41666666666666
2026-07-24 22:00:00+00:00,Lahore,100.25,125.41666666666667,176.41666666666666
2026-07-24 23:00:00+00:00,Lahore,100.25,125.41666666666667,176.41666666666666
2026-07-25 00:00:00+00:00,Lahore,125.41666666666667,176.41666666666666,169.70833333333334
2026-07-25 01:00:00+00:00,Lahore,125.41666666666667,176.41666666666666,169.70833333333334
2026-07-25 02:00:00+00:00,Lahore,125.41666666666667,176.41666666666666,169.70833333333334
2026-07-25 03:00:00+00:00,Lahore,125.41666666666667,176.41666666666666,169.70833333333334
2026-07-25 04:00:00+00:00,Lahore,125.41666666666667,176.41666666666666,169.70833333333334
2026-07-25 05:00:00+00:00,Lahore,125.41666666666667,176.41666666666666,169.70833333333334
2026-07-25 06:00:00+00:00,Lahore,125.41666666666667,176.41666666666666,169.70833333333334
2026-07-25 07:00:00+00:00,Lahore,125.41666666666667,176.41666666666666,169.70833333333334
2026-07-25 08:00:00+00:00,Lahore,125.41666666666667,176.41666666666666,169.70833333333334
2026-07-25 09:00:00+00:00,Lahore,125.41666666666667,176.41666666666666,169.70833333333334
2026-07-25 10:00:00+00:00,Lahore,125.41666666666667,176.41666666666666,169.70833333333334
2026-07-25 11:00:00+00:00,Lahore,125.41666666666667,176.41666666666666,169.70833333333334
2026-07-25 12:00:00+00:00,Lahore,125.41666666666667,176.41666666666666,169.70833333333334
2026-07-25 13:00:00+00:00,Lahore,125.41666666666667,176.41666666666666,169.70833333333334
2026-07-25 14:00:00+00:00,Lahore,125.41666666666667,176.41666666666666,169.70833333333334
2026-07-25 15:00:00+00:00,Lahore,125.41666666666667,176.41666666666666,169.70833333333334
2026-07-25 16:00:00+00:00,Lahore,125.41666666666667,176.41666666666666,169.70833333333334
2026-07-25 17:00:00+00:00,Lahore,125.41666666666667,176.41666666666666,169.70833333333334
2026-07-25 18:00:00+00:00,Lahore,125.41666666666667,176.41666666666666,169.70833333333334
2026-07-25 19:00:00+00:00,Lahore,125.41666666666667,176.41666666666666,169.70833333333334
2026-07-25 20:00:00+00:00,Lahore,125.41666666666667,176.41666666666666,169.70833333333334
2026-07-25 21:00:00+00:00,Lahore,125.41666666666667,176.41666666666666,169.70833333333334
2026-07-25 22:00:00+00:00,Lahore,125.41666666666667,176.41666666666666,169.70833333333334
2026-07-25 23:00:00+00:00,Lahore,125.41666666666667,176.41666666666666,169.70833333333334
2026-07-26 00:00:00+00:00,Lahore,176.41666666666666,169.70833333333334,128.83333333333334
2026-07-26 01:00:00+00:00,Lahore,176.41666666666666,169.70833333333334,128.83333333333334
2026-07-26 02:00:00+00:00,Lahore,176.41666666666666,169.70833333333334,128.83333333333334
2026-07-26 03:00:00+00:00,Lahore,176.41666666666666,169.70833333333334,128.83333333333334
2026-07-26 04:00:00+00:00,Lahore,176.41666666666666,169.70833333333334,128.83333333333334
2026-07-26 05:00:00+00:00,Lahore,176.41666666666666,169.70833333333334,128.83333333333334
2026-07-26 06:00:00+00:00,Lahore,176.41666666666666,169.70833333333334,128.83333333333334
2026-07-26 07:00:00+00:00,Lahore,176.41666666666666,169.70833333333334,128.83333333333334
2026-07-26 08:00:00+00:00,Lahore,176.41666666666666,169.70833333333334,128.83333333333334
2026-07-26 09:00:00+00:00,Lahore,176.41666666666666,169.70833333333334,128.83333333333334
2026-07-26 10:00:00+00:00,Lahore,176.41666666666666,169.70833333333334,128.83333333333334
2026-07-26 11:00:00+00:00,Lahore,176.41666666666666,169.70833333333334,128.83333333333334
2026-07-26 12:00:00+00:00,Lahore,176.41666666666666,169.70833333333334,128.83333333333334
2026-07-26 13:00:00+00:00,Lahore,176.41666666666666,169.70833333333334,128.83333333333334
2026-07-26 14:00:00+00:00,Lahore,176.41666666666666,169.70833333333334,128.83333333333334
2026-07-26 15:00:00+00:00,Lahore,176.41666666666666,169.70833333333334,128.83333333333334
2026-07-26 16:00:00+00:00,Lahore,176.41666666666666,169.70833333333334,128.83333333333334
2026-07-26 17:00:00+00:00,Lahore,176.41666666666666,169.70833333333334,128.83333333333334
2026-07-26 18:00:00+00:00,Lahore,176.41666666666666,169.70833333333334,128.83333333333334
2026-07-26 19:00:00+00:00,Lahore,176.41666666666666,169.70833333333334,128.83333333333334
2026-07-26 20:00:00+00:00,Lahore,176.41666666666666,169.70833333333334,128.83333333333334
2026-07-26 21:00:00+00:00,Lahore,176.41666666666666,169.70833333333334,128.83333333333334
2026-07-26 22:00:00+00:00,Lahore,176.41666666666666,169.70833333333334,128.83333333333334
2026-07-26 23:00:00+00:00,Lahore,176.41666666666666,169.70833333333334,128.83333333333334
2026-07-27 00:00:00+00:00,Lahore,169.70833333333334,128.83333333333334,149.66666666666666
2026-07-27 01:00:00+00:00,Lahore,169.70833333333334,128.83333333333334,149.66666666666666
2026-07-27 02:00:00+00:00,Lahore,169.70833333333334,128.83333333333334,149.66666666666666
2026-07-27 03:00:00+00:00,Lahore,169.70833333333334,128.83333333333334,149.66666666666666
2026-07-27 04:00:00+00:00,Lahore,169.70833333333334,128.83333333333334,149.66666666666666
2026-07-27 05:00:00+00:00,Lahore,169.70833333333334,128.83333333333334,149.66666666666666
2026-07-27 06:00:00+00:00,Lahore,169.70833333333334,128.83333333333334,149.66666666666666
2026-07-27 07:00:00+00:00,Lahore,169.70833333333334,128.83333333333334,149.66666666666666
2026-07-27 08:00:00+00:00,Lahore,169.70833333333334,128.83333333333334,149.66666666666666
2026-07-27 09:00:00+00:00,Lahore,169.70833333333334,128.83333333333334,149.66666666666666
2026-07-27 10:00:00+00:00,Lahore,169.70833333333334,128.83333333333334,149.66666666666666
2026-07-27 11:00:00+00:00,Lahore,169.70833333333334,128.83333333333334,149.66666666666666
2026-07-27 12:00:00+00:00,Lahore,169.70833333333334,128.83333333333334,149.66666666666666
2026-07-27 13:00:00+00:00,Lahore,169.70833333333334,128.83333333333334,149.66666666666666
2026-07-27 14:00:00+00:00,Lahore,169.70833333333334,128.83333333333334,149.66666666666666
2026-07-27 15:00:00+00:00,Lahore,169.70833333333334,128.83333333333334,149.66666666666666
2026-07-27 16:00:00+00:00,Lahore,169.70833333333334,128.83333333333334,149.66666666666666
2026-07-27 17:00:00+00:00,Lahore,169.70833333333334,128.83333333333334,149.66666666666666
2026-07-27 18:00:00+00:00,Lahore,169.70833333333334,128.83333333333334,149.66666666666666
2026-07-27 19:00:00+00:00,Lahore,169.70833333333334,128.83333333333334,149.66666666666666
2026-07-27 20:00:00+00:00,Lahore,169.70833333333334,128.83333333333334,149.66666666666666
2026-07-27 21:00:00+00:00,Lahore,169.70833333333334,128.83333333333334,149.66666666666666
2026-07-27 22:00:00+00:00,Lahore,169.70833333333334,128.83333333333334,149.66666666666666
2026-07-27 23:00:00+00:00,Lahore,169.70833333333334,128.83333333333334,149.66666666666666
2026-07-28 00:00:00+00:00,Lahore,128.83333333333334,149.66666666666666,129.125
2026-07-28 01:00:00+00:00,Lahore,128.83333333333334,149.66666666666666,129.125
2026-07-28 02:00:00+00:00,Lahore,128.83333333333334,149.66666666666666,129.125
2026-07-28 03:00:00+00:00,Lahore,128.83333333333334,149.66666666666666,129.125
2026-07-28 04:00:00+00:00,Lahore,128.83333333333334,149.66666666666666,129.125
2026-07-28 05:00:00+00:00,Lahore,128.83333333333334,149.66666666666666,129.125
2026-07-28 06:00:00+00:00,Lahore,128.83333333333334,149.66666666666666,129.125
2026-07-28 07:00:00+00:00,Lahore,128.83333333333334,149.66666666666666,129.125
2026-07-28 08:00:00+00:00,Lahore,128.83333333333334,149.66666666666666,129.125
2026-07-28 09:00:00+00:00,Lahore,128.83333333333334,149.66666666666666,129.125
2026-07-28 10:00:00+00:00,Lahore,128.83333333333334,149.66666666666666,129.125
2026-07-28 11:00:00+00:00,Lahore,128.83333333333334,149.66666666666666,129.125
2026-07-28 12:00:00+00:00,Lahore,128.83333333333334,149.66666666666666,129.125
2026-07-28 13:00:00+00:00,Lahore,128.83333333333334,149.66666666666666,129.125
2026-07-28 14:00:00+00:00,Lahore,128.83333333333334,149.66666666666666,129.125
2026-07-28 15:00:00+00:00,Lahore,128.83333333333334,149.66666666666666,129.125
2026-07-28 16:00:00+00:00,Lahore,128.83333333333334,149.66666666666666,129.125
2026-07-28 17:00:00+00:00,Lahore,128.83333333333334,149.66666666666666,129.125
2026-07-28 18:00:00+00:00,Lahore,128.83333333333334,149.66666666666666,129.125
2026-07-28 19:00:00+00:00,Lahore,128.83333333333334,149.66666666666666,129.125
2026-07-28 20:00:00+00:00,Lahore,128.83333333333334,149.66666666666666,129.125
2026-07-28 21:00:00+00:00,Lahore,128.83333333333334,149.66666666666666,129.125
2026-07-28 22:00:00+00:00,Lahore,128.83333333333334,149.66666666666666,129.125
2026-07-28 23:00:00+00:00,Lahore,128.83333333333334,149.66666666666666,129.125
2026-07-29 00:00:00+00:00,Lahore,149.66666666666666,129.125,111.29166666666667
2026-07-29 01:00:00+00:00,Lahore,149.66666666666666,129.125,111.29166666666667
2026-07-29 02:00:00+00:00,Lahore,149.66666666666666,129.125,111.29166666666667
2026-07-29 03:00:00+00:00,Lahore,149.66666666666666,129.125,111.29166666666667
2026-07-29 04:00:00+00:00,Lahore,149.66666666666666,129.125,111.29166666666667
2026-07-29 05:00:00+00:00,Lahore,149.66666666666666,129.125,111.29166666666667
2026-07-29 06:00:00+00:00,Lahore,149.66666666666666,129.125,111.29166666666667
2026-07-29 07:00:00+00:00,Lahore,149.66666666666666,129.125,111.29166666666667
2026-07-29 08:00:00+00:00,Lahore,149.66666666666666,129.125,111.29166666666667
2026-07-29 09:00:00+00:00,Lahore,149.66666666666666,129.125,111.29166666666667
2026-07-29 10:00:00+00:00,Lahore,149.66666666666666,129.125,111.29166666666667
2026-07-29 11:00:00+00:00,Lahore,149.66666666666666,129.125,111.29166666666667
2026-07-29 12:00:00+00:00,Lahore,149.66666666666666,129.125,111.29166666666667
2026-07-29 13:00:00+00:00,Lahore,149.66666666666666,129.125,111.29166666666667
2026-07-29 14:00:00+00:00,Lahore,149.66666666666666,129.125,111.29166666666667
2026-07-29 15:00:00+00:00,Lahore,149.66666666666666,129.125,111.29166666666667
2026-07-29 16:00:00+00:00,Lahore,149.66666666666666,129.125,111.29166666666667
2026-07-29 17:00:00+00:00,Lahore,149.66666666666666,129.125,111.29166666666667
2026-07-29 18:00:00+00:00,Lahore,149.66666666666666,129.125,111.29166666666667
2026-07-29 19:00:00+00:00,Lahore,149.66666666666666,129.125,111.29166666666667
2026-07-29 20:00:00+00:00,Lahore,149.66666666666666,129.125,111.29166666666667
2026-07-29 21:00:00+00:00,Lahore,149.66666666666666,129.125,111.29166666666667
2026-07-29 22:00:00+00:00,Lahore,149.66666666666666,129.125,111.29166666666667
2026-07-29 23:00:00+00:00,Lahore,149.66666666666666,129.125,111.29166666666667
2026-07-30 00:00:00+00:00,Lahore,129.125,111.29166666666667,130.625
2026-07-30 01:00:00+00:00,Lahore,129.125,111.29166666666667,130.625
2026-07-30 02:00:00+00:00,Lahore,129.125,111.29166666666667,130.625
2026-07-30 03:00:00+00:00,Lahore,129.125,111.29166666666667,130.625
2026-07-30 04:00:00+00:00,Lahore,129.125,111.29166666666667,130.625
2026-07-30 05:00:00+00:00,Lahore,129.125,111.29166666666667,130.625
2026-07-30 06:00:00+00:00,Lahore,129.125,111.29166666666667,130.625
2026-07-30 07:00:00+00:00,Lahore,129.125,111.29166666666667,130.625
2026-07-30 08:00:00+00:00,Lahore,129.125,111.29166666666667,130.625
2026-07-30 09:00:00+00:00,Lahore,129.125,111.29166666666667,130.625
2026-07-30 10:00:00+00:00,Lahore,129.125,111.29166666666667,130.625
2026-07-30 11:00:00+00:00,Lahore,129.125,111.29166666666667,130.625
2026-07-30 12:00:00+00:00,Lahore,129.125,111.29166666666667,130.625
2026-07-30 13:00:00+00:00,Lahore,129.125,111.29166666666667,130.625
2026-07-30 14:00:00+00:00,Lahore,129.125,111.29166666666667,130.625
2026-07-30 15:00:00+00:00,Lahore,129.125,111.29166666666667,130.625
2026-07-30 16:00:00+00:00,Lahore,129.125,111.29166666666667,130.625
2026-07-30 17:00:00+00:00,Lahore,129.125,111.29166666666667,130.625
2026-07-30 18:00:00+00:00,Lahore,129.125,111.29166666666667,130.625
2026-07-30 19:00:00+00:00,Lahore,129.125,111.29166666666667,130.625
2026-07-30 20:00:00+00:00,Lahore,129.125,111.29166666666667,130.625
2026-07-30 21:00:00+00:00,Lahore,129.125,111.29166666666667,130.625
2026-07-30 22:00:00+00:00,Lahore,129.125,111.29166666666667,130.625
2026-07-30 23:00:00+00:00,Lahore,129.125,111.29166666666667,130.625
2026-07-31 00:00:00+00:00,Lahore,111.29166666666667,130.625,117.125
2026-07-31 01:00:00+00:00,Lahore,111.29166666666667,130.625,117.125
2026-07-31 02:00:00+00:00,Lahore,111.29166666666667,130.625,117.125
2026-07-31 03:00:00+00:00,Lahore,111.29166666666667,130.625,117.125
2026-07-31 04:00:00+00:00,Lahore,111.29166666666667,130.625,117.125
2026-07-31 05:00:00+00:00,Lahore,111.29166666666667,130.625,117.125
2026-07-31 06:00:00+00:00,Lahore,111.29166666666667,130.625,117.125
2026-07-31 07:00:00+00:00,Lahore,111.29166666666667,130.625,117.125
2026-07-31 08:00:00+00:00,Lahore,111.29166666666667,130.625,117.125
2026-07-31 09:00:00+00:00,Lahore,111.29166666666667,130.625,117.125
2026-07-31 10:00:00+00:00,Lahore,111.29166666666667,130.625,117.125
2026-07-31 11:00:00+00:00,Lahore,111.29166666666667,130.625,117.125
2026-07-31 12:00:00+00:00,Lahore,111.29166666666667,130.625,117.125
2026-07-31 13:00:00+00:00,Lahore,111.29166666666667,130.625,117.125
2026-07-31 14:00:00+00:00,Lahore,111.29166666666667,130.625,117.125
2026-07-31 15:00:00+00:00,Lahore,111.29166666666667,130.625,117.125
2026-07-31 16:00:00+00:00,Lahore,111.29166666666667,130.625,117.125
2026-07-31 17:00:00+00:00,Lahore,111.29166666666667,130.625,117.125
2026-07-31 18:00:00+00:00,Lahore,111.29166666666667,130.625,117.125
2026-07-31 19:00:00+00:00,Lahore,111.29166666666667,130.625,117.125
2026-07-31 20:00:00+00:00,Lahore,111.29166666666667,130.625,117.125
2026-07-31 21:00:00+00:00,Lahore,111.29166666666667,130.625,117.125
2026-07-31 22:00:00+00:00,Lahore,111.29166666666667,130.625,117.125
2026-07-31 23:00:00+00:00,Lahore,111.29166666666667,130.625,117.125
2026-08-01 00:00:00+00:00,Lahore,130.625,117.125,141.58333333333334
2026-08-01 01:00:00+00:00,Lahore,130.625,117.125,141.58333333333334
2026-08-01 02:00:00+00:00,Lahore,130.625,117.125,141.58333333333334
2026-08-01 03:00:00+00:00,Lahore,130.625,117.125,141.58333333333334
2026-08-01 04:00:00+00:00,Lahore,130.625,117.125,141.58333333333334
2026-08-01 05:00:00+00:00,Lahore,130.625,117.125,141.58333333333334
2026-08-01 06:00:00+00:00,Lahore,130.625,117.125,141.58333333333334
2026-08-01 07:00:00+00:00,Lahore,130.625,117.125,141.58333333333334
2026-08-01 08:00:00+00:00,Lahore,130.625,117.125,141.58333333333334
2026-08-01 09:00:00+00:00,Lahore,130.625,117.125,141.58333333333334
2026-08-01 10:00:00+00:00,Lahore,130.625,117.125,141.58333333333334
2026-08-01 11:00:00+00:00,Lahore,130.625,117.125,141.58333333333334
2026-08-01 12:00:00+00:00,Lahore,130.625,117.125,141.58333333333334
2026-08-01 13:00:00+00:00,Lahore,130.625,117.125,141.58333333333334
2026-08-01 14:00:00+00:00,Lahore,130.625,117.125,141.58333333333334
2026-08-01 15:00:00+00:00,Lahore,130.625,117.125,141.58333333333334
2026-08-01 16:00:00+00:00,Lahore,130.625,117.125,141.58333333333334
2026-08-01 17:00:00+00:00,Lahore,130.625,117.125,141.58333333333334
2026-08-01 18:00:00+00:00,Lahore,130.625,117.125,141.58333333333334
2026-08-01 19:00:00+00:00,Lahore,130.625,117.125,141.58333333333334
2026-08-01 20:00:00+00:00,Lahore,130.625,117.125,141.58333333333334
2026-08-01 21:00:00+00:00,Lahore,130.625,117.125,141.58333333333334
2026-08-01 22:00:00+00:00,Lahore,130.625,117.125,141.58333333333334
2026-08-01 23:00:00+00:00,Lahore,130.625,117.125,141.58333333333334
2026-08-02 00:00:00+00:00,Lahore,117.125,141.58333333333334,158.20833333333334
2026-08-02 01:00:00+00:00,Lahore,117.125,141.58333333333334,158.20833333333334
2026-08-02 02:00:00+00:00,Lahore,117.125,141.58333333333334,158.20833333333334
2026-08-02 03:00:00+00:00,Lahore,117.125,141.58333333333334,158.20833333333334
2026-08-02 04:00:00+00:00,Lahore,117.125,141.58333333333334,158.20833333333334
2026-08-02 05:00:00+00:00,Lahore,117.125,141.58333333333334,158.20833333333334
2026-08-02 06:00:00+00:00,Lahore,117.125,141.58333333333334,158.20833333333334
2026-08-02 07:00:00+00:00,Lahore,117.125,141.58333333333334,158.20833333333334
2026-08-02 08:00:00+00:00,Lahore,117.125,141.58333333333334,158.20833333333334
2026-08-02 09:00:00+00:00,Lahore,117.125,141.58333333333334,158.20833333333334
2026-08-02 10:00:00+00:00,Lahore,117.125,141.58333333333334,158.20833333333334
2026-08-02 11:00:00+00:00,Lahore,117.125,141.58333333333334,158.20833333333334
2026-08-02 12:00:00+00:00,Lahore,117.125,141.58333333333334,158.20833333333334
2026-08-02 13:00:00+00:00,Lahore,117.125,141.58333333333334,158.20833333333334
2026-08-02 14:00:00+00:00,Lahore,117.125,141.58333333333334,158.20833333333334
2026-08-02 15:00:00+00:00,Lahore,117.125,141.58333333333334,158.20833333333334
2026-08-02 16:00:00+00:00,Lahore,117.125,141.58333333333334,158.20833333333334
2026-08-02 17:00:00+00:00,Lahore,117.125,141.58333333333334,158.20833333333334
2026-08-02 18:00:00+00:00,Lahore,117.125,141.58333333333334,158.20833333333334
2026-08-02 19:00:00+00:00,Lahore,117.125,141.58333333333334,158.20833333333334
2026-08-02 20:00:00+00:00,Lahore,117.125,141.58333333333334,158.20833333333334
2026-08-02 21:00:00+00:00,Lahore,117.125,141.58333333333334,158.20833333333334
2026-08-02 22:00:00+00:00,Lahore,117.125,141.58333333333334,158.20833333333334
2026-08-02 23:00:00+00:00,Lahore,117.125,141.58333333333334,158.20833333333334
2026-08-03 00:00:00+00:00,Lahore,141.58333333333334,158.20833333333334,154.5
2026-08-03 01:00:00+00:00,Lahore,141.58333333333334,158.20833333333334,154.5
2026-08-03 02:00:00+00:00,Lahore,141.58333333333334,158.20833333333334,154.5
2026-08-03 03:00:00+00:00,Lahore,141.58333333333334,158.20833333333334,154.5
2026-08-03 04:00:00+00:00,Lahore,141.58333333333334,158.20833333333334,154.5
2026-08-03 05:00:00+00:00,Lahore,141.58333333333334,158.20833333333334,154.5
2026-08-03 06:00:00+00:00,Lahore,141.58333333333334,158.20833333333334,154.5
2026-08-03 07:00:00+00:00,Lahore,141.58333333333334,158.20833333333334,154.5
2026-08-03 08:00:00+00:00,Lahore,141.58333333333334,158.20833333333334,154.5
2026-08-03 09:00:00+00:00,Lahore,141.58333333333334,158.20833333333334,154.5
2026-08-03 10:00:00+00:00,Lahore,141.58333333333334,158.20833333333334,154.5
2026-08-03 11:00:00+00:00,Lahore,141.58333333333334,158.20833333333334,154.5
2026-08-03 12:00:00+00:00,Lahore,141.58333333333334,158.20833333333334,154.5
2026-08-03 13:00:00+00:00,Lahore,141.58333333333334,158.20833333333334,154.5
2026-08-03 14:00:00+00:00,Lahore,141.58333333333334,158.20833333333334,154.5
2026-08-03 15:00:00+00:00,Lahore,141.58333333333334,158.20833333333334,154.5
2026-08-03 16:00:00+00:00,Lahore,141.58333333333334,158.20833333333334,154.5
2026-08-03 17:00:00+00:00,Lahore,141.58333333333334,158.20833333333334,154.5
2026-08-03 18:00:00+00:00,Lahore,141.58333333333334,158.20833333333334,154.5
2026-08-03 19:00:00+00:00,Lahore,141.58333333333334,158.20833333333334,154.5
2026-08-03 20:00:00+00:00,Lahore,141.58333333333334,158.20833333333334,154.5
2026-08-03 21:00:00+00:00,Lahore,141.58333333333334,158.20833333333334,154.5
2026-08-03 22:00:00+00:00,Lahore,141.58333333333334,158.20833333333334,154.5
2026-08-03 23:00:00+00:00,Lahore,141.58333333333334,158.20833333333334,154.5
2026-08-04 00:00:00+00:00,Lahore,158.20833333333334,154.5,137.33333333333334
2026-08-04 01:00:00+00:00,Lahore,158.20833333333334,154.5,137.33333333333334
2026-08-04 02:00:00+00:00,Lahore,158.20833333333334,154.5,137.33333333333334
2026-08-04 03:00:00+00:00,Lahore,158.20833333333334,154.5,137.33333333333334
2026-08-04 04:00:00+00:00,Lahore,158.20833333333334,154.5,137.33333333333334
2026-08-04 05:00:00+00:00,Lahore,158.20833333333334,154.5,137.33333333333334
2026-08-04 06:00:00+00:00,Lahore,158.20833333333334,154.5,137.33333333333334
2026-08-04 07:00:00+00:00,Lahore,158.20833333333334,154.5,137.33333333333334
2026-08-04 08:00:00+00:00,Lahore,158.20833333333334,154.5,137.33333333333334
2026-08-04 09:00:00+00:00,Lahore,158.20833333333334,154.5,137.33333333333334
2026-08-04 10:00:00+00:00,Lahore,158.20833333333334,154.5,137.33333333333334
2026-08-04 11:00:00+00:00,Lahore,158.20833333333334,154.5,137.33333333333334
2026-08-04 12:00:00+00:00,Lahore,158.20833333333334,154.5,137.33333333333334
2026-08-04 13:00:00+00:00,Lahore,158.20833333333334,154.5,137.33333333333334
2026-08-04 14:00:00+00:00,Lahore,158.20833333333334,154.5,137.33333333333334
2026-08-04 15:00:00+00:00,Lahore,158.20833333333334,154.5,137.33333333333334
2026-08-04 16:00:00+00:00,Lahore,158.20833333333334,154.5,137.33333333333334
2026-08-04 17:00:00+00:00,Lahore,158.20833333333334,154.5,137.33333333333334
2026-08-04 18:00:00+00:00,Lahore,158.20833333333334,154.5,137.33333333333334
2026-08-04 19:00:00+00:00,Lahore,158.20833333333334,154.5,137.33333333333334
2026-08-04 20:00:00+00:00,Lahore,158.20833333333334,154.5,137.33333333333334
2026-08-04 21:00:00+00:00,Lahore,158.20833333333334,154.5,137.33333333333334
2026-08-04 22:00:00+00:00,Lahore,158.20833333333334,154.5,137.33333333333334
2026-08-04 23:00:00+00:00,Lahore,158.20833333333334,154.5,137.33333333333334
2026-08-05 00:00:00+00:00,Lahore,154.5,137.33333333333334,124.95833333333333
2026-08-05 01:00:00+00:00,Lahore,154.5,137.33333333333334,124.95833333333333
2026-08-05 02:00:00+00:00,Lahore,154.5,137.33333333333334,124.95833333333333
2026-08-05 03:00:00+00:00,Lahore,154.5,137.33333333333334,124.95833333333333
2026-08-05 04:00:00+00:00,Lahore,154.5,137.33333333333334,124.95833333333333
2026-08-05 05:00:00+00:00,Lahore,154.5,137.33333333333334,124.95833333333333
2026-08-05 06:00:00+00:00,Lahore,154.5,137.33333333333334,124.95833333333333
2026-08-05 07:00:00+00:00,Lahore,154.5,137.33333333333334,124.95833333333333
2026-08-05 08:00:00+00:00,Lahore,154.5,137.33333333333334,124.95833333333333
2026-08-05 09:00:00+00:00,Lahore,154.5,137.33333333333334,124.95833333333333
2026-08-05 10:00:00+00:00,Lahore,154.5,137.33333333333334,124.95833333333333
2026-08-05 11:00:00+00:00,Lahore,154.5,137.33333333333334,124.95833333333333
2026-08-05 12:00:00+00:00,Lahore,154.5,137.33333333333334,124.95833333333333
2026-08-05 13:00:00+00:00,Lahore,154.5,137.33333333333334,124.95833333333333
2026-08-05 14:00:00+00:00,Lahore,154.5,137.33333333333334,124.95833333333333
2026-08-05 15:00:00+00:00,Lahore,154.5,137.33333333333334,124.95833333333333
2026-08-05 16:00:00+00:00,Lahore,154.5,137.33333333333334,124.95833333333333
2026-08-05 17:00:00+00:00,Lahore,154.5,137.33333333333334,124.95833333333333
2026-08-05 18:00:00+00:00,Lahore,154.5,137.33333333333334,124.95833333333333
2026-08-05 19:00:00+00:00,Lahore,154.5,137.33333333333334,124.95833333333333
2026-08-05 20:00:00+00:00,Lahore,154.5,137.33333333333334,124.95833333333333
2026-08-05 21:00:00+00:00,Lahore,154.5,137.33333333333334,124.95833333333333
2026-08-05 22:00:00+00:00,Lahore,154.5,137.33333333333334,124.95833333333333
2026-08-05 23:00:00+00:00,Lahore,154.5,137.33333333333334,124.95833333333333
2026-08-06 00:00:00+00:00,Lahore,137.33333333333334,124.95833333333333,140.58333333333334
2026-08-06 01:00:00+00:00,Lahore,137.33333333333334,124.95833333333333,140.58333333333334
2026-08-06 02:00:00+00:00,Lahore,137.33333333333334,124.95833333333333,140.58333333333334
2026-08-06 03:00:00+00:00,Lahore,137.33333333333334,124.95833333333333,140.58333333333334
2026-08-06 04:00:00+00:00,Lahore,137.33333333333334,124.95833333333333,140.58333333333334
2026-08-06 05:00:00+00:00,Lahore,137.33333333333334,124.95833333333333,140.58333333333334
2026-08-06 06:00:00+00:00,Lahore,137.33333333333334,124.95833333333333,140.58333333333334
2026-08-06 07:00:00+00:00,Lahore,137.33333333333334,124.95833333333333,140.58333333333334
2026-08-06 08:00:00+00:00,Lahore,137.33333333333334,124.95833333333333,140.58333333333334
2026-08-06 09:00:00+00:00,Lahore,137.33333333333334,124.95833333333333,140.58333333333334
2026-08-06 10:00:00+00:00,Lahore,137.33333333333334,124.95833333333333,140.58333333333334
2026-08-06 11:00:00+00:00,Lahore,137.33333333333334,124.95833333333333,140.58333333333334
2026-08-06 12:00:00+00:00,Lahore,137.33333333333334,124.95833333333333,140.58333333333334
2026-08-06 13:00:00+00:00,Lahore,137.33333333333334,124.95833333333333,140.58333333333334
2026-08-06 14:00:00+00:00,Lahore,137.33333333333334,124.95833333333333,140.58333333333334
2026-08-06 15:00:00+00:00,Lahore,137.33333333333334,124.95833333333333,140.58333333333334
2026-08-06 16:00:00+00:00,Lahore,137.33333333333334,124.95833333333333,140.58333333333334
2026-08-06 17:00:00+00:00,Lahore,137.33333333333334,124.95833333333333,140.58333333333334
2026-08-06 18:00:00+00:00,Lahore,137.33333333333334,124.95833333333333,140.58333333333334
2026-08-06 19:00:00+00:00,Lahore,137.33333333333334,124.95833333333333,140.58333333333334
2026-08-06 20:00:00+00:00,Lahore,137.33333333333334,124.95833333333333,140.58333333333334
2026-08-06 21:00:00+00:00,Lahore,137.33333333333334,124.95833333333333,140.58333333333334
2026-08-06 22:00:00+00:00,Lahore,137.33333333333334,124.95833333333333,140.58333333333334
2026-08-06 23:00:00+00:00,Lahore,137.33333333333334,124.95833333333333,140.58333333333334
2026-08-07 00:00:00+00:00,Lahore,124.95833333333333,140.58333333333334,180.33333333333334
2026-08-07 01:00:00+00:00,Lahore,124.95833333333333,140.58333333333334,180.33333333333334
2026-08-07 02:00:00+00:00,Lahore,124.95833333333333,140.58333333333334,180.33333333333334
2026-08-07 03:00:00+00:00,Lahore,124.95833333333333,140.58333333333334,180.33333333333334
2026-08-07 04:00:00+00:00,Lahore,124.95833333333333,140.58333333333334,180.33333333333334
2026-08-07 05:00:00+00:00,Lahore,124.95833333333333,140.58333333333334,180.33333333333334
2026-08-07 06:00:00+00:00,Lahore,124.95833333333333,140.58333333333334,180.33333333333334
2026-08-07 07:00:00+00:00,Lahore,124.95833333333333,140.58333333333334,180.33333333333334
2026-08-07 08:00:00+00:00,Lahore,124.95833333333333,140.58333333333334,180.33333333333334
2026-08-07 09:00:00+00:00,Lahore,124.95833333333333,140.58333333333334,180.33333333333334
2026-08-07 10:00:00+00:00,Lahore,124.95833333333333,140.58333333333334,180.33333333333334
2026-08-07 11:00:00+00:00,Lahore,124.95833333333333,140.58333333333334,180.33333333333334
2026-08-07 12:00:00+00:00,Lahore,124.95833333333333,140.58333333333334,180.33333333333334
2026-08-07 13:00:00+00:00,Lahore,124.95833333333333,140.58333333333334,180.33333333333334
2026-08-07 14:00:00+00:00,Lahore,124.95833333333333,140.58333333333334,180.33333333333334
2026-08-07 15:00:00+00:00,Lahore,124.95833333333333,140.58333333333334,180.33333333333334
2026-08-07 16:00:00+00:00,Lahore,124.95833333333333,140.58333333333334,180.33333333333334
2026-08-07 17:00:00+00:00,Lahore,124.95833333333333,140.58333333333334,180.33333333333334
2026-08-07 18:00:00+00:00,Lahore,124.95833333333333,140.58333333333334,180.33333333333334
2026-08-07 19:00:00+00:00,Lahore,124.95833333333333,140.58333333333334,180.33333333333334
2026-08-07 20:00:00+00:00,Lahore,124.95833333333333,140.58333333333334,180.33333333333334
2026-08-07 21:00:00+00:00,Lahore,124.95833333333333,140.58333333333334,180.33333333333334
2026-08-07 22:00:00+00:00,Lahore,124.95833333333333,140.58333333333334,180.33333333333334
2026-08-07 23:00:00+00:00,Lahore,124.95833333333333,140.58333333333334,180.33333333333334
2026-08-08 00:00:00+00:00,Lahore,140.58333333333334,180.33333333333334,154.75
2026-08-08 01:00:00+00:00,Lahore,140.58333333333334,180.33333333333334,154.75
2026-08-08 02:00:00+00:00,Lahore,140.58333333333334,180.33333333333334,154.75
2026-08-08 03:00:00+00:00,Lahore,140.58333333333334,180.33333333333334,154.75
2026-08-08 04:00:00+00:00,Lahore,140.58333333333334,180.33333333333334,154.75
2026-08-08 05:00:00+00:00,Lahore,140.58333333333334,180.33333333333334,154.75
2026-08-08 06:00:00+00:00,Lahore,140.58333333333334,180.33333333333334,154.75
2026-08-08 07:00:00+00:00,Lahore,140.58333333333334,180.33333333333334,154.75
2026-08-08 08:00:00+00:00,Lahore,140.58333333333334,180.33333333333334,154.75
2026-08-08 09:00:00+00:00,Lahore,140.58333333333334,180.33333333333334,154.75
2026-08-08 10:00:00+00:00,Lahore,140.58333333333334,180.33333333333334,154.75
2026-08-08 11:00:00+00:00,Lahore,140.58333333333334,180.33333333333334,154.75
2026-08-08 12:00:00+00:00,Lahore,140.58333333333334,180.33333333333334,154.75
2026-08-08 13:00:00+00:00,Lahore,140.58333333333334,180.33333333333334,154.75
2026-08-08 14:00:00+00:00,Lahore,140.58333333333334,180.33333333333334,154.75
2026-08-08 15:00:00+00:00,Lahore,140.58333333333334,180.33333333333334,154.75
2026-08-08 16:00:00+00:00,Lahore,140.58333333333334,180.33333333333334,154.75
2026-08-08 17:00:00+00:00,Lahore,140.58333333333334,180.33333333333334,154.75
2026-08-08 18:00:00+00:00,Lahore,140.58333333333334,180.33333333333334,154.75
2026-08-08 19:00:00+00:00,Lahore,140.58333333333334,180.33333333333334,154.75
2026-08-08 20:00:00+00:00,Lahore,140.58333333333334,180.33333333333334,154.75
2026-08-08 21:00:00+00:00,Lahore,140.58333333333334,180.33333333333334,154.75
2026-08-08 22:00:00+00:00,Lahore,140.58333333333334,180.33333333333334,154.75
2026-08-08 23:00:00+00:00,Lahore,140.58333333333334,180.33333333333334,154.75
2026-08-09 00:00:00+00:00,Lahore,180.33333333333334,154.75,159.29166666666666
2026-08-09 01:00:00+00:00,Lahore,180.33333333333334,154.75,159.29166666666666
2026-08-09 02:00:00+00:00,Lahore,180.33333333333334,154.75,159.29166666666666
2026-08-09 03:00:00+00:00,Lahore,180.33333333333334,154.75,159.29166666666666
2026-08-09 04:00:00+00:00,Lahore,180.33333333333334,154.75,159.29166666666666
2026-08-09 05:00:00+00:00,Lahore,180.33333333333334,154.75,159.29166666666666
2026-08-09 06:00:00+00:00,Lahore,180.33333333333334,154.75,159.29166666666666
2026-08-09 07:00:00+00:00,Lahore,180.33333333333334,154.75,159.29166666666666
2026-08-09 08:00:00+00:00,Lahore,180.33333333333334,154.75,159.29166666666666
2026-08-09 09:00:00+00:00,Lahore,180.33333333333334,154.75,159.29166666666666
2026-08-09 10:00:00+00:00,Lahore,180.33333333333334,154.75,159.29166666666666
2026-08-09 11:00:00+00:00,Lahore,180.33333333333334,154.75,159.29166666666666
2026-08-09 12:00:00+00:00,Lahore,180.33333333333334,154.75,159.29166666666666
2026-08-09 13:00:00+00:00,Lahore,180.33333333333334,154.75,159.29166666666666
2026-08-09 14:00:00+00:00,Lahore,180.33333333333334,154.75,159.29166666666666
2026-08-09 15:00:00+00:00,Lahore,180.33333333333334,154.75,159.29166666666666
2026-08-09 16:00:00+00:00,Lahore,180.33333333333334,154.75,159.29166666666666
2026-08-09 17:00:00+00:00,Lahore,180.33333333333334,154.75,159.29166666666666
2026-08-09 18:00:00+00:00,Lahore,180.33333333333334,154.75,159.29166666666666
2026-08-09 19:00:00+00:00,Lahore,180.33333333333334,154.75,159.29166666666666
2026-08-09 20:00:00+00:00,Lahore,180.33333333333334,154.75,159.29166666666666
2026-08-09 21:00:00+00:00,Lahore,180.33333333333334,154.75,159.29166666666666
2026-08-09 22:00:00+00:00,Lahore,180.33333333333334,154.75,159.29166666666666
2026-08-09 23:00:00+00:00,Lahore,180.33333333333334,154.75,159.29166666666666
2026-08-10 00:00:00+00:00,Lahore,154.75,159.29166666666666,186.875
2026-08-10 01:00:00+00:00,Lahore,154.75,159.29166666666666,186.875
2026-08-10 02:00:00+00:00,Lahore,154.75,159.29166666666666,186.875
2026-08-10 03:00:00+00:00,Lahore,154.75,159.29166666666666,186.875
2026-08-10 04:00:00+00:00,Lahore,154.75,159.29166666666666,186.875
2026-08-10 05:00:00+00:00,Lahore,154.75,159.29166666666666,186.875
2026-08-10 06:00:00+00:00,Lahore,154.75,159.29166666666666,186.875
2026-08-10 07:00:00+00:00,Lahore,154.75,159.29166666666666,186.875
2026-08-10 08:00:00+00:00,Lahore,154.75,159.29166666666666,186.875
2026-08-10 09:00:00+00:00,Lahore,154.75,159.29166666666666,186.875
2026-08-10 10:00:00+00:00,Lahore,154.75,159.29166666666666,186.875
2026-08-10 11:00:00+00:00,Lahore,154.75,159.29166666666666,186.875
2026-08-10 12:00:00+00:00,Lahore,154.75,159.29166666666666,186.875
2026-08-10 13:00:00+00:00,Lahore,154.75,159.29166666666666,186.875
2026-08-10 14:00:00+00:00,Lahore,154.75,159.29166666666666,186.875
2026-08-10 15:00:00+00:00,Lahore,154.75,159.29166666666666,186.875
2026-08-10 16:00:00+00:00,Lahore,154.75,159.29166666666666,186.875
2026-08-10 17:00:00+00:00,Lahore,154.75,159.29166666666666,186.875
2026-08-10 18:00:00+00:00,Lahore,154.75,159.29166666666666,186.875
2026-08-10 19:00:00+00:00,Lahore,154.75,159.29166666666666,186.875
2026-08-10 20:00:00+00:00,Lahore,154.75,159.29166666666666,186.875
2026-08-10 21:00:00+00:00,Lahore,154.75,159.29166666666666,186.875
2026-08-10 22:00:00+00:00,Lahore,154.75,159.29166666666666,186.875
2026-08-10 23:00:00+00:00,Lahore,154.75,159.29166666666666,186.875
2026-08-11 00:00:00+00:00,Lahore,159.29166666666666,186.875,169.375
2026-08-11 01:00:00+00:00,Lahore,159.29166666666666,186.875,169.375
2026-08-11 02:00:00+00:00,Lahore,159.29166666666666,186.875,169.375
2026-08-11 03:00:00+00:00,Lahore,159.29166666666666,186.875,169.375
2026-08-11 04:00:00+00:00,Lahore,159.29166666666666,186.875,169.375
2026-08-11 05:00:00+00:00,Lahore,159.29166666666666,186.875,169.375
2026-08-11 06:00:00+00:00,Lahore,159.29166666666666,186.875,169.375
2026-08-11 07:00:00+00:00,Lahore,159.29166666666666,186.875,169.375
2026-08-11 08:00:00+00:00,Lahore,159.29166666666666,186.875,169.375
2026-08-11 09:00:00+00:00,Lahore,159.29166666666666,186.875,169.375
2026-08-11 10:00:00+00:00,Lahore,159.29166666666666,186.875,169.375
2026-08-11 11:00:00+00:00,Lahore,159.29166666666666,186.875,169.375
2026-08-11 12:00:00+00:00,Lahore,159.29166666666666,186.875,169.375
2026-08-11 13:00:00+00:00,Lahore,159.29166666666666,186.875,169.375
2026-08-11 14:00:00+00:00,Lahore,159.29166666666666,186.875,169.375
2026-08-11 15:00:00+00:00,Lahore,159.29166666666666,186.875,169.375
2026-08-11 16:00:00+00:00,Lahore,159.29166666666666,186.875,169.375
2026-08-11 17:00:00+00:00,Lahore,159.29166666666666,186.875,169.375
2026-08-11 18:00:00+00:00,Lahore,159.29166666666666,186.875,169.375
2026-08-11 19:00:00+00:00,Lahore,159.29166666666666,186.875,169.375
2026-08-11 20:00:00+00:00,Lahore,159.29166666666666,186.875,169.375
2026-08-11 21:00:00+00:00,Lahore,159.29166666666666,186.875,169.375
2026-08-11 22:00:00+00:00,Lahore,159.29166666666666,186.875,169.375
2026-08-11 23:00:00+00:00,Lahore,159.29166666666666,186.875,169.375
2026-08-12 00:00:00+00:00,Lahore,186.875,169.375,148.41666666666666
2026-08-12 01:00:00+00:00,Lahore,186.875,169.375,148.41666666666666
2026-08-12 02:00:00+00:00,Lahore,186.875,169.375,148.41666666666666
2026-08-12 03:00:00+00:00,Lahore,186.875,169.375,148.41666666666666
2026-08-12 04:00:00+00:00,Lahore,186.875,169.375,148.41666666666666
2026-08-12 05:00:00+00:00,Lahore,186.875,169.375,148.41666666666666
2026-08-12 06:00:00+00:00,Lahore,186.875,169.375,148.41666666666666
2026-08-12 07:00:00+00:00,Lahore,186.875,169.375,148.41666666666666
2026-08-12 08:00:00+00:00,Lahore,186.875,169.375,148.41666666666666
2026-08-12 09:00:00+00:00,Lahore,186.875,169.375,148.41666666666666
2026-08-12 10:00:00+00:00,Lahore,186.875,169.375,148.41666666666666
2026-08-12 11:00:00+00:00,Lahore,186.875,169.375,148.41666666666666
2026-08-12 12:00:00+00:00,Lahore,186.875,169.375,148.41666666666666
2026-08-12 13:00:00+00:00,Lahore,186.875,169.375,148.41666666666666
2026-08-12 14:00:00+00:00,Lahore,186.875,169.375,148.41666666666666
2026-08-12 15:00:00+00:00,Lahore,186.875,169.375,148.41666666666666
2026-08-12 16:00:00+00:00,Lahore,186.875,169.375,148.41666666666666
2026-08-12 17:00:00+00:00,Lahore,186.875,169.375,148.41666666666666
2026-08-12 18:00:00+00:00,Lahore,186.875,169.375,148.41666666666666
2026-08-12 19:00:00+00:00,Lahore,186.875,169.375,148.41666666666666
2026-08-12 20:00:00+00:00,Lahore,186.875,169.375,148.41666666666666
2026-08-12 21:00:00+00:00,Lahore,186.875,169.375,148.41666666666666
2026-08-12 22:00:00+00:00,Lahore,186.875,169.375,148.41666666666666
2026-08-12 23:00:00+00:00,Lahore,186.875,169.375,148.41666666666666
2026-08-13 00:00:00+00:00,Lahore,169.375,148.41666666666666,149.25
2026-08-13 01:00:00+00:00,Lahore,169.375,148.41666666666666,149.25
2026-08-13 02:00:00+00:00,Lahore,169.375,148.41666666666666,149.25
2026-08-13 03:00:00+00:00,Lahore,169.375,148.41666666666666,149.25
2026-08-13 04:00:00+00:00,Lahore,169.375,148.41666666666666,149.25
2026-08-13 05:00:00+00:00,Lahore,169.375,148.41666666666666,149.25
2026-08-13 06:00:00+00:00,Lahore,169.375,148.41666666666666,149.25
2026-08-13 07:00:00+00:00,Lahore,169.375,148.41666666666666,149.25
2026-08-13 08:00:00+00:00,Lahore,169.375,148.41666666666666,149.25
2026-08-13 09:00:00+00:00,Lahore,169.375,148.41666666666666,149.25
2026-08-13 10:00:00+00:00,Lahore,169.375,148.41666666666666,149.25
2026-08-13 11:00:00+00:00,Lahore,169.375,148.41666666666666,149.25
2026-08-13 12:00:00+00:00,Lahore,169.375,148.41666666666666,149.25
2026-08-13 13:00:00+00:00,Lahore,169.375,148.41666666666666,149.25
2026-08-13 14:00:00+00:00,Lahore,169.375,148.41666666666666,149.25
2026-08-13 15:00:00+00:00,Lahore,169.375,148.41666666666666,149.25
2026-08-13 16:00:00+00:00,Lahore,169.375,148.41666666666666,149.25
2026-08-13 17:00:00+00:00,Lahore,169.375,148.41666666666666,149.25
2026-08-13 18:00:00+00:00,Lahore,169.375,148.41666666666666,149.25
2026-08-13 19:00:00+00:00,Lahore,169.375,148.41666666666666,149.25
2026-08-13 20:00:00+00:00,Lahore,169.375,148.41666666666666,149.25
2026-08-13 21:00:00+00:00,Lahore,169.375,148.41666666666666,149.25
2026-08-13 22:00:00+00:00,Lahore,169.375,148.41666666666666,149.25
2026-08-13 23:00:00+00:00,Lahore,169.375,148.41666666666666,149.25
2026-08-14 00:00:00+00:00,Lahore,148.41666666666666,149.25,137.91666666666666
2026-08-14 01:00:00+00:00,Lahore,148.41666666666666,149.25,137.91666666666666
2026-08-14 02:00:00+00:00,Lahore,148.41666666666666,149.25,137.91666666666666
2026-08-14 03:00:00+00:00,Lahore,148.41666666666666,149.25,137.91666666666666
2026-08-14 04:00:00+00:00,Lahore,148.41666666666666,149.25,137.91666666666666
2026-08-14 05:00:00+00:00,Lahore,148.41666666666666,149.25,137.91666666666666
2026-08-14 06:00:00+00:00,Lahore,148.41666666666666,149.25,137.91666666666666
2026-08-14 07:00:00+00:00,Lahore,148.41666666666666,149.25,137.91666666666666
2026-08-14 08:00:00+00:00,Lahore,148.41666666666666,149.25,137.91666666666666
2026-08-14 09:00:00+00:00,Lahore,148.41666666666666,149.25,137.91666666666666
2026-08-14 10:00:00+00:00,Lahore,148.41666666666666,149.25,137.91666666666666
2026-08-14 11:00:00+00:00,Lahore,148.41666666666666,149.25,137.91666666666666
2026-08-14 12:00:00+00:00,Lahore,148.41666666666666,149.25,137.91666666666666
2026-08-14 13:00:00+00:00,Lahore,148.41666666666666,149.25,137.91666666666666
2026-08-14 14:00:00+00:00,Lahore,148.41666666666666,149.25,137.91666666666666
2026-08-14 15:00:00+00:00,Lahore,148.41666666666666,149.25,137.91666666666666
2026-08-14 16:00:00+00:00,Lahore,148.41666666666666,149.25,137.91666666666666
2026-08-14 17:00:00+00:00,Lahore,148.41666666666666,149.25,137.91666666666666
2026-08-14 18:00:00+00:00,Lahore,148.41666666666666,149.25,137.91666666666666
2026-08-14 19:00:00+00:00,Lahore,148.41666666666666,149.25,137.91666666666666
2026-08-14 20:00:00+00:00,Lahore,148.41666666666666,149.25,137.91666666666666
2026-08-14 21:00:00+00:00,Lahore,148.41666666666666,149.25,137.91666666666666
2026-08-14 22:00:00+00:00,Lahore,148.41666666666666,149.25,137.91666666666666
2026-08-14 23:00:00+00:00,Lahore,148.41666666666666,149.25,137.91666666666666
2026-08-15 00:00:00+00:00,Lahore,149.25,137.91666666666666,136.33333333333334
2026-08-15 01:00:00+00:00,Lahore,149.25,137.91666666666666,136.33333333333334
2026-08-15 02:00:00+00:00,Lahore,149.25,137.91666666666666,136.33333333333334
2026-08-15 03:00:00+00:00,Lahore,149.25,137.91666666666666,136.33333333333334
2026-08-15 04:00:00+00:00,Lahore,149.25,137.91666666666666,136.33333333333334
2026-08-15 05:00:00+00:00,Lahore,149.25,137.91666666666666,136.33333333333334
2026-08-15 06:00:00+00:00,Lahore,149.25,137.91666666666666,136.33333333333334
2026-08-15 07:00:00+00:00,Lahore,149.25,137.91666666666666,136.33333333333334
2026-08-15 08:00:00+00:00,Lahore,149.25,137.91666666666666,136.33333333333334
2026-08-15 09:00:00+00:00,Lahore,149.25,137.91666666666666,136.33333333333334
2026-08-15 10:00:00+00:00,Lahore,149.25,137.91666666666666,136.33333333333334
2026-08-15 11:00:00+00:00,Lahore,149.25,137.91666666666666,136.33333333333334
2026-08-15 12:00:00+00:00,Lahore,149.25,137.91666666666666,136.33333333333334
2026-08-15 13:00:00+00:00,Lahore,149.25,137.91666666666666,136.33333333333334
2026-08-15 14:00:00+00:00,Lahore,149.25,137.91666666666666,136.33333333333334
2026-08-15 15:00:00+00:00,Lahore,149.25,137.91666666666666,136.33333333333334
2026-08-15 16:00:00+00:00,Lahore,149.25,137.91666666666666,136.33333333333334
2026-08-15 17:00:00+00:00,Lahore,149.25,137.91666666666666,136.33333333333334
2026-08-15 18:00:00+00:00,Lahore,149.25,137.91666666666666,136.33333333333334
2026-08-15 19:00:00+00:00,Lahore,149.25,137.91666666666666,136.33333333333334
2026-08-15 20:00:00+00:00,Lahore,149.25,137.91666666666666,136.33333333333334
2026-08-15 21:00:00+00:00,Lahore,149.25,137.91666666666666,136.33333333333334
2026-08-15 22:00:00+00:00,Lahore,149.25,137.91666666666666,136.33333333333334
2026-08-15 23:00:00+00:00,Lahore,149.25,137.91666666666666,136.33333333333334
2026-08-16 00:00:00+00:00,Lahore,137.91666666666666,136.33333333333334,146.875
2026-08-16 01:00:00+00:00,Lahore,137.91666666666666,136.33333333333334,146.875
2026-08-16 02:00:00+00:00,Lahore,137.91666666666666,136.33333333333334,146.875
2026-08-16 03:00:00+00:00,Lahore,137.91666666666666,136.33333333333334,146.875
2026-08-16 04:00:00+00:00,Lahore,137.91666666666666,136.33333333333334,146.875
2026-08-16 05:00:00+00:00,Lahore,137.91666666666666,136.33333333333334,146.875
2026-08-16 06:00:00+00:00,Lahore,137.91666666666666,136.33333333333334,146.875
2026-08-16 07:00:00+00:00,Lahore,137.91666666666666,136.33333333333334,146.875
2026-08-16 08:00:00+00:00,Lahore,137.91666666666666,136.33333333333334,146.875
2026-08-16 09:00:00+00:00,Lahore,137.91666666666666,136.33333333333334,146.875
2026-08-16 10:00:00+00:00,Lahore,137.91666666666666,136.33333333333334,146.875
2026-08-16 11:00:00+00:00,Lahore,137.91666666666666,136.33333333333334,146.875
2026-08-16 12:00:00+00:00,Lahore,137.91666666666666,136.33333333333334,146.875
2026-08-16 13:00:00+00:00,Lahore,137.91666666666666,136.33333333333334,146.875
2026-08-16 14:00:00+00:00,Lahore,137.91666666666666,136.33333333333334,146.875
2026-08-16 15:00:00+00:00,Lahore,137.91666666666666,136.33333333333334,146.875
2026-08-16 16:00:00+00:00,Lahore,137.91666666666666,136.33333333333334,146.875
2026-08-16 17:00:00+00:00,Lahore,137.91666666666666,136.33333333333334,146.875
2026-08-16 18:00:00+00:00,Lahore,137.91666666666666,136.33333333333334,146.875
2026-08-16 19:00:00+00:00,Lahore,137.91666666666666,136.33333333333334,146.875
2026-08-16 20:00:00+00:00,Lahore,137.91666666666666,136.33333333333334,146.875
2026-08-16 21:00:00+00:00,Lahore,137.91666666666666,136.33333333333334,146.875
2026-08-16 22:00:00+00:00,Lahore,137.91666666666666,136.33333333333334,146.875
2026-08-16 23:00:00+00:00,Lahore,137.91666666666666,136.33333333333334,146.875
2026-08-17 00:00:00+00:00,Lahore,136.33333333333334,146.875,
2026-08-17 01:00:00+00:00,Lahore,136.33333333333334,146.875,
2026-08-17 02:00:00+00:00,Lahore,136.33333333333334,146.875,
2026-08-17 03:00:00+00:00,Lahore,136.33333333333334,146.875,
2026-08-17 04:00:00+00:00,Lahore,136.33333333333334,146.875,
2026-08-17 05:00:00+00:00,Lahore,136.33333333333334,146.875,
2026-08-17 06:00:00+00:00,Lahore,136.33333333333334,146.875,
2026-08-17 07:00:00+00:00,Lahore,136.33333333333334,146.875,
2026-08-17 08:00:00+00:00,Lahore,136.33333333333334,146.875,
2026-08-17 09:00:00+00:00,Lahore,136.33333333333334,146.875,
2026-08-17 10:00:00+00:00,Lahore,136.33333333333334,146.875,
2026-08-17 11:00:00+00:00,Lahore,136.33333333333334,146.875,
2026-08-17 12:00:00+00:00,Lahore,136.33333333333334,146.875,
2026-08-17 13:00:00+00:00,Lahore,136.33333333333334,146.875,
2026-08-17 14:00:00+00:00,Lahore,136.33333333333334,146.875,
2026-08-17 15:00:00+00:00,Lahore,136.33333333333334,146.875,
2026-08-17 16:00:00+00:00,Lahore,136.33333333333334,146.875,
2026-08-17 17:00:00+00:00,Lahore,136.33333333333334,146.875,
2026-08-17 18:00:00+00:00,Lahore,136.33333333333334,146.875,
2026-08-17 19:00:00+00:00,Lahore,136.33333333333334,146.875,
2026-08-17 20:00:00+00:00,Lahore,136.33333333333334,146.875,
2026-08-17 21:00:00+00:00,Lahore,136.33333333333334,146.875,
2026-08-17 22:00:00+00:00,Lahore,136.33333333333334,146.875,
2026-08-17 23:00:00+00:00,Lahore,136.33333333333334,146.875,
2026-08-18 00:00:00+00:00,Lahore,146.875,,
2026-08-18 01:00:00+00:00,Lahore,146.875,,
2026-08-18 02:00:00+00:00,Lahore,146.875,,
2026-08-18 03:00:00+00:00,Lahore,146.875,,
2026-08-18 04:00:00+00:00,Lahore,146.875,,
2026-08-18 05:00:00+00:00,Lahore,146.875,,
2026-08-18 06:00:00+00:00,Lahore,146.875,,
2026-08-18 07:00:00+00:00,Lahore,146.875,,
2026-08-18 08:00:00+00:00,Lahore,146.875,,
2026-08-18 09:00:00+00:00,Lahore,146.875,,
2026-08-18 10:00:00+00:00,Lahore,146.875,,
2026-08-18 11:00:00+00:00,Lahore,146.875,,
2026-08-18 12:00:00+00:00,Lahore,146.875,,
2026-08-18 13:00:00+00:00,Lahore,146.875,,
2026-08-18 14:00:00+00:00,Lahore,146.875,,
2026-08-18 15:00:00+00:00,Lahore,146.875,,
2026-08-18 16:00:00+00:00,Lahore,146.875,,
2026-08-18 17:00:00+00:00,Lahore,146.875,,
2026-08-18 18:00:00+00:00,Lahore,146.875,,
2026-08-18 19:00:00+00:00,Lahore,146.875,,
2026-08-18 20:00:00+00:00,Lahore,146.875,,
2026-08-18 21:00:00+00:00,Lahore,146.875,,
2026-08-18 22:00:00+00:00,Lahore,146.875,,
2026-08-18 23:00:00+00:00,Lahore,146.875,,
2026-08-19 00:00:00+00:00,Lahore,,,
2026-08-19 01:00:00+00:00,Lahore,,,
2026-08-19 02:00:00+00:00,Lahore,,,
2026-08-19 03:00:00+00:00,Lahore,,,
2026-08-19 04:00:00+00:00,Lahore,,,
2026-08-19 05:00:00+00:00,Lahore,,,
2026-08-19 06:00:00+00:00,Lahore,,,
2026-08-19 07:00:00+00:00,Lahore,,,
2026-08-19 08:00:00+00:00,Lahore,,,
2026-08-19 09:00:00+00:00,Lahore,,,
2026-08-19 10:00:00+00:00,Lahore,,,
2026-08-19 11:00:00+00:00,Lahore,,,
2026-08-19 12:00:00+00:00,Lahore,,,
2026-08-19 13:00:00+00:00,Lahore,,,
2026-08-19 14:00:00+00:00,Lahore,,,
2026-08-19 15:00:00+00:00,Lahore,,,
2026-08-19 16:00:00+00:00,Lahore,,,
2026-08-19 17:00:00+00:00,Lahore,,,
2026-08-19 18:00:00+00:00,Lahore,,,
2026-08-19 19:00:00+00:00,Lahore,,,
2026-08-19 20:00:00+00:00,Lahore,,,
2026-08-19 21:00:00+00:00,Lahore,,,
2026-08-19 22:00:00+00:00,Lahore,,,
2026-08-19 23:00:00+00:00,Lahore,,,
2026-05-21 00:00:00+00:00,Multan,96.58333333333333,147.375,123.79166666666667
2026-05-21 01:00:00+00:00,Multan,96.58333333333333,147.375,123.79166666666667
2026-05-21 02:00:00+00:00,Multan,96.58333333333333,147.375,123.79166666666667
2026-05-21 03:00:00+00:00,Multan,96.58333333333333,147.375,123.79166666666667
2026-05-21 04:00:00+00:00,Multan,96.58333333333333,147.375,123.79166666666667
2026-05-21 05:00:00+00:00,Multan,96.58333333333333,147.375,123.79166666666667
2026-05-21 06:00:00+00:00,Multan,96.58333333333333,147.375,123.79166666666667
2026-05-21 07:00:00+00:00,Multan,96.58333333333333,147.375,123.79166666666667
2026-05-21 08:00:00+00:00,Multan,96.58333333333333,147.375,123.79166666666667
2026-05-21 09:00:00+00:00,Multan,96.58333333333333,147.375,123.79166666666667
2026-05-21 10:00:00+00:00,Multan,96.58333333333333,147.375,123.79166666666667
2026-05-21 11:00:00+00:00,Multan,96.58333333333333,147.375,123.79166666666667
2026-05-21 12:00:00+00:00,Multan,96.58333333333333,147.375,123.79166666666667
2026-05-21 13:00:00+00:00,Multan,96.58333333333333,147.375,123.79166666666667
2026-05-21 14:00:00+00:00,Multan,96.58333333333333,147.375,123.79166666666667
2026-05-21 15:00:00+00:00,Multan,96.58333333333333,147.375,123.79166666666667
2026-05-21 16:00:00+00:00,Multan,96.58333333333333,147.375,123.79166666666667
2026-05-21 17:00:00+00:00,Multan,96.58333333333333,147.375,123.79166666666667
2026-05-21 18:00:00+00:00,Multan,96.58333333333333,147.375,123.79166666666667
2026-05-21 19:00:00+00:00,Multan,96.58333333333333,147.375,123.79166666666667
2026-05-21 20:00:00+00:00,Multan,96.58333333333333,147.375,123.79166666666667
2026-05-21 21:00:00+00:00,Multan,96.58333333333333,147.375,123.79166666666667
2026-05-21 22:00:00+00:00,Multan,96.58333333333333,147.375,123.79166666666667
2026-05-21 23:00:00+00:00,Multan,96.58333333333333,147.375,123.79166666666667
2026-05-22 00:00:00+00:00,Multan,147.375,123.79166666666667,131.20833333333334
2026-05-22 01:00:00+00:00,Multan,147.375,123.79166666666667,131.20833333333334
2026-05-22 02:00:00+00:00,Multan,147.375,123.79166666666667,131.20833333333334
2026-05-22 03:00:00+00:00,Multan,147.375,123.79166666666667,131.20833333333334
2026-05-22 04:00:00+00:00,Multan,147.375,123.79166666666667,131.20833333333334
2026-05-22 05:00:00+00:00,Multan,147.375,123.79166666666667,131.20833333333334
2026-05-22 06:00:00+00:00,Multan,147.375,123.79166666666667,131.20833333333334
2026-05-22 07:00:00+00:00,Multan,147.375,123.79166666666667,131.20833333333334
2026-05-22 08:00:00+00:00,Multan,147.375,123.79166666666667,131.20833333333334
2026-05-22 09:00:00+00:00,Multan,147.375,123.79166666666667,131.20833333333334
2026-05-22 10:00:00+00:00,Multan,147.375,123.79166666666667,131.20833333333334
2026-05-22 11:00:00+00:00,Multan,147.375,123.79166666666667,131.20833333333334
2026-05-22 12:00:00+00:00,Multan,147.375,123.79166666666667,131.20833333333334
2026-05-22 13:00:00+00:00,Multan,147.375,123.79166666666667,131.20833333333334
2026-05-22 14:00:00+00:00,Multan,147.375,123.79166666666667,131.20833333333334
2026-05-22 15:00:00+00:00,Multan,147.375,123.79166666666667,131.20833333333334
2026-05-22 16:00:00+00:00,Multan,147.375,123.79166666666667,131.20833333333334
2026-05-22 17:00:00+00:00,Multan,147.375,123.79166666666667,131.20833333333334
2026-05-22 18:00:00+00:00,Multan,147.375,123.79166666666667,131.20833333333334
2026-05-22 19:00:00+00:00,Multan,147.375,123.79166666666667,131.20833333333334
2026-05-22 20:00:00+00:00,Multan,147.375,123.79166666666667,131.20833333333334
2026-05-22 21:00:00+00:00,Multan,147.375,123.79166666666667,131.20833333333334
2026-05-22 22:00:00+00:00,Multan,147.375,123.79166666666667,131.20833333333334
2026-05-22 23:00:00+00:00,Multan,147.375,123.79166666666667,131.20833333333334
2026-05-23 00:00:00+00:00,Multan,123.79166666666667,131.20833333333334,124.20833333333333
2026-05-23 01:00:00+00:00,Multan,123.79166666666667,131.20833333333334,124.20833333333333
2026-05-23 02:00:00+00:00,Multan,123.79166666666667,131.20833333333334,124.20833333333333
2026-05-23 03:00:00+00:00,Multan,123.79166666666667,131.20833333333334,124.20833333333333
2026-05-23 04:00:00+00:00,Multan,123.79166666666667,131.20833333333334,124.20833333333333
2026-05-23 05:00:00+00:00,Multan,123.79166666666667,131.20833333333334,124.20833333333333
2026-05-23 06:00:00+00:00,Multan,123.79166666666667,131.20833333333334,124.20833333333333
2026-05-23 07:00:00+00:00,Multan,123.79166666666667,131.20833333333334,124.20833333333333
2026-05-23 08:00:00+00:00,Multan,123.79166666666667,131.20833333333334,124.20833333333333
2026-05-23 09:00:00+00:00,Multan,123.79166666666667,131.20833333333334,124.20833333333333
2026-05-23 10:00:00+00:00,Multan,123.79166666666667,131.20833333333334,124.20833333333333
2026-05-23 11:00:00+00:00,Multan,123.79166666666667,131.20833333333334,124.20833333333333
2026-05-23 12:00:00+00:00,Multan,123.79166666666667,131.20833333333334,124.20833333333333
2026-05-23 13:00:00+00:00,Multan,123.79166666666667,131.20833333333334,124.20833333333333
2026-05-23 14:00:00+00:00,Multan,123.79166666666667,131.20833333333334,124.20833333333333
2026-05-23 15:00:00+00:00,Multan,123.79166666666667,131.20833333333334,124.20833333333333
2026-05-23 16:00:00+00:00,Multan,123.79166666666667,131.20833333333334,124.20833333333333
2026-05-23 17:00:00+00:00,Multan,123.79166666666667,131.20833333333334,124.20833333333333
2026-05-23 18:00:00+00:00,Multan,123.79166666666667,131.20833333333334,124.20833333333333
2026-05-23 19:00:00+00:00,Multan,123.79166666666667,131.20833333333334,124.20833333333333
2026-05-23 20:00:00+00:00,Multan,123.79166666666667,131.20833333333334,124.20833333333333
2026-05-23 21:00:00+00:00,Multan,123.79166666666667,131.20833333333334,124.20833333333333
2026-05-23 22:00:00+00:00,Multan,123.79166666666667,131.20833333333334,124.20833333333333
2026-05-23 23:00:00+00:00,Multan,123.79166666666667,131.20833333333334,124.20833333333333
2026-05-24 00:00:00+00:00,Multan,131.20833333333334,124.20833333333333,136.875
2026-05-24 01:00:00+00:00,Multan,131.20833333333334,124.20833333333333,136.875
2026-05-24 02:00:00+00:00,Multan,131.20833333333334,124.20833333333333,136.875
2026-05-24 03:00:00+00:00,Multan,131.20833333333334,124.20833333333333,136.875
2026-05-24 04:00:00+00:00,Multan,131.20833333333334,124.20833333333333,136.875
2026-05-24 05:00:00+00:00,Multan,131.20833333333334,124.20833333333333,136.875
2026-05-24 06:00:00+00:00,Multan,131.20833333333334,124.20833333333333,136.875
2026-05-24 07:00:00+00:00,Multan,131.20833333333334,124.20833333333333,136.875
2026-05-24 08:00:00+00:00,Multan,131.20833333333334,124.20833333333333,136.875
2026-05-24 09:00:00+00:00,Multan,131.20833333333334,124.20833333333333,136.875
2026-05-24 10:00:00+00:00,Multan,131.20833333333334,124.20833333333333,136.875
2026-05-24 11:00:00+00:00,Multan,131.20833333333334,124.20833333333333,136.875
2026-05-24 12:00:00+00:00,Multan,131.20833333333334,124.20833333333333,136.875
2026-05-24 13:00:00+00:00,Multan,131.20833333333334,124.20833333333333,136.875
2026-05-24 14:00:00+00:00,Multan,131.20833333333334,124.20833333333333,136.875
2026-05-24 15:00:00+00:00,Multan,131.20833333333334,124.20833333333333,136.875
2026-05-24 16:00:00+00:00,Multan,131.20833333333334,124.20833333333333,136.875
2026-05-24 17:00:00+00:00,Multan,131.20833333333334,124.20833333333333,136.875
2026-05-24 18:00:00+00:00,Multan,131.20833333333334,124.20833333333333,136.875
2026-05-24 19:00:00+00:00,Multan,131.20833333333334,124.20833333333333,136.875
2026-05-24 20:00:00+00:00,Multan,131.20833333333334,124.20833333333333,136.875
2026-05-24 21:00:00+00:00,Multan,131.20833333333334,124.20833333333333,136.875
2026-05-24 22:00:00+00:00,Multan,131.20833333333334,124.20833333333333,136.875
2026-05-24 23:00:00+00:00,Multan,131.20833333333334,124.20833333333333,136.875
2026-05-25 00:00:00+00:00,Multan,124.20833333333333,136.875,127.20833333333333
2026-05-25 01:00:00+00:00,Multan,124.20833333333333,136.875,127.20833333333333
2026-05-25 02:00:00+00:00,Multan,124.20833333333333,136.875,127.20833333333333
2026-05-25 03:00:00+00:00,Multan,124.20833333333333,136.875,127.20833333333333
2026-05-25 04:00:00+00:00,Multan,124.20833333333333,136.875,127.20833333333333
2026-05-25 05:00:00+00:00,Multan,124.20833333333333,136.875,127.20833333333333
2026-05-25 06:00:00+00:00,Multan,124.20833333333333,136.875,127.20833333333333
2026-05-25 07:00:00+00:00,Multan,124.20833333333333,136.875,127.20833333333333
2026-05-25 08:00:00+00:00,Multan,124.20833333333333,136.875,127.20833333333333
2026-05-25 09:00:00+00:00,Multan,124.20833333333333,136.875,127.20833333333333
2026-05-25 10:00:00+00:00,Multan,124.20833333333333,136.875,127.20833333333333
2026-05-25 11:00:00+00:00,Multan,124.20833333333333,136.875,127.20833333333333
2026-05-25 12:00:00+00:00,Multan,124.20833333333333,136.875,127.20833333333333
2026-05-25 13:00:00+00:00,Multan,124.20833333333333,136.875,127.20833333333333
2026-05-25 14:00:00+00:00,Multan,124.20833333333333,136.875,127.20833333333333
2026-05-25 15:00:00+00:00,Multan,124.20833333333333,136.875,127.20833333333333
2026-05-25 16:00:00+00:00,Multan,124.20833333333333,136.875,127.20833333333333
2026-05-25 17:00:00+00:00,Multan,124.20833333333333,136.875,127.20833333333333
2026-05-25 18:00:00+00:00,Multan,124.20833333333333,136.875,127.20833333333333
2026-05-25 19:00:00+00:00,Multan,124.20833333333333,136.875,127.20833333333333
2026-05-25 20:00:00+00:00,Multan,124.20833333333333,136.875,127.20833333333333
2026-05-25 21:00:00+00:00,Multan,124.20833333333333,136.875,127.20833333333333
2026-05-25 22:00:00+00:00,Multan,124.20833333333333,136.875,127.20833333333333
2026-05-25 23:00:00+00:00,Multan,124.20833333333333,136.875,127.20833333333333
2026-05-26 00:00:00+00:00,Multan,136.875,127.20833333333333,123.5
2026-05-26 01:00:00+00:00,Multan,136.875,127.20833333333333,123.5
2026-05-26 02:00:00+00:00,Multan,136.875,127.20833333333333,123.5
2026-05-26 03:00:00+00:00,Multan,136.875,127.20833333333333,123.5
2026-05-26 04:00:00+00:00,Multan,136.875,127.20833333333333,123.5
2026-05-26 05:00:00+00:00,Multan,136.875,127.20833333333333,123.5
2026-05-26 06:00:00+00:00,Multan,136.875,127.20833333333333,123.5
2026-05-26 07:00:00+00:00,Multan,136.875,127.20833333333333,123.5
2026-05-26 08:00:00+00:00,Multan,136.875,127.20833333333333,123.5
2026-05-26 09:00:00+00:00,Multan,136.875,127.20833333333333,123.5
2026-05-26 10:00:00+00:00,Multan,136.875,127.20833333333333,123.5
2026-05-26 11:00:00+00:00,Multan,136.875,127.20833333333333,123.5
2026-05-26 12:00:00+00:00,Multan,136.875,127.20833333333333,123.5
2026-05-26 13:00:00+00:00,Multan,136.875,127.20833333333333,123.5
2026-05-26 14:00:00+00:00,Multan,136.875,127.20833333333333,123.5
2026-05-26 15:00:00+00:00,Multan,136.875,127.20833333333333,123.5
2026-05-26 16:00:00+00:00,Multan,136.875,127.20833333333333,123.5
2026-05-26 17:00:00+00:00,Multan,136.875,127.20833333333333,123.5
2026-05-26 18:00:00+00:00,Multan,136.875,127.20833333333333,123.5
2026-05-26 19:00:00+00:00,Multan,136.875,127.20833333333333,123.5
2026-05-26 20:00:00+00:00,Multan,136.875,127.20833333333333,123.5
2026-05-26 21:00:00+00:00,Multan,136.875,127.20833333333333,123.5
2026-05-26 22:00:00+00:00,Multan,136.875,127.20833333333333,123.5
2026-05-26 23:00:00+00:00,Multan,136.875,127.20833333333333,123.5
2026-05-27 00:00:00+00:00,Multan,127.20833333333333,123.5,157.0
2026-05-27 01:00:00+00:00,Multan,127.20833333333333,123.5,157.0
2026-05-27 02:00:00+00:00,Multan,127.20833333333333,123.5,157.0
2026-05-27 03:00:00+00:00,Multan,127.20833333333333,123.5,157.0
2026-05-27 04:00:00+00:00,Multan,127.20833333333333,123.5,157.0
2026-05-27 05:00:00+00:00,Multan,127.20833333333333,123.5,157.0
2026-05-27 06:00:00+00:00,Multan,127.20833333333333,123.5,157.0
2026-05-27 07:00:00+00:00,Multan,127.20833333333333,123.5,157.0
2026-05-27 08:00:00+00:00,Multan,127.20833333333333,123.5,157.0
2026-05-27 09:00:00+00:00,Multan,127.20833333333333,123.5,157.0
2026-05-27 10:00:00+00:00,Multan,127.20833333333333,123.5,157.0
2026-05-27 11:00:00+00:00,Multan,127.20833333333333,123.5,157.0
2026-05-27 12:00:00+00:00,Multan,127.20833333333333,123.5,157.0
2026-05-27 13:00:00+00:00,Multan,127.20833333333333,123.5,157.0
2026-05-27 14:00:00+00:00,Multan,127.20833333333333,123.5,157.0
2026-05-27 15:00:00+00:00,Multan,127.20833333333333,123.5,157.0
2026-05-27 16:00:00+00:00,Multan,127.20833333333333,123.5,157.0
2026-05-27 17:00:00+00:00,Multan,127.20833333333333,123.5,157.0
2026-05-27 18:00:00+00:00,Multan,127.20833333333333,123.5,157.0
2026-05-27 19:00:00+00:00,Multan,127.20833333333333,123.5,157.0
2026-05-27 20:00:00+00:00,Multan,127.20833333333333,123.5,157.0
2026-05-27 21:00:00+00:00,Multan,127.20833333333333,123.5,157.0
2026-05-27 22:00:00+00:00,Multan,127.20833333333333,123.5,157.0
2026-05-27 23:00:00+00:00,Multan,127.20833333333333,123.5,157.0
2026-05-28 00:00:00+00:00,Multan,123.5,157.0,149.66666666666666
2026-05-28 01:00:00+00:00,Multan,123.5,157.0,149.66666666666666
2026-05-28 02:00:00+00:00,Multan,123.5,157.0,149.66666666666666
2026-05-28 03:00:00+00:00,Multan,123.5,157.0,149.66666666666666
2026-05-28 04:00:00+00:00,Multan,123.5,157.0,149.66666666666666
2026-05-28 05:00:00+00:00,Multan,123.5,157.0,149.66666666666666
2026-05-28 06:00:00+00:00,Multan,123.5,157.0,149.66666666666666
2026-05-28 07:00:00+00:00,Multan,123.5,157.0,149.66666666666666
2026-05-28 08:00:00+00:00,Multan,123.5,157.0,149.66666666666666
2026-05-28 09:00:00+00:00,Multan,123.5,157.0,149.66666666666666
2026-05-28 10:00:00+00:00,Multan,123.5,157.0,149.66666666666666
2026-05-28 11:00:00+00:00,Multan,123.5,157.0,149.66666666666666
2026-05-28 12:00:00+00:00,Multan,123.5,157.0,149.66666666666666
2026-05-28 13:00:00+00:00,Multan,123.5,157.0,149.66666666666666
2026-05-28 14:00:00+00:00,Multan,123.5,157.0,149.66666666666666
2026-05-28 15:00:00+00:00,Multan,123.5,157.0,149.66666666666666
2026-05-28 16:00:00+00:00,Multan,123.5,157.0,149.66666666666666
2026-05-28 17:00:00+00:00,Multan,123.5,157.0,149.66666666666666
2026-05-28 18:00:00+00:00,Multan,123.5,157.0,149.66666666666666
2026-05-28 19:00:00+00:00,Multan,123.5,157.0,149.66666666666666
2026-05-28 20:00:00+00:00,Multan,123.5,157.0,149.66666666666666
2026-05-28 21:00:00+00:00,Multan,123.5,157.0,149.66666666666666
2026-05-28 22:00:00+00:00,Multan,123.5,157.0,149.66666666666666
2026-05-28 23:00:00+00:00,Multan,123.5,157.0,149.66666666666666
2026-05-29 00:00:00+00:00,Multan,157.0,149.66666666666666,161.41666666666666
2026-05-29 01:00:00+00:00,Multan,157.0,149.66666666666666,161.41666666666666
2026-05-29 02:00:00+00:00,Multan,157.0,149.66666666666666,161.41666666666666
2026-05-29 03:00:00+00:00,Multan,157.0,149.66666666666666,161.41666666666666
2026-05-29 04:00:00+00:00,Multan,157.0,149.66666666666666,161.41666666666666
2026-05-29 05:00:00+00:00,Multan,157.0,149.66666666666666,161.41666666666666
2026-05-29 06:00:00+00:00,Multan,157.0,149.66666666666666,161.41666666666666
2026-05-29 07:00:00+00:00,Multan,157.0,149.66666666666666,161.41666666666666
2026-05-29 08:00:00+00:00,Multan,157.0,149.66666666666666,161.41666666666666
2026-05-29 09:00:00+00:00,Multan,157.0,149.66666666666666,161.41666666666666
2026-05-29 10:00:00+00:00,Multan,157.0,149.66666666666666,161.41666666666666
2026-05-29 11:00:00+00:00,Multan,157.0,149.66666666666666,161.41666666666666
2026-05-29 12:00:00+00:00,Multan,157.0,149.66666666666666,161.41666666666666
2026-05-29 13:00:00+00:00,Multan,157.0,149.66666666666666,161.41666666666666
2026-05-29 14:00:00+00:00,Multan,157.0,149.66666666666666,161.41666666666666
2026-05-29 15:00:00+00:00,Multan,157.0,149.66666666666666,161.41666666666666
2026-05-29 16:00:00+00:00,Multan,157.0,149.66666666666666,161.41666666666666
2026-05-29 17:00:00+00:00,Multan,157.0,149.66666666666666,161.41666666666666
2026-05-29 18:00:00+00:00,Multan,157.0,149.66666666666666,161.41666666666666
2026-05-29 19:00:00+00:00,Multan,157.0,149.66666666666666,161.41666666666666
2026-05-29 20:00:00+00:00,Multan,157.0,149.66666666666666,161.41666666666666
2026-05-29 21:00:00+00:00,Multan,157.0,149.66666666666666,161.41666666666666
2026-05-29 22:00:00+00:00,Multan,157.0,149.66666666666666,161.41666666666666
2026-05-29 23:00:00+00:00,Multan,157.0,149.66666666666666,161.41666666666666
2026-05-30 00:00:00+00:00,Multan,149.66666666666666,161.41666666666666,158.625
2026-05-30 01:00:00+00:00,Multan,149.66666666666666,161.41666666666666,158.625
2026-05-30 02:00:00+00:00,Multan,149.66666666666666,161.41666666666666,158.625
2026-05-30 03:00:00+00:00,Multan,149.66666666666666,161.41666666666666,158.625
2026-05-30 04:00:00+00:00,Multan,149.66666666666666,161.41666666666666,158.625
2026-05-30 05:00:00+00:00,Multan,149.66666666666666,161.41666666666666,158.625
2026-05-30 06:00:00+00:00,Multan,149.66666666666666,161.41666666666666,158.625
2026-05-30 07:00:00+00:00,Multan,149.66666666666666,161.41666666666666,158.625
2026-05-30 08:00:00+00:00,Multan,149.66666666666666,161.41666666666666,158.625
2026-05-30 09:00:00+00:00,Multan,149.66666666666666,161.41666666666666,158.625
2026-05-30 10:00:00+00:00,Multan,149.66666666666666,161.41666666666666,158.625
2026-05-30 11:00:00+00:00,Multan,149.66666666666666,161.41666666666666,158.625
2026-05-30 12:00:00+00:00,Multan,149.66666666666666,161.41666666666666,158.625
2026-05-30 13:00:00+00:00,Multan,149.66666666666666,161.41666666666666,158.625
2026-05-30 14:00:00+00:00,Multan,149.66666666666666,161.41666666666666,158.625
2026-05-30 15:00:00+00:00,Multan,149.66666666666666,161.41666666666666,158.625
2026-05-30 16:00:00+00:00,Multan,149.66666666666666,161.41666666666666,158.625
2026-05-30 17:00:00+00:00,Multan,149.66666666666666,161.41666666666666,158.625
2026-05-30 18:00:00+00:00,Multan,149.66666666666666,161.41666666666666,158.625
2026-05-30 19:00:00+00:00,Multan,149.66666666666666,161.41666666666666,158.625
2026-05-30 20:00:00+00:00,Multan,149.66666666666666,161.41666666666666,158.625
2026-05-30 21:00:00+00:00,Multan,149.66666666666666,161.41666666666666,158.625
2026-05-30 22:00:00+00:00,Multan,149.66666666666666,161.41666666666666,158.625
2026-05-30 23:00:00+00:00,Multan,149.66666666666666,161.41666666666666,158.625
2026-05-31 00:00:00+00:00,Multan,161.41666666666666,158.625,159.08333333333334
2026-05-31 01:00:00+00:00,Multan,161.41666666666666,158.625,159.08333333333334
2026-05-31 02:00:00+00:00,Multan,161.41666666666666,158.625,159.08333333333334
2026-05-31 03:00:00+00:00,Multan,161.41666666666666,158.625,159.08333333333334
2026-05-31 04:00:00+00:00,Multan,161.41666666666666,158.625,159.08333333333334
2026-05-31 05:00:00+00:00,Multan,161.41666666666666,158.625,159.08333333333334
2026-05-31 06:00:00+00:00,Multan,161.41666666666666,158.625,159.08333333333334
2026-05-31 07:00:00+00:00,Multan,161.41666666666666,158.625,159.08333333333334
2026-05-31 08:00:00+00:00,Multan,161.41666666666666,158.625,159.08333333333334
2026-05-31 09:00:00+00:00,Multan,161.41666666666666,158.625,159.08333333333334
2026-05-31 10:00:00+00:00,Multan,161.41666666666666,158.625,159.08333333333334
2026-05-31 11:00:00+00:00,Multan,161.41666666666666,158.625,159.08333333333334
2026-05-31 12:00:00+00:00,Multan,161.41666666666666,158.625,159.08333333333334
2026-05-31 13:00:00+00:00,Multan,161.41666666666666,158.625,159.08333333333334
2026-05-31 14:00:00+00:00,Multan,161.41666666666666,158.625,159.08333333333334
2026-05-31 15:00:00+00:00,Multan,161.41666666666666,158.625,159.08333333333334
2026-05-31 16:00:00+00:00,Multan,161.41666666666666,158.625,159.08333333333334
2026-05-31 17:00:00+00:00,Multan,161.41666666666666,158.625,159.08333333333334
2026-05-31 18:00:00+00:00,Multan,161.41666666666666,158.625,159.08333333333334
2026-05-31 19:00:00+00:00,Multan,161.41666666666666,158.625,159.08333333333334
2026-05-31 20:00:00+00:00,Multan,161.41666666666666,158.625,159.08333333333334
2026-05-31 21:00:00+00:00,Multan,161.41666666666666,158.625,159.08333333333334
2026-05-31 22:00:00+00:00,Multan,161.41666666666666,158.625,159.08333333333334
2026-05-31 23:00:00+00:00,Multan,161.41666666666666,158.625,159.08333333333334
2026-06-01 00:00:00+00:00,Multan,158.625,159.08333333333334,135.08333333333334
2026-06-01 01:00:00+00:00,Multan,158.625,159.08333333333334,135.08333333333334
2026-06-01 02:00:00+00:00,Multan,158.625,159.08333333333334,135.08333333333334
2026-06-01 03:00:00+00:00,Multan,158.625,159.08333333333334,135.08333333333334
2026-06-01 04:00:00+00:00,Multan,158.625,159.08333333333334,135.08333333333334
2026-06-01 05:00:00+00:00,Multan,158.625,159.08333333333334,135.08333333333334
2026-06-01 06:00:00+00:00,Multan,158.625,159.08333333333334,135.08333333333334
2026-06-01 07:00:00+00:00,Multan,158.625,159.08333333333334,135.08333333333334
2026-06-01 08:00:00+00:00,Multan,158.625,159.08333333333334,135.08333333333334
2026-06-01 09:00:00+00:00,Multan,158.625,159.08333333333334,135.08333333333334
2026-06-01 10:00:00+00:00,Multan,158.625,159.08333333333334,135.08333333333334
2026-06-01 11:00:00+00:00,Multan,158.625,159.08333333333334,135.08333333333334
2026-06-01 12:00:00+00:00,Multan,158.625,159.08333333333334,135.08333333333334
2026-06-01 13:00:00+00:00,Multan,158.625,159.08333333333334,135.08333333333334
2026-06-01 14:00:00+00:00,Multan,158.625,159.08333333333334,135.08333333333334
2026-06-01 15:00:00+00:00,Multan,158.625,159.08333333333334,135.08333333333334
2026-06-01 16:00:00+00:00,Multan,158.625,159.08333333333334,135.08333333333334
2026-06-01 17:00:00+00:00,Multan,158.625,159.08333333333334,135.08333333333334
2026-06-01 18:00:00+00:00,Multan,158.625,159.08333333333334,135.08333333333334
2026-06-01 19:00:00+00:00,Multan,158.625,159.08333333333334,135.08333333333334
2026-06-01 20:00:00+00:00,Multan,158.625,159.08333333333334,135.08333333333334
2026-06-01 21:00:00+00:00,Multan,158.625,159.08333333333334,135.08333333333334
2026-06-01 22:00:00+00:00,Multan,158.625,159.08333333333334,135.08333333333334
2026-06-01 23:00:00+00:00,Multan,158.625,159.08333333333334,135.08333333333334
2026-06-02 00:00:00+00:00,Multan,159.08333333333334,135.08333333333334,147.58333333333334
2026-06-02 01:00:00+00:00,Multan,159.08333333333334,135.08333333333334,147.58333333333334
2026-06-02 02:00:00+00:00,Multan,159.08333333333334,135.08333333333334,147.58333333333334
2026-06-02 03:00:00+00:00,Multan,159.08333333333334,135.08333333333334,147.58333333333334
2026-06-02 04:00:00+00:00,Multan,159.08333333333334,135.08333333333334,147.58333333333334
2026-06-02 05:00:00+00:00,Multan,159.08333333333334,135.08333333333334,147.58333333333334
2026-06-02 06:00:00+00:00,Multan,159.08333333333334,135.08333333333334,147.58333333333334
2026-06-02 07:00:00+00:00,Multan,159.08333333333334,135.08333333333334,147.58333333333334
2026-06-02 08:00:00+00:00,Multan,159.08333333333334,135.08333333333334,147.58333333333334
2026-06-02 09:00:00+00:00,Multan,159.08333333333334,135.08333333333334,147.58333333333334
2026-06-02 10:00:00+00:00,Multan,159.08333333333334,135.08333333333334,147.58333333333334
2026-06-02 11:00:00+00:00,Multan,159.08333333333334,135.08333333333334,147.58333333333334
2026-06-02 12:00:00+00:00,Multan,159.08333333333334,135.08333333333334,147.58333333333334
2026-06-02 13:00:00+00:00,Multan,159.08333333333334,135.08333333333334,147.58333333333334
2026-06-02 14:00:00+00:00,Multan,159.08333333333334,135.08333333333334,147.58333333333334
2026-06-02 15:00:00+00:00,Multan,159.08333333333334,135.08333333333334,147.58333333333334
2026-06-02 16:00:00+00:00,Multan,159.08333333333334,135.08333333333334,147.58333333333334
2026-06-02 17:00:00+00:00,Multan,159.08333333333334,135.08333333333334,147.58333333333334
2026-06-02 18:00:00+00:00,Multan,159.08333333333334,135.08333333333334,147.58333333333334
2026-06-02 19:00:00+00:00,Multan,159.08333333333334,135.08333333333334,147.58333333333334
2026-06-02 20:00:00+00:00,Multan,159.08333333333334,135.08333333333334,147.58333333333334
2026-06-02 21:00:00+00:00,Multan,159.08333333333334,135.08333333333334,147.58333333333334
2026-06-02 22:00:00+00:00,Multan,159.08333333333334,135.08333333333334,147.58333333333334
2026-06-02 23:00:00+00:00,Multan,159.08333333333334,135.08333333333334,147.58333333333334
2026-06-03 00:00:00+00:00,Multan,135.08333333333334,147.58333333333334,147.0
2026-06-03 01:00:00+00:00,Multan,135.08333333333334,147.58333333333334,147.0
2026-06-03 02:00:00+00:00,Multan,135.08333333333334,147.58333333333334,147.0
2026-06-03 03:00:00+00:00,Multan,135.08333333333334,147.58333333333334,147.0
2026-06-03 04:00:00+00:00,Multan,135.08333333333334,147.58333333333334,147.0
2026-06-03 05:00:00+00:00,Multan,135.08333333333334,147.58333333333334,147.0
2026-06-03 06:00:00+00:00,Multan,135.08333333333334,147.58333333333334,147.0
2026-06-03 07:00:00+00:00,Multan,135.08333333333334,147.58333333333334,147.0
2026-06-03 08:00:00+00:00,Multan,135.08333333333334,147.58333333333334,147.0
2026-06-03 09:00:00+00:00,Multan,135.08333333333334,147.58333333333334,147.0
2026-06-03 10:00:00+00:00,Multan,135.08333333333334,147.58333333333334,147.0
2026-06-03 11:00:00+00:00,Multan,135.08333333333334,147.58333333333334,147.0
2026-06-03 12:00:00+00:00,Multan,135.08333333333334,147.58333333333334,147.0
2026-06-03 13:00:00+00:00,Multan,135.08333333333334,147.58333333333334,147.0
2026-06-03 14:00:00+00:00,Multan,135.08333333333334,147.58333333333334,147.0
2026-06-03 15:00:00+00:00,Multan,135.08333333333334,147.58333333333334,147.0
2026-06-03 16:00:00+00:00,Multan,135.08333333333334,147.58333333333334,147.0
2026-06-03 17:00:00+00:00,Multan,135.08333333333334,147.58333333333334,147.0
2026-06-03 18:00:00+00:00,Multan,135.08333333333334,147.58333333333334,147.0
2026-06-03 19:00:00+00:00,Multan,135.08333333333334,147.58333333333334,147.0
2026-06-03 20:00:00+00:00,Multan,135.08333333333334,147.58333333333334,147.0
2026-06-03 21:00:00+00:00,Multan,135.08333333333334,147.58333333333334,147.0
2026-06-03 22:00:00+00:00,Multan,135.08333333333334,147.58333333333334,147.0
2026-06-03 23:00:00+00:00,Multan,135.08333333333334,147.58333333333334,147.0
2026-06-04 00:00:00+00:00,Multan,147.58333333333334,147.0,146.54166666666666
2026-06-04 01:00:00+00:00,Multan,147.58333333333334,147.0,146.54166666666666
2026-06-04 02:00:00+00:00,Multan,147.58333333333334,147.0,146.54166666666666
2026-06-04 03:00:00+00:00,Multan,147.58333333333334,147.0,146.54166666666666
2026-06-04 04:00:00+00:00,Multan,147.58333333333334,147.0,146.54166666666666
2026-06-04 05:00:00+00:00,Multan,147.58333333333334,147.0,146.54166666666666
2026-06-04 06:00:00+00:00,Multan,147.58333333333334,147.0,146.54166666666666
2026-06-04 07:00:00+00:00,Multan,147.58333333333334,147.0,146.54166666666666
2026-06-04 08:00:00+00:00,Multan,147.58333333333334,147.0,146.54166666666666
2026-06-04 09:00:00+00:00,Multan,147.58333333333334,147.0,146.54166666666666
2026-06-04 10:00:00+00:00,Multan,147.58333333333334,147.0,146.54166666666666
2026-06-04 11:00:00+00:00,Multan,147.58333333333334,147.0,146.54166666666666
2026-06-04 12:00:00+00:00,Multan,147.58333333333334,147.0,146.54166666666666
2026-06-04 13:00:00+00:00,Multan,147.58333333333334,147.0,146.54166666666666
2026-06-04 14:00:00+00:00,Multan,147.58333333333334,147.0,146.54166666666666
2026-06-04 15:00:00+00:00,Multan,147.58333333333334,147.0,146.54166666666666
2026-06-04 16:00:00+00:00,Multan,147.58333333333334,147.0,146.54166666666666
2026-06-04 17:00:00+00:00,Multan,147.58333333333334,147.0,146.54166666666666
2026-06-04 18:00:00+00:00,Multan,147.58333333333334,147.0,146.54166666666666
2026-06-04 19:00:00+00:00,Multan,147.58333333333334,147.0,146.54166666666666
2026-06-04 20:00:00+00:00,Multan,147.58333333333334,147.0,146.54166666666666
2026-06-04 21:00:00+00:00,Multan,147.58333333333334,147.0,146.54166666666666
2026-06-04 22:00:00+00:00,Multan,147.58333333333334,147.0,146.54166666666666
2026-06-04 23:00:00+00:00,Multan,147.58333333333334,147.0,146.54166666666666
2026-06-05 00:00:00+00:00,Multan,147.0,146.54166666666666,153.375
2026-06-05 01:00:00+00:00,Multan,147.0,146.54166666666666,153.375
2026-06-05 02:00:00+00:00,Multan,147.0,146.54166666666666,153.375
2026-06-05 03:00:00+00:00,Multan,147.0,146.54166666666666,153.375
2026-06-05 04:00:00+00:00,Multan,147.0,146.54166666666666,153.375
2026-06-05 05:00:00+00:00,Multan,147.0,146.54166666666666,153.375
2026-06-05 06:00:00+00:00,Multan,147.0,146.54166666666666,153.375
2026-06-05 07:00:00+00:00,Multan,147.0,146.54166666666666,153.375
2026-06-05 08:00:00+00:00,Multan,147.0,146.54166666666666,153.375
2026-06-05 09:00:00+00:00,Multan,147.0,146.54166666666666,153.375
2026-06-05 10:00:00+00:00,Multan,147.0,146.54166666666666,153.375
2026-06-05 11:00:00+00:00,Multan,147.0,146.54166666666666,153.375
2026-06-05 12:00:00+00:00,Multan,147.0,146.54166666666666,153.375
2026-06-05 13:00:00+00:00,Multan,147.0,146.54166666666666,153.375
2026-06-05 14:00:00+00:00,Multan,147.0,146.54166666666666,153.375
2026-06-05 15:00:00+00:00,Multan,147.0,146.54166666666666,153.375
2026-06-05 16:00:00+00:00,Multan,147.0,146.54166666666666,153.375
2026-06-05 17:00:00+00:00,Multan,147.0,146.54166666666666,153.375
2026-06-05 18:00:00+00:00,Multan,147.0,146.54166666666666,153.375
2026-06-05 19:00:00+00:00,Multan,147.0,146.54166666666666,153.375
2026-06-05 20:00:00+00:00,Multan,147.0,146.54166666666666,153.375
2026-06-05 21:00:00+00:00,Multan,147.0,146.54166666666666,153.375
2026-06-05 22:00:00+00:00,Multan,147.0,146.54166666666666,153.375
2026-06-05 23:00:00+00:00,Multan,147.0,146.54166666666666,153.375
2026-06-06 00:00:00+00:00,Multan,146.54166666666666,153.375,155.29166666666666
2026-06-06 01:00:00+00:00,Multan,146.54166666666666,153.375,155.29166666666666
2026-06-06 02:00:00+00:00,Multan,146.54166666666666,153.375,155.29166666666666
2026-06-06 03:00:00+00:00,Multan,146.54166666666666,153.375,155.29166666666666
2026-06-06 04:00:00+00:00,Multan,146.54166666666666,153.375,155.29166666666666
2026-06-06 05:00:00+00:00,Multan,146.54166666666666,153.375,155.29166666666666
2026-06-06 06:00:00+00:00,Multan,146.54166666666666,153.375,155.29166666666666
2026-06-06 07:00:00+00:00,Multan,146.54166666666666,153.375,155.29166666666666
2026-06-06 08:00:00+00:00,Multan,146.54166666666666,153.375,155.29166666666666
2026-06-06 09:00:00+00:00,Multan,146.54166666666666,153.375,155.29166666666666
2026-06-06 10:00:00+00:00,Multan,146.54166666666666,153.375,155.29166666666666
2026-06-06 11:00:00+00:00,Multan,146.54166666666666,153.375,155.29166666666666
2026-06-06 12:00:00+00:00,Multan,146.54166666666666,153.375,155.29166666666666
2026-06-06 13:00:00+00:00,Multan,146.54166666666666,153.375,155.29166666666666
2026-06-06 14:00:00+00:00,Multan,146.54166666666666,153.375,155.29166666666666
2026-06-06 15:00:00+00:00,Multan,146.54166666666666,153.375,155.29166666666666
2026-06-06 16:00:00+00:00,Multan,146.54166666666666,153.375,155.29166666666666
2026-06-06 17:00:00+00:00,Multan,146.54166666666666,153.375,155.29166666666666
2026-06-06 18:00:00+00:00,Multan,146.54166666666666,153.375,155.29166666666666
2026-06-06 19:00:00+00:00,Multan,146.54166666666666,153.375,155.29166666666666
2026-06-06 20:00:00+00:00,Multan,146.54166666666666,153.375,155.29166666666666
2026-06-06 21:00:00+00:00,Multan,146.54166666666666,153.375,155.29166666666666
2026-06-06 22:00:00+00:00,Multan,146.54166666666666,153.375,155.29166666666666
2026-06-06 23:00:00+00:00,Multan,146.54166666666666,153.375,155.29166666666666
2026-06-07 00:00:00+00:00,Multan,153.375,155.29166666666666,129.83333333333334
2026-06-07 01:00:00+00:00,Multan,153.375,155.29166666666666,129.83333333333334
2026-06-07 02:00:00+00:00,Multan,153.375,155.29166666666666,129.83333333333334
2026-06-07 03:00:00+00:00,Multan,153.375,155.29166666666666,129.83333333333334
2026-06-07 04:00:00+00:00,Multan,153.375,155.29166666666666,129.83333333333334
2026-06-07 05:00:00+00:00,Multan,153.375,155.29166666666666,129.83333333333334
2026-06-07 06:00:00+00:00,Multan,153.375,155.29166666666666,129.83333333333334
2026-06-07 07:00:00+00:00,Multan,153.375,155.29166666666666,129.83333333333334
2026-06-07 08:00:00+00:00,Multan,153.375,155.29166666666666,129.83333333333334
2026-06-07 09:00:00+00:00,Multan,153.375,155.29166666666666,129.83333333333334
2026-06-07 10:00:00+00:00,Multan,153.375,155.29166666666666,129.83333333333334
2026-06-07 11:00:00+00:00,Multan,153.375,155.29166666666666,129.83333333333334
2026-06-07 12:00:00+00:00,Multan,153.375,155.29166666666666,129.83333333333334
2026-06-07 13:00:00+00:00,Multan,153.375,155.29166666666666,129.83333333333334
2026-06-07 14:00:00+00:00,Multan,153.375,155.29166666666666,129.83333333333334
2026-06-07 15:00:00+00:00,Multan,153.375,155.29166666666666,129.83333333333334
2026-06-07 16:00:00+00:00,Multan,153.375,155.29166666666666,129.83333333333334
2026-06-07 17:00:00+00:00,Multan,153.375,155.29166666666666,129.83333333333334
2026-06-07 18:00:00+00:00,Multan,153.375,155.29166666666666,129.83333333333334
2026-06-07 19:00:00+00:00,Multan,153.375,155.29166666666666,129.83333333333334
2026-06-07 20:00:00+00:00,Multan,153.375,155.29166666666666,129.83333333333334
2026-06-07 21:00:00+00:00,Multan,153.375,155.29166666666666,129.83333333333334
2026-06-07 22:00:00+00:00,Multan,153.375,155.29166666666666,129.83333333333334
2026-06-07 23:00:00+00:00,Multan,153.375,155.29166666666666,129.83333333333334
2026-06-08 00:00:00+00:00,Multan,155.29166666666666,129.83333333333334,156.45833333333334
2026-06-08 01:00:00+00:00,Multan,155.29166666666666,129.83333333333334,156.45833333333334
2026-06-08 02:00:00+00:00,Multan,155.29166666666666,129.83333333333334,156.45833333333334
2026-06-08 03:00:00+00:00,Multan,155.29166666666666,129.83333333333334,156.45833333333334
2026-06-08 04:00:00+00:00,Multan,155.29166666666666,129.83333333333334,156.45833333333334
2026-06-08 05:00:00+00:00,Multan,155.29166666666666,129.83333333333334,156.45833333333334
2026-06-08 06:00:00+00:00,Multan,155.29166666666666,129.83333333333334,156.45833333333334
2026-06-08 07:00:00+00:00,Multan,155.29166666666666,129.83333333333334,156.45833333333334
2026-06-08 08:00:00+00:00,Multan,155.29166666666666,129.83333333333334,156.45833333333334
2026-06-08 09:00:00+00:00,Multan,155.29166666666666,129.83333333333334,156.45833333333334
2026-06-08 10:00:00+00:00,Multan,155.29166666666666,129.83333333333334,156.45833333333334
2026-06-08 11:00:00+00:00,Multan,155.29166666666666,129.83333333333334,156.45833333333334
2026-06-08 12:00:00+00:00,Multan,155.29166666666666,129.83333333333334,156.45833333333334
2026-06-08 13:00:00+00:00,Multan,155.29166666666666,129.83333333333334,156.45833333333334
2026-06-08 14:00:00+00:00,Multan,155.29166666666666,129.83333333333334,156.45833333333334
2026-06-08 15:00:00+00:00,Multan,155.29166666666666,129.83333333333334,156.45833333333334
2026-06-08 16:00:00+00:00,Multan,155.29166666666666,129.83333333333334,156.45833333333334
2026-06-08 17:00:00+00:00,Multan,155.29166666666666,129.83333333333334,156.45833333333334
2026-06-08 18:00:00+00:00,Multan,155.29166666666666,129.83333333333334,156.45833333333334
2026-06-08 19:00:00+00:00,Multan,155.29166666666666,129.83333333333334,156.45833333333334
2026-06-08 20:00:00+00:00,Multan,155.29166666666666,129.83333333333334,156.45833333333334
2026-06-08 21:00:00+00:00,Multan,155.29166666666666,129.83333333333334,156.45833333333334
2026-06-08 22:00:00+00:00,Multan,155.29166666666666,129.83333333333334,156.45833333333334
2026-06-08 23:00:00+00:00,Multan,155.29166666666666,129.83333333333334,156.45833333333334
2026-06-09 00:00:00+00:00,Multan,129.83333333333334,156.45833333333334,207.625
2026-06-09 01:00:00+00:00,Multan,129.83333333333334,156.45833333333334,207.625
2026-06-09 02:00:00+00:00,Multan,129.83333333333334,156.45833333333334,207.625
2026-06-09 03:00:00+00:00,Multan,129.83333333333334,156.45833333333334,207.625
2026-06-09 04:00:00+00:00,Multan,129.83333333333334,156.45833333333334,207.625
2026-06-09 05:00:00+00:00,Multan,129.83333333333334,156.45833333333334,207.625
2026-06-09 06:00:00+00:00,Multan,129.83333333333334,156.45833333333334,207.625
2026-06-09 07:00:00+00:00,Multan,129.83333333333334,156.45833333333334,207.625
2026-06-09 08:00:00+00:00,Multan,129.83333333333334,156.45833333333334,207.625
2026-06-09 09:00:00+00:00,Multan,129.83333333333334,156.45833333333334,207.625
2026-06-09 10:00:00+00:00,Multan,129.83333333333334,156.45833333333334,207.625
2026-06-09 11:00:00+00:00,Multan,129.83333333333334,156.45833333333334,207.625
2026-06-09 12:00:00+00:00,Multan,129.83333333333334,156.45833333333334,207.625
2026-06-09 13:00:00+00:00,Multan,129.83333333333334,156.45833333333334,207.625
2026-06-09 14:00:00+00:00,Multan,129.83333333333334,156.45833333333334,207.625
2026-06-09 15:00:00+00:00,Multan,129.83333333333334,156.45833333333334,207.625
2026-06-09 16:00:00+00:00,Multan,129.83333333333334,156.45833333333334,207.625
2026-06-09 17:00:00+00:00,Multan,129.83333333333334,156.45833333333334,207.625
2026-06-09 18:00:00+00:00,Multan,129.83333333333334,156.45833333333334,207.625
2026-06-09 19:00:00+00:00,Multan,129.83333333333334,156.45833333333334,207.625
2026-06-09 20:00:00+00:00,Multan,129.83333333333334,156.45833333333334,207.625
2026-06-09 21:00:00+00:00,Multan,129.83333333333334,156.45833333333334,207.625
2026-06-09 22:00:00+00:00,Multan,129.83333333333334,156.45833333333334,207.625
2026-06-09 23:00:00+00:00,Multan,129.83333333333334,156.45833333333334,207.625
2026-06-10 00:00:00+00:00,Multan,156.45833333333334,207.625,196.04166666666666
2026-06-10 01:00:00+00:00,Multan,156.45833333333334,207.625,196.04166666666666
2026-06-10 02:00:00+00:00,Multan,156.45833333333334,207.625,196.04166666666666
2026-06-10 03:00:00+00:00,Multan,156.45833333333334,207.625,196.04166666666666
2026-06-10 04:00:00+00:00,Multan,156.45833333333334,207.625,196.04166666666666
2026-06-10 05:00:00+00:00,Multan,156.45833333333334,207.625,196.04166666666666
2026-06-10 06:00:00+00:00,Multan,156.45833333333334,207.625,196.04166666666666
2026-06-10 07:00:00+00:00,Multan,156.45833333333334,207.625,196.04166666666666
2026-06-10 08:00:00+00:00,Multan,156.45833333333334,207.625,196.04166666666666
2026-06-10 09:00:00+00:00,Multan,156.45833333333334,207.625,196.04166666666666
2026-06-10 10:00:00+00:00,Multan,156.45833333333334,207.625,196.04166666666666
2026-06-10 11:00:00+00:00,Multan,156.45833333333334,207.625,196.04166666666666
2026-06-10 12:00:00+00:00,Multan,156.45833333333334,207.625,196.04166666666666
2026-06-10 13:00:00+00:00,Multan,156.45833333333334,207.625,196.04166666666666
2026-06-10 14:00:00+00:00,Multan,156.45833333333334,207.625,196.04166666666666
2026-06-10 15:00:00+00:00,Multan,156.45833333333334,207.625,196.04166666666666
2026-06-10 16:00:00+00:00,Multan,156.45833333333334,207.625,196.04166666666666
2026-06-10 17:00:00+00:00,Multan,156.45833333333334,207.625,196.04166666666666
2026-06-10 18:00:00+00:00,Multan,156.45833333333334,207.625,196.04166666666666
2026-06-10 19:00:00+00:00,Multan,156.45833333333334,207.625,196.04166666666666
2026-06-10 20:00:00+00:00,Multan,156.45833333333334,207.625,196.04166666666666
2026-06-10 21:00:00+00:00,Multan,156.45833333333334,207.625,196.04166666666666
2026-06-10 22:00:00+00:00,Multan,156.45833333333334,207.625,196.04166666666666
2026-06-10 23:00:00+00:00,Multan,156.45833333333334,207.625,196.04166666666666
2026-06-11 00:00:00+00:00,Multan,207.625,196.04166666666666,153.66666666666666
2026-06-11 01:00:00+00:00,Multan,207.625,196.04166666666666,153.66666666666666
2026-06-11 02:00:00+00:00,Multan,207.625,196.04166666666666,153.66666666666666
2026-06-11 03:00:00+00:00,Multan,207.625,196.04166666666666,153.66666666666666
2026-06-11 04:00:00+00:00,Multan,207.625,196.04166666666666,153.66666666666666
2026-06-11 05:00:00+00:00,Multan,207.625,196.04166666666666,153.66666666666666
2026-06-11 06:00:00+00:00,Multan,207.625,196.04166666666666,153.66666666666666
2026-06-11 07:00:00+00:00,Multan,207.625,196.04166666666666,153.66666666666666
2026-06-11 08:00:00+00:00,Multan,207.625,196.04166666666666,153.66666666666666
2026-06-11 09:00:00+00:00,Multan,207.625,196.04166666666666,153.66666666666666
2026-06-11 10:00:00+00:00,Multan,207.625,196.04166666666666,153.66666666666666
2026-06-11 11:00:00+00:00,Multan,207.625,196.04166666666666,153.66666666666666
2026-06-11 12:00:00+00:00,Multan,207.625,196.04166666666666,153.66666666666666
2026-06-11 13:00:00+00:00,Multan,207.625,196.04166666666666,153.66666666666666
2026-06-11 14:00:00+00:00,Multan,207.625,196.04166666666666,153.66666666666666
2026-06-11 15:00:00+00:00,Multan,207.625,196.04166666666666,153.66666666666666
2026-06-11 16:00:00+00:00,Multan,207.625,196.04166666666666,153.66666666666666
2026-06-11 17:00:00+00:00,Multan,207.625,196.04166666666666,153.66666666666666
2026-06-11 18:00:00+00:00,Multan,207.625,196.04166666666666,153.66666666666666
2026-06-11 19:00:00+00:00,Multan,207.625,196.04166666666666,153.66666666666666
2026-06-11 20:00:00+00:00,Multan,207.625,196.04166666666666,153.66666666666666
2026-06-11 21:00:00+00:00,Multan,207.625,196.04166666666666,153.66666666666666
2026-06-11 22:00:00+00:00,Multan,207.625,196.04166666666666,153.66666666666666
2026-06-11 23:00:00+00:00,Multan,207.625,196.04166666666666,153.66666666666666
2026-06-12 00:00:00+00:00,Multan,196.04166666666666,153.66666666666666,146.75
2026-06-12 01:00:00+00:00,Multan,196.04166666666666,153.66666666666666,146.75
2026-06-12 02:00:00+00:00,Multan,196.04166666666666,153.66666666666666,146.75
2026-06-12 03:00:00+00:00,Multan,196.04166666666666,153.66666666666666,146.75
2026-06-12 04:00:00+00:00,Multan,196.04166666666666,153.66666666666666,146.75
2026-06-12 05:00:00+00:00,Multan,196.04166666666666,153.66666666666666,146.75
2026-06-12 06:00:00+00:00,Multan,196.04166666666666,153.66666666666666,146.75
2026-06-12 07:00:00+00:00,Multan,196.04166666666666,153.66666666666666,146.75
2026-06-12 08:00:00+00:00,Multan,196.04166666666666,153.66666666666666,146.75
2026-06-12 09:00:00+00:00,Multan,196.04166666666666,153.66666666666666,146.75
2026-06-12 10:00:00+00:00,Multan,196.04166666666666,153.66666666666666,146.75
2026-06-12 11:00:00+00:00,Multan,196.04166666666666,153.66666666666666,146.75
2026-06-12 12:00:00+00:00,Multan,196.04166666666666,153.66666666666666,146.75
2026-06-12 13:00:00+00:00,Multan,196.04166666666666,153.66666666666666,146.75
2026-06-12 14:00:00+00:00,Multan,196.04166666666666,153.66666666666666,146.75
2026-06-12 15:00:00+00:00,Multan,196.04166666666666,153.66666666666666,146.75
2026-06-12 16:00:00+00:00,Multan,196.04166666666666,153.66666666666666,146.75
2026-06-12 17:00:00+00:00,Multan,196.04166666666666,153.66666666666666,146.75
2026-06-12 18:00:00+00:00,Multan,196.04166666666666,153.66666666666666,146.75
2026-06-12 19:00:00+00:00,Multan,196.04166666666666,153.66666666666666,146.75
2026-06-12 20:00:00+00:00,Multan,196.04166666666666,153.66666666666666,146.75
2026-06-12 21:00:00+00:00,Multan,196.04166666666666,153.66666666666666,146.75
2026-06-12 22:00:00+00:00,Multan,196.04166666666666,153.66666666666666,146.75
2026-06-12 23:00:00+00:00,Multan,196.04166666666666,153.66666666666666,146.75
2026-06-13 00:00:00+00:00,Multan,153.66666666666666,146.75,157.79166666666666
2026-06-13 01:00:00+00:00,Multan,153.66666666666666,146.75,157.79166666666666
2026-06-13 02:00:00+00:00,Multan,153.66666666666666,146.75,157.79166666666666
2026-06-13 03:00:00+00:00,Multan,153.66666666666666,146.75,157.79166666666666
2026-06-13 04:00:00+00:00,Multan,153.66666666666666,146.75,157.79166666666666
2026-06-13 05:00:00+00:00,Multan,153.66666666666666,146.75,157.79166666666666
2026-06-13 06:00:00+00:00,Multan,153.66666666666666,146.75,157.79166666666666
2026-06-13 07:00:00+00:00,Multan,153.66666666666666,146.75,157.79166666666666
2026-06-13 08:00:00+00:00,Multan,153.66666666666666,146.75,157.79166666666666
2026-06-13 09:00:00+00:00,Multan,153.66666666666666,146.75,157.79166666666666
2026-06-13 10:00:00+00:00,Multan,153.66666666666666,146.75,157.79166666666666
2026-06-13 11:00:00+00:00,Multan,153.66666666666666,146.75,157.79166666666666
2026-06-13 12:00:00+00:00,Multan,153.66666666666666,146.75,157.79166666666666
2026-06-13 13:00:00+00:00,Multan,153.66666666666666,146.75,157.79166666666666
2026-06-13 14:00:00+00:00,Multan,153.66666666666666,146.75,157.79166666666666
2026-06-13 15:00:00+00:00,Multan,153.66666666666666,146.75,157.79166666666666
2026-06-13 16:00:00+00:00,Multan,153.66666666666666,146.75,157.79166666666666
2026-06-13 17:00:00+00:00,Multan,153.66666666666666,146.75,157.79166666666666
2026-06-13 18:00:00+00:00,Multan,153.66666666666666,146.75,157.79166666666666
2026-06-13 19:00:00+00:00,Multan,153.66666666666666,146.75,157.79166666666666
2026-06-13 20:00:00+00:00,Multan,153.66666666666666,146.75,157.79166666666666
2026-06-13 21:00:00+00:00,Multan,153.66666666666666,146.75,157.79166666666666
2026-06-13 22:00:00+00:00,Multan,153.66666666666666,146.75,157.79166666666666
2026-06-13 23:00:00+00:00,Multan,153.66666666666666,146.75,157.79166666666666
2026-06-14 00:00:00+00:00,Multan,146.75,157.79166666666666,155.45833333333334
2026-06-14 01:00:00+00:00,Multan,146.75,157.79166666666666,155.45833333333334
2026-06-14 02:00:00+00:00,Multan,146.75,157.79166666666666,155.45833333333334
2026-06-14 03:00:00+00:00,Multan,146.75,157.79166666666666,155.45833333333334
2026-06-14 04:00:00+00:00,Multan,146.75,157.79166666666666,155.45833333333334
2026-06-14 05:00:00+00:00,Multan,146.75,157.79166666666666,155.45833333333334
2026-06-14 06:00:00+00:00,Multan,146.75,157.79166666666666,155.45833333333334
2026-06-14 07:00:00+00:00,Multan,146.75,157.79166666666666,155.45833333333334
2026-06-14 08:00:00+00:00,Multan,146.75,157.79166666666666,155.45833333333334
2026-06-14 09:00:00+00:00,Multan,146.75,157.79166666666666,155.45833333333334
2026-06-14 10:00:00+00:00,Multan,146.75,157.79166666666666,155.45833333333334
2026-06-14 11:00:00+00:00,Multan,146.75,157.79166666666666,155.45833333333334
2026-06-14 12:00:00+00:00,Multan,146.75,157.79166666666666,155.45833333333334
2026-06-14 13:00:00+00:00,Multan,146.75,157.79166666666666,155.45833333333334
2026-06-14 14:00:00+00:00,Multan,146.75,157.79166666666666,155.45833333333334
2026-06-14 15:00:00+00:00,Multan,146.75,157.79166666666666,155.45833333333334
2026-06-14 16:00:00+00:00,Multan,146.75,157.79166666666666,155.45833333333334
2026-06-14 17:00:00+00:00,Multan,146.75,157.79166666666666,155.45833333333334
2026-06-14 18:00:00+00:00,Multan,146.75,157.79166666666666,155.45833333333334
2026-06-14 19:00:00+00:00,Multan,146.75,157.79166666666666,155.45833333333334
2026-06-14 20:00:00+00:00,Multan,146.75,157.79166666666666,155.45833333333334
2026-06-14 21:00:00+00:00,Multan,146.75,157.79166666666666,155.45833333333334
2026-06-14 22:00:00+00:00,Multan,146.75,157.79166666666666,155.45833333333334
2026-06-14 23:00:00+00:00,Multan,146.75,157.79166666666666,155.45833333333334
2026-06-15 00:00:00+00:00,Multan,157.79166666666666,155.45833333333334,150.625
2026-06-15 01:00:00+00:00,Multan,157.79166666666666,155.45833333333334,150.625
2026-06-15 02:00:00+00:00,Multan,157.79166666666666,155.45833333333334,150.625
2026-06-15 03:00:00+00:00,Multan,157.79166666666666,155.45833333333334,150.625
2026-06-15 04:00:00+00:00,Multan,157.79166666666666,155.45833333333334,150.625
2026-06-15 05:00:00+00:00,Multan,157.79166666666666,155.45833333333334,150.625
2026-06-15 06:00:00+00:00,Multan,157.79166666666666,155.45833333333334,150.625
2026-06-15 07:00:00+00:00,Multan,157.79166666666666,155.45833333333334,150.625
2026-06-15 08:00:00+00:00,Multan,157.79166666666666,155.45833333333334,150.625
2026-06-15 09:00:00+00:00,Multan,157.79166666666666,155.45833333333334,150.625
2026-06-15 10:00:00+00:00,Multan,157.79166666666666,155.45833333333334,150.625
2026-06-15 11:00:00+00:00,Multan,157.79166666666666,155.45833333333334,150.625
2026-06-15 12:00:00+00:00,Multan,157.79166666666666,155.45833333333334,150.625
2026-06-15 13:00:00+00:00,Multan,157.79166666666666,155.45833333333334,150.625
2026-06-15 14:00:00+00:00,Multan,157.79166666666666,155.45833333333334,150.625
2026-06-15 15:00:00+00:00,Multan,157.79166666666666,155.45833333333334,150.625
2026-06-15 16:00:00+00:00,Multan,157.79166666666666,155.45833333333334,150.625
2026-06-15 17:00:00+00:00,Multan,157.79166666666666,155.45833333333334,150.625
2026-06-15 18:00:00+00:00,Multan,157.79166666666666,155.45833333333334,150.625
2026-06-15 19:00:00+00:00,Multan,157.79166666666666,155.45833333333334,150.625
2026-06-15 20:00:00+00:00,Multan,157.79166666666666,155.45833333333334,150.625
2026-06-15 21:00:00+00:00,Multan,157.79166666666666,155.45833333333334,150.625
2026-06-15 22:00:00+00:00,Multan,157.79166666666666,155.45833333333334,150.625
2026-06-15 23:00:00+00:00,Multan,157.79166666666666,155.45833333333334,150.625
2026-06-16 00:00:00+00:00,Multan,155.45833333333334,150.625,140.58333333333334
2026-06-16 01:00:00+00:00,Multan,155.45833333333334,150.625,140.58333333333334
2026-06-16 02:00:00+00:00,Multan,155.45833333333334,150.625,140.58333333333334
2026-06-16 03:00:00+00:00,Multan,155.45833333333334,150.625,140.58333333333334
2026-06-16 04:00:00+00:00,Multan,155.45833333333334,150.625,140.58333333333334
2026-06-16 05:00:00+00:00,Multan,155.45833333333334,150.625,140.58333333333334
2026-06-16 06:00:00+00:00,Multan,155.45833333333334,150.625,140.58333333333334
2026-06-16 07:00:00+00:00,Multan,155.45833333333334,150.625,140.58333333333334
2026-06-16 08:00:00+00:00,Multan,155.45833333333334,150.625,140.58333333333334
2026-06-16 09:00:00+00:00,Multan,155.45833333333334,150.625,140.58333333333334
2026-06-16 10:00:00+00:00,Multan,155.45833333333334,150.625,140.58333333333334
2026-06-16 11:00:00+00:00,Multan,155.45833333333334,150.625,140.58333333333334
2026-06-16 12:00:00+00:00,Multan,155.45833333333334,150.625,140.58333333333334
2026-06-16 13:00:00+00:00,Multan,155.45833333333334,150.625,140.58333333333334
2026-06-16 14:00:00+00:00,Multan,155.45833333333334,150.625,140.58333333333334
2026-06-16 15:00:00+00:00,Multan,155.45833333333334,150.625,140.58333333333334
2026-06-16 16:00:00+00:00,Multan,155.45833333333334,150.625,140.58333333333334
2026-06-16 17:00:00+00:00,Multan,155.45833333333334,150.625,140.58333333333334
2026-06-16 18:00:00+00:00,Multan,155.45833333333334,150.625,140.58333333333334
2026-06-16 19:00:00+00:00,Multan,155.45833333333334,150.625,140.58333333333334
2026-06-16 20:00:00+00:00,Multan,155.45833333333334,150.625,140.58333333333334
2026-06-16 21:00:00+00:00,Multan,155.45833333333334,150.625,140.58333333333334
2026-06-16 22:00:00+00:00,Multan,155.45833333333334,150.625,140.58333333333334
2026-06-16 23:00:00+00:00,Multan,155.45833333333334,150.625,140.58333333333334
2026-06-17 00:00:00+00:00,Multan,150.625,140.58333333333334,150.33333333333334
2026-06-17 01:00:00+00:00,Multan,150.625,140.58333333333334,150.33333333333334
2026-06-17 02:00:00+00:00,Multan,150.625,140.58333333333334,150.33333333333334
2026-06-17 03:00:00+00:00,Multan,150.625,140.58333333333334,150.33333333333334
2026-06-17 04:00:00+00:00,Multan,150.625,140.58333333333334,150.33333333333334
2026-06-17 05:00:00+00:00,Multan,150.625,140.58333333333334,150.33333333333334
2026-06-17 06:00:00+00:00,Multan,150.625,140.58333333333334,150.33333333333334
2026-06-17 07:00:00+00:00,Multan,150.625,140.58333333333334,150.33333333333334
2026-06-17 08:00:00+00:00,Multan,150.625,140.58333333333334,150.33333333333334
2026-06-17 09:00:00+00:00,Multan,150.625,140.58333333333334,150.33333333333334
2026-06-17 10:00:00+00:00,Multan,150.625,140.58333333333334,150.33333333333334
2026-06-17 11:00:00+00:00,Multan,150.625,140.58333333333334,150.33333333333334
2026-06-17 12:00:00+00:00,Multan,150.625,140.58333333333334,150.33333333333334
2026-06-17 13:00:00+00:00,Multan,150.625,140.58333333333334,150.33333333333334
2026-06-17 14:00:00+00:00,Multan,150.625,140.58333333333334,150.33333333333334
2026-06-17 15:00:00+00:00,Multan,150.625,140.58333333333334,150.33333333333334
2026-06-17 16:00:00+00:00,Multan,150.625,140.58333333333334,150.33333333333334
2026-06-17 17:00:00+00:00,Multan,150.625,140.58333333333334,150.33333333333334
2026-06-17 18:00:00+00:00,Multan,150.625,140.58333333333334,150.33333333333334
2026-06-17 19:00:00+00:00,Multan,150.625,140.58333333333334,150.33333333333334
2026-06-17 20:00:00+00:00,Multan,150.625,140.58333333333334,150.33333333333334
2026-06-17 21:00:00+00:00,Multan,150.625,140.58333333333334,150.33333333333334
2026-06-17 22:00:00+00:00,Multan,150.625,140.58333333333334,150.33333333333334
2026-06-17 23:00:00+00:00,Multan,150.625,140.58333333333334,150.33333333333334
2026-06-18 00:00:00+00:00,Multan,140.58333333333334,150.33333333333334,156.45833333333334
2026-06-18 01:00:00+00:00,Multan,140.58333333333334,150.33333333333334,156.45833333333334
2026-06-18 02:00:00+00:00,Multan,140.58333333333334,150.33333333333334,156.45833333333334
2026-06-18 03:00:00+00:00,Multan,140.58333333333334,150.33333333333334,156.45833333333334
2026-06-18 04:00:00+00:00,Multan,140.58333333333334,150.33333333333334,156.45833333333334
2026-06-18 05:00:00+00:00,Multan,140.58333333333334,150.33333333333334,156.45833333333334
2026-06-18 06:00:00+00:00,Multan,140.58333333333334,150.33333333333334,156.45833333333334
2026-06-18 07:00:00+00:00,Multan,140.58333333333334,150.33333333333334,156.45833333333334
2026-06-18 08:00:00+00:00,Multan,140.58333333333334,150.33333333333334,156.45833333333334
2026-06-18 09:00:00+00:00,Multan,140.58333333333334,150.33333333333334,156.45833333333334
2026-06-18 10:00:00+00:00,Multan,140.58333333333334,150.33333333333334,156.45833333333334
2026-06-18 11:00:00+00:00,Multan,140.58333333333334,150.33333333333334,156.45833333333334
2026-06-18 12:00:00+00:00,Multan,140.58333333333334,150.33333333333334,156.45833333333334
2026-06-18 13:00:00+00:00,Multan,140.58333333333334,150.33333333333334,156.45833333333334
2026-06-18 14:00:00+00:00,Multan,140.58333333333334,150.33333333333334,156.45833333333334
2026-06-18 15:00:00+00:00,Multan,140.58333333333334,150.33333333333334,156.45833333333334
2026-06-18 16:00:00+00:00,Multan,140.58333333333334,150.33333333333334,156.45833333333334
2026-06-18 17:00:00+00:00,Multan,140.58333333333334,150.33333333333334,156.45833333333334
2026-06-18 18:00:00+00:00,Multan,140.58333333333334,150.33333333333334,156.45833333333334
2026-06-18 19:00:00+00:00,Multan,140.58333333333334,150.33333333333334,156.45833333333334
2026-06-18 20:00:00+00:00,Multan,140.58333333333334,150.33333333333334,156.45833333333334
2026-06-18 21:00:00+00:00,Multan,140.58333333333334,150.33333333333334,156.45833333333334
2026-06-18 22:00:00+00:00,Multan,140.58333333333334,150.33333333333334,156.45833333333334
2026-06-18 23:00:00+00:00,Multan,140.58333333333334,150.33333333333334,156.45833333333334
2026-06-19 00:00:00+00:00,Multan,150.33333333333334,156.45833333333334,153.125
2026-06-19 01:00:00+00:00,Multan,150.33333333333334,156.45833333333334,153.125
2026-06-19 02:00:00+00:00,Multan,150.33333333333334,156.45833333333334,153.125
2026-06-19 03:00:00+00:00,Multan,150.33333333333334,156.45833333333334,153.125
2026-06-19 04:00:00+00:00,Multan,150.33333333333334,156.45833333333334,153.125
2026-06-19 05:00:00+00:00,Multan,150.33333333333334,156.45833333333334,153.125
2026-06-19 06:00:00+00:00,Multan,150.33333333333334,156.45833333333334,153.125
2026-06-19 07:00:00+00:00,Multan,150.33333333333334,156.45833333333334,153.125
2026-06-19 08:00:00+00:00,Multan,150.33333333333334,156.45833333333334,153.125
2026-06-19 09:00:00+00:00,Multan,150.33333333333334,156.45833333333334,153.125
2026-06-19 10:00:00+00:00,Multan,150.33333333333334,156.45833333333334,153.125
2026-06-19 11:00:00+00:00,Multan,150.33333333333334,156.45833333333334,153.125
2026-06-19 12:00:00+00:00,Multan,150.33333333333334,156.45833333333334,153.125
2026-06-19 13:00:00+00:00,Multan,150.33333333333334,156.45833333333334,153.125
2026-06-19 14:00:00+00:00,Multan,150.33333333333334,156.45833333333334,153.125
2026-06-19 15:00:00+00:00,Multan,150.33333333333334,156.45833333333334,153.125
2026-06-19 16:00:00+00:00,Multan,150.33333333333334,156.45833333333334,153.125
2026-06-19 17:00:00+00:00,Multan,150.33333333333334,156.45833333333334,153.125
2026-06-19 18:00:00+00:00,Multan,150.33333333333334,156.45833333333334,153.125
2026-06-19 19:00:00+00:00,Multan,150.33333333333334,156.45833333333334,153.125
2026-06-19 20:00:00+00:00,Multan,150.33333333333334,156.45833333333334,153.125
2026-06-19 21:00:00+00:00,Multan,150.33333333333334,156.45833333333334,153.125
2026-06-19 22:00:00+00:00,Multan,150.33333333333334,156.45833333333334,153.125
2026-06-19 23:00:00+00:00,Multan,150.33333333333334,156.45833333333334,153.125
2026-06-20 00:00:00+00:00,Multan,156.45833333333334,153.125,159.58333333333334
2026-06-20 01:00:00+00:00,Multan,156.45833333333334,153.125,159.58333333333334
2026-06-20 02:00:00+00:00,Multan,156.45833333333334,153.125,159.58333333333334
2026-06-20 03:00:00+00:00,Multan,156.45833333333334,153.125,159.58333333333334
2026-06-20 04:00:00+00:00,Multan,156.45833333333334,153.125,159.58333333333334
2026-06-20 05:00:00+00:00,Multan,156.45833333333334,153.125,159.58333333333334
2026-06-20 06:00:00+00:00,Multan,156.45833333333334,153.125,159.58333333333334
2026-06-20 07:00:00+00:00,Multan,156.45833333333334,153.125,159.58333333333334
2026-06-20 08:00:00+00:00,Multan,156.45833333333334,153.125,159.58333333333334
2026-06-20 09:00:00+00:00,Multan,156.45833333333334,153.125,159.58333333333334
2026-06-20 10:00:00+00:00,Multan,156.45833333333334,153.125,159.58333333333334
2026-06-20 11:00:00+00:00,Multan,156.45833333333334,153.125,159.58333333333334
2026-06-20 12:00:00+00:00,Multan,156.45833333333334,153.125,159.58333333333334
2026-06-20 13:00:00+00:00,Multan,156.45833333333334,153.125,159.58333333333334
2026-06-20 14:00:00+00:00,Multan,156.45833333333334,153.125,159.58333333333334
2026-06-20 15:00:00+00:00,Multan,156.45833333333334,153.125,159.58333333333334
2026-06-20 16:00:00+00:00,Multan,156.45833333333334,153.125,159.58333333333334
2026-06-20 17:00:00+00:00,Multan,156.45833333333334,153.125,159.58333333333334
2026-06-20 18:00:00+00:00,Multan,156.45833333333334,153.125,159.58333333333334
2026-06-20 19:00:00+00:00,Multan,156.45833333333334,153.125,159.58333333333334
2026-06-20 20:00:00+00:00,Multan,156.45833333333334,153.125,159.58333333333334
2026-06-20 21:00:00+00:00,Multan,156.45833333333334,153.125,159.58333333333334
2026-06-20 22:00:00+00:00,Multan,156.45833333333334,153.125,159.58333333333334
2026-06-20 23:00:00+00:00,Multan,156.45833333333334,153.125,159.58333333333334
2026-06-21 00:00:00+00:00,Multan,153.125,159.58333333333334,154.5
2026-06-21 01:00:00+00:00,Multan,153.125,159.58333333333334,154.5
2026-06-21 02:00:00+00:00,Multan,153.125,159.58333333333334,154.5
2026-06-21 03:00:00+00:00,Multan,153.125,159.58333333333334,154.5
2026-06-21 04:00:00+00:00,Multan,153.125,159.58333333333334,154.5
2026-06-21 05:00:00+00:00,Multan,153.125,159.58333333333334,154.5
2026-06-21 06:00:00+00:00,Multan,153.125,159.58333333333334,154.5
2026-06-21 07:00:00+00:00,Multan,153.125,159.58333333333334,154.5
2026-06-21 08:00:00+00:00,Multan,153.125,159.58333333333334,154.5
2026-06-21 09:00:00+00:00,Multan,153.125,159.58333333333334,154.5
2026-06-21 10:00:00+00:00,Multan,153.125,159.58333333333334,154.5
2026-06-21 11:00:00+00:00,Multan,153.125,159.58333333333334,154.5
2026-06-21 12:00:00+00:00,Multan,153.125,159.58333333333334,154.5
2026-06-21 13:00:00+00:00,Multan,153.125,159.58333333333334,154.5
2026-06-21 14:00:00+00:00,Multan,153.125,159.58333333333334,154.5
2026-06-21 15:00:00+00:00,Multan,153.125,159.58333333333334,154.5
2026-06-21 16:00:00+00:00,Multan,153.125,159.58333333333334,154.5
2026-06-21 17:00:00+00:00,Multan,153.125,159.58333333333334,154.5
2026-06-21 18:00:00+00:00,Multan,153.125,159.58333333333334,154.5
2026-06-21 19:00:00+00:00,Multan,153.125,159.58333333333334,154.5
2026-06-21 20:00:00+00:00,Multan,153.125,159.58333333333334,154.5
2026-06-21 21:00:00+00:00,Multan,153.125,159.58333333333334,154.5
2026-06-21 22:00:00+00:00,Multan,153.125,159.58333333333334,154.5
2026-06-21 23:00:00+00:00,Multan,153.125,159.58333333333334,154.5
2026-06-22 00:00:00+00:00,Multan,159.58333333333334,154.5,157.29166666666666
2026-06-22 01:00:00+00:00,Multan,159.58333333333334,154.5,157.29166666666666
2026-06-22 02:00:00+00:00,Multan,159.58333333333334,154.5,157.29166666666666
2026-06-22 03:00:00+00:00,Multan,159.58333333333334,154.5,157.29166666666666
2026-06-22 04:00:00+00:00,Multan,159.58333333333334,154.5,157.29166666666666
2026-06-22 05:00:00+00:00,Multan,159.58333333333334,154.5,157.29166666666666
2026-06-22 06:00:00+00:00,Multan,159.58333333333334,154.5,157.29166666666666
2026-06-22 07:00:00+00:00,Multan,159.58333333333334,154.5,157.29166666666666
2026-06-22 08:00:00+00:00,Multan,159.58333333333334,154.5,157.29166666666666
2026-06-22 09:00:00+00:00,Multan,159.58333333333334,154.5,157.29166666666666
2026-06-22 10:00:00+00:00,Multan,159.58333333333334,154.5,157.29166666666666
2026-06-22 11:00:00+00:00,Multan,159.58333333333334,154.5,157.29166666666666
2026-06-22 12:00:00+00:00,Multan,159.58333333333334,154.5,157.29166666666666
2026-06-22 13:00:00+00:00,Multan,159.58333333333334,154.5,157.29166666666666
2026-06-22 14:00:00+00:00,Multan,159.58333333333334,154.5,157.29166666666666
2026-06-22 15:00:00+00:00,Multan,159.58333333333334,154.5,157.29166666666666
2026-06-22 16:00:00+00:00,Multan,159.58333333333334,154.5,157.29166666666666
2026-06-22 17:00:00+00:00,Multan,159.58333333333334,154.5,157.29166666666666
2026-06-22 18:00:00+00:00,Multan,159.58333333333334,154.5,157.29166666666666
2026-06-22 19:00:00+00:00,Multan,159.58333333333334,154.5,157.29166666666666
2026-06-22 20:00:00+00:00,Multan,159.58333333333334,154.5,157.29166666666666
2026-06-22 21:00:00+00:00,Multan,159.58333333333334,154.5,157.29166666666666
2026-06-22 22:00:00+00:00,Multan,159.58333333333334,154.5,157.29166666666666
2026-06-22 23:00:00+00:00,Multan,159.58333333333334,154.5,157.29166666666666
2026-06-23 00:00:00+00:00,Multan,154.5,157.29166666666666,158.375
2026-06-23 01:00:00+00:00,Multan,154.5,157.29166666666666,158.375
2026-06-23 02:00:00+00:00,Multan,154.5,157.29166666666666,158.375
2026-06-23 03:00:00+00:00,Multan,154.5,157.29166666666666,158.375
2026-06-23 04:00:00+00:00,Multan,154.5,157.29166666666666,158.375
2026-06-23 05:00:00+00:00,Multan,154.5,157.29166666666666,158.375
2026-06-23 06:00:00+00:00,Multan,154.5,157.29166666666666,158.375
2026-06-23 07:00:00+00:00,Multan,154.5,157.29166666666666,158.375
2026-06-23 08:00:00+00:00,Multan,154.5,157.29166666666666,158.375
2026-06-23 09:00:00+00:00,Multan,154.5,157.29166666666666,158.375
2026-06-23 10:00:00+00:00,Multan,154.5,157.29166666666666,158.375
2026-06-23 11:00:00+00:00,Multan,154.5,157.29166666666666,158.375
2026-06-23 12:00:00+00:00,Multan,154.5,157.29166666666666,158.375
2026-06-23 13:00:00+00:00,Multan,154.5,157.29166666666666,158.375
2026-06-23 14:00:00+00:00,Multan,154.5,157.29166666666666,158.375
2026-06-23 15:00:00+00:00,Multan,154.5,157.29166666666666,158.375
2026-06-23 16:00:00+00:00,Multan,154.5,157.29166666666666,158.375
2026-06-23 17:00:00+00:00,Multan,154.5,157.29166666666666,158.375
2026-06-23 18:00:00+00:00,Multan,154.5,157.29166666666666,158.375
2026-06-23 19:00:00+00:00,Multan,154.5,157.29166666666666,158.375
2026-06-23 20:00:00+00:00,Multan,154.5,157.29166666666666,158.375
2026-06-23 21:00:00+00:00,Multan,154.5,157.29166666666666,158.375
2026-06-23 22:00:00+00:00,Multan,154.5,157.29166666666666,158.375
2026-06-23 23:00:00+00:00,Multan,154.5,157.29166666666666,158.375
2026-06-24 00:00:00+00:00,Multan,157.29166666666666,158.375,154.91666666666666
2026-06-24 01:00:00+00:00,Multan,157.29166666666666,158.375,154.91666666666666
2026-06-24 02:00:00+00:00,Multan,157.29166666666666,158.375,154.91666666666666
2026-06-24 03:00:00+00:00,Multan,157.29166666666666,158.375,154.91666666666666
2026-06-24 04:00:00+00:00,Multan,157.29166666666666,158.375,154.91666666666666
2026-06-24 05:00:00+00:00,Multan,157.29166666666666,158.375,154.91666666666666
2026-06-24 06:00:00+00:00,Multan,157.29166666666666,158.375,154.91666666666666
2026-06-24 07:00:00+00:00,Multan,157.29166666666666,158.375,154.91666666666666
2026-06-24 08:00:00+00:00,Multan,157.29166666666666,158.375,154.91666666666666
2026-06-24 09:00:00+00:00,Multan,157.29166666666666,158.375,154.91666666666666
2026-06-24 10:00:00+00:00,Multan,157.29166666666666,158.375,154.91666666666666
2026-06-24 11:00:00+00:00,Multan,157.29166666666666,158.375,154.91666666666666
2026-06-24 12:00:00+00:00,Multan,157.29166666666666,158.375,154.91666666666666
2026-06-24 13:00:00+00:00,Multan,157.29166666666666,158.375,154.91666666666666
2026-06-24 14:00:00+00:00,Multan,157.29166666666666,158.375,154.91666666666666
2026-06-24 15:00:00+00:00,Multan,157.29166666666666,158.375,154.91666666666666
2026-06-24 16:00:00+00:00,Multan,157.29166666666666,158.375,154.91666666666666
2026-06-24 17:00:00+00:00,Multan,157.29166666666666,158.375,154.91666666666666
2026-06-24 18:00:00+00:00,Multan,157.29166666666666,158.375,154.91666666666666
2026-06-24 19:00:00+00:00,Multan,157.29166666666666,158.375,154.91666666666666
2026-06-24 20:00:00+00:00,Multan,157.29166666666666,158.375,154.91666666666666
2026-06-24 21:00:00+00:00,Multan,157.29166666666666,158.375,154.91666666666666
2026-06-24 22:00:00+00:00,Multan,157.29166666666666,158.375,154.91666666666666
2026-06-24 23:00:00+00:00,Multan,157.29166666666666,158.375,154.91666666666666
2026-06-25 00:00:00+00:00,Multan,158.375,154.91666666666666,95.0
2026-06-25 01:00:00+00:00,Multan,158.375,154.91666666666666,95.0
2026-06-25 02:00:00+00:00,Multan,158.375,154.91666666666666,95.0
2026-06-25 03:00:00+00:00,Multan,158.375,154.91666666666666,95.0
2026-06-25 04:00:00+00:00,Multan,158.375,154.91666666666666,95.0
2026-06-25 05:00:00+00:00,Multan,158.375,154.91666666666666,95.0
2026-06-25 06:00:00+00:00,Multan,158.375,154.91666666666666,95.0
2026-06-25 07:00:00+00:00,Multan,158.375,154.91666666666666,95.0
2026-06-25 08:00:00+00:00,Multan,158.375,154.91666666666666,95.0
2026-06-25 09:00:00+00:00,Multan,158.375,154.91666666666666,95.0
2026-06-25 10:00:00+00:00,Multan,158.375,154.91666666666666,95.0
2026-06-25 11:00:00+00:00,Multan,158.375,154.91666666666666,95.0
2026-06-25 12:00:00+00:00,Multan,158.375,154.91666666666666,95.0
2026-06-25 13:00:00+00:00,Multan,158.375,154.91666666666666,95.0
2026-06-25 14:00:00+00:00,Multan,158.375,154.91666666666666,95.0
2026-06-25 15:00:00+00:00,Multan,158.375,154.91666666666666,95.0
2026-06-25 16:00:00+00:00,Multan,158.375,154.91666666666666,95.0
2026-06-25 17:00:00+00:00,Multan,158.375,154.91666666666666,95.0
2026-06-25 18:00:00+00:00,Multan,158.375,154.91666666666666,95.0
2026-06-25 19:00:00+00:00,Multan,158.375,154.91666666666666,95.0
2026-06-25 20:00:00+00:00,Multan,158.375,154.91666666666666,95.0
2026-06-25 21:00:00+00:00,Multan,158.375,154.91666666666666,95.0
2026-06-25 22:00:00+00:00,Multan,158.375,154.91666666666666,95.0
2026-06-25 23:00:00+00:00,Multan,158.375,154.91666666666666,95.0
2026-06-26 00:00:00+00:00,Multan,154.91666666666666,95.0,98.33333333333333
2026-06-26 01:00:00+00:00,Multan,154.91666666666666,95.0,98.33333333333333
2026-06-26 02:00:00+00:00,Multan,154.91666666666666,95.0,98.33333333333333
2026-06-26 03:00:00+00:00,Multan,154.91666666666666,95.0,98.33333333333333
2026-06-26 04:00:00+00:00,Multan,154.91666666666666,95.0,98.33333333333333
2026-06-26 05:00:00+00:00,Multan,154.91666666666666,95.0,98.33333333333333
2026-06-26 06:00:00+00:00,Multan,154.91666666666666,95.0,98.33333333333333
2026-06-26 07:00:00+00:00,Multan,154.91666666666666,95.0,98.33333333333333
2026-06-26 08:00:00+00:00,Multan,154.91666666666666,95.0,98.33333333333333
2026-06-26 09:00:00+00:00,Multan,154.91666666666666,95.0,98.33333333333333
2026-06-26 10:00:00+00:00,Multan,154.91666666666666,95.0,98.33333333333333
2026-06-26 11:00:00+00:00,Multan,154.91666666666666,95.0,98.33333333333333
2026-06-26 12:00:00+00:00,Multan,154.91666666666666,95.0,98.33333333333333
2026-06-26 13:00:00+00:00,Multan,154.91666666666666,95.0,98.33333333333333
2026-06-26 14:00:00+00:00,Multan,154.91666666666666,95.0,98.33333333333333
2026-06-26 15:00:00+00:00,Multan,154.91666666666666,95.0,98.33333333333333
2026-06-26 16:00:00+00:00,Multan,154.91666666666666,95.0,98.33333333333333
2026-06-26 17:00:00+00:00,Multan,154.91666666666666,95.0,98.33333333333333
2026-06-26 18:00:00+00:00,Multan,154.91666666666666,95.0,98.33333333333333
2026-06-26 19:00:00+00:00,Multan,154.91666666666666,95.0,98.33333333333333
2026-06-26 20:00:00+00:00,Multan,154.91666666666666,95.0,98.33333333333333
2026-06-26 21:00:00+00:00,Multan,154.91666666666666,95.0,98.33333333333333
2026-06-26 22:00:00+00:00,Multan,154.91666666666666,95.0,98.33333333333333
2026-06-26 23:00:00+00:00,Multan,154.91666666666666,95.0,98.33333333333333
2026-06-27 00:00:00+00:00,Multan,95.0,98.33333333333333,118.875
2026-06-27 01:00:00+00:00,Multan,95.0,98.33333333333333,118.875
2026-06-27 02:00:00+00:00,Multan,95.0,98.33333333333333,118.875
2026-06-27 03:00:00+00:00,Multan,95.0,98.33333333333333,118.875
2026-06-27 04:00:00+00:00,Multan,95.0,98.33333333333333,118.875
2026-06-27 05:00:00+00:00,Multan,95.0,98.33333333333333,118.875
2026-06-27 06:00:00+00:00,Multan,95.0,98.33333333333333,118.875
2026-06-27 07:00:00+00:00,Multan,95.0,98.33333333333333,118.875
2026-06-27 08:00:00+00:00,Multan,95.0,98.33333333333333,118.875
2026-06-27 09:00:00+00:00,Multan,95.0,98.33333333333333,118.875
2026-06-27 10:00:00+00:00,Multan,95.0,98.33333333333333,118.875
2026-06-27 11:00:00+00:00,Multan,95.0,98.33333333333333,118.875
2026-06-27 12:00:00+00:00,Multan,95.0,98.33333333333333,118.875
2026-06-27 13:00:00+00:00,Multan,95.0,98.33333333333333,118.875
2026-06-27 14:00:00+00:00,Multan,95.0,98.33333333333333,118.875
2026-06-27 15:00:00+00:00,Multan,95.0,98.33333333333333,118.875
2026-06-27 16:00:00+00:00,Multan,95.0,98.33333333333333,118.875
2026-06-27 17:00:00+00:00,Multan,95.0,98.33333333333333,118.875
2026-06-27 18:00:00+00:00,Multan,95.0,98.33333333333333,118.875
2026-06-27 19:00:00+00:00,Multan,95.0,98.33333333333333,118.875
2026-06-27 20:00:00+00:00,Multan,95.0,98.33333333333333,118.875
2026-06-27 21:00:00+00:00,Multan,95.0,98.33333333333333,118.875
2026-06-27 22:00:00+00:00,Multan,95.0,98.33333333333333,118.875
2026-06-27 23:00:00+00:00,Multan,95.0,98.33333333333333,118.875
2026-06-28 00:00:00+00:00,Multan,98.33333333333333,118.875,127.625
2026-06-28 01:00:00+00:00,Multan,98.33333333333333,118.875,127.625
2026-06-28 02:00:00+00:00,Multan,98.33333333333333,118.875,127.625
2026-06-28 03:00:00+00:00,Multan,98.33333333333333,118.875,127.625
2026-06-28 04:00:00+00:00,Multan,98.33333333333333,118.875,127.625
2026-06-28 05:00:00+00:00,Multan,98.33333333333333,118.875,127.625
2026-06-28 06:00:00+00:00,Multan,98.33333333333333,118.875,127.625
2026-06-28 07:00:00+00:00,Multan,98.33333333333333,118.875,127.625
2026-06-28 08:00:00+00:00,Multan,98.33333333333333,118.875,127.625
2026-06-28 09:00:00+00:00,Multan,98.33333333333333,118.875,127.625
2026-06-28 10:00:00+00:00,Multan,98.33333333333333,118.875,127.625
2026-06-28 11:00:00+00:00,Multan,98.33333333333333,118.875,127.625
2026-06-28 12:00:00+00:00,Multan,98.33333333333333,118.875,127.625
2026-06-28 13:00:00+00:00,Multan,98.33333333333333,118.875,127.625
2026-06-28 14:00:00+00:00,Multan,98.33333333333333,118.875,127.625
2026-06-28 15:00:00+00:00,Multan,98.33333333333333,118.875,127.625
2026-06-28 16:00:00+00:00,Multan,98.33333333333333,118.875,127.625
2026-06-28 17:00:00+00:00,Multan,98.33333333333333,118.875,127.625
2026-06-28 18:00:00+00:00,Multan,98.33333333333333,118.875,127.625
2026-06-28 19:00:00+00:00,Multan,98.33333333333333,118.875,127.625
2026-06-28 20:00:00+00:00,Multan,98.33333333333333,118.875,127.625
2026-06-28 21:00:00+00:00,Multan,98.33333333333333,118.875,127.625
2026-06-28 22:00:00+00:00,Multan,98.33333333333333,118.875,127.625
2026-06-28 23:00:00+00:00,Multan,98.33333333333333,118.875,127.625
2026-06-29 00:00:00+00:00,Multan,118.875,127.625,161.5
2026-06-29 01:00:00+00:00,Multan,118.875,127.625,161.5
2026-06-29 02:00:00+00:00,Multan,118.875,127.625,161.5
2026-06-29 03:00:00+00:00,Multan,118.875,127.625,161.5
2026-06-29 04:00:00+00:00,Multan,118.875,127.625,161.5
2026-06-29 05:00:00+00:00,Multan,118.875,127.625,161.5
2026-06-29 06:00:00+00:00,Multan,118.875,127.625,161.5
2026-06-29 07:00:00+00:00,Multan,118.875,127.625,161.5
2026-06-29 08:00:00+00:00,Multan,118.875,127.625,161.5
2026-06-29 09:00:00+00:00,Multan,118.875,127.625,161.5
2026-06-29 10:00:00+00:00,Multan,118.875,127.625,161.5
2026-06-29 11:00:00+00:00,Multan,118.875,127.625,161.5
2026-06-29 12:00:00+00:00,Multan,118.875,127.625,161.5
2026-06-29 13:00:00+00:00,Multan,118.875,127.625,161.5
2026-06-29 14:00:00+00:00,Multan,118.875,127.625,161.5
2026-06-29 15:00:00+00:00,Multan,118.875,127.625,161.5
2026-06-29 16:00:00+00:00,Multan,118.875,127.625,161.5
2026-06-29 17:00:00+00:00,Multan,118.875,127.625,161.5
2026-06-29 18:00:00+00:00,Multan,118.875,127.625,161.5
2026-06-29 19:00:00+00:00,Multan,118.875,127.625,161.5
2026-06-29 20:00:00+00:00,Multan,118.875,127.625,161.5
2026-06-29 21:00:00+00:00,Multan,118.875,127.625,161.5
2026-06-29 22:00:00+00:00,Multan,118.875,127.625,161.5
2026-06-29 23:00:00+00:00,Multan,118.875,127.625,161.5
2026-06-30 00:00:00+00:00,Multan,127.625,161.5,167.20833333333334
2026-06-30 01:00:00+00:00,Multan,127.625,161.5,167.20833333333334
2026-06-30 02:00:00+00:00,Multan,127.625,161.5,167.20833333333334
2026-06-30 03:00:00+00:00,Multan,127.625,161.5,167.20833333333334
2026-06-30 04:00:00+00:00,Multan,127.625,161.5,167.20833333333334
2026-06-30 05:00:00+00:00,Multan,127.625,161.5,167.20833333333334
2026-06-30 06:00:00+00:00,Multan,127.625,161.5,167.20833333333334
2026-06-30 07:00:00+00:00,Multan,127.625,161.5,167.20833333333334
2026-06-30 08:00:00+00:00,Multan,127.625,161.5,167.20833333333334
2026-06-30 09:00:00+00:00,Multan,127.625,161.5,167.20833333333334
2026-06-30 10:00:00+00:00,Multan,127.625,161.5,167.20833333333334
2026-06-30 11:00:00+00:00,Multan,127.625,161.5,167.20833333333334
2026-06-30 12:00:00+00:00,Multan,127.625,161.5,167.20833333333334
2026-06-30 13:00:00+00:00,Multan,127.625,161.5,167.20833333333334
2026-06-30 14:00:00+00:00,Multan,127.625,161.5,167.20833333333334
2026-06-30 15:00:00+00:00,Multan,127.625,161.5,167.20833333333334
2026-06-30 16:00:00+00:00,Multan,127.625,161.5,167.20833333333334
2026-06-30 17:00:00+00:00,Multan,127.625,161.5,167.20833333333334
2026-06-30 18:00:00+00:00,Multan,127.625,161.5,167.20833333333334
2026-06-30 19:00:00+00:00,Multan,127.625,161.5,167.20833333333334
2026-06-30 20:00:00+00:00,Multan,127.625,161.5,167.20833333333334
2026-06-30 21:00:00+00:00,Multan,127.625,161.5,167.20833333333334
2026-06-30 22:00:00+00:00,Multan,127.625,161.5,167.20833333333334
2026-06-30 23:00:00+00:00,Multan,127.625,161.5,167.20833333333334
2026-07-01 00:00:00+00:00,Multan,161.5,167.20833333333334,162.29166666666666
2026-07-01 01:00:00+00:00,Multan,161.5,167.20833333333334,162.29166666666666
2026-07-01 02:00:00+00:00,Multan,161.5,167.20833333333334,162.29166666666666
2026-07-01 03:00:00+00:00,Multan,161.5,167.20833333333334,162.29166666666666
2026-07-01 04:00:00+00:00,Multan,161.5,167.20833333333334,162.29166666666666
2026-07-01 05:00:00+00:00,Multan,161.5,167.20833333333334,162.29166666666666
2026-07-01 06:00:00+00:00,Multan,161.5,167.20833333333334,162.29166666666666
2026-07-01 07:00:00+00:00,Multan,161.5,167.20833333333334,162.29166666666666
2026-07-01 08:00:00+00:00,Multan,161.5,167.20833333333334,162.29166666666666
2026-07-01 09:00:00+00:00,Multan,161.5,167.20833333333334,162.29166666666666
2026-07-01 10:00:00+00:00,Multan,161.5,167.20833333333334,162.29166666666666
2026-07-01 11:00:00+00:00,Multan,161.5,167.20833333333334,162.29166666666666
2026-07-01 12:00:00+00:00,Multan,161.5,167.20833333333334,162.29166666666666
2026-07-01 13:00:00+00:00,Multan,161.5,167.20833333333334,162.29166666666666
2026-07-01 14:00:00+00:00,Multan,161.5,167.20833333333334,162.29166666666666
2026-07-01 15:00:00+00:00,Multan,161.5,167.20833333333334,162.29166666666666
2026-07-01 16:00:00+00:00,Multan,161.5,167.20833333333334,162.29166666666666
2026-07-01 17:00:00+00:00,Multan,161.5,167.20833333333334,162.29166666666666
2026-07-01 18:00:00+00:00,Multan,161.5,167.20833333333334,162.29166666666666
2026-07-01 19:00:00+00:00,Multan,161.5,167.20833333333334,162.29166666666666
2026-07-01 20:00:00+00:00,Multan,161.5,167.20833333333334,162.29166666666666
2026-07-01 21:00:00+00:00,Multan,161.5,167.20833333333334,162.29166666666666
2026-07-01 22:00:00+00:00,Multan,161.5,167.20833333333334,162.29166666666666
2026-07-01 23:00:00+00:00,Multan,161.5,167.20833333333334,162.29166666666666
2026-07-02 00:00:00+00:00,Multan,167.20833333333334,162.29166666666666,159.70833333333334
2026-07-02 01:00:00+00:00,Multan,167.20833333333334,162.29166666666666,159.70833333333334
2026-07-02 02:00:00+00:00,Multan,167.20833333333334,162.29166666666666,159.70833333333334
2026-07-02 03:00:00+00:00,Multan,167.20833333333334,162.29166666666666,159.70833333333334
2026-07-02 04:00:00+00:00,Multan,167.20833333333334,162.29166666666666,159.70833333333334
2026-07-02 05:00:00+00:00,Multan,167.20833333333334,162.29166666666666,159.70833333333334
2026-07-02 06:00:00+00:00,Multan,167.20833333333334,162.29166666666666,159.70833333333334
2026-07-02 07:00:00+00:00,Multan,167.20833333333334,162.29166666666666,159.70833333333334
2026-07-02 08:00:00+00:00,Multan,167.20833333333334,162.29166666666666,159.70833333333334
2026-07-02 09:00:00+00:00,Multan,167.20833333333334,162.29166666666666,159.70833333333334
2026-07-02 10:00:00+00:00,Multan,167.20833333333334,162.29166666666666,159.70833333333334
2026-07-02 11:00:00+00:00,Multan,167.20833333333334,162.29166666666666,159.70833333333334
2026-07-02 12:00:00+00:00,Multan,167.20833333333334,162.29166666666666,159.70833333333334
2026-07-02 13:00:00+00:00,Multan,167.20833333333334,162.29166666666666,159.70833333333334
2026-07-02 14:00:00+00:00,Multan,167.20833333333334,162.29166666666666,159.70833333333334
2026-07-02 15:00:00+00:00,Multan,167.20833333333334,162.29166666666666,159.70833333333334
2026-07-02 16:00:00+00:00,Multan,167.20833333333334,162.29166666666666,159.70833333333334
2026-07-02 17:00:00+00:00,Multan,167.20833333333334,162.29166666666666,159.70833333333334
2026-07-02 18:00:00+00:00,Multan,167.20833333333334,162.29166666666666,159.70833333333334
2026-07-02 19:00:00+00:00,Multan,167.20833333333334,162.29166666666666,159.70833333333334
2026-07-02 20:00:00+00:00,Multan,167.20833333333334,162.29166666666666,159.70833333333334
2026-07-02 21:00:00+00:00,Multan,167.20833333333334,162.29166666666666,159.70833333333334
2026-07-02 22:00:00+00:00,Multan,167.20833333333334,162.29166666666666,159.70833333333334
2026-07-02 23:00:00+00:00,Multan,167.20833333333334,162.29166666666666,159.70833333333334
2026-07-03 00:00:00+00:00,Multan,162.29166666666666,159.70833333333334,148.91666666666666
2026-07-03 01:00:00+00:00,Multan,162.29166666666666,159.70833333333334,148.91666666666666
2026-07-03 02:00:00+00:00,Multan,162.29166666666666,159.70833333333334,148.91666666666666
2026-07-03 03:00:00+00:00,Multan,162.29166666666666,159.70833333333334,148.91666666666666
2026-07-03 04:00:00+00:00,Multan,162.29166666666666,159.70833333333334,148.91666666666666
2026-07-03 05:00:00+00:00,Multan,162.29166666666666,159.70833333333334,148.91666666666666
2026-07-03 06:00:00+00:00,Multan,162.29166666666666,159.70833333333334,148.91666666666666
2026-07-03 07:00:00+00:00,Multan,162.29166666666666,159.70833333333334,148.91666666666666
2026-07-03 08:00:00+00:00,Multan,162.29166666666666,159.70833333333334,148.91666666666666
2026-07-03 09:00:00+00:00,Multan,162.29166666666666,159.70833333333334,148.91666666666666
2026-07-03 10:00:00+00:00,Multan,162.29166666666666,159.70833333333334,148.91666666666666
2026-07-03 11:00:00+00:00,Multan,162.29166666666666,159.70833333333334,148.91666666666666
2026-07-03 12:00:00+00:00,Multan,162.29166666666666,159.70833333333334,148.91666666666666
2026-07-03 13:00:00+00:00,Multan,162.29166666666666,159.70833333333334,148.91666666666666
2026-07-03 14:00:00+00:00,Multan,162.29166666666666,159.70833333333334,148.91666666666666
2026-07-03 15:00:00+00:00,Multan,162.29166666666666,159.70833333333334,148.91666666666666
2026-07-03 16:00:00+00:00,Multan,162.29166666666666,159.70833333333334,148.91666666666666
2026-07-03 17:00:00+00:00,Multan,162.29166666666666,159.70833333333334,148.91666666666666
2026-07-03 18:00:00+00:00,Multan,162.29166666666666,159.70833333333334,148.91666666666666
2026-07-03 19:00:00+00:00,Multan,162.29166666666666,159.70833333333334,148.91666666666666
2026-07-03 20:00:00+00:00,Multan,162.29166666666666,159.70833333333334,148.91666666666666
2026-07-03 21:00:00+00:00,Multan,162.29166666666666,159.70833333333334,148.91666666666666
2026-07-03 22:00:00+00:00,Multan,162.29166666666666,159.70833333333334,148.91666666666666
2026-07-03 23:00:00+00:00,Multan,162.29166666666666,159.70833333333334,148.91666666666666
2026-07-04 00:00:00+00:00,Multan,159.70833333333334,148.91666666666666,150.66666666666666
2026-07-04 01:00:00+00:00,Multan,159.70833333333334,148.91666666666666,150.66666666666666
2026-07-04 02:00:00+00:00,Multan,159.70833333333334,148.91666666666666,150.66666666666666
2026-07-04 03:00:00+00:00,Multan,159.70833333333334,148.91666666666666,150.66666666666666
2026-07-04 04:00:00+00:00,Multan,159.70833333333334,148.91666666666666,150.66666666666666
2026-07-04 05:00:00+00:00,Multan,159.70833333333334,148.91666666666666,150.66666666666666
2026-07-04 06:00:00+00:00,Multan,159.70833333333334,148.91666666666666,150.66666666666666
2026-07-04 07:00:00+00:00,Multan,159.70833333333334,148.91666666666666,150.66666666666666
2026-07-04 08:00:00+00:00,Multan,159.70833333333334,148.91666666666666,150.66666666666666
2026-07-04 09:00:00+00:00,Multan,159.70833333333334,148.91666666666666,150.66666666666666
2026-07-04 10:00:00+00:00,Multan,159.70833333333334,148.91666666666666,150.66666666666666
2026-07-04 11:00:00+00:00,Multan,159.70833333333334,148.91666666666666,150.66666666666666
2026-07-04 12:00:00+00:00,Multan,159.70833333333334,148.91666666666666,150.66666666666666
2026-07-04 13:00:00+00:00,Multan,159.70833333333334,148.91666666666666,150.66666666666666
2026-07-04 14:00:00+00:00,Multan,159.70833333333334,148.91666666666666,150.66666666666666
2026-07-04 15:00:00+00:00,Multan,159.70833333333334,148.91666666666666,150.66666666666666
2026-07-04 16:00:00+00:00,Multan,159.70833333333334,148.91666666666666,150.66666666666666
2026-07-04 17:00:00+00:00,Multan,159.70833333333334,148.91666666666666,150.66666666666666
2026-07-04 18:00:00+00:00,Multan,159.70833333333334,148.91666666666666,150.66666666666666
2026-07-04 19:00:00+00:00,Multan,159.70833333333334,148.91666666666666,150.66666666666666
2026-07-04 20:00:00+00:00,Multan,159.70833333333334,148.91666666666666,150.66666666666666
2026-07-04 21:00:00+00:00,Multan,159.70833333333334,148.91666666666666,150.66666666666666
2026-07-04 22:00:00+00:00,Multan,159.70833333333334,148.91666666666666,150.66666666666666
2026-07-04 23:00:00+00:00,Multan,159.70833333333334,148.91666666666666,150.66666666666666
2026-07-05 00:00:00+00:00,Multan,148.91666666666666,150.66666666666666,154.91666666666666
2026-07-05 01:00:00+00:00,Multan,148.91666666666666,150.66666666666666,154.91666666666666
2026-07-05 02:00:00+00:00,Multan,148.91666666666666,150.66666666666666,154.91666666666666
2026-07-05 03:00:00+00:00,Multan,148.91666666666666,150.66666666666666,154.91666666666666
2026-07-05 04:00:00+00:00,Multan,148.91666666666666,150.66666666666666,154.91666666666666
2026-07-05 05:00:00+00:00,Multan,148.91666666666666,150.66666666666666,154.91666666666666
2026-07-05 06:00:00+00:00,Multan,148.91666666666666,150.66666666666666,154.91666666666666
2026-07-05 07:00:00+00:00,Multan,148.91666666666666,150.66666666666666,154.91666666666666
2026-07-05 08:00:00+00:00,Multan,148.91666666666666,150.66666666666666,154.91666666666666
2026-07-05 09:00:00+00:00,Multan,148.91666666666666,150.66666666666666,154.91666666666666
2026-07-05 10:00:00+00:00,Multan,148.91666666666666,150.66666666666666,154.91666666666666
2026-07-05 11:00:00+00:00,Multan,148.91666666666666,150.66666666666666,154.91666666666666
2026-07-05 12:00:00+00:00,Multan,148.91666666666666,150.66666666666666,154.91666666666666
2026-07-05 13:00:00+00:00,Multan,148.91666666666666,150.66666666666666,154.91666666666666
2026-07-05 14:00:00+00:00,Multan,148.91666666666666,150.66666666666666,154.91666666666666
2026-07-05 15:00:00+00:00,Multan,148.91666666666666,150.66666666666666,154.91666666666666
2026-07-05 16:00:00+00:00,Multan,148.91666666666666,150.66666666666666,154.91666666666666
2026-07-05 17:00:00+00:00,Multan,148.91666666666666,150.66666666666666,154.91666666666666
2026-07-05 18:00:00+00:00,Multan,148.91666666666666,150.66666666666666,154.91666666666666
2026-07-05 19:00:00+00:00,Multan,148.91666666666666,150.66666666666666,154.91666666666666
2026-07-05 20:00:00+00:00,Multan,148.91666666666666,150.66666666666666,154.91666666666666
2026-07-05 21:00:00+00:00,Multan,148.91666666666666,150.66666666666666,154.91666666666666
2026-07-05 22:00:00+00:00,Multan,148.91666666666666,150.66666666666666,154.91666666666666
2026-07-05 23:00:00+00:00,Multan,148.91666666666666,150.66666666666666,154.91666666666666
2026-07-06 00:00:00+00:00,Multan,150.66666666666666,154.91666666666666,156.04166666666666
2026-07-06 01:00:00+00:00,Multan,150.66666666666666,154.91666666666666,156.04166666666666
2026-07-06 02:00:00+00:00,Multan,150.66666666666666,154.91666666666666,156.04166666666666
2026-07-06 03:00:00+00:00,Multan,150.66666666666666,154.91666666666666,156.04166666666666
2026-07-06 04:00:00+00:00,Multan,150.66666666666666,154.91666666666666,156.04166666666666
2026-07-06 05:00:00+00:00,Multan,150.66666666666666,154.91666666666666,156.04166666666666
2026-07-06 06:00:00+00:00,Multan,150.66666666666666,154.91666666666666,156.04166666666666
2026-07-06 07:00:00+00:00,Multan,150.66666666666666,154.91666666666666,156.04166666666666
2026-07-06 08:00:00+00:00,Multan,150.66666666666666,154.91666666666666,156.04166666666666
2026-07-06 09:00:00+00:00,Multan,150.66666666666666,154.91666666666666,156.04166666666666
2026-07-06 10:00:00+00:00,Multan,150.66666666666666,154.91666666666666,156.04166666666666
2026-07-06 11:00:00+00:00,Multan,150.66666666666666,154.91666666666666,156.04166666666666
2026-07-06 12:00:00+00:00,Multan,150.66666666666666,154.91666666666666,156.04166666666666
2026-07-06 13:00:00+00:00,Multan,150.66666666666666,154.91666666666666,156.04166666666666
2026-07-06 14:00:00+00:00,Multan,150.66666666666666,154.91666666666666,156.04166666666666
2026-07-06 15:00:00+00:00,Multan,150.66666666666666,154.91666666666666,156.04166666666666
2026-07-06 16:00:00+00:00,Multan,150.66666666666666,154.91666666666666,156.04166666666666
2026-07-06 17:00:00+00:00,Multan,150.66666666666666,154.91666666666666,156.04166666666666
2026-07-06 18:00:00+00:00,Multan,150.66666666666666,154.91666666666666,156.04166666666666
2026-07-06 19:00:00+00:00,Multan,150.66666666666666,154.91666666666666,156.04166666666666
2026-07-06 20:00:00+00:00,Multan,150.66666666666666,154.91666666666666,156.04166666666666
2026-07-06 21:00:00+00:00,Multan,150.66666666666666,154.91666666666666,156.04166666666666
2026-07-06 22:00:00+00:00,Multan,150.66666666666666,154.91666666666666,156.04166666666666
2026-07-06 23:00:00+00:00,Multan,150.66666666666666,154.91666666666666,156.04166666666666
2026-07-07 00:00:00+00:00,Multan,154.91666666666666,156.04166666666666,148.91666666666666
2026-07-07 01:00:00+00:00,Multan,154.91666666666666,156.04166666666666,148.91666666666666
2026-07-07 02:00:00+00:00,Multan,154.91666666666666,156.04166666666666,148.91666666666666
2026-07-07 03:00:00+00:00,Multan,154.91666666666666,156.04166666666666,148.91666666666666
2026-07-07 04:00:00+00:00,Multan,154.91666666666666,156.04166666666666,148.91666666666666
2026-07-07 05:00:00+00:00,Multan,154.91666666666666,156.04166666666666,148.91666666666666
2026-07-07 06:00:00+00:00,Multan,154.91666666666666,156.04166666666666,148.91666666666666
2026-07-07 07:00:00+00:00,Multan,154.91666666666666,156.04166666666666,148.91666666666666
2026-07-07 08:00:00+00:00,Multan,154.91666666666666,156.04166666666666,148.91666666666666
2026-07-07 09:00:00+00:00,Multan,154.91666666666666,156.04166666666666,148.91666666666666
2026-07-07 10:00:00+00:00,Multan,154.91666666666666,156.04166666666666,148.91666666666666
2026-07-07 11:00:00+00:00,Multan,154.91666666666666,156.04166666666666,148.91666666666666
2026-07-07 12:00:00+00:00,Multan,154.91666666666666,156.04166666666666,148.91666666666666
2026-07-07 13:00:00+00:00,Multan,154.91666666666666,156.04166666666666,148.91666666666666
2026-07-07 14:00:00+00:00,Multan,154.91666666666666,156.04166666666666,148.91666666666666
2026-07-07 15:00:00+00:00,Multan,154.91666666666666,156.04166666666666,148.91666666666666
2026-07-07 16:00:00+00:00,Multan,154.91666666666666,156.04166666666666,148.91666666666666
2026-07-07 17:00:00+00:00,Multan,154.91666666666666,156.04166666666666,148.91666666666666
2026-07-07 18:00:00+00:00,Multan,154.91666666666666,156.04166666666666,148.91666666666666
2026-07-07 19:00:00+00:00,Multan,154.91666666666666,156.04166666666666,148.91666666666666
2026-07-07 20:00:00+00:00,Multan,154.91666666666666,156.04166666666666,148.91666666666666
2026-07-07 21:00:00+00:00,Multan,154.91666666666666,156.04166666666666,148.91666666666666
2026-07-07 22:00:00+00:00,Multan,154.91666666666666,156.04166666666666,148.91666666666666
2026-07-07 23:00:00+00:00,Multan,154.91666666666666,156.04166666666666,148.91666666666666
2026-07-08 00:00:00+00:00,Multan,156.04166666666666,148.91666666666666,156.33333333333334
2026-07-08 01:00:00+00:00,Multan,156.04166666666666,148.91666666666666,156.33333333333334
2026-07-08 02:00:00+00:00,Multan,156.04166666666666,148.91666666666666,156.33333333333334
2026-07-08 03:00:00+00:00,Multan,156.04166666666666,148.91666666666666,156.33333333333334
2026-07-08 04:00:00+00:00,Multan,156.04166666666666,148.91666666666666,156.33333333333334
2026-07-08 05:00:00+00:00,Multan,156.04166666666666,148.91666666666666,156.33333333333334
2026-07-08 06:00:00+00:00,Multan,156.04166666666666,148.91666666666666,156.33333333333334
2026-07-08 07:00:00+00:00,Multan,156.04166666666666,148.91666666666666,156.33333333333334
2026-07-08 08:00:00+00:00,Multan,156.04166666666666,148.91666666666666,156.33333333333334
2026-07-08 09:00:00+00:00,Multan,156.04166666666666,148.91666666666666,156.33333333333334
2026-07-08 10:00:00+00:00,Multan,156.04166666666666,148.91666666666666,156.33333333333334
2026-07-08 11:00:00+00:00,Multan,156.04166666666666,148.91666666666666,156.33333333333334
2026-07-08 12:00:00+00:00,Multan,156.04166666666666,148.91666666666666,156.33333333333334
2026-07-08 13:00:00+00:00,Multan,156.04166666666666,148.91666666666666,156.33333333333334
2026-07-08 14:00:00+00:00,Multan,156.04166666666666,148.91666666666666,156.33333333333334
2026-07-08 15:00:00+00:00,Multan,156.04166666666666,148.91666666666666,156.33333333333334
2026-07-08 16:00:00+00:00,Multan,156.04166666666666,148.91666666666666,156.33333333333334
2026-07-08 17:00:00+00:00,Multan,156.04166666666666,148.91666666666666,156.33333333333334
2026-07-08 18:00:00+00:00,Multan,156.04166666666666,148.91666666666666,156.33333333333334
2026-07-08 19:00:00+00:00,Multan,156.04166666666666,148.91666666666666,156.33333333333334
2026-07-08 20:00:00+00:00,Multan,156.04166666666666,148.91666666666666,156.33333333333334
2026-07-08 21:00:00+00:00,Multan,156.04166666666666,148.91666666666666,156.33333333333334
2026-07-08 22:00:00+00:00,Multan,156.04166666666666,148.91666666666666,156.33333333333334
2026-07-08 23:00:00+00:00,Multan,156.04166666666666,148.91666666666666,156.33333333333334
2026-07-09 00:00:00+00:00,Multan,148.91666666666666,156.33333333333334,170.08333333333334
2026-07-09 01:00:00+00:00,Multan,148.91666666666666,156.33333333333334,170.08333333333334
2026-07-09 02:00:00+00:00,Multan,148.91666666666666,156.33333333333334,170.08333333333334
2026-07-09 03:00:00+00:00,Multan,148.91666666666666,156.33333333333334,170.08333333333334
2026-07-09 04:00:00+00:00,Multan,148.91666666666666,156.33333333333334,170.08333333333334
2026-07-09 05:00:00+00:00,Multan,148.91666666666666,156.33333333333334,170.08333333333334
2026-07-09 06:00:00+00:00,Multan,148.91666666666666,156.33333333333334,170.08333333333334
2026-07-09 07:00:00+00:00,Multan,148.91666666666666,156.33333333333334,170.08333333333334
2026-07-09 08:00:00+00:00,Multan,148.91666666666666,156.33333333333334,170.08333333333334
2026-07-09 09:00:00+00:00,Multan,148.91666666666666,156.33333333333334,170.08333333333334
2026-07-09 10:00:00+00:00,Multan,148.91666666666666,156.33333333333334,170.08333333333334
2026-07-09 11:00:00+00:00,Multan,148.91666666666666,156.33333333333334,170.08333333333334
2026-07-09 12:00:00+00:00,Multan,148.91666666666666,156.33333333333334,170.08333333333334
2026-07-09 13:00:00+00:00,Multan,148.91666666666666,156.33333333333334,170.08333333333334
2026-07-09 14:00:00+00:00,Multan,148.91666666666666,156.33333333333334,170.08333333333334
2026-07-09 15:00:00+00:00,Multan,148.91666666666666,156.33333333333334,170.08333333333334
2026-07-09 16:00:00+00:00,Multan,148.91666666666666,156.33333333333334,170.08333333333334
2026-07-09 17:00:00+00:00,Multan,148.91666666666666,156.33333333333334,170.08333333333334
2026-07-09 18:00:00+00:00,Multan,148.91666666666666,156.33333333333334,170.08333333333334
2026-07-09 19:00:00+00:00,Multan,148.91666666666666,156.33333333333334,170.08333333333334
2026-07-09 20:00:00+00:00,Multan,148.91666666666666,156.33333333333334,170.08333333333334
2026-07-09 21:00:00+00:00,Multan,148.91666666666666,156.33333333333334,170.08333333333334
2026-07-09 22:00:00+00:00,Multan,148.91666666666666,156.33333333333334,170.08333333333334
2026-07-09 23:00:00+00:00,Multan,148.91666666666666,156.33333333333334,170.08333333333334
2026-07-10 00:00:00+00:00,Multan,156.33333333333334,170.08333333333334,167.66666666666666
2026-07-10 01:00:00+00:00,Multan,156.33333333333334,170.08333333333334,167.66666666666666
2026-07-10 02:00:00+00:00,Multan,156.33333333333334,170.08333333333334,167.66666666666666
2026-07-10 03:00:00+00:00,Multan,156.33333333333334,170.08333333333334,167.66666666666666
2026-07-10 04:00:00+00:00,Multan,156.33333333333334,170.08333333333334,167.66666666666666
2026-07-10 05:00:00+00:00,Multan,156.33333333333334,170.08333333333334,167.66666666666666
2026-07-10 06:00:00+00:00,Multan,156.33333333333334,170.08333333333334,167.66666666666666
2026-07-10 07:00:00+00:00,Multan,156.33333333333334,170.08333333333334,167.66666666666666
2026-07-10 08:00:00+00:00,Multan,156.33333333333334,170.08333333333334,167.66666666666666
2026-07-10 09:00:00+00:00,Multan,156.33333333333334,170.08333333333334,167.66666666666666
2026-07-10 10:00:00+00:00,Multan,156.33333333333334,170.08333333333334,167.66666666666666
2026-07-10 11:00:00+00:00,Multan,156.33333333333334,170.08333333333334,167.66666666666666
2026-07-10 12:00:00+00:00,Multan,156.33333333333334,170.08333333333334,167.66666666666666
2026-07-10 13:00:00+00:00,Multan,156.33333333333334,170.08333333333334,167.66666666666666
2026-07-10 14:00:00+00:00,Multan,156.33333333333334,170.08333333333334,167.66666666666666
2026-07-10 15:00:00+00:00,Multan,156.33333333333334,170.08333333333334,167.66666666666666
2026-07-10 16:00:00+00:00,Multan,156.33333333333334,170.08333333333334,167.66666666666666
2026-07-10 17:00:00+00:00,Multan,156.33333333333334,170.08333333333334,167.66666666666666
2026-07-10 18:00:00+00:00,Multan,156.33333333333334,170.08333333333334,167.66666666666666
2026-07-10 19:00:00+00:00,Multan,156.33333333333334,170.08333333333334,167.66666666666666
2026-07-10 20:00:00+00:00,Multan,156.33333333333334,170.08333333333334,167.66666666666666
2026-07-10 21:00:00+00:00,Multan,156.33333333333334,170.08333333333334,167.66666666666666
2026-07-10 22:00:00+00:00,Multan,156.33333333333334,170.08333333333334,167.66666666666666
2026-07-10 23:00:00+00:00,Multan,156.33333333333334,170.08333333333334,167.66666666666666
2026-07-11 00:00:00+00:00,Multan,170.08333333333334,167.66666666666666,173.5
2026-07-11 01:00:00+00:00,Multan,170.08333333333334,167.66666666666666,173.5
2026-07-11 02:00:00+00:00,Multan,170.08333333333334,167.66666666666666,173.5
2026-07-11 03:00:00+00:00,Multan,170.08333333333334,167.66666666666666,173.5
2026-07-11 04:00:00+00:00,Multan,170.08333333333334,167.66666666666666,173.5
2026-07-11 05:00:00+00:00,Multan,170.08333333333334,167.66666666666666,173.5
2026-07-11 06:00:00+00:00,Multan,170.08333333333334,167.66666666666666,173.5
2026-07-11 07:00:00+00:00,Multan,170.08333333333334,167.66666666666666,173.5
2026-07-11 08:00:00+00:00,Multan,170.08333333333334,167.66666666666666,173.5
2026-07-11 09:00:00+00:00,Multan,170.08333333333334,167.66666666666666,173.5
2026-07-11 10:00:00+00:00,Multan,170.08333333333334,167.66666666666666,173.5
2026-07-11 11:00:00+00:00,Multan,170.08333333333334,167.66666666666666,173.5
2026-07-11 12:00:00+00:00,Multan,170.08333333333334,167.66666666666666,173.5
2026-07-11 13:00:00+00:00,Multan,170.08333333333334,167.66666666666666,173.5
2026-07-11 14:00:00+00:00,Multan,170.08333333333334,167.66666666666666,173.5
2026-07-11 15:00:00+00:00,Multan,170.08333333333334,167.66666666666666,173.5
2026-07-11 16:00:00+00:00,Multan,170.08333333333334,167.66666666666666,173.5
2026-07-11 17:00:00+00:00,Multan,170.08333333333334,167.66666666666666,173.5
2026-07-11 18:00:00+00:00,Multan,170.08333333333334,167.66666666666666,173.5
2026-07-11 19:00:00+00:00,Multan,170.08333333333334,167.66666666666666,173.5
2026-07-11 20:00:00+00:00,Multan,170.08333333333334,167.66666666666666,173.5
2026-07-11 21:00:00+00:00,Multan,170.08333333333334,167.66666666666666,173.5
2026-07-11 22:00:00+00:00,Multan,170.08333333333334,167.66666666666666,173.5
2026-07-11 23:00:00+00:00,Multan,170.08333333333334,167.66666666666666,173.5
2026-07-12 00:00:00+00:00,Multan,167.66666666666666,173.5,162.875
2026-07-12 01:00:00+00:00,Multan,167.66666666666666,173.5,162.875
2026-07-12 02:00:00+00:00,Multan,167.66666666666666,173.5,162.875
2026-07-12 03:00:00+00:00,Multan,167.66666666666666,173.5,162.875
2026-07-12 04:00:00+00:00,Multan,167.66666666666666,173.5,162.875
2026-07-12 05:00:00+00:00,Multan,167.66666666666666,173.5,162.875
2026-07-12 06:00:00+00:00,Multan,167.66666666666666,173.5,162.875
2026-07-12 07:00:00+00:00,Multan,167.66666666666666,173.5,162.875
2026-07-12 08:00:00+00:00,Multan,167.66666666666666,173.5,162.875
2026-07-12 09:00:00+00:00,Multan,167.66666666666666,173.5,162.875
2026-07-12 10:00:00+00:00,Multan,167.66666666666666,173.5,162.875
2026-07-12 11:00:00+00:00,Multan,167.66666666666666,173.5,162.875
2026-07-12 12:00:00+00:00,Multan,167.66666666666666,173.5,162.875
2026-07-12 13:00:00+00:00,Multan,167.66666666666666,173.5,162.875
2026-07-12 14:00:00+00:00,Multan,167.66666666666666,173.5,162.875
2026-07-12 15:00:00+00:00,Multan,167.66666666666666,173.5,162.875
2026-07-12 16:00:00+00:00,Multan,167.66666666666666,173.5,162.875
2026-07-12 17:00:00+00:00,Multan,167.66666666666666,173.5,162.875
2026-07-12 18:00:00+00:00,Multan,167.66666666666666,173.5,162.875
2026-07-12 19:00:00+00:00,Multan,167.66666666666666,173.5,162.875
2026-07-12 20:00:00+00:00,Multan,167.66666666666666,173.5,162.875
2026-07-12 21:00:00+00:00,Multan,167.66666666666666,173.5,162.875
2026-07-12 22:00:00+00:00,Multan,167.66666666666666,173.5,162.875
2026-07-12 23:00:00+00:00,Multan,167.66666666666666,173.5,162.875
2026-07-13 00:00:00+00:00,Multan,173.5,162.875,163.75
2026-07-13 01:00:00+00:00,Multan,173.5,162.875,163.75
2026-07-13 02:00:00+00:00,Multan,173.5,162.875,163.75
2026-07-13 03:00:00+00:00,Multan,173.5,162.875,163.75
2026-07-13 04:00:00+00:00,Multan,173.5,162.875,163.75
2026-07-13 05:00:00+00:00,Multan,173.5,162.875,163.75
2026-07-13 06:00:00+00:00,Multan,173.5,162.875,163.75
2026-07-13 07:00:00+00:00,Multan,173.5,162.875,163.75
2026-07-13 08:00:00+00:00,Multan,173.5,162.875,163.75
2026-07-13 09:00:00+00:00,Multan,173.5,162.875,163.75
2026-07-13 10:00:00+00:00,Multan,173.5,162.875,163.75
2026-07-13 11:00:00+00:00,Multan,173.5,162.875,163.75
2026-07-13 12:00:00+00:00,Multan,173.5,162.875,163.75
2026-07-13 13:00:00+00:00,Multan,173.5,162.875,163.75
2026-07-13 14:00:00+00:00,Multan,173.5,162.875,163.75
2026-07-13 15:00:00+00:00,Multan,173.5,162.875,163.75
2026-07-13 16:00:00+00:00,Multan,173.5,162.875,163.75
2026-07-13 17:00:00+00:00,Multan,173.5,162.875,163.75
2026-07-13 18:00:00+00:00,Multan,173.5,162.875,163.75
2026-07-13 19:00:00+00:00,Multan,173.5,162.875,163.75
2026-07-13 20:00:00+00:00,Multan,173.5,162.875,163.75
2026-07-13 21:00:00+00:00,Multan,173.5,162.875,163.75
2026-07-13 22:00:00+00:00,Multan,173.5,162.875,163.75
2026-07-13 23:00:00+00:00,Multan,173.5,162.875,163.75
2026-07-14 00:00:00+00:00,Multan,162.875,163.75,124.66666666666667
2026-07-14 01:00:00+00:00,Multan,162.875,163.75,124.66666666666667
2026-07-14 02:00:00+00:00,Multan,162.875,163.75,124.66666666666667
2026-07-14 03:00:00+00:00,Multan,162.875,163.75,124.66666666666667
2026-07-14 04:00:00+00:00,Multan,162.875,163.75,124.66666666666667
2026-07-14 05:00:00+00:00,Multan,162.875,163.75,124.66666666666667
2026-07-14 06:00:00+00:00,Multan,162.875,163.75,124.66666666666667
2026-07-14 07:00:00+00:00,Multan,162.875,163.75,124.66666666666667
2026-07-14 08:00:00+00:00,Multan,162.875,163.75,124.66666666666667
2026-07-14 09:00:00+00:00,Multan,162.875,163.75,124.66666666666667
2026-07-14 10:00:00+00:00,Multan,162.875,163.75,124.66666666666667
2026-07-14 11:00:00+00:00,Multan,162.875,163.75,124.66666666666667
2026-07-14 12:00:00+00:00,Multan,162.875,163.75,124.66666666666667
2026-07-14 13:00:00+00:00,Multan,162.875,163.75,124.66666666666667
2026-07-14 14:00:00+00:00,Multan,162.875,163.75,124.66666666666667
2026-07-14 15:00:00+00:00,Multan,162.875,163.75,124.66666666666667
2026-07-14 16:00:00+00:00,Multan,162.875,163.75,124.66666666666667
2026-07-14 17:00:00+00:00,Multan,162.875,163.75,124.66666666666667
2026-07-14 18:00:00+00:00,Multan,162.875,163.75,124.66666666666667
2026-07-14 19:00:00+00:00,Multan,162.875,163.75,124.66666666666667
2026-07-14 20:00:00+00:00,Multan,162.875,163.75,124.66666666666667
2026-07-14 21:00:00+00:00,Multan,162.875,163.75,124.66666666666667
2026-07-14 22:00:00+00:00,Multan,162.875,163.75,124.66666666666667
2026-07-14 23:00:00+00:00,Multan,162.875,163.75,124.66666666666667
2026-07-15 00:00:00+00:00,Multan,163.75,124.66666666666667,112.875
2026-07-15 01:00:00+00:00,Multan,163.75,124.66666666666667,112.875
2026-07-15 02:00:00+00:00,Multan,163.75,124.66666666666667,112.875
2026-07-15 03:00:00+00:00,Multan,163.75,124.66666666666667,112.875
2026-07-15 04:00:00+00:00,Multan,163.75,124.66666666666667,112.875
2026-07-15 05:00:00+00:00,Multan,163.75,124.66666666666667,112.875
2026-07-15 06:00:00+00:00,Multan,163.75,124.66666666666667,112.875
2026-07-15 07:00:00+00:00,Multan,163.75,124.66666666666667,112.875
2026-07-15 08:00:00+00:00,Multan,163.75,124.66666666666667,112.875
2026-07-15 09:00:00+00:00,Multan,163.75,124.66666666666667,112.875
2026-07-15 10:00:00+00:00,Multan,163.75,124.66666666666667,112.875
2026-07-15 11:00:00+00:00,Multan,163.75,124.66666666666667,112.875
2026-07-15 12:00:00+00:00,Multan,163.75,124.66666666666667,112.875
2026-07-15 13:00:00+00:00,Multan,163.75,124.66666666666667,112.875
2026-07-15 14:00:00+00:00,Multan,163.75,124.66666666666667,112.875
2026-07-15 15:00:00+00:00,Multan,163.75,124.66666666666667,112.875
2026-07-15 16:00:00+00:00,Multan,163.75,124.66666666666667,112.875
2026-07-15 17:00:00+00:00,Multan,163.75,124.66666666666667,112.875
2026-07-15 18:00:00+00:00,Multan,163.75,124.66666666666667,112.875
2026-07-15 19:00:00+00:00,Multan,163.75,124.66666666666667,112.875
2026-07-15 20:00:00+00:00,Multan,163.75,124.66666666666667,112.875
2026-07-15 21:00:00+00:00,Multan,163.75,124.66666666666667,112.875
2026-07-15 22:00:00+00:00,Multan,163.75,124.66666666666667,112.875
2026-07-15 23:00:00+00:00,Multan,163.75,124.66666666666667,112.875
2026-07-16 00:00:00+00:00,Multan,124.66666666666667,112.875,122.91666666666667
2026-07-16 01:00:00+00:00,Multan,124.66666666666667,112.875,122.91666666666667
2026-07-16 02:00:00+00:00,Multan,124.66666666666667,112.875,122.91666666666667
2026-07-16 03:00:00+00:00,Multan,124.66666666666667,112.875,122.91666666666667
2026-07-16 04:00:00+00:00,Multan,124.66666666666667,112.875,122.91666666666667
2026-07-16 05:00:00+00:00,Multan,124.66666666666667,112.875,122.91666666666667
2026-07-16 06:00:00+00:00,Multan,124.66666666666667,112.875,122.91666666666667
2026-07-16 07:00:00+00:00,Multan,124.66666666666667,112.875,122.91666666666667
2026-07-16 08:00:00+00:00,Multan,124.66666666666667,112.875,122.91666666666667
2026-07-16 09:00:00+00:00,Multan,124.66666666666667,112.875,122.91666666666667
2026-07-16 10:00:00+00:00,Multan,124.66666666666667,112.875,122.91666666666667
2026-07-16 11:00:00+00:00,Multan,124.66666666666667,112.875,122.91666666666667
2026-07-16 12:00:00+00:00,Multan,124.66666666666667,112.875,122.91666666666667
2026-07-16 13:00:00+00:00,Multan,124.66666666666667,112.875,122.91666666666667
2026-07-16 14:00:00+00:00,Multan,124.66666666666667,112.875,122.91666666666667
2026-07-16 15:00:00+00:00,Multan,124.66666666666667,112.875,122.91666666666667
2026-07-16 16:00:00+00:00,Multan,124.66666666666667,112.875,122.91666666666667
2026-07-16 17:00:00+00:00,Multan,124.66666666666667,112.875,122.91666666666667
2026-07-16 18:00:00+00:00,Multan,124.66666666666667,112.875,122.91666666666667
2026-07-16 19:00:00+00:00,Multan,124.66666666666667,112.875,122.91666666666667
2026-07-16 20:00:00+00:00,Multan,124.66666666666667,112.875,122.91666666666667
2026-07-16 21:00:00+00:00,Multan,124.66666666666667,112.875,122.91666666666667
2026-07-16 22:00:00+00:00,Multan,124.66666666666667,112.875,122.91666666666667
2026-07-16 23:00:00+00:00,Multan,124.66666666666667,112.875,122.91666666666667
2026-07-17 00:00:00+00:00,Multan,112.875,122.91666666666667,124.625
2026-07-17 01:00:00+00:00,Multan,112.875,122.91666666666667,124.625
2026-07-17 02:00:00+00:00,Multan,112.875,122.91666666666667,124.625
2026-07-17 03:00:00+00:00,Multan,112.875,122.91666666666667,124.625
2026-07-17 04:00:00+00:00,Multan,112.875,122.91666666666667,124.625
2026-07-17 05:00:00+00:00,Multan,112.875,122.91666666666667,124.625
2026-07-17 06:00:00+00:00,Multan,112.875,122.91666666666667,124.625
2026-07-17 07:00:00+00:00,Multan,112.875,122.91666666666667,124.625
2026-07-17 08:00:00+00:00,Multan,112.875,122.91666666666667,124.625
2026-07-17 09:00:00+00:00,Multan,112.875,122.91666666666667,124.625
2026-07-17 10:00:00+00:00,Multan,112.875,122.91666666666667,124.625
2026-07-17 11:00:00+00:00,Multan,112.875,122.91666666666667,124.625
2026-07-17 12:00:00+00:00,Multan,112.875,122.91666666666667,124.625
2026-07-17 13:00:00+00:00,Multan,112.875,122.91666666666667,124.625
2026-07-17 14:00:00+00:00,Multan,112.875,122.91666666666667,124.625
2026-07-17 15:00:00+00:00,Multan,112.875,122.91666666666667,124.625
2026-07-17 16:00:00+00:00,Multan,112.875,122.91666666666667,124.625
2026-07-17 17:00:00+00:00,Multan,112.875,122.91666666666667,124.625
2026-07-17 18:00:00+00:00,Multan,112.875,122.91666666666667,124.625
2026-07-17 19:00:00+00:00,Multan,112.875,122.91666666666667,124.625
2026-07-17 20:00:00+00:00,Multan,112.875,122.91666666666667,124.625
2026-07-17 21:00:00+00:00,Multan,112.875,122.91666666666667,124.625
2026-07-17 22:00:00+00:00,Multan,112.875,122.91666666666667,124.625
2026-07-17 23:00:00+00:00,Multan,112.875,122.91666666666667,124.625
2026-07-18 00:00:00+00:00,Multan,122.91666666666667,124.625,123.66666666666667
2026-07-18 01:00:00+00:00,Multan,122.91666666666667,124.625,123.66666666666667
2026-07-18 02:00:00+00:00,Multan,122.91666666666667,124.625,123.66666666666667
2026-07-18 03:00:00+00:00,Multan,122.91666666666667,124.625,123.66666666666667
2026-07-18 04:00:00+00:00,Multan,122.91666666666667,124.625,123.66666666666667
2026-07-18 05:00:00+00:00,Multan,122.91666666666667,124.625,123.66666666666667
2026-07-18 06:00:00+00:00,Multan,122.91666666666667,124.625,123.66666666666667
2026-07-18 07:00:00+00:00,Multan,122.91666666666667,124.625,123.66666666666667
2026-07-18 08:00:00+00:00,Multan,122.91666666666667,124.625,123.66666666666667
2026-07-18 09:00:00+00:00,Multan,122.91666666666667,124.625,123.66666666666667
2026-07-18 10:00:00+00:00,Multan,122.91666666666667,124.625,123.66666666666667
2026-07-18 11:00:00+00:00,Multan,122.91666666666667,124.625,123.66666666666667
2026-07-18 12:00:00+00:00,Multan,122.91666666666667,124.625,123.66666666666667
2026-07-18 13:00:00+00:00,Multan,122.91666666666667,124.625,123.66666666666667
2026-07-18 14:00:00+00:00,Multan,122.91666666666667,124.625,123.66666666666667
2026-07-18 15:00:00+00:00,Multan,122.91666666666667,124.625,123.66666666666667
2026-07-18 16:00:00+00:00,Multan,122.91666666666667,124.625,123.66666666666667
2026-07-18 17:00:00+00:00,Multan,122.91666666666667,124.625,123.66666666666667
2026-07-18 18:00:00+00:00,Multan,122.91666666666667,124.625,123.66666666666667
2026-07-18 19:00:00+00:00,Multan,122.91666666666667,124.625,123.66666666666667
2026-07-18 20:00:00+00:00,Multan,122.91666666666667,124.625,123.66666666666667
2026-07-18 21:00:00+00:00,Multan,122.91666666666667,124.625,123.66666666666667
2026-07-18 22:00:00+00:00,Multan,122.91666666666667,124.625,123.66666666666667
2026-07-18 23:00:00+00:00,Multan,122.91666666666667,124.625,123.66666666666667
2026-07-19 00:00:00+00:00,Multan,124.625,123.66666666666667,109.04166666666667
2026-07-19 01:00:00+00:00,Multan,124.625,123.66666666666667,109.04166666666667
2026-07-19 02:00:00+00:00,Multan,124.625,123.66666666666667,109.04166666666667
2026-07-19 03:00:00+00:00,Multan,124.625,123.66666666666667,109.04166666666667
2026-07-19 04:00:00+00:00,Multan,124.625,123.66666666666667,109.04166666666667
2026-07-19 05:00:00+00:00,Multan,124.625,123.66666666666667,109.04166666666667
2026-07-19 06:00:00+00:00,Multan,124.625,123.66666666666667,109.04166666666667
2026-07-19 07:00:00+00:00,Multan,124.625,123.66666666666667,109.04166666666667
2026-07-19 08:00:00+00:00,Multan,124.625,123.66666666666667,109.04166666666667
2026-07-19 09:00:00+00:00,Multan,124.625,123.66666666666667,109.04166666666667
2026-07-19 10:00:00+00:00,Multan,124.625,123.66666666666667,109.04166666666667
2026-07-19 11:00:00+00:00,Multan,124.625,123.66666666666667,109.04166666666667
2026-07-19 12:00:00+00:00,Multan,124.625,123.66666666666667,109.04166666666667
2026-07-19 13:00:00+00:00,Multan,124.625,123.66666666666667,109.04166666666667
2026-07-19 14:00:00+00:00,Multan,124.625,123.66666666666667,109.04166666666667
2026-07-19 15:00:00+00:00,Multan,124.625,123.66666666666667,109.04166666666667
2026-07-19 16:00:00+00:00,Multan,124.625,123.66666666666667,109.04166666666667
2026-07-19 17:00:00+00:00,Multan,124.625,123.66666666666667,109.04166666666667
2026-07-19 18:00:00+00:00,Multan,124.625,123.66666666666667,109.04166666666667
2026-07-19 19:00:00+00:00,Multan,124.625,123.66666666666667,109.04166666666667
2026-07-19 20:00:00+00:00,Multan,124.625,123.66666666666667,109.04166666666667
2026-07-19 21:00:00+00:00,Multan,124.625,123.66666666666667,109.04166666666667
2026-07-19 22:00:00+00:00,Multan,124.625,123.66666666666667,109.04166666666667
2026-07-19 23:00:00+00:00,Multan,124.625,123.66666666666667,109.04166666666667
2026-07-20 00:00:00+00:00,Multan,123.66666666666667,109.04166666666667,107.875
2026-07-20 01:00:00+00:00,Multan,123.66666666666667,109.04166666666667,107.875
2026-07-20 02:00:00+00:00,Multan,123.66666666666667,109.04166666666667,107.875
2026-07-20 03:00:00+00:00,Multan,123.66666666666667,109.04166666666667,107.875
2026-07-20 04:00:00+00:00,Multan,123.66666666666667,109.04166666666667,107.875
2026-07-20 05:00:00+00:00,Multan,123.66666666666667,109.04166666666667,107.875
2026-07-20 06:00:00+00:00,Multan,123.66666666666667,109.04166666666667,107.875
2026-07-20 07:00:00+00:00,Multan,123.66666666666667,109.04166666666667,107.875
2026-07-20 08:00:00+00:00,Multan,123.66666666666667,109.04166666666667,107.875
2026-07-20 09:00:00+00:00,Multan,123.66666666666667,109.04166666666667,107.875
2026-07-20 10:00:00+00:00,Multan,123.66666666666667,109.04166666666667,107.875
2026-07-20 11:00:00+00:00,Multan,123.66666666666667,109.04166666666667,107.875
2026-07-20 12:00:00+00:00,Multan,123.66666666666667,109.04166666666667,107.875
2026-07-20 13:00:00+00:00,Multan,123.66666666666667,109.04166666666667,107.875
2026-07-20 14:00:00+00:00,Multan,123.66666666666667,109.04166666666667,107.875
2026-07-20 15:00:00+00:00,Multan,123.66666666666667,109.04166666666667,107.875
2026-07-20 16:00:00+00:00,Multan,123.66666666666667,109.04166666666667,107.875
2026-07-20 17:00:00+00:00,Multan,123.66666666666667,109.04166666666667,107.875
2026-07-20 18:00:00+00:00,Multan,123.66666666666667,109.04166666666667,107.875
2026-07-20 19:00:00+00:00,Multan,123.66666666666667,109.04166666666667,107.875
2026-07-20 20:00:00+00:00,Multan,123.66666666666667,109.04166666666667,107.875
2026-07-20 21:00:00+00:00,Multan,123.66666666666667,109.04166666666667,107.875
2026-07-20 22:00:00+00:00,Multan,123.66666666666667,109.04166666666667,107.875
2026-07-20 23:00:00+00:00,Multan,123.66666666666667,109.04166666666667,107.875
2026-07-21 00:00:00+00:00,Multan,109.04166666666667,107.875,123.33333333333333
2026-07-21 01:00:00+00:00,Multan,109.04166666666667,107.875,123.33333333333333
2026-07-21 02:00:00+00:00,Multan,109.04166666666667,107.875,123.33333333333333
2026-07-21 03:00:00+00:00,Multan,109.04166666666667,107.875,123.33333333333333
2026-07-21 04:00:00+00:00,Multan,109.04166666666667,107.875,123.33333333333333
2026-07-21 05:00:00+00:00,Multan,109.04166666666667,107.875,123.33333333333333
2026-07-21 06:00:00+00:00,Multan,109.04166666666667,107.875,123.33333333333333
2026-07-21 07:00:00+00:00,Multan,109.04166666666667,107.875,123.33333333333333
2026-07-21 08:00:00+00:00,Multan,109.04166666666667,107.875,123.33333333333333
2026-07-21 09:00:00+00:00,Multan,109.04166666666667,107.875,123.33333333333333
2026-07-21 10:00:00+00:00,Multan,109.04166666666667,107.875,123.33333333333333
2026-07-21 11:00:00+00:00,Multan,109.04166666666667,107.875,123.33333333333333
2026-07-21 12:00:00+00:00,Multan,109.04166666666667,107.875,123.33333333333333
2026-07-21 13:00:00+00:00,Multan,109.04166666666667,107.875,123.33333333333333
2026-07-21 14:00:00+00:00,Multan,109.04166666666667,107.875,123.33333333333333
2026-07-21 15:00:00+00:00,Multan,109.04166666666667,107.875,123.33333333333333
2026-07-21 16:00:00+00:00,Multan,109.04166666666667,107.875,123.33333333333333
2026-07-21 17:00:00+00:00,Multan,109.04166666666667,107.875,123.33333333333333
2026-07-21 18:00:00+00:00,Multan,109.04166666666667,107.875,123.33333333333333
2026-07-21 19:00:00+00:00,Multan,109.04166666666667,107.875,123.33333333333333
2026-07-21 20:00:00+00:00,Multan,109.04166666666667,107.875,123.33333333333333
2026-07-21 21:00:00+00:00,Multan,109.04166666666667,107.875,123.33333333333333
2026-07-21 22:00:00+00:00,Multan,109.04166666666667,107.875,123.33333333333333
2026-07-21 23:00:00+00:00,Multan,109.04166666666667,107.875,123.33333333333333
2026-07-22 00:00:00+00:00,Multan,107.875,123.33333333333333,125.0
2026-07-22 01:00:00+00:00,Multan,107.875,123.33333333333333,125.0
2026-07-22 02:00:00+00:00,Multan,107.875,123.33333333333333,125.0
2026-07-22 03:00:00+00:00,Multan,107.875,123.33333333333333,125.0
2026-07-22 04:00:00+00:00,Multan,107.875,123.33333333333333,125.0
2026-07-22 05:00:00+00:00,Multan,107.875,123.33333333333333,125.0
2026-07-22 06:00:00+00:00,Multan,107.875,123.33333333333333,125.0
2026-07-22 07:00:00+00:00,Multan,107.875,123.33333333333333,125.0
2026-07-22 08:00:00+00:00,Multan,107.875,123.33333333333333,125.0
2026-07-22 09:00:00+00:00,Multan,107.875,123.33333333333333,125.0
2026-07-22 10:00:00+00:00,Multan,107.875,123.33333333333333,125.0
2026-07-22 11:00:00+00:00,Multan,107.875,123.33333333333333,125.0
2026-07-22 12:00:00+00:00,Multan,107.875,123.33333333333333,125.0
2026-07-22 13:00:00+00:00,Multan,107.875,123.33333333333333,125.0
2026-07-22 14:00:00+00:00,Multan,107.875,123.33333333333333,125.0
2026-07-22 15:00:00+00:00,Multan,107.875,123.33333333333333,125.0
2026-07-22 16:00:00+00:00,Multan,107.875,123.33333333333333,125.0
2026-07-22 17:00:00+00:00,Multan,107.875,123.33333333333333,125.0
2026-07-22 18:00:00+00:00,Multan,107.875,123.33333333333333,125.0
2026-07-22 19:00:00+00:00,Multan,107.875,123.33333333333333,125.0
2026-07-22 20:00:00+00:00,Multan,107.875,123.33333333333333,125.0
2026-07-22 21:00:00+00:00,Multan,107.875,123.33333333333333,125.0
2026-07-22 22:00:00+00:00,Multan,107.875,123.33333333333333,125.0
2026-07-22 23:00:00+00:00,Multan,107.875,123.33333333333333,125.0
2026-07-23 00:00:00+00:00,Multan,123.33333333333333,125.0,105.625
2026-07-23 01:00:00+00:00,Multan,123.33333333333333,125.0,105.625
2026-07-23 02:00:00+00:00,Multan,123.33333333333333,125.0,105.625
2026-07-23 03:00:00+00:00,Multan,123.33333333333333,125.0,105.625
2026-07-23 04:00:00+00:00,Multan,123.33333333333333,125.0,105.625
2026-07-23 05:00:00+00:00,Multan,123.33333333333333,125.0,105.625
2026-07-23 06:00:00+00:00,Multan,123.33333333333333,125.0,105.625
2026-07-23 07:00:00+00:00,Multan,123.33333333333333,125.0,105.625
2026-07-23 08:00:00+00:00,Multan,123.33333333333333,125.0,105.625
2026-07-23 09:00:00+00:00,Multan,123.33333333333333,125.0,105.625
2026-07-23 10:00:00+00:00,Multan,123.33333333333333,125.0,105.625
2026-07-23 11:00:00+00:00,Multan,123.33333333333333,125.0,105.625
2026-07-23 12:00:00+00:00,Multan,123.33333333333333,125.0,105.625
2026-07-23 13:00:00+00:00,Multan,123.33333333333333,125.0,105.625
2026-07-23 14:00:00+00:00,Multan,123.33333333333333,125.0,105.625
2026-07-23 15:00:00+00:00,Multan,123.33333333333333,125.0,105.625
2026-07-23 16:00:00+00:00,Multan,123.33333333333333,125.0,105.625
2026-07-23 17:00:00+00:00,Multan,123.33333333333333,125.0,105.625
2026-07-23 18:00:00+00:00,Multan,123.33333333333333,125.0,105.625
2026-07-23 19:00:00+00:00,Multan,123.33333333333333,125.0,105.625
2026-07-23 20:00:00+00:00,Multan,123.33333333333333,125.0,105.625
2026-07-23 21:00:00+00:00,Multan,123.33333333333333,125.0,105.625
2026-07-23 22:00:00+00:00,Multan,123.33333333333333,125.0,105.625
2026-07-23 23:00:00+00:00,Multan,123.33333333333333,125.0,105.625
2026-07-24 00:00:00+00:00,Multan,125.0,105.625,149.54166666666666
2026-07-24 01:00:00+00:00,Multan,125.0,105.625,149.54166666666666
2026-07-24 02:00:00+00:00,Multan,125.0,105.625,149.54166666666666
2026-07-24 03:00:00+00:00,Multan,125.0,105.625,149.54166666666666
2026-07-24 04:00:00+00:00,Multan,125.0,105.625,149.54166666666666
2026-07-24 05:00:00+00:00,Multan,125.0,105.625,149.54166666666666
2026-07-24 06:00:00+00:00,Multan,125.0,105.625,149.54166666666666
2026-07-24 07:00:00+00:00,Multan,125.0,105.625,149.54166666666666
2026-07-24 08:00:00+00:00,Multan,125.0,105.625,149.54166666666666
2026-07-24 09:00:00+00:00,Multan,125.0,105.625,149.54166666666666
2026-07-24 10:00:00+00:00,Multan,125.0,105.625,149.54166666666666
2026-07-24 11:00:00+00:00,Multan,125.0,105.625,149.54166666666666
2026-07-24 12:00:00+00:00,Multan,125.0,105.625,149.54166666666666
2026-07-24 13:00:00+00:00,Multan,125.0,105.625,149.54166666666666
2026-07-24 14:00:00+00:00,Multan,125.0,105.625,149.54166666666666
2026-07-24 15:00:00+00:00,Multan,125.0,105.625,149.54166666666666
2026-07-24 16:00:00+00:00,Multan,125.0,105.625,149.54166666666666
2026-07-24 17:00:00+00:00,Multan,125.0,105.625,149.54166666666666
2026-07-24 18:00:00+00:00,Multan,125.0,105.625,149.54166666666666
2026-07-24 19:00:00+00:00,Multan,125.0,105.625,149.54166666666666
2026-07-24 20:00:00+00:00,Multan,125.0,105.625,149.54166666666666
2026-07-24 21:00:00+00:00,Multan,125.0,105.625,149.54166666666666
2026-07-24 22:00:00+00:00,Multan,125.0,105.625,149.54166666666666
2026-07-24 23:00:00+00:00,Multan,125.0,105.625,149.54166666666666
2026-07-25 00:00:00+00:00,Multan,105.625,149.54166666666666,105.83333333333333
2026-07-25 01:00:00+00:00,Multan,105.625,149.54166666666666,105.83333333333333
2026-07-25 02:00:00+00:00,Multan,105.625,149.54166666666666,105.83333333333333
2026-07-25 03:00:00+00:00,Multan,105.625,149.54166666666666,105.83333333333333
2026-07-25 04:00:00+00:00,Multan,105.625,149.54166666666666,105.83333333333333
2026-07-25 05:00:00+00:00,Multan,105.625,149.54166666666666,105.83333333333333
2026-07-25 06:00:00+00:00,Multan,105.625,149.54166666666666,105.83333333333333
2026-07-25 07:00:00+00:00,Multan,105.625,149.54166666666666,105.83333333333333
2026-07-25 08:00:00+00:00,Multan,105.625,149.54166666666666,105.83333333333333
2026-07-25 09:00:00+00:00,Multan,105.625,149.54166666666666,105.83333333333333
2026-07-25 10:00:00+00:00,Multan,105.625,149.54166666666666,105.83333333333333
2026-07-25 11:00:00+00:00,Multan,105.625,149.54166666666666,105.83333333333333
2026-07-25 12:00:00+00:00,Multan,105.625,149.54166666666666,105.83333333333333
2026-07-25 13:00:00+00:00,Multan,105.625,149.54166666666666,105.83333333333333
2026-07-25 14:00:00+00:00,Multan,105.625,149.54166666666666,105.83333333333333
2026-07-25 15:00:00+00:00,Multan,105.625,149.54166666666666,105.83333333333333
2026-07-25 16:00:00+00:00,Multan,105.625,149.54166666666666,105.83333333333333
2026-07-25 17:00:00+00:00,Multan,105.625,149.54166666666666,105.83333333333333
2026-07-25 18:00:00+00:00,Multan,105.625,149.54166666666666,105.83333333333333
2026-07-25 19:00:00+00:00,Multan,105.625,149.54166666666666,105.83333333333333
2026-07-25 20:00:00+00:00,Multan,105.625,149.54166666666666,105.83333333333333
2026-07-25 21:00:00+00:00,Multan,105.625,149.54166666666666,105.83333333333333
2026-07-25 22:00:00+00:00,Multan,105.625,149.54166666666666,105.83333333333333
2026-07-25 23:00:00+00:00,Multan,105.625,149.54166666666666,105.83333333333333
2026-07-26 00:00:00+00:00,Multan,149.54166666666666,105.83333333333333,121.20833333333333
2026-07-26 01:00:00+00:00,Multan,149.54166666666666,105.83333333333333,121.20833333333333
2026-07-26 02:00:00+00:00,Multan,149.54166666666666,105.83333333333333,121.20833333333333
2026-07-26 03:00:00+00:00,Multan,149.54166666666666,105.83333333333333,121.20833333333333
2026-07-26 04:00:00+00:00,Multan,149.54166666666666,105.83333333333333,121.20833333333333
2026-07-26 05:00:00+00:00,Multan,149.54166666666666,105.83333333333333,121.20833333333333
2026-07-26 06:00:00+00:00,Multan,149.54166666666666,105.83333333333333,121.20833333333333
2026-07-26 07:00:00+00:00,Multan,149.54166666666666,105.83333333333333,121.20833333333333
2026-07-26 08:00:00+00:00,Multan,149.54166666666666,105.83333333333333,121.20833333333333
2026-07-26 09:00:00+00:00,Multan,149.54166666666666,105.83333333333333,121.20833333333333
2026-07-26 10:00:00+00:00,Multan,149.54166666666666,105.83333333333333,121.20833333333333
2026-07-26 11:00:00+00:00,Multan,149.54166666666666,105.83333333333333,121.20833333333333
2026-07-26 12:00:00+00:00,Multan,149.54166666666666,105.83333333333333,121.20833333333333
2026-07-26 13:00:00+00:00,Multan,149.54166666666666,105.83333333333333,121.20833333333333
2026-07-26 14:00:00+00:00,Multan,149.54166666666666,105.83333333333333,121.20833333333333
2026-07-26 15:00:00+00:00,Multan,149.54166666666666,105.83333333333333,121.20833333333333
2026-07-26 16:00:00+00:00,Multan,149.54166666666666,105.83333333333333,121.20833333333333
2026-07-26 17:00:00+00:00,Multan,149.54166666666666,105.83333333333333,121.20833333333333
2026-07-26 18:00:00+00:00,Multan,149.54166666666666,105.83333333333333,121.20833333333333
2026-07-26 19:00:00+00:00,Multan,149.54166666666666,105.83333333333333,121.20833333333333
2026-07-26 20:00:00+00:00,Multan,149.54166666666666,105.83333333333333,121.20833333333333
2026-07-26 21:00:00+00:00,Multan,149.54166666666666,105.83333333333333,121.20833333333333
2026-07-26 22:00:00+00:00,Multan,149.54166666666666,105.83333333333333,121.20833333333333
2026-07-26 23:00:00+00:00,Multan,149.54166666666666,105.83333333333333,121.20833333333333
2026-07-27 00:00:00+00:00,Multan,105.83333333333333,121.20833333333333,121.95833333333333
2026-07-27 01:00:00+00:00,Multan,105.83333333333333,121.20833333333333,121.95833333333333
2026-07-27 02:00:00+00:00,Multan,105.83333333333333,121.20833333333333,121.95833333333333
2026-07-27 03:00:00+00:00,Multan,105.83333333333333,121.20833333333333,121.95833333333333
2026-07-27 04:00:00+00:00,Multan,105.83333333333333,121.20833333333333,121.95833333333333
2026-07-27 05:00:00+00:00,Multan,105.83333333333333,121.20833333333333,121.95833333333333
2026-07-27 06:00:00+00:00,Multan,105.83333333333333,121.20833333333333,121.95833333333333
2026-07-27 07:00:00+00:00,Multan,105.83333333333333,121.20833333333333,121.95833333333333
2026-07-27 08:00:00+00:00,Multan,105.83333333333333,121.20833333333333,121.95833333333333
2026-07-27 09:00:00+00:00,Multan,105.83333333333333,121.20833333333333,121.95833333333333
2026-07-27 10:00:00+00:00,Multan,105.83333333333333,121.20833333333333,121.95833333333333
2026-07-27 11:00:00+00:00,Multan,105.83333333333333,121.20833333333333,121.95833333333333
2026-07-27 12:00:00+00:00,Multan,105.83333333333333,121.20833333333333,121.95833333333333
2026-07-27 13:00:00+00:00,Multan,105.83333333333333,121.20833333333333,121.95833333333333
2026-07-27 14:00:00+00:00,Multan,105.83333333333333,121.20833333333333,121.95833333333333
2026-07-27 15:00:00+00:00,Multan,105.83333333333333,121.20833333333333,121.95833333333333
2026-07-27 16:00:00+00:00,Multan,105.83333333333333,121.20833333333333,121.95833333333333
2026-07-27 17:00:00+00:00,Multan,105.83333333333333,121.20833333333333,121.95833333333333
2026-07-27 18:00:00+00:00,Multan,105.83333333333333,121.20833333333333,121.95833333333333
2026-07-27 19:00:00+00:00,Multan,105.83333333333333,121.20833333333333,121.95833333333333
2026-07-27 20:00:00+00:00,Multan,105.83333333333333,121.20833333333333,121.95833333333333
2026-07-27 21:00:00+00:00,Multan,105.83333333333333,121.20833333333333,121.95833333333333
2026-07-27 22:00:00+00:00,Multan,105.83333333333333,121.20833333333333,121.95833333333333
2026-07-27 23:00:00+00:00,Multan,105.83333333333333,121.20833333333333,121.95833333333333
2026-07-28 00:00:00+00:00,Multan,121.20833333333333,121.95833333333333,152.75
2026-07-28 01:00:00+00:00,Multan,121.20833333333333,121.95833333333333,152.75
2026-07-28 02:00:00+00:00,Multan,121.20833333333333,121.95833333333333,152.75
2026-07-28 03:00:00+00:00,Multan,121.20833333333333,121.95833333333333,152.75
2026-07-28 04:00:00+00:00,Multan,121.20833333333333,121.95833333333333,152.75
2026-07-28 05:00:00+00:00,Multan,121.20833333333333,121.95833333333333,152.75
2026-07-28 06:00:00+00:00,Multan,121.20833333333333,121.95833333333333,152.75
2026-07-28 07:00:00+00:00,Multan,121.20833333333333,121.95833333333333,152.75
2026-07-28 08:00:00+00:00,Multan,121.20833333333333,121.95833333333333,152.75
2026-07-28 09:00:00+00:00,Multan,121.20833333333333,121.95833333333333,152.75
2026-07-28 10:00:00+00:00,Multan,121.20833333333333,121.95833333333333,152.75
2026-07-28 11:00:00+00:00,Multan,121.20833333333333,121.95833333333333,152.75
2026-07-28 12:00:00+00:00,Multan,121.20833333333333,121.95833333333333,152.75
2026-07-28 13:00:00+00:00,Multan,121.20833333333333,121.95833333333333,152.75
2026-07-28 14:00:00+00:00,Multan,121.20833333333333,121.95833333333333,152.75
2026-07-28 15:00:00+00:00,Multan,121.20833333333333,121.95833333333333,152.75
2026-07-28 16:00:00+00:00,Multan,121.20833333333333,121.95833333333333,152.75
2026-07-28 17:00:00+00:00,Multan,121.20833333333333,121.95833333333333,152.75
2026-07-28 18:00:00+00:00,Multan,121.20833333333333,121.95833333333333,152.75
2026-07-28 19:00:00+00:00,Multan,121.20833333333333,121.95833333333333,152.75
2026-07-28 20:00:00+00:00,Multan,121.20833333333333,121.95833333333333,152.75
2026-07-28 21:00:00+00:00,Multan,121.20833333333333,121.95833333333333,152.75
2026-07-28 22:00:00+00:00,Multan,121.20833333333333,121.95833333333333,152.75
2026-07-28 23:00:00+00:00,Multan,121.20833333333333,121.95833333333333,152.75
2026-07-29 00:00:00+00:00,Multan,121.95833333333333,152.75,128.54166666666666
2026-07-29 01:00:00+00:00,Multan,121.95833333333333,152.75,128.54166666666666
2026-07-29 02:00:00+00:00,Multan,121.95833333333333,152.75,128.54166666666666
2026-07-29 03:00:00+00:00,Multan,121.95833333333333,152.75,128.54166666666666
2026-07-29 04:00:00+00:00,Multan,121.95833333333333,152.75,128.54166666666666
2026-07-29 05:00:00+00:00,Multan,121.95833333333333,152.75,128.54166666666666
2026-07-29 06:00:00+00:00,Multan,121.95833333333333,152.75,128.54166666666666
2026-07-29 07:00:00+00:00,Multan,121.95833333333333,152.75,128.54166666666666
2026-07-29 08:00:00+00:00,Multan,121.95833333333333,152.75,128.54166666666666
2026-07-29 09:00:00+00:00,Multan,121.95833333333333,152.75,128.54166666666666
2026-07-29 10:00:00+00:00,Multan,121.95833333333333,152.75,128.54166666666666
2026-07-29 11:00:00+00:00,Multan,121.95833333333333,152.75,128.54166666666666
2026-07-29 12:00:00+00:00,Multan,121.95833333333333,152.75,128.54166666666666
2026-07-29 13:00:00+00:00,Multan,121.95833333333333,152.75,128.54166666666666
2026-07-29 14:00:00+00:00,Multan,121.95833333333333,152.75,128.54166666666666
2026-07-29 15:00:00+00:00,Multan,121.95833333333333,152.75,128.54166666666666
2026-07-29 16:00:00+00:00,Multan,121.95833333333333,152.75,128.54166666666666
2026-07-29 17:00:00+00:00,Multan,121.95833333333333,152.75,128.54166666666666
2026-07-29 18:00:00+00:00,Multan,121.95833333333333,152.75,128.54166666666666
2026-07-29 19:00:00+00:00,Multan,121.95833333333333,152.75,128.54166666666666
2026-07-29 20:00:00+00:00,Multan,121.95833333333333,152.75,128.54166666666666
2026-07-29 21:00:00+00:00,Multan,121.95833333333333,152.75,128.54166666666666
2026-07-29 22:00:00+00:00,Multan,121.95833333333333,152.75,128.54166666666666
2026-07-29 23:00:00+00:00,Multan,121.95833333333333,152.75,128.54166666666666
2026-07-30 00:00:00+00:00,Multan,152.75,128.54166666666666,152.08333333333334
2026-07-30 01:00:00+00:00,Multan,152.75,128.54166666666666,152.08333333333334
2026-07-30 02:00:00+00:00,Multan,152.75,128.54166666666666,152.08333333333334
2026-07-30 03:00:00+00:00,Multan,152.75,128.54166666666666,152.08333333333334
2026-07-30 04:00:00+00:00,Multan,152.75,128.54166666666666,152.08333333333334
2026-07-30 05:00:00+00:00,Multan,152.75,128.54166666666666,152.08333333333334
2026-07-30 06:00:00+00:00,Multan,152.75,128.54166666666666,152.08333333333334
2026-07-30 07:00:00+00:00,Multan,152.75,128.54166666666666,152.08333333333334
2026-07-30 08:00:00+00:00,Multan,152.75,128.54166666666666,152.08333333333334
2026-07-30 09:00:00+00:00,Multan,152.75,128.54166666666666,152.08333333333334
2026-07-30 10:00:00+00:00,Multan,152.75,128.54166666666666,152.08333333333334
2026-07-30 11:00:00+00:00,Multan,152.75,128.54166666666666,152.08333333333334
2026-07-30 12:00:00+00:00,Multan,152.75,128.54166666666666,152.08333333333334
2026-07-30 13:00:00+00:00,Multan,152.75,128.54166666666666,152.08333333333334
2026-07-30 14:00:00+00:00,Multan,152.75,128.54166666666666,152.08333333333334
2026-07-30 15:00:00+00:00,Multan,152.75,128.54166666666666,152.08333333333334
2026-07-30 16:00:00+00:00,Multan,152.75,128.54166666666666,152.08333333333334
2026-07-30 17:00:00+00:00,Multan,152.75,128.54166666666666,152.08333333333334
2026-07-30 18:00:00+00:00,Multan,152.75,128.54166666666666,152.08333333333334
2026-07-30 19:00:00+00:00,Multan,152.75,128.54166666666666,152.08333333333334
2026-07-30 20:00:00+00:00,Multan,152.75,128.54166666666666,152.08333333333334
2026-07-30 21:00:00+00:00,Multan,152.75,128.54166666666666,152.08333333333334
2026-07-30 22:00:00+00:00,Multan,152.75,128.54166666666666,152.08333333333334
2026-07-30 23:00:00+00:00,Multan,152.75,128.54166666666666,152.08333333333334
2026-07-31 00:00:00+00:00,Multan,128.54166666666666,152.08333333333334,149.125
2026-07-31 01:00:00+00:00,Multan,128.54166666666666,152.08333333333334,149.125
2026-07-31 02:00:00+00:00,Multan,128.54166666666666,152.08333333333334,149.125
2026-07-31 03:00:00+00:00,Multan,128.54166666666666,152.08333333333334,149.125
2026-07-31 04:00:00+00:00,Multan,128.54166666666666,152.08333333333334,149.125
2026-07-31 05:00:00+00:00,Multan,128.54166666666666,152.08333333333334,149.125
2026-07-31 06:00:00+00:00,Multan,128.54166666666666,152.08333333333334,149.125
2026-07-31 07:00:00+00:00,Multan,128.54166666666666,152.08333333333334,149.125
2026-07-31 08:00:00+00:00,Multan,128.54166666666666,152.08333333333334,149.125
2026-07-31 09:00:00+00:00,Multan,128.54166666666666,152.08333333333334,149.125
2026-07-31 10:00:00+00:00,Multan,128.54166666666666,152.08333333333334,149.125
2026-07-31 11:00:00+00:00,Multan,128.54166666666666,152.08333333333334,149.125
2026-07-31 12:00:00+00:00,Multan,128.54166666666666,152.08333333333334,149.125
2026-07-31 13:00:00+00:00,Multan,128.54166666666666,152.08333333333334,149.125
2026-07-31 14:00:00+00:00,Multan,128.54166666666666,152.08333333333334,149.125
2026-07-31 15:00:00+00:00,Multan,128.54166666666666,152.08333333333334,149.125
2026-07-31 16:00:00+00:00,Multan,128.54166666666666,152.08333333333334,149.125
2026-07-31 17:00:00+00:00,Multan,128.54166666666666,152.08333333333334,149.125
2026-07-31 18:00:00+00:00,Multan,128.54166666666666,152.08333333333334,149.125
2026-07-31 19:00:00+00:00,Multan,128.54166666666666,152.08333333333334,149.125
2026-07-31 20:00:00+00:00,Multan,128.54166666666666,152.08333333333334,149.125
2026-07-31 21:00:00+00:00,Multan,128.54166666666666,152.08333333333334,149.125
2026-07-31 22:00:00+00:00,Multan,128.54166666666666,152.08333333333334,149.125
2026-07-31 23:00:00+00:00,Multan,128.54166666666666,152.08333333333334,149.125
2026-08-01 00:00:00+00:00,Multan,152.08333333333334,149.125,122.41666666666667
2026-08-01 01:00:00+00:00,Multan,152.08333333333334,149.125,122.41666666666667
2026-08-01 02:00:00+00:00,Multan,152.08333333333334,149.125,122.41666666666667
2026-08-01 03:00:00+00:00,Multan,152.08333333333334,149.125,122.41666666666667
2026-08-01 04:00:00+00:00,Multan,152.08333333333334,149.125,122.41666666666667
2026-08-01 05:00:00+00:00,Multan,152.08333333333334,149.125,122.41666666666667
2026-08-01 06:00:00+00:00,Multan,152.08333333333334,149.125,122.41666666666667
2026-08-01 07:00:00+00:00,Multan,152.08333333333334,149.125,122.41666666666667
2026-08-01 08:00:00+00:00,Multan,152.08333333333334,149.125,122.41666666666667
2026-08-01 09:00:00+00:00,Multan,152.08333333333334,149.125,122.41666666666667
2026-08-01 10:00:00+00:00,Multan,152.08333333333334,149.125,122.41666666666667
2026-08-01 11:00:00+00:00,Multan,152.08333333333334,149.125,122.41666666666667
2026-08-01 12:00:00+00:00,Multan,152.08333333333334,149.125,122.41666666666667
2026-08-01 13:00:00+00:00,Multan,152.08333333333334,149.125,122.41666666666667
2026-08-01 14:00:00+00:00,Multan,152.08333333333334,149.125,122.41666666666667
2026-08-01 15:00:00+00:00,Multan,152.08333333333334,149.125,122.41666666666667
2026-08-01 16:00:00+00:00,Multan,152.08333333333334,149.125,122.41666666666667
2026-08-01 17:00:00+00:00,Multan,152.08333333333334,149.125,122.41666666666667
2026-08-01 18:00:00+00:00,Multan,152.08333333333334,149.125,122.41666666666667
2026-08-01 19:00:00+00:00,Multan,152.08333333333334,149.125,122.41666666666667
2026-08-01 20:00:00+00:00,Multan,152.08333333333334,149.125,122.41666666666667
2026-08-01 21:00:00+00:00,Multan,152.08333333333334,149.125,122.41666666666667
2026-08-01 22:00:00+00:00,Multan,152.08333333333334,149.125,122.41666666666667
2026-08-01 23:00:00+00:00,Multan,152.08333333333334,149.125,122.41666666666667
2026-08-02 00:00:00+00:00,Multan,149.125,122.41666666666667,117.125
2026-08-02 01:00:00+00:00,Multan,149.125,122.41666666666667,117.125
2026-08-02 02:00:00+00:00,Multan,149.125,122.41666666666667,117.125
2026-08-02 03:00:00+00:00,Multan,149.125,122.41666666666667,117.125
2026-08-02 04:00:00+00:00,Multan,149.125,122.41666666666667,117.125
2026-08-02 05:00:00+00:00,Multan,149.125,122.41666666666667,117.125
2026-08-02 06:00:00+00:00,Multan,149.125,122.41666666666667,117.125
2026-08-02 07:00:00+00:00,Multan,149.125,122.41666666666667,117.125
2026-08-02 08:00:00+00:00,Multan,149.125,122.41666666666667,117.125
2026-08-02 09:00:00+00:00,Multan,149.125,122.41666666666667,117.125
2026-08-02 10:00:00+00:00,Multan,149.125,122.41666666666667,117.125
2026-08-02 11:00:00+00:00,Multan,149.125,122.41666666666667,117.125
2026-08-02 12:00:00+00:00,Multan,149.125,122.41666666666667,117.125
2026-08-02 13:00:00+00:00,Multan,149.125,122.41666666666667,117.125
2026-08-02 14:00:00+00:00,Multan,149.125,122.41666666666667,117.125
2026-08-02 15:00:00+00:00,Multan,149.125,122.41666666666667,117.125
2026-08-02 16:00:00+00:00,Multan,149.125,122.41666666666667,117.125
2026-08-02 17:00:00+00:00,Multan,149.125,122.41666666666667,117.125
2026-08-02 18:00:00+00:00,Multan,149.125,122.41666666666667,117.125
2026-08-02 19:00:00+00:00,Multan,149.125,122.41666666666667,117.125
2026-08-02 20:00:00+00:00,Multan,149.125,122.41666666666667,117.125
2026-08-02 21:00:00+00:00,Multan,149.125,122.41666666666667,117.125
2026-08-02 22:00:00+00:00,Multan,149.125,122.41666666666667,117.125
2026-08-02 23:00:00+00:00,Multan,149.125,122.41666666666667,117.125
2026-08-03 00:00:00+00:00,Multan,122.41666666666667,117.125,124.41666666666667
2026-08-03 01:00:00+00:00,Multan,122.41666666666667,117.125,124.41666666666667
2026-08-03 02:00:00+00:00,Multan,122.41666666666667,117.125,124.41666666666667
2026-08-03 03:00:00+00:00,Multan,122.41666666666667,117.125,124.41666666666667
2026-08-03 04:00:00+00:00,Multan,122.41666666666667,117.125,124.41666666666667
2026-08-03 05:00:00+00:00,Multan,122.41666666666667,117.125,124.41666666666667
2026-08-03 06:00:00+00:00,Multan,122.41666666666667,117.125,124.41666666666667
2026-08-03 07:00:00+00:00,Multan,122.41666666666667,117.125,124.41666666666667
2026-08-03 08:00:00+00:00,Multan,122.41666666666667,117.125,124.41666666666667
2026-08-03 09:00:00+00:00,Multan,122.41666666666667,117.125,124.41666666666667
2026-08-03 10:00:00+00:00,Multan,122.41666666666667,117.125,124.41666666666667
2026-08-03 11:00:00+00:00,Multan,122.41666666666667,117.125,124.41666666666667
2026-08-03 12:00:00+00:00,Multan,122.41666666666667,117.125,124.41666666666667
2026-08-03 13:00:00+00:00,Multan,122.41666666666667,117.125,124.41666666666667
2026-08-03 14:00:00+00:00,Multan,122.41666666666667,117.125,124.41666666666667
2026-08-03 15:00:00+00:00,Multan,122.41666666666667,117.125,124.41666666666667
2026-08-03 16:00:00+00:00,Multan,122.41666666666667,117.125,124.41666666666667
2026-08-03 17:00:00+00:00,Multan,122.41666666666667,117.125,124.41666666666667
2026-08-03 18:00:00+00:00,Multan,122.41666666666667,117.125,124.41666666666667
2026-08-03 19:00:00+00:00,Multan,122.41666666666667,117.125,124.41666666666667
2026-08-03 20:00:00+00:00,Multan,122.41666666666667,117.125,124.41666666666667
2026-08-03 21:00:00+00:00,Multan,122.41666666666667,117.125,124.41666666666667
2026-08-03 22:00:00+00:00,Multan,122.41666666666667,117.125,124.41666666666667
2026-08-03 23:00:00+00:00,Multan,122.41666666666667,117.125,124.41666666666667
2026-08-04 00:00:00+00:00,Multan,117.125,124.41666666666667,165.04166666666666
2026-08-04 01:00:00+00:00,Multan,117.125,124.41666666666667,165.04166666666666
2026-08-04 02:00:00+00:00,Multan,117.125,124.41666666666667,165.04166666666666
2026-08-04 03:00:00+00:00,Multan,117.125,124.41666666666667,165.04166666666666
2026-08-04 04:00:00+00:00,Multan,117.125,124.41666666666667,165.04166666666666
2026-08-04 05:00:00+00:00,Multan,117.125,124.41666666666667,165.04166666666666
2026-08-04 06:00:00+00:00,Multan,117.125,124.41666666666667,165.04166666666666
2026-08-04 07:00:00+00:00,Multan,117.125,124.41666666666667,165.04166666666666
2026-08-04 08:00:00+00:00,Multan,117.125,124.41666666666667,165.04166666666666
2026-08-04 09:00:00+00:00,Multan,117.125,124.41666666666667,165.04166666666666
2026-08-04 10:00:00+00:00,Multan,117.125,124.41666666666667,165.04166666666666
2026-08-04 11:00:00+00:00,Multan,117.125,124.41666666666667,165.04166666666666
2026-08-04 12:00:00+00:00,Multan,117.125,124.41666666666667,165.04166666666666
2026-08-04 13:00:00+00:00,Multan,117.125,124.41666666666667,165.04166666666666
2026-08-04 14:00:00+00:00,Multan,117.125,124.41666666666667,165.04166666666666
2026-08-04 15:00:00+00:00,Multan,117.125,124.41666666666667,165.04166666666666
2026-08-04 16:00:00+00:00,Multan,117.125,124.41666666666667,165.04166666666666
2026-08-04 17:00:00+00:00,Multan,117.125,124.41666666666667,165.04166666666666
2026-08-04 18:00:00+00:00,Multan,117.125,124.41666666666667,165.04166666666666
2026-08-04 19:00:00+00:00,Multan,117.125,124.41666666666667,165.04166666666666
2026-08-04 20:00:00+00:00,Multan,117.125,124.41666666666667,165.04166666666666
2026-08-04 21:00:00+00:00,Multan,117.125,124.41666666666667,165.04166666666666
2026-08-04 22:00:00+00:00,Multan,117.125,124.41666666666667,165.04166666666666
2026-08-04 23:00:00+00:00,Multan,117.125,124.41666666666667,165.04166666666666
2026-08-05 00:00:00+00:00,Multan,124.41666666666667,165.04166666666666,170.04166666666666
2026-08-05 01:00:00+00:00,Multan,124.41666666666667,165.04166666666666,170.04166666666666
2026-08-05 02:00:00+00:00,Multan,124.41666666666667,165.04166666666666,170.04166666666666
2026-08-05 03:00:00+00:00,Multan,124.41666666666667,165.04166666666666,170.04166666666666
2026-08-05 04:00:00+00:00,Multan,124.41666666666667,165.04166666666666,170.04166666666666
2026-08-05 05:00:00+00:00,Multan,124.41666666666667,165.04166666666666,170.04166666666666
2026-08-05 06:00:00+00:00,Multan,124.41666666666667,165.04166666666666,170.04166666666666
2026-08-05 07:00:00+00:00,Multan,124.41666666666667,165.04166666666666,170.04166666666666
2026-08-05 08:00:00+00:00,Multan,124.41666666666667,165.04166666666666,170.04166666666666
2026-08-05 09:00:00+00:00,Multan,124.41666666666667,165.04166666666666,170.04166666666666
2026-08-05 10:00:00+00:00,Multan,124.41666666666667,165.04166666666666,170.04166666666666
2026-08-05 11:00:00+00:00,Multan,124.41666666666667,165.04166666666666,170.04166666666666
2026-08-05 12:00:00+00:00,Multan,124.41666666666667,165.04166666666666,170.04166666666666
2026-08-05 13:00:00+00:00,Multan,124.41666666666667,165.04166666666666,170.04166666666666
2026-08-05 14:00:00+00:00,Multan,124.41666666666667,165.04166666666666,170.04166666666666
2026-08-05 15:00:00+00:00,Multan,124.41666666666667,165.04166666666666,170.04166666666666
2026-08-05 16:00:00+00:00,Multan,124.41666666666667,165.04166666666666,170.04166666666666
2026-08-05 17:00:00+00:00,Multan,124.41666666666667,165.04166666666666,170.04166666666666
2026-08-05 18:00:00+00:00,Multan,124.41666666666667,165.04166666666666,170.04166666666666
2026-08-05 19:00:00+00:00,Multan,124.41666666666667,165.04166666666666,170.04166666666666
2026-08-05 20:00:00+00:00,Multan,124.41666666666667,165.04166666666666,170.04166666666666
2026-08-05 21:00:00+00:00,Multan,124.41666666666667,165.04166666666666,170.04166666666666
2026-08-05 22:00:00+00:00,Multan,124.41666666666667,165.04166666666666,170.04166666666666
2026-08-05 23:00:00+00:00,Multan,124.41666666666667,165.04166666666666,170.04166666666666
2026-08-06 00:00:00+00:00,Multan,165.04166666666666,170.04166666666666,152.91666666666666
2026-08-06 01:00:00+00:00,Multan,165.04166666666666,170.04166666666666,152.91666666666666
2026-08-06 02:00:00+00:00,Multan,165.04166666666666,170.04166666666666,152.91666666666666
2026-08-06 03:00:00+00:00,Multan,165.04166666666666,170.04166666666666,152.91666666666666
2026-08-06 04:00:00+00:00,Multan,165.04166666666666,170.04166666666666,152.91666666666666
2026-08-06 05:00:00+00:00,Multan,165.04166666666666,170.04166666666666,152.91666666666666
2026-08-06 06:00:00+00:00,Multan,165.04166666666666,170.04166666666666,152.91666666666666
2026-08-06 07:00:00+00:00,Multan,165.04166666666666,170.04166666666666,152.91666666666666
2026-08-06 08:00:00+00:00,Multan,165.04166666666666,170.04166666666666,152.91666666666666
2026-08-06 09:00:00+00:00,Multan,165.04166666666666,170.04166666666666,152.91666666666666
2026-08-06 10:00:00+00:00,Multan,165.04166666666666,170.04166666666666,152.91666666666666
2026-08-06 11:00:00+00:00,Multan,165.04166666666666,170.04166666666666,152.91666666666666
2026-08-06 12:00:00+00:00,Multan,165.04166666666666,170.04166666666666,152.91666666666666
2026-08-06 13:00:00+00:00,Multan,165.04166666666666,170.04166666666666,152.91666666666666
2026-08-06 14:00:00+00:00,Multan,165.04166666666666,170.04166666666666,152.91666666666666
2026-08-06 15:00:00+00:00,Multan,165.04166666666666,170.04166666666666,152.91666666666666
2026-08-06 16:00:00+00:00,Multan,165.04166666666666,170.04166666666666,152.91666666666666
2026-08-06 17:00:00+00:00,Multan,165.04166666666666,170.04166666666666,152.91666666666666
2026-08-06 18:00:00+00:00,Multan,165.04166666666666,170.04166666666666,152.91666666666666
2026-08-06 19:00:00+00:00,Multan,165.04166666666666,170.04166666666666,152.91666666666666
2026-08-06 20:00:00+00:00,Multan,165.04166666666666,170.04166666666666,152.91666666666666
2026-08-06 21:00:00+00:00,Multan,165.04166666666666,170.04166666666666,152.91666666666666
2026-08-06 22:00:00+00:00,Multan,165.04166666666666,170.04166666666666,152.91666666666666
2026-08-06 23:00:00+00:00,Multan,165.04166666666666,170.04166666666666,152.91666666666666
2026-08-07 00:00:00+00:00,Multan,170.04166666666666,152.91666666666666,146.58333333333334
2026-08-07 01:00:00+00:00,Multan,170.04166666666666,152.91666666666666,146.58333333333334
2026-08-07 02:00:00+00:00,Multan,170.04166666666666,152.91666666666666,146.58333333333334
2026-08-07 03:00:00+00:00,Multan,170.04166666666666,152.91666666666666,146.58333333333334
2026-08-07 04:00:00+00:00,Multan,170.04166666666666,152.91666666666666,146.58333333333334
2026-08-07 05:00:00+00:00,Multan,170.04166666666666,152.91666666666666,146.58333333333334
2026-08-07 06:00:00+00:00,Multan,170.04166666666666,152.91666666666666,146.58333333333334
2026-08-07 07:00:00+00:00,Multan,170.04166666666666,152.91666666666666,146.58333333333334
2026-08-07 08:00:00+00:00,Multan,170.04166666666666,152.91666666666666,146.58333333333334
2026-08-07 09:00:00+00:00,Multan,170.04166666666666,152.91666666666666,146.58333333333334
2026-08-07 10:00:00+00:00,Multan,170.04166666666666,152.91666666666666,146.58333333333334
2026-08-07 11:00:00+00:00,Multan,170.04166666666666,152.91666666666666,146.58333333333334
2026-08-07 12:00:00+00:00,Multan,170.04166666666666,152.91666666666666,146.58333333333334
2026-08-07 13:00:00+00:00,Multan,170.04166666666666,152.91666666666666,146.58333333333334
2026-08-07 14:00:00+00:00,Multan,170.04166666666666,152.91666666666666,146.58333333333334
2026-08-07 15:00:00+00:00,Multan,170.04166666666666,152.91666666666666,146.58333333333334
2026-08-07 16:00:00+00:00,Multan,170.04166666666666,152.91666666666666,146.58333333333334
2026-08-07 17:00:00+00:00,Multan,170.04166666666666,152.91666666666666,146.58333333333334
2026-08-07 18:00:00+00:00,Multan,170.04166666666666,152.91666666666666,146.58333333333334
2026-08-07 19:00:00+00:00,Multan,170.04166666666666,152.91666666666666,146.58333333333334
2026-08-07 20:00:00+00:00,Multan,170.04166666666666,152.91666666666666,146.58333333333334
2026-08-07 21:00:00+00:00,Multan,170.04166666666666,152.91666666666666,146.58333333333334
2026-08-07 22:00:00+00:00,Multan,170.04166666666666,152.91666666666666,146.58333333333334
2026-08-07 23:00:00+00:00,Multan,170.04166666666666,152.91666666666666,146.58333333333334
2026-08-08 00:00:00+00:00,Multan,152.91666666666666,146.58333333333334,137.33333333333334
2026-08-08 01:00:00+00:00,Multan,152.91666666666666,146.58333333333334,137.33333333333334
2026-08-08 02:00:00+00:00,Multan,152.91666666666666,146.58333333333334,137.33333333333334
2026-08-08 03:00:00+00:00,Multan,152.91666666666666,146.58333333333334,137.33333333333334
2026-08-08 04:00:00+00:00,Multan,152.91666666666666,146.58333333333334,137.33333333333334
2026-08-08 05:00:00+00:00,Multan,152.91666666666666,146.58333333333334,137.33333333333334
2026-08-08 06:00:00+00:00,Multan,152.91666666666666,146.58333333333334,137.33333333333334
2026-08-08 07:00:00+00:00,Multan,152.91666666666666,146.58333333333334,137.33333333333334
2026-08-08 08:00:00+00:00,Multan,152.91666666666666,146.58333333333334,137.33333333333334
2026-08-08 09:00:00+00:00,Multan,152.91666666666666,146.58333333333334,137.33333333333334
2026-08-08 10:00:00+00:00,Multan,152.91666666666666,146.58333333333334,137.33333333333334
2026-08-08 11:00:00+00:00,Multan,152.91666666666666,146.58333333333334,137.33333333333334
2026-08-08 12:00:00+00:00,Multan,152.91666666666666,146.58333333333334,137.33333333333334
2026-08-08 13:00:00+00:00,Multan,152.91666666666666,146.58333333333334,137.33333333333334
2026-08-08 14:00:00+00:00,Multan,152.91666666666666,146.58333333333334,137.33333333333334
2026-08-08 15:00:00+00:00,Multan,152.91666666666666,146.58333333333334,137.33333333333334
2026-08-08 16:00:00+00:00,Multan,152.91666666666666,146.58333333333334,137.33333333333334
2026-08-08 17:00:00+00:00,Multan,152.91666666666666,146.58333333333334,137.33333333333334
2026-08-08 18:00:00+00:00,Multan,152.91666666666666,146.58333333333334,137.33333333333334
2026-08-08 19:00:00+00:00,Multan,152.91666666666666,146.58333333333334,137.33333333333334
2026-08-08 20:00:00+00:00,Multan,152.91666666666666,146.58333333333334,137.33333333333334
2026-08-08 21:00:00+00:00,Multan,152.91666666666666,146.58333333333334,137.33333333333334
2026-08-08 22:00:00+00:00,Multan,152.91666666666666,146.58333333333334,137.33333333333334
2026-08-08 23:00:00+00:00,Multan,152.91666666666666,146.58333333333334,137.33333333333334
2026-08-09 00:00:00+00:00,Multan,146.58333333333334,137.33333333333334,153.20833333333334
2026-08-09 01:00:00+00:00,Multan,146.58333333333334,137.33333333333334,153.20833333333334
2026-08-09 02:00:00+00:00,Multan,146.58333333333334,137.33333333333334,153.20833333333334
2026-08-09 03:00:00+00:00,Multan,146.58333333333334,137.33333333333334,153.20833333333334
2026-08-09 04:00:00+00:00,Multan,146.58333333333334,137.33333333333334,153.20833333333334
2026-08-09 05:00:00+00:00,Multan,146.58333333333334,137.33333333333334,153.20833333333334
2026-08-09 06:00:00+00:00,Multan,146.58333333333334,137.33333333333334,153.20833333333334
2026-08-09 07:00:00+00:00,Multan,146.58333333333334,137.33333333333334,153.20833333333334
2026-08-09 08:00:00+00:00,Multan,146.58333333333334,137.33333333333334,153.20833333333334
2026-08-09 09:00:00+00:00,Multan,146.58333333333334,137.33333333333334,153.20833333333334
2026-08-09 10:00:00+00:00,Multan,146.58333333333334,137.33333333333334,153.20833333333334
2026-08-09 11:00:00+00:00,Multan,146.58333333333334,137.33333333333334,153.20833333333334
2026-08-09 12:00:00+00:00,Multan,146.58333333333334,137.33333333333334,153.20833333333334
2026-08-09 13:00:00+00:00,Multan,146.58333333333334,137.33333333333334,153.20833333333334
2026-08-09 14:00:00+00:00,Multan,146.58333333333334,137.33333333333334,153.20833333333334
2026-08-09 15:00:00+00:00,Multan,146.58333333333334,137.33333333333334,153.20833333333334
2026-08-09 16:00:00+00:00,Multan,146.58333333333334,137.33333333333334,153.20833333333334
2026-08-09 17:00:00+00:00,Multan,146.58333333333334,137.33333333333334,153.20833333333334
2026-08-09 18:00:00+00:00,Multan,146.58333333333334,137.33333333333334,153.20833333333334
2026-08-09 19:00:00+00:00,Multan,146.58333333333334,137.33333333333334,153.20833333333334
2026-08-09 20:00:00+00:00,Multan,146.58333333333334,137.33333333333334,153.20833333333334
2026-08-09 21:00:00+00:00,Multan,146.58333333333334,137.33333333333334,153.20833333333334
2026-08-09 22:00:00+00:00,Multan,146.58333333333334,137.33333333333334,153.20833333333334
2026-08-09 23:00:00+00:00,Multan,146.58333333333334,137.33333333333334,153.20833333333334
2026-08-10 00:00:00+00:00,Multan,137.33333333333334,153.20833333333334,143.66666666666666
2026-08-10 01:00:00+00:00,Multan,137.33333333333334,153.20833333333334,143.66666666666666
2026-08-10 02:00:00+00:00,Multan,137.33333333333334,153.20833333333334,143.66666666666666
2026-08-10 03:00:00+00:00,Multan,137.33333333333334,153.20833333333334,143.66666666666666
2026-08-10 04:00:00+00:00,Multan,137.33333333333334,153.20833333333334,143.66666666666666
2026-08-10 05:00:00+00:00,Multan,137.33333333333334,153.20833333333334,143.66666666666666
2026-08-10 06:00:00+00:00,Multan,137.33333333333334,153.20833333333334,143.66666666666666
2026-08-10 07:00:00+00:00,Multan,137.33333333333334,153.20833333333334,143.66666666666666
2026-08-10 08:00:00+00:00,Multan,137.33333333333334,153.20833333333334,143.66666666666666
2026-08-10 09:00:00+00:00,Multan,137.33333333333334,153.20833333333334,143.66666666666666
2026-08-10 10:00:00+00:00,Multan,137.33333333333334,153.20833333333334,143.66666666666666
2026-08-10 11:00:00+00:00,Multan,137.33333333333334,153.20833333333334,143.66666666666666
2026-08-10 12:00:00+00:00,Multan,137.33333333333334,153.20833333333334,143.66666666666666
2026-08-10 13:00:00+00:00,Multan,137.33333333333334,153.20833333333334,143.66666666666666
2026-08-10 14:00:00+00:00,Multan,137.33333333333334,153.20833333333334,143.66666666666666
2026-08-10 15:00:00+00:00,Multan,137.33333333333334,153.20833333333334,143.66666666666666
2026-08-10 16:00:00+00:00,Multan,137.33333333333334,153.20833333333334,143.66666666666666
2026-08-10 17:00:00+00:00,Multan,137.33333333333334,153.20833333333334,143.66666666666666
2026-08-10 18:00:00+00:00,Multan,137.33333333333334,153.20833333333334,143.66666666666666
2026-08-10 19:00:00+00:00,Multan,137.33333333333334,153.20833333333334,143.66666666666666
2026-08-10 20:00:00+00:00,Multan,137.33333333333334,153.20833333333334,143.66666666666666
2026-08-10 21:00:00+00:00,Multan,137.33333333333334,153.20833333333334,143.66666666666666
2026-08-10 22:00:00+00:00,Multan,137.33333333333334,153.20833333333334,143.66666666666666
2026-08-10 23:00:00+00:00,Multan,137.33333333333334,153.20833333333334,143.66666666666666
2026-08-11 00:00:00+00:00,Multan,153.20833333333334,143.66666666666666,114.91666666666667
2026-08-11 01:00:00+00:00,Multan,153.20833333333334,143.66666666666666,114.91666666666667
2026-08-11 02:00:00+00:00,Multan,153.20833333333334,143.66666666666666,114.91666666666667
2026-08-11 03:00:00+00:00,Multan,153.20833333333334,143.66666666666666,114.91666666666667
2026-08-11 04:00:00+00:00,Multan,153.20833333333334,143.66666666666666,114.91666666666667
2026-08-11 05:00:00+00:00,Multan,153.20833333333334,143.66666666666666,114.91666666666667
2026-08-11 06:00:00+00:00,Multan,153.20833333333334,143.66666666666666,114.91666666666667
2026-08-11 07:00:00+00:00,Multan,153.20833333333334,143.66666666666666,114.91666666666667
2026-08-11 08:00:00+00:00,Multan,153.20833333333334,143.66666666666666,114.91666666666667
2026-08-11 09:00:00+00:00,Multan,153.20833333333334,143.66666666666666,114.91666666666667
2026-08-11 10:00:00+00:00,Multan,153.20833333333334,143.66666666666666,114.91666666666667
2026-08-11 11:00:00+00:00,Multan,153.20833333333334,143.66666666666666,114.91666666666667
2026-08-11 12:00:00+00:00,Multan,153.20833333333334,143.66666666666666,114.91666666666667
2026-08-11 13:00:00+00:00,Multan,153.20833333333334,143.66666666666666,114.91666666666667
2026-08-11 14:00:00+00:00,Multan,153.20833333333334,143.66666666666666,114.91666666666667
2026-08-11 15:00:00+00:00,Multan,153.20833333333334,143.66666666666666,114.91666666666667
2026-08-11 16:00:00+00:00,Multan,153.20833333333334,143.66666666666666,114.91666666666667
2026-08-11 17:00:00+00:00,Multan,153.20833333333334,143.66666666666666,114.91666666666667
2026-08-11 18:00:00+00:00,Multan,153.20833333333334,143.66666666666666,114.91666666666667
2026-08-11 19:00:00+00:00,Multan,153.20833333333334,143.66666666666666,114.91666666666667
2026-08-11 20:00:00+00:00,Multan,153.20833333333334,143.66666666666666,114.91666666666667
2026-08-11 21:00:00+00:00,Multan,153.20833333333334,143.66666666666666,114.91666666666667
2026-08-11 22:00:00+00:00,Multan,153.20833333333334,143.66666666666666,114.91666666666667
2026-08-11 23:00:00+00:00,Multan,153.20833333333334,143.66666666666666,114.91666666666667
2026-08-12 00:00:00+00:00,Multan,143.66666666666666,114.91666666666667,111.625
2026-08-12 01:00:00+00:00,Multan,143.66666666666666,114.91666666666667,111.625
2026-08-12 02:00:00+00:00,Multan,143.66666666666666,114.91666666666667,111.625
2026-08-12 03:00:00+00:00,Multan,143.66666666666666,114.91666666666667,111.625
2026-08-12 04:00:00+00:00,Multan,143.66666666666666,114.91666666666667,111.625
2026-08-12 05:00:00+00:00,Multan,143.66666666666666,114.91666666666667,111.625
2026-08-12 06:00:00+00:00,Multan,143.66666666666666,114.91666666666667,111.625
2026-08-12 07:00:00+00:00,Multan,143.66666666666666,114.91666666666667,111.625
2026-08-12 08:00:00+00:00,Multan,143.66666666666666,114.91666666666667,111.625
2026-08-12 09:00:00+00:00,Multan,143.66666666666666,114.91666666666667,111.625
2026-08-12 10:00:00+00:00,Multan,143.66666666666666,114.91666666666667,111.625
2026-08-12 11:00:00+00:00,Multan,143.66666666666666,114.91666666666667,111.625
2026-08-12 12:00:00+00:00,Multan,143.66666666666666,114.91666666666667,111.625
2026-08-12 13:00:00+00:00,Multan,143.66666666666666,114.91666666666667,111.625
2026-08-12 14:00:00+00:00,Multan,143.66666666666666,114.91666666666667,111.625
2026-08-12 15:00:00+00:00,Multan,143.66666666666666,114.91666666666667,111.625
2026-08-12 16:00:00+00:00,Multan,143.66666666666666,114.91666666666667,111.625
2026-08-12 17:00:00+00:00,Multan,143.66666666666666,114.91666666666667,111.625
2026-08-12 18:00:00+00:00,Multan,143.66666666666666,114.91666666666667,111.625
2026-08-12 19:00:00+00:00,Multan,143.66666666666666,114.91666666666667,111.625
2026-08-12 20:00:00+00:00,Multan,143.66666666666666,114.91666666666667,111.625
2026-08-12 21:00:00+00:00,Multan,143.66666666666666,114.91666666666667,111.625
2026-08-12 22:00:00+00:00,Multan,143.66666666666666,114.91666666666667,111.625
2026-08-12 23:00:00+00:00,Multan,143.66666666666666,114.91666666666667,111.625
2026-08-13 00:00:00+00:00,Multan,114.91666666666667,111.625,95.95833333333333
2026-08-13 01:00:00+00:00,Multan,114.91666666666667,111.625,95.95833333333333
2026-08-13 02:00:00+00:00,Multan,114.91666666666667,111.625,95.95833333333333
2026-08-13 03:00:00+00:00,Multan,114.91666666666667,111.625,95.95833333333333
2026-08-13 04:00:00+00:00,Multan,114.91666666666667,111.625,95.95833333333333
2026-08-13 05:00:00+00:00,Multan,114.91666666666667,111.625,95.95833333333333
2026-08-13 06:00:00+00:00,Multan,114.91666666666667,111.625,95.95833333333333
2026-08-13 07:00:00+00:00,Multan,114.91666666666667,111.625,95.95833333333333
2026-08-13 08:00:00+00:00,Multan,114.91666666666667,111.625,95.95833333333333
2026-08-13 09:00:00+00:00,Multan,114.91666666666667,111.625,95.95833333333333
2026-08-13 10:00:00+00:00,Multan,114.91666666666667,111.625,95.95833333333333
2026-08-13 11:00:00+00:00,Multan,114.91666666666667,111.625,95.95833333333333
2026-08-13 12:00:00+00:00,Multan,114.91666666666667,111.625,95.95833333333333
2026-08-13 13:00:00+00:00,Multan,114.91666666666667,111.625,95.95833333333333
2026-08-13 14:00:00+00:00,Multan,114.91666666666667,111.625,95.95833333333333
2026-08-13 15:00:00+00:00,Multan,114.91666666666667,111.625,95.95833333333333
2026-08-13 16:00:00+00:00,Multan,114.91666666666667,111.625,95.95833333333333
2026-08-13 17:00:00+00:00,Multan,114.91666666666667,111.625,95.95833333333333
2026-08-13 18:00:00+00:00,Multan,114.91666666666667,111.625,95.95833333333333
2026-08-13 19:00:00+00:00,Multan,114.91666666666667,111.625,95.95833333333333
2026-08-13 20:00:00+00:00,Multan,114.91666666666667,111.625,95.95833333333333
2026-08-13 21:00:00+00:00,Multan,114.91666666666667,111.625,95.95833333333333
2026-08-13 22:00:00+00:00,Multan,114.91666666666667,111.625,95.95833333333333
2026-08-13 23:00:00+00:00,Multan,114.91666666666667,111.625,95.95833333333333
2026-08-14 00:00:00+00:00,Multan,111.625,95.95833333333333,104.16666666666667
2026-08-14 01:00:00+00:00,Multan,111.625,95.95833333333333,104.16666666666667
2026-08-14 02:00:00+00:00,Multan,111.625,95.95833333333333,104.16666666666667
2026-08-14 03:00:00+00:00,Multan,111.625,95.95833333333333,104.16666666666667
2026-08-14 04:00:00+00:00,Multan,111.625,95.95833333333333,104.16666666666667
2026-08-14 05:00:00+00:00,Multan,111.625,95.95833333333333,104.16666666666667
2026-08-14 06:00:00+00:00,Multan,111.625,95.95833333333333,104.16666666666667
2026-08-14 07:00:00+00:00,Multan,111.625,95.95833333333333,104.16666666666667
2026-08-14 08:00:00+00:00,Multan,111.625,95.95833333333333,104.16666666666667
2026-08-14 09:00:00+00:00,Multan,111.625,95.95833333333333,104.16666666666667
2026-08-14 10:00:00+00:00,Multan,111.625,95.95833333333333,104.16666666666667
2026-08-14 11:00:00+00:00,Multan,111.625,95.95833333333333,104.16666666666667
2026-08-14 12:00:00+00:00,Multan,111.625,95.95833333333333,104.16666666666667
2026-08-14 13:00:00+00:00,Multan,111.625,95.95833333333333,104.16666666666667
2026-08-14 14:00:00+00:00,Multan,111.625,95.95833333333333,104.16666666666667
2026-08-14 15:00:00+00:00,Multan,111.625,95.95833333333333,104.16666666666667
2026-08-14 16:00:00+00:00,Multan,111.625,95.95833333333333,104.16666666666667
2026-08-14 17:00:00+00:00,Multan,111.625,95.95833333333333,104.16666666666667
2026-08-14 18:00:00+00:00,Multan,111.625,95.95833333333333,104.16666666666667
2026-08-14 19:00:00+00:00,Multan,111.625,95.95833333333333,104.16666666666667
2026-08-14 20:00:00+00:00,Multan,111.625,95.95833333333333,104.16666666666667
2026-08-14 21:00:00+00:00,Multan,111.625,95.95833333333333,104.16666666666667
2026-08-14 22:00:00+00:00,Multan,111.625,95.95833333333333,104.16666666666667
2026-08-14 23:00:00+00:00,Multan,111.625,95.95833333333333,104.16666666666667
2026-08-15 00:00:00+00:00,Multan,95.95833333333333,104.16666666666667,122.25
2026-08-15 01:00:00+00:00,Multan,95.95833333333333,104.16666666666667,122.25
2026-08-15 02:00:00+00:00,Multan,95.95833333333333,104.16666666666667,122.25
2026-08-15 03:00:00+00:00,Multan,95.95833333333333,104.16666666666667,122.25
2026-08-15 04:00:00+00:00,Multan,95.95833333333333,104.16666666666667,122.25
2026-08-15 05:00:00+00:00,Multan,95.95833333333333,104.16666666666667,122.25
2026-08-15 06:00:00+00:00,Multan,95.95833333333333,104.16666666666667,122.25
2026-08-15 07:00:00+00:00,Multan,95.95833333333333,104.16666666666667,122.25
2026-08-15 08:00:00+00:00,Multan,95.95833333333333,104.16666666666667,122.25
2026-08-15 09:00:00+00:00,Multan,95.95833333333333,104.16666666666667,122.25
2026-08-15 10:00:00+00:00,Multan,95.95833333333333,104.16666666666667,122.25
2026-08-15 11:00:00+00:00,Multan,95.95833333333333,104.16666666666667,122.25
2026-08-15 12:00:00+00:00,Multan,95.95833333333333,104.16666666666667,122.25
2026-08-15 13:00:00+00:00,Multan,95.95833333333333,104.16666666666667,122.25
2026-08-15 14:00:00+00:00,Multan,95.95833333333333,104.16666666666667,122.25
2026-08-15 15:00:00+00:00,Multan,95.95833333333333,104.16666666666667,122.25
2026-08-15 16:00:00+00:00,Multan,95.95833333333333,104.16666666666667,122.25
2026-08-15 17:00:00+00:00,Multan,95.95833333333333,104.16666666666667,122.25
2026-08-15 18:00:00+00:00,Multan,95.95833333333333,104.16666666666667,122.25
2026-08-15 19:00:00+00:00,Multan,95.95833333333333,104.16666666666667,122.25
2026-08-15 20:00:00+00:00,Multan,95.95833333333333,104.16666666666667,122.25
2026-08-15 21:00:00+00:00,Multan,95.95833333333333,104.16666666666667,122.25
2026-08-15 22:00:00+00:00,Multan,95.95833333333333,104.16666666666667,122.25
2026-08-15 23:00:00+00:00,Multan,95.95833333333333,104.16666666666667,122.25
2026-08-16 00:00:00+00:00,Multan,104.16666666666667,122.25,151.375
2026-08-16 01:00:00+00:00,Multan,104.16666666666667,122.25,151.375
2026-08-16 02:00:00+00:00,Multan,104.16666666666667,122.25,151.375
2026-08-16 03:00:00+00:00,Multan,104.16666666666667,122.25,151.375
2026-08-16 04:00:00+00:00,Multan,104.16666666666667,122.25,151.375
2026-08-16 05:00:00+00:00,Multan,104.16666666666667,122.25,151.375
2026-08-16 06:00:00+00:00,Multan,104.16666666666667,122.25,151.375
2026-08-16 07:00:00+00:00,Multan,104.16666666666667,122.25,151.375
2026-08-16 08:00:00+00:00,Multan,104.16666666666667,122.25,151.375
2026-08-16 09:00:00+00:00,Multan,104.16666666666667,122.25,151.375
2026-08-16 10:00:00+00:00,Multan,104.16666666666667,122.25,151.375
2026-08-16 11:00:00+00:00,Multan,104.16666666666667,122.25,151.375
2026-08-16 12:00:00+00:00,Multan,104.16666666666667,122.25,151.375
2026-08-16 13:00:00+00:00,Multan,104.16666666666667,122.25,151.375
2026-08-16 14:00:00+00:00,Multan,104.16666666666667,122.25,151.375
2026-08-16 15:00:00+00:00,Multan,104.16666666666667,122.25,151.375
2026-08-16 16:00:00+00:00,Multan,104.16666666666667,122.25,151.375
2026-08-16 17:00:00+00:00,Multan,104.16666666666667,122.25,151.375
2026-08-16 18:00:00+00:00,Multan,104.16666666666667,122.25,151.375
2026-08-16 19:00:00+00:00,Multan,104.16666666666667,122.25,151.375
2026-08-16 20:00:00+00:00,Multan,104.16666666666667,122.25,151.375
2026-08-16 21:00:00+00:00,Multan,104.16666666666667,122.25,151.375
2026-08-16 22:00:00+00:00,Multan,104.16666666666667,122.25,151.375
2026-08-16 23:00:00+00:00,Multan,104.16666666666667,122.25,151.375
2026-08-17 00:00:00+00:00,Multan,122.25,151.375,
2026-08-17 01:00:00+00:00,Multan,122.25,151.375,
2026-08-17 02:00:00+00:00,Multan,122.25,151.375,
2026-08-17 03:00:00+00:00,Multan,122.25,151.375,
2026-08-17 04:00:00+00:00,Multan,122.25,151.375,
2026-08-17 05:00:00+00:00,Multan,122.25,151.375,
2026-08-17 06:00:00+00:00,Multan,122.25,151.375,
2026-08-17 07:00:00+00:00,Multan,122.25,151.375,
2026-08-17 08:00:00+00:00,Multan,122.25,151.375,
2026-08-17 09:00:00+00:00,Multan,122.25,151.375,
2026-08-17 10:00:00+00:00,Multan,122.25,151.375,
2026-08-17 11:00:00+00:00,Multan,122.25,151.375,
2026-08-17 12:00:00+00:00,Multan,122.25,151.375,
2026-08-17 13:00:00+00:00,Multan,122.25,151.375,
2026-08-17 14:00:00+00:00,Multan,122.25,151.375,
2026-08-17 15:00:00+00:00,Multan,122.25,151.375,
2026-08-17 16:00:00+00:00,Multan,122.25,151.375,
2026-08-17 17:00:00+00:00,Multan,122.25,151.375,
2026-08-17 18:00:00+00:00,Multan,122.25,151.375,
2026-08-17 19:00:00+00:00,Multan,122.25,151.375,
2026-08-17 20:00:00+00:00,Multan,122.25,151.375,
2026-08-17 21:00:00+00:00,Multan,122.25,151.375,
2026-08-17 22:00:00+00:00,Multan,122.25,151.375,
2026-08-17 23:00:00+00:00,Multan,122.25,151.375,
2026-08-18 00:00:00+00:00,Multan,151.375,,
2026-08-18 01:00:00+00:00,Multan,151.375,,
2026-08-18 02:00:00+00:00,Multan,151.375,,
2026-08-18 03:00:00+00:00,Multan,151.375,,
2026-08-18 04:00:00+00:00,Multan,151.375,,
2026-08-18 05:00:00+00:00,Multan,151.375,,
2026-08-18 06:00:00+00:00,Multan,151.375,,
2026-08-18 07:00:00+00:00,Multan,151.375,,
2026-08-18 08:00:00+00:00,Multan,151.375,,
2026-08-18 09:00:00+00:00,Multan,151.375,,
2026-08-18 10:00:00+00:00,Multan,151.375,,
2026-08-18 11:00:00+00:00,Multan,151.375,,
2026-08-18 12:00:00+00:00,Multan,151.375,,
2026-08-18 13:00:00+00:00,Multan,151.375,,
2026-08-18 14:00:00+00:00,Multan,151.375,,
2026-08-18 15:00:00+00:00,Multan,151.375,,
2026-08-18 16:00:00+00:00,Multan,151.375,,
2026-08-18 17:00:00+00:00,Multan,151.375,,
2026-08-18 18:00:00+00:00,Multan,151.375,,
2026-08-18 19:00:00+00:00,Multan,151.375,,
2026-08-18 20:00:00+00:00,Multan,151.375,,
2026-08-18 21:00:00+00:00,Multan,151.375,,
2026-08-18 22:00:00+00:00,Multan,151.375,,
2026-08-18 23:00:00+00:00,Multan,151.375,,
2026-08-19 00:00:00+00:00,Multan,,,
2026-08-19 01:00:00+00:00,Multan,,,
2026-08-19 02:00:00+00:00,Multan,,,
2026-08-19 03:00:00+00:00,Multan,,,
2026-08-19 04:00:00+00:00,Multan,,,
2026-08-19 05:00:00+00:00,Multan,,,
2026-08-19 06:00:00+00:00,Multan,,,
2026-08-19 07:00:00+00:00,Multan,,,
2026-08-19 08:00:00+00:00,Multan,,,
2026-08-19 09:00:00+00:00,Multan,,,
2026-08-19 10:00:00+00:00,Multan,,,
2026-08-19 11:00:00+00:00,Multan,,,
2026-08-19 12:00:00+00:00,Multan,,,
2026-08-19 13:00:00+00:00,Multan,,,
2026-08-19 14:00:00+00:00,Multan,,,
2026-08-19 15:00:00+00:00,Multan,,,
2026-08-19 16:00:00+00:00,Multan,,,
2026-08-19 17:00:00+00:00,Multan,,,
2026-08-19 18:00:00+00:00,Multan,,,
2026-08-19 19:00:00+00:00,Multan,,,
2026-08-19 20:00:00+00:00,Multan,,,
2026-08-19 21:00:00+00:00,Multan,,,
2026-08-19 22:00:00+00:00,Multan,,,
2026-08-19 23:00:00+00:00,Multan,,,
2026-05-21 00:00:00+00:00,Peshawar,84.29166666666667,86.16666666666667,77.41666666666667
2026-05-21 01:00:00+00:00,Peshawar,84.29166666666667,86.16666666666667,77.41666666666667
2026-05-21 02:00:00+00:00,Peshawar,84.29166666666667,86.16666666666667,77.41666666666667
2026-05-21 03:00:00+00:00,Peshawar,84.29166666666667,86.16666666666667,77.41666666666667
2026-05-21 04:00:00+00:00,Peshawar,84.29166666666667,86.16666666666667,77.41666666666667
2026-05-21 05:00:00+00:00,Peshawar,84.29166666666667,86.16666666666667,77.41666666666667
2026-05-21 06:00:00+00:00,Peshawar,84.29166666666667,86.16666666666667,77.41666666666667
2026-05-21 07:00:00+00:00,Peshawar,84.29166666666667,86.16666666666667,77.41666666666667
2026-05-21 08:00:00+00:00,Peshawar,84.29166666666667,86.16666666666667,77.41666666666667
2026-05-21 09:00:00+00:00,Peshawar,84.29166666666667,86.16666666666667,77.41666666666667
2026-05-21 10:00:00+00:00,Peshawar,84.29166666666667,86.16666666666667,77.41666666666667
2026-05-21 11:00:00+00:00,Peshawar,84.29166666666667,86.16666666666667,77.41666666666667
2026-05-21 12:00:00+00:00,Peshawar,84.29166666666667,86.16666666666667,77.41666666666667
2026-05-21 13:00:00+00:00,Peshawar,84.29166666666667,86.16666666666667,77.41666666666667
2026-05-21 14:00:00+00:00,Peshawar,84.29166666666667,86.16666666666667,77.41666666666667
2026-05-21 15:00:00+00:00,Peshawar,84.29166666666667,86.16666666666667,77.41666666666667
2026-05-21 16:00:00+00:00,Peshawar,84.29166666666667,86.16666666666667,77.41666666666667
2026-05-21 17:00:00+00:00,Peshawar,84.29166666666667,86.16666666666667,77.41666666666667
2026-05-21 18:00:00+00:00,Peshawar,84.29166666666667,86.16666666666667,77.41666666666667
2026-05-21 19:00:00+00:00,Peshawar,84.29166666666667,86.16666666666667,77.41666666666667
2026-05-21 20:00:00+00:00,Peshawar,84.29166666666667,86.16666666666667,77.41666666666667
2026-05-21 21:00:00+00:00,Peshawar,84.29166666666667,86.16666666666667,77.41666666666667
2026-05-21 22:00:00+00:00,Peshawar,84.29166666666667,86.16666666666667,77.41666666666667
2026-05-21 23:00:00+00:00,Peshawar,84.29166666666667,86.16666666666667,77.41666666666667
2026-05-22 00:00:00+00:00,Peshawar,86.16666666666667,77.41666666666667,83.75
2026-05-22 01:00:00+00:00,Peshawar,86.16666666666667,77.41666666666667,83.75
2026-05-22 02:00:00+00:00,Peshawar,86.16666666666667,77.41666666666667,83.75
2026-05-22 03:00:00+00:00,Peshawar,86.16666666666667,77.41666666666667,83.75
2026-05-22 04:00:00+00:00,Peshawar,86.16666666666667,77.41666666666667,83.75
2026-05-22 05:00:00+00:00,Peshawar,86.16666666666667,77.41666666666667,83.75
2026-05-22 06:00:00+00:00,Peshawar,86.16666666666667,77.41666666666667,83.75
2026-05-22 07:00:00+00:00,Peshawar,86.16666666666667,77.41666666666667,83.75
2026-05-22 08:00:00+00:00,Peshawar,86.16666666666667,77.41666666666667,83.75
2026-05-22 09:00:00+00:00,Peshawar,86.16666666666667,77.41666666666667,83.75
2026-05-22 10:00:00+00:00,Peshawar,86.16666666666667,77.41666666666667,83.75
2026-05-22 11:00:00+00:00,Peshawar,86.16666666666667,77.41666666666667,83.75
2026-05-22 12:00:00+00:00,Peshawar,86.16666666666667,77.41666666666667,83.75
2026-05-22 13:00:00+00:00,Peshawar,86.16666666666667,77.41666666666667,83.75
2026-05-22 14:00:00+00:00,Peshawar,86.16666666666667,77.41666666666667,83.75
2026-05-22 15:00:00+00:00,Peshawar,86.16666666666667,77.41666666666667,83.75
2026-05-22 16:00:00+00:00,Peshawar,86.16666666666667,77.41666666666667,83.75
2026-05-22 17:00:00+00:00,Peshawar,86.16666666666667,77.41666666666667,83.75
2026-05-22 18:00:00+00:00,Peshawar,86.16666666666667,77.41666666666667,83.75
2026-05-22 19:00:00+00:00,Peshawar,86.16666666666667,77.41666666666667,83.75
2026-05-22 20:00:00+00:00,Peshawar,86.16666666666667,77.41666666666667,83.75
2026-05-22 21:00:00+00:00,Peshawar,86.16666666666667,77.41666666666667,83.75
2026-05-22 22:00:00+00:00,Peshawar,86.16666666666667,77.41666666666667,83.75
2026-05-22 23:00:00+00:00,Peshawar,86.16666666666667,77.41666666666667,83.75
2026-05-23 00:00:00+00:00,Peshawar,77.41666666666667,83.75,86.08333333333333
2026-05-23 01:00:00+00:00,Peshawar,77.41666666666667,83.75,86.08333333333333
2026-05-23 02:00:00+00:00,Peshawar,77.41666666666667,83.75,86.08333333333333
2026-05-23 03:00:00+00:00,Peshawar,77.41666666666667,83.75,86.08333333333333
2026-05-23 04:00:00+00:00,Peshawar,77.41666666666667,83.75,86.08333333333333
2026-05-23 05:00:00+00:00,Peshawar,77.41666666666667,83.75,86.08333333333333
2026-05-23 06:00:00+00:00,Peshawar,77.41666666666667,83.75,86.08333333333333
2026-05-23 07:00:00+00:00,Peshawar,77.41666666666667,83.75,86.08333333333333
2026-05-23 08:00:00+00:00,Peshawar,77.41666666666667,83.75,86.08333333333333
2026-05-23 09:00:00+00:00,Peshawar,77.41666666666667,83.75,86.08333333333333
2026-05-23 10:00:00+00:00,Peshawar,77.41666666666667,83.75,86.08333333333333
2026-05-23 11:00:00+00:00,Peshawar,77.41666666666667,83.75,86.08333333333333
2026-05-23 12:00:00+00:00,Peshawar,77.41666666666667,83.75,86.08333333333333
2026-05-23 13:00:00+00:00,Peshawar,77.41666666666667,83.75,86.08333333333333
2026-05-23 14:00:00+00:00,Peshawar,77.41666666666667,83.75,86.08333333333333
2026-05-23 15:00:00+00:00,Peshawar,77.41666666666667,83.75,86.08333333333333
2026-05-23 16:00:00+00:00,Peshawar,77.41666666666667,83.75,86.08333333333333
2026-05-23 17:00:00+00:00,Peshawar,77.41666666666667,83.75,86.08333333333333
2026-05-23 18:00:00+00:00,Peshawar,77.41666666666667,83.75,86.08333333333333
2026-05-23 19:00:00+00:00,Peshawar,77.41666666666667,83.75,86.08333333333333
2026-05-23 20:00:00+00:00,Peshawar,77.41666666666667,83.75,86.08333333333333
2026-05-23 21:00:00+00:00,Peshawar,77.41666666666667,83.75,86.08333333333333
2026-05-23 22:00:00+00:00,Peshawar,77.41666666666667,83.75,86.08333333333333
2026-05-23 23:00:00+00:00,Peshawar,77.41666666666667,83.75,86.08333333333333
2026-05-24 00:00:00+00:00,Peshawar,83.75,86.08333333333333,89.95833333333333
2026-05-24 01:00:00+00:00,Peshawar,83.75,86.08333333333333,89.95833333333333
2026-05-24 02:00:00+00:00,Peshawar,83.75,86.08333333333333,89.95833333333333
2026-05-24 03:00:00+00:00,Peshawar,83.75,86.08333333333333,89.95833333333333
2026-05-24 04:00:00+00:00,Peshawar,83.75,86.08333333333333,89.95833333333333
2026-05-24 05:00:00+00:00,Peshawar,83.75,86.08333333333333,89.95833333333333
2026-05-24 06:00:00+00:00,Peshawar,83.75,86.08333333333333,89.95833333333333
2026-05-24 07:00:00+00:00,Peshawar,83.75,86.08333333333333,89.95833333333333
2026-05-24 08:00:00+00:00,Peshawar,83.75,86.08333333333333,89.95833333333333
2026-05-24 09:00:00+00:00,Peshawar,83.75,86.08333333333333,89.95833333333333
2026-05-24 10:00:00+00:00,Peshawar,83.75,86.08333333333333,89.95833333333333
2026-05-24 11:00:00+00:00,Peshawar,83.75,86.08333333333333,89.95833333333333
2026-05-24 12:00:00+00:00,Peshawar,83.75,86.08333333333333,89.95833333333333
2026-05-24 13:00:00+00:00,Peshawar,83.75,86.08333333333333,89.95833333333333
2026-05-24 14:00:00+00:00,Peshawar,83.75,86.08333333333333,89.95833333333333
2026-05-24 15:00:00+00:00,Peshawar,83.75,86.08333333333333,89.95833333333333
2026-05-24 16:00:00+00:00,Peshawar,83.75,86.08333333333333,89.95833333333333
2026-05-24 17:00:00+00:00,Peshawar,83.75,86.08333333333333,89.95833333333333
2026-05-24 18:00:00+00:00,Peshawar,83.75,86.08333333333333,89.95833333333333
2026-05-24 19:00:00+00:00,Peshawar,83.75,86.08333333333333,89.95833333333333
2026-05-24 20:00:00+00:00,Peshawar,83.75,86.08333333333333,89.95833333333333
2026-05-24 21:00:00+00:00,Peshawar,83.75,86.08333333333333,89.95833333333333
2026-05-24 22:00:00+00:00,Peshawar,83.75,86.08333333333333,89.95833333333333
2026-05-24 23:00:00+00:00,Peshawar,83.75,86.08333333333333,89.95833333333333
2026-05-25 00:00:00+00:00,Peshawar,86.08333333333333,89.95833333333333,78.25
2026-05-25 01:00:00+00:00,Peshawar,86.08333333333333,89.95833333333333,78.25
2026-05-25 02:00:00+00:00,Peshawar,86.08333333333333,89.95833333333333,78.25
2026-05-25 03:00:00+00:00,Peshawar,86.08333333333333,89.95833333333333,78.25
2026-05-25 04:00:00+00:00,Peshawar,86.08333333333333,89.95833333333333,78.25
2026-05-25 05:00:00+00:00,Peshawar,86.08333333333333,89.95833333333333,78.25
2026-05-25 06:00:00+00:00,Peshawar,86.08333333333333,89.95833333333333,78.25
2026-05-25 07:00:00+00:00,Peshawar,86.08333333333333,89.95833333333333,78.25
2026-05-25 08:00:00+00:00,Peshawar,86.08333333333333,89.95833333333333,78.25
2026-05-25 09:00:00+00:00,Peshawar,86.08333333333333,89.95833333333333,78.25
2026-05-25 10:00:00+00:00,Peshawar,86.08333333333333,89.95833333333333,78.25
2026-05-25 11:00:00+00:00,Peshawar,86.08333333333333,89.95833333333333,78.25
2026-05-25 12:00:00+00:00,Peshawar,86.08333333333333,89.95833333333333,78.25
2026-05-25 13:00:00+00:00,Peshawar,86.08333333333333,89.95833333333333,78.25
2026-05-25 14:00:00+00:00,Peshawar,86.08333333333333,89.95833333333333,78.25
2026-05-25 15:00:00+00:00,Peshawar,86.08333333333333,89.95833333333333,78.25
2026-05-25 16:00:00+00:00,Peshawar,86.08333333333333,89.95833333333333,78.25
2026-05-25 17:00:00+00:00,Peshawar,86.08333333333333,89.95833333333333,78.25
2026-05-25 18:00:00+00:00,Peshawar,86.08333333333333,89.95833333333333,78.25
2026-05-25 19:00:00+00:00,Peshawar,86.08333333333333,89.95833333333333,78.25
2026-05-25 20:00:00+00:00,Peshawar,86.08333333333333,89.95833333333333,78.25
2026-05-25 21:00:00+00:00,Peshawar,86.08333333333333,89.95833333333333,78.25
2026-05-25 22:00:00+00:00,Peshawar,86.08333333333333,89.95833333333333,78.25
2026-05-25 23:00:00+00:00,Peshawar,86.08333333333333,89.95833333333333,78.25
2026-05-26 00:00:00+00:00,Peshawar,89.95833333333333,78.25,75.66666666666667
2026-05-26 01:00:00+00:00,Peshawar,89.95833333333333,78.25,75.66666666666667
2026-05-26 02:00:00+00:00,Peshawar,89.95833333333333,78.25,75.66666666666667
2026-05-26 03:00:00+00:00,Peshawar,89.95833333333333,78.25,75.66666666666667
2026-05-26 04:00:00+00:00,Peshawar,89.95833333333333,78.25,75.66666666666667
2026-05-26 05:00:00+00:00,Peshawar,89.95833333333333,78.25,75.66666666666667
2026-05-26 06:00:00+00:00,Peshawar,89.95833333333333,78.25,75.66666666666667
2026-05-26 07:00:00+00:00,Peshawar,89.95833333333333,78.25,75.66666666666667
2026-05-26 08:00:00+00:00,Peshawar,89.95833333333333,78.25,75.66666666666667
2026-05-26 09:00:00+00:00,Peshawar,89.95833333333333,78.25,75.66666666666667
2026-05-26 10:00:00+00:00,Peshawar,89.95833333333333,78.25,75.66666666666667
2026-05-26 11:00:00+00:00,Peshawar,89.95833333333333,78.25,75.66666666666667
2026-05-26 12:00:00+00:00,Peshawar,89.95833333333333,78.25,75.66666666666667
2026-05-26 13:00:00+00:00,Peshawar,89.95833333333333,78.25,75.66666666666667
2026-05-26 14:00:00+00:00,Peshawar,89.95833333333333,78.25,75.66666666666667
2026-05-26 15:00:00+00:00,Peshawar,89.95833333333333,78.25,75.66666666666667
2026-05-26 16:00:00+00:00,Peshawar,89.95833333333333,78.25,75.66666666666667
2026-05-26 17:00:00+00:00,Peshawar,89.95833333333333,78.25,75.66666666666667
2026-05-26 18:00:00+00:00,Peshawar,89.95833333333333,78.25,75.66666666666667
2026-05-26 19:00:00+00:00,Peshawar,89.95833333333333,78.25,75.66666666666667
2026-05-26 20:00:00+00:00,Peshawar,89.95833333333333,78.25,75.66666666666667
2026-05-26 21:00:00+00:00,Peshawar,89.95833333333333,78.25,75.66666666666667
2026-05-26 22:00:00+00:00,Peshawar,89.95833333333333,78.25,75.66666666666667
2026-05-26 23:00:00+00:00,Peshawar,89.95833333333333,78.25,75.66666666666667
2026-05-27 00:00:00+00:00,Peshawar,78.25,75.66666666666667,133.45833333333334
2026-05-27 01:00:00+00:00,Peshawar,78.25,75.66666666666667,133.45833333333334
2026-05-27 02:00:00+00:00,Peshawar,78.25,75.66666666666667,133.45833333333334
2026-05-27 03:00:00+00:00,Peshawar,78.25,75.66666666666667,133.45833333333334
2026-05-27 04:00:00+00:00,Peshawar,78.25,75.66666666666667,133.45833333333334
2026-05-27 05:00:00+00:00,Peshawar,78.25,75.66666666666667,133.45833333333334
2026-05-27 06:00:00+00:00,Peshawar,78.25,75.66666666666667,133.45833333333334
2026-05-27 07:00:00+00:00,Peshawar,78.25,75.66666666666667,133.45833333333334
2026-05-27 08:00:00+00:00,Peshawar,78.25,75.66666666666667,133.45833333333334
2026-05-27 09:00:00+00:00,Peshawar,78.25,75.66666666666667,133.45833333333334
2026-05-27 10:00:00+00:00,Peshawar,78.25,75.66666666666667,133.45833333333334
2026-05-27 11:00:00+00:00,Peshawar,78.25,75.66666666666667,133.45833333333334
2026-05-27 12:00:00+00:00,Peshawar,78.25,75.66666666666667,133.45833333333334
2026-05-27 13:00:00+00:00,Peshawar,78.25,75.66666666666667,133.45833333333334
2026-05-27 14:00:00+00:00,Peshawar,78.25,75.66666666666667,133.45833333333334
2026-05-27 15:00:00+00:00,Peshawar,78.25,75.66666666666667,133.45833333333334
2026-05-27 16:00:00+00:00,Peshawar,78.25,75.66666666666667,133.45833333333334
2026-05-27 17:00:00+00:00,Peshawar,78.25,75.66666666666667,133.45833333333334
2026-05-27 18:00:00+00:00,Peshawar,78.25,75.66666666666667,133.45833333333334
2026-05-27 19:00:00+00:00,Peshawar,78.25,75.66666666666667,133.45833333333334
2026-05-27 20:00:00+00:00,Peshawar,78.25,75.66666666666667,133.45833333333334
2026-05-27 21:00:00+00:00,Peshawar,78.25,75.66666666666667,133.45833333333334
2026-05-27 22:00:00+00:00,Peshawar,78.25,75.66666666666667,133.45833333333334
2026-05-27 23:00:00+00:00,Peshawar,78.25,75.66666666666667,133.45833333333334
2026-05-28 00:00:00+00:00,Peshawar,75.66666666666667,133.45833333333334,154.45833333333334
2026-05-28 01:00:00+00:00,Peshawar,75.66666666666667,133.45833333333334,154.45833333333334
2026-05-28 02:00:00+00:00,Peshawar,75.66666666666667,133.45833333333334,154.45833333333334
2026-05-28 03:00:00+00:00,Peshawar,75.66666666666667,133.45833333333334,154.45833333333334
2026-05-28 04:00:00+00:00,Peshawar,75.66666666666667,133.45833333333334,154.45833333333334
2026-05-28 05:00:00+00:00,Peshawar,75.66666666666667,133.45833333333334,154.45833333333334
2026-05-28 06:00:00+00:00,Peshawar,75.66666666666667,133.45833333333334,154.45833333333334
2026-05-28 07:00:00+00:00,Peshawar,75.66666666666667,133.45833333333334,154.45833333333334
2026-05-28 08:00:00+00:00,Peshawar,75.66666666666667,133.45833333333334,154.45833333333334
2026-05-28 09:00:00+00:00,Peshawar,75.66666666666667,133.45833333333334,154.45833333333334
2026-05-28 10:00:00+00:00,Peshawar,75.66666666666667,133.45833333333334,154.45833333333334
2026-05-28 11:00:00+00:00,Peshawar,75.66666666666667,133.45833333333334,154.45833333333334
2026-05-28 12:00:00+00:00,Peshawar,75.66666666666667,133.45833333333334,154.45833333333334
2026-05-28 13:00:00+00:00,Peshawar,75.66666666666667,133.45833333333334,154.45833333333334
2026-05-28 14:00:00+00:00,Peshawar,75.66666666666667,133.45833333333334,154.45833333333334
2026-05-28 15:00:00+00:00,Peshawar,75.66666666666667,133.45833333333334,154.45833333333334
2026-05-28 16:00:00+00:00,Peshawar,75.66666666666667,133.45833333333334,154.45833333333334
2026-05-28 17:00:00+00:00,Peshawar,75.66666666666667,133.45833333333334,154.45833333333334
2026-05-28 18:00:00+00:00,Peshawar,75.66666666666667,133.45833333333334,154.45833333333334
2026-05-28 19:00:00+00:00,Peshawar,75.66666666666667,133.45833333333334,154.45833333333334
2026-05-28 20:00:00+00:00,Peshawar,75.66666666666667,133.45833333333334,154.45833333333334
2026-05-28 21:00:00+00:00,Peshawar,75.66666666666667,133.45833333333334,154.45833333333334
2026-05-28 22:00:00+00:00,Peshawar,75.66666666666667,133.45833333333334,154.45833333333334
2026-05-28 23:00:00+00:00,Peshawar,75.66666666666667,133.45833333333334,154.45833333333334
2026-05-29 00:00:00+00:00,Peshawar,133.45833333333334,154.45833333333334,153.625
2026-05-29 01:00:00+00:00,Peshawar,133.45833333333334,154.45833333333334,153.625
2026-05-29 02:00:00+00:00,Peshawar,133.45833333333334,154.45833333333334,153.625
2026-05-29 03:00:00+00:00,Peshawar,133.45833333333334,154.45833333333334,153.625
2026-05-29 04:00:00+00:00,Peshawar,133.45833333333334,154.45833333333334,153.625
2026-05-29 05:00:00+00:00,Peshawar,133.45833333333334,154.45833333333334,153.625
2026-05-29 06:00:00+00:00,Peshawar,133.45833333333334,154.45833333333334,153.625
2026-05-29 07:00:00+00:00,Peshawar,133.45833333333334,154.45833333333334,153.625
2026-05-29 08:00:00+00:00,Peshawar,133.45833333333334,154.45833333333334,153.625
2026-05-29 09:00:00+00:00,Peshawar,133.45833333333334,154.45833333333334,153.625
2026-05-29 10:00:00+00:00,Peshawar,133.45833333333334,154.45833333333334,153.625
2026-05-29 11:00:00+00:00,Peshawar,133.45833333333334,154.45833333333334,153.625
2026-05-29 12:00:00+00:00,Peshawar,133.45833333333334,154.45833333333334,153.625
2026-05-29 13:00:00+00:00,Peshawar,133.45833333333334,154.45833333333334,153.625
2026-05-29 14:00:00+00:00,Peshawar,133.45833333333334,154.45833333333334,153.625
2026-05-29 15:00:00+00:00,Peshawar,133.45833333333334,154.45833333333334,153.625
2026-05-29 16:00:00+00:00,Peshawar,133.45833333333334,154.45833333333334,153.625
2026-05-29 17:00:00+00:00,Peshawar,133.45833333333334,154.45833333333334,153.625
2026-05-29 18:00:00+00:00,Peshawar,133.45833333333334,154.45833333333334,153.625
2026-05-29 19:00:00+00:00,Peshawar,133.45833333333334,154.45833333333334,153.625
2026-05-29 20:00:00+00:00,Peshawar,133.45833333333334,154.45833333333334,153.625
2026-05-29 21:00:00+00:00,Peshawar,133.45833333333334,154.45833333333334,153.625
2026-05-29 22:00:00+00:00,Peshawar,133.45833333333334,154.45833333333334,153.625
2026-05-29 23:00:00+00:00,Peshawar,133.45833333333334,154.45833333333334,153.625
2026-05-30 00:00:00+00:00,Peshawar,154.45833333333334,153.625,154.16666666666666
2026-05-30 01:00:00+00:00,Peshawar,154.45833333333334,153.625,154.16666666666666
2026-05-30 02:00:00+00:00,Peshawar,154.45833333333334,153.625,154.16666666666666
2026-05-30 03:00:00+00:00,Peshawar,154.45833333333334,153.625,154.16666666666666
2026-05-30 04:00:00+00:00,Peshawar,154.45833333333334,153.625,154.16666666666666
2026-05-30 05:00:00+00:00,Peshawar,154.45833333333334,153.625,154.16666666666666
2026-05-30 06:00:00+00:00,Peshawar,154.45833333333334,153.625,154.16666666666666
2026-05-30 07:00:00+00:00,Peshawar,154.45833333333334,153.625,154.16666666666666
2026-05-30 08:00:00+00:00,Peshawar,154.45833333333334,153.625,154.16666666666666
2026-05-30 09:00:00+00:00,Peshawar,154.45833333333334,153.625,154.16666666666666
2026-05-30 10:00:00+00:00,Peshawar,154.45833333333334,153.625,154.16666666666666
2026-05-30 11:00:00+00:00,Peshawar,154.45833333333334,153.625,154.16666666666666
2026-05-30 12:00:00+00:00,Peshawar,154.45833333333334,153.625,154.16666666666666
2026-05-30 13:00:00+00:00,Peshawar,154.45833333333334,153.625,154.16666666666666
2026-05-30 14:00:00+00:00,Peshawar,154.45833333333334,153.625,154.16666666666666
2026-05-30 15:00:00+00:00,Peshawar,154.45833333333334,153.625,154.16666666666666
2026-05-30 16:00:00+00:00,Peshawar,154.45833333333334,153.625,154.16666666666666
2026-05-30 17:00:00+00:00,Peshawar,154.45833333333334,153.625,154.16666666666666
2026-05-30 18:00:00+00:00,Peshawar,154.45833333333334,153.625,154.16666666666666
2026-05-30 19:00:00+00:00,Peshawar,154.45833333333334,153.625,154.16666666666666
2026-05-30 20:00:00+00:00,Peshawar,154.45833333333334,153.625,154.16666666666666
2026-05-30 21:00:00+00:00,Peshawar,154.45833333333334,153.625,154.16666666666666
2026-05-30 22:00:00+00:00,Peshawar,154.45833333333334,153.625,154.16666666666666
2026-05-30 23:00:00+00:00,Peshawar,154.45833333333334,153.625,154.16666666666666
2026-05-31 00:00:00+00:00,Peshawar,153.625,154.16666666666666,156.875
2026-05-31 01:00:00+00:00,Peshawar,153.625,154.16666666666666,156.875
2026-05-31 02:00:00+00:00,Peshawar,153.625,154.16666666666666,156.875
2026-05-31 03:00:00+00:00,Peshawar,153.625,154.16666666666666,156.875
2026-05-31 04:00:00+00:00,Peshawar,153.625,154.16666666666666,156.875
2026-05-31 05:00:00+00:00,Peshawar,153.625,154.16666666666666,156.875
2026-05-31 06:00:00+00:00,Peshawar,153.625,154.16666666666666,156.875
2026-05-31 07:00:00+00:00,Peshawar,153.625,154.16666666666666,156.875
2026-05-31 08:00:00+00:00,Peshawar,153.625,154.16666666666666,156.875
2026-05-31 09:00:00+00:00,Peshawar,153.625,154.16666666666666,156.875
2026-05-31 10:00:00+00:00,Peshawar,153.625,154.16666666666666,156.875
2026-05-31 11:00:00+00:00,Peshawar,153.625,154.16666666666666,156.875
2026-05-31 12:00:00+00:00,Peshawar,153.625,154.16666666666666,156.875
2026-05-31 13:00:00+00:00,Peshawar,153.625,154.16666666666666,156.875
2026-05-31 14:00:00+00:00,Peshawar,153.625,154.16666666666666,156.875
2026-05-31 15:00:00+00:00,Peshawar,153.625,154.16666666666666,156.875
2026-05-31 16:00:00+00:00,Peshawar,153.625,154.16666666666666,156.875
2026-05-31 17:00:00+00:00,Peshawar,153.625,154.16666666666666,156.875
2026-05-31 18:00:00+00:00,Peshawar,153.625,154.16666666666666,156.875
2026-05-31 19:00:00+00:00,Peshawar,153.625,154.16666666666666,156.875
2026-05-31 20:00:00+00:00,Peshawar,153.625,154.16666666666666,156.875
2026-05-31 21:00:00+00:00,Peshawar,153.625,154.16666666666666,156.875
2026-05-31 22:00:00+00:00,Peshawar,153.625,154.16666666666666,156.875
2026-05-31 23:00:00+00:00,Peshawar,153.625,154.16666666666666,156.875
2026-06-01 00:00:00+00:00,Peshawar,154.16666666666666,156.875,127.125
2026-06-01 01:00:00+00:00,Peshawar,154.16666666666666,156.875,127.125
2026-06-01 02:00:00+00:00,Peshawar,154.16666666666666,156.875,127.125
2026-06-01 03:00:00+00:00,Peshawar,154.16666666666666,156.875,127.125
2026-06-01 04:00:00+00:00,Peshawar,154.16666666666666,156.875,127.125
2026-06-01 05:00:00+00:00,Peshawar,154.16666666666666,156.875,127.125
2026-06-01 06:00:00+00:00,Peshawar,154.16666666666666,156.875,127.125
2026-06-01 07:00:00+00:00,Peshawar,154.16666666666666,156.875,127.125
2026-06-01 08:00:00+00:00,Peshawar,154.16666666666666,156.875,127.125
2026-06-01 09:00:00+00:00,Peshawar,154.16666666666666,156.875,127.125
2026-06-01 10:00:00+00:00,Peshawar,154.16666666666666,156.875,127.125
2026-06-01 11:00:00+00:00,Peshawar,154.16666666666666,156.875,127.125
2026-06-01 12:00:00+00:00,Peshawar,154.16666666666666,156.875,127.125
2026-06-01 13:00:00+00:00,Peshawar,154.16666666666666,156.875,127.125
2026-06-01 14:00:00+00:00,Peshawar,154.16666666666666,156.875,127.125
2026-06-01 15:00:00+00:00,Peshawar,154.16666666666666,156.875,127.125
2026-06-01 16:00:00+00:00,Peshawar,154.16666666666666,156.875,127.125
2026-06-01 17:00:00+00:00,Peshawar,154.16666666666666,156.875,127.125
2026-06-01 18:00:00+00:00,Peshawar,154.16666666666666,156.875,127.125
2026-06-01 19:00:00+00:00,Peshawar,154.16666666666666,156.875,127.125
2026-06-01 20:00:00+00:00,Peshawar,154.16666666666666,156.875,127.125
2026-06-01 21:00:00+00:00,Peshawar,154.16666666666666,156.875,127.125
2026-06-01 22:00:00+00:00,Peshawar,154.16666666666666,156.875,127.125
2026-06-01 23:00:00+00:00,Peshawar,154.16666666666666,156.875,127.125
2026-06-02 00:00:00+00:00,Peshawar,156.875,127.125,118.08333333333333
2026-06-02 01:00:00+00:00,Peshawar,156.875,127.125,118.08333333333333
2026-06-02 02:00:00+00:00,Peshawar,156.875,127.125,118.08333333333333
2026-06-02 03:00:00+00:00,Peshawar,156.875,127.125,118.08333333333333
2026-06-02 04:00:00+00:00,Peshawar,156.875,127.125,118.08333333333333
2026-06-02 05:00:00+00:00,Peshawar,156.875,127.125,118.08333333333333
2026-06-02 06:00:00+00:00,Peshawar,156.875,127.125,118.08333333333333
2026-06-02 07:00:00+00:00,Peshawar,156.875,127.125,118.08333333333333
2026-06-02 08:00:00+00:00,Peshawar,156.875,127.125,118.08333333333333
2026-06-02 09:00:00+00:00,Peshawar,156.875,127.125,118.08333333333333
2026-06-02 10:00:00+00:00,Peshawar,156.875,127.125,118.08333333333333
2026-06-02 11:00:00+00:00,Peshawar,156.875,127.125,118.08333333333333
2026-06-02 12:00:00+00:00,Peshawar,156.875,127.125,118.08333333333333
2026-06-02 13:00:00+00:00,Peshawar,156.875,127.125,118.08333333333333
2026-06-02 14:00:00+00:00,Peshawar,156.875,127.125,118.08333333333333
2026-06-02 15:00:00+00:00,Peshawar,156.875,127.125,118.08333333333333
2026-06-02 16:00:00+00:00,Peshawar,156.875,127.125,118.08333333333333
2026-06-02 17:00:00+00:00,Peshawar,156.875,127.125,118.08333333333333
2026-06-02 18:00:00+00:00,Peshawar,156.875,127.125,118.08333333333333
2026-06-02 19:00:00+00:00,Peshawar,156.875,127.125,118.08333333333333
2026-06-02 20:00:00+00:00,Peshawar,156.875,127.125,118.08333333333333
2026-06-02 21:00:00+00:00,Peshawar,156.875,127.125,118.08333333333333
2026-06-02 22:00:00+00:00,Peshawar,156.875,127.125,118.08333333333333
2026-06-02 23:00:00+00:00,Peshawar,156.875,127.125,118.08333333333333
2026-06-03 00:00:00+00:00,Peshawar,127.125,118.08333333333333,93.66666666666667
2026-06-03 01:00:00+00:00,Peshawar,127.125,118.08333333333333,93.66666666666667
2026-06-03 02:00:00+00:00,Peshawar,127.125,118.08333333333333,93.66666666666667
2026-06-03 03:00:00+00:00,Peshawar,127.125,118.08333333333333,93.66666666666667
2026-06-03 04:00:00+00:00,Peshawar,127.125,118.08333333333333,93.66666666666667
2026-06-03 05:00:00+00:00,Peshawar,127.125,118.08333333333333,93.66666666666667
2026-06-03 06:00:00+00:00,Peshawar,127.125,118.08333333333333,93.66666666666667
2026-06-03 07:00:00+00:00,Peshawar,127.125,118.08333333333333,93.66666666666667
2026-06-03 08:00:00+00:00,Peshawar,127.125,118.08333333333333,93.66666666666667
2026-06-03 09:00:00+00:00,Peshawar,127.125,118.08333333333333,93.66666666666667
2026-06-03 10:00:00+00:00,Peshawar,127.125,118.08333333333333,93.66666666666667
2026-06-03 11:00:00+00:00,Peshawar,127.125,118.08333333333333,93.66666666666667
2026-06-03 12:00:00+00:00,Peshawar,127.125,118.08333333333333,93.66666666666667
2026-06-03 13:00:00+00:00,Peshawar,127.125,118.08333333333333,93.66666666666667
2026-06-03 14:00:00+00:00,Peshawar,127.125,118.08333333333333,93.66666666666667
2026-06-03 15:00:00+00:00,Peshawar,127.125,118.08333333333333,93.66666666666667
2026-06-03 16:00:00+00:00,Peshawar,127.125,118.08333333333333,93.66666666666667
2026-06-03 17:00:00+00:00,Peshawar,127.125,118.08333333333333,93.66666666666667
2026-06-03 18:00:00+00:00,Peshawar,127.125,118.08333333333333,93.66666666666667
2026-06-03 19:00:00+00:00,Peshawar,127.125,118.08333333333333,93.66666666666667
2026-06-03 20:00:00+00:00,Peshawar,127.125,118.08333333333333,93.66666666666667
2026-06-03 21:00:00+00:00,Peshawar,127.125,118.08333333333333,93.66666666666667
2026-06-03 22:00:00+00:00,Peshawar,127.125,118.08333333333333,93.66666666666667
2026-06-03 23:00:00+00:00,Peshawar,127.125,118.08333333333333,93.66666666666667
2026-06-04 00:00:00+00:00,Peshawar,118.08333333333333,93.66666666666667,89.04166666666667
2026-06-04 01:00:00+00:00,Peshawar,118.08333333333333,93.66666666666667,89.04166666666667
2026-06-04 02:00:00+00:00,Peshawar,118.08333333333333,93.66666666666667,89.04166666666667
2026-06-04 03:00:00+00:00,Peshawar,118.08333333333333,93.66666666666667,89.04166666666667
2026-06-04 04:00:00+00:00,Peshawar,118.08333333333333,93.66666666666667,89.04166666666667
2026-06-04 05:00:00+00:00,Peshawar,118.08333333333333,93.66666666666667,89.04166666666667
2026-06-04 06:00:00+00:00,Peshawar,118.08333333333333,93.66666666666667,89.04166666666667
2026-06-04 07:00:00+00:00,Peshawar,118.08333333333333,93.66666666666667,89.04166666666667
2026-06-04 08:00:00+00:00,Peshawar,118.08333333333333,93.66666666666667,89.04166666666667
2026-06-04 09:00:00+00:00,Peshawar,118.08333333333333,93.66666666666667,89.04166666666667
2026-06-04 10:00:00+00:00,Peshawar,118.08333333333333,93.66666666666667,89.04166666666667
2026-06-04 11:00:00+00:00,Peshawar,118.08333333333333,93.66666666666667,89.04166666666667
2026-06-04 12:00:00+00:00,Peshawar,118.08333333333333,93.66666666666667,89.04166666666667
2026-06-04 13:00:00+00:00,Peshawar,118.08333333333333,93.66666666666667,89.04166666666667
2026-06-04 14:00:00+00:00,Peshawar,118.08333333333333,93.66666666666667,89.04166666666667
2026-06-04 15:00:00+00:00,Peshawar,118.08333333333333,93.66666666666667,89.04166666666667
2026-06-04 16:00:00+00:00,Peshawar,118.08333333333333,93.66666666666667,89.04166666666667
2026-06-04 17:00:00+00:00,Peshawar,118.08333333333333,93.66666666666667,89.04166666666667
2026-06-04 18:00:00+00:00,Peshawar,118.08333333333333,93.66666666666667,89.04166666666667
2026-06-04 19:00:00+00:00,Peshawar,118.08333333333333,93.66666666666667,89.04166666666667
2026-06-04 20:00:00+00:00,Peshawar,118.08333333333333,93.66666666666667,89.04166666666667
2026-06-04 21:00:00+00:00,Peshawar,118.08333333333333,93.66666666666667,89.04166666666667
2026-06-04 22:00:00+00:00,Peshawar,118.08333333333333,93.66666666666667,89.04166666666667
2026-06-04 23:00:00+00:00,Peshawar,118.08333333333333,93.66666666666667,89.04166666666667
2026-06-05 00:00:00+00:00,Peshawar,93.66666666666667,89.04166666666667,94.16666666666667
2026-06-05 01:00:00+00:00,Peshawar,93.66666666666667,89.04166666666667,94.16666666666667
2026-06-05 02:00:00+00:00,Peshawar,93.66666666666667,89.04166666666667,94.16666666666667
2026-06-05 03:00:00+00:00,Peshawar,93.66666666666667,89.04166666666667,94.16666666666667
2026-06-05 04:00:00+00:00,Peshawar,93.66666666666667,89.04166666666667,94.16666666666667
2026-06-05 05:00:00+00:00,Peshawar,93.66666666666667,89.04166666666667,94.16666666666667
2026-06-05 06:00:00+00:00,Peshawar,93.66666666666667,89.04166666666667,94.16666666666667
2026-06-05 07:00:00+00:00,Peshawar,93.66666666666667,89.04166666666667,94.16666666666667
2026-06-05 08:00:00+00:00,Peshawar,93.66666666666667,89.04166666666667,94.16666666666667
2026-06-05 09:00:00+00:00,Peshawar,93.66666666666667,89.04166666666667,94.16666666666667
2026-06-05 10:00:00+00:00,Peshawar,93.66666666666667,89.04166666666667,94.16666666666667
2026-06-05 11:00:00+00:00,Peshawar,93.66666666666667,89.04166666666667,94.16666666666667
2026-06-05 12:00:00+00:00,Peshawar,93.66666666666667,89.04166666666667,94.16666666666667
2026-06-05 13:00:00+00:00,Peshawar,93.66666666666667,89.04166666666667,94.16666666666667
2026-06-05 14:00:00+00:00,Peshawar,93.66666666666667,89.04166666666667,94.16666666666667
2026-06-05 15:00:00+00:00,Peshawar,93.66666666666667,89.04166666666667,94.16666666666667
2026-06-05 16:00:00+00:00,Peshawar,93.66666666666667,89.04166666666667,94.16666666666667
2026-06-05 17:00:00+00:00,Peshawar,93.66666666666667,89.04166666666667,94.16666666666667
2026-06-05 18:00:00+00:00,Peshawar,93.66666666666667,89.04166666666667,94.16666666666667
2026-06-05 19:00:00+00:00,Peshawar,93.66666666666667,89.04166666666667,94.16666666666667
2026-06-05 20:00:00+00:00,Peshawar,93.66666666666667,89.04166666666667,94.16666666666667
2026-06-05 21:00:00+00:00,Peshawar,93.66666666666667,89.04166666666667,94.16666666666667
2026-06-05 22:00:00+00:00,Peshawar,93.66666666666667,89.04166666666667,94.16666666666667
2026-06-05 23:00:00+00:00,Peshawar,93.66666666666667,89.04166666666667,94.16666666666667
2026-06-06 00:00:00+00:00,Peshawar,89.04166666666667,94.16666666666667,92.54166666666667
2026-06-06 01:00:00+00:00,Peshawar,89.04166666666667,94.16666666666667,92.54166666666667
2026-06-06 02:00:00+00:00,Peshawar,89.04166666666667,94.16666666666667,92.54166666666667
2026-06-06 03:00:00+00:00,Peshawar,89.04166666666667,94.16666666666667,92.54166666666667
2026-06-06 04:00:00+00:00,Peshawar,89.04166666666667,94.16666666666667,92.54166666666667
2026-06-06 05:00:00+00:00,Peshawar,89.04166666666667,94.16666666666667,92.54166666666667
2026-06-06 06:00:00+00:00,Peshawar,89.04166666666667,94.16666666666667,92.54166666666667
2026-06-06 07:00:00+00:00,Peshawar,89.04166666666667,94.16666666666667,92.54166666666667
2026-06-06 08:00:00+00:00,Peshawar,89.04166666666667,94.16666666666667,92.54166666666667
2026-06-06 09:00:00+00:00,Peshawar,89.04166666666667,94.16666666666667,92.54166666666667
2026-06-06 10:00:00+00:00,Peshawar,89.04166666666667,94.16666666666667,92.54166666666667
2026-06-06 11:00:00+00:00,Peshawar,89.04166666666667,94.16666666666667,92.54166666666667
2026-06-06 12:00:00+00:00,Peshawar,89.04166666666667,94.16666666666667,92.54166666666667
2026-06-06 13:00:00+00:00,Peshawar,89.04166666666667,94.16666666666667,92.54166666666667
2026-06-06 14:00:00+00:00,Peshawar,89.04166666666667,94.16666666666667,92.54166666666667
2026-06-06 15:00:00+00:00,Peshawar,89.04166666666667,94.16666666666667,92.54166666666667
2026-06-06 16:00:00+00:00,Peshawar,89.04166666666667,94.16666666666667,92.54166666666667
2026-06-06 17:00:00+00:00,Peshawar,89.04166666666667,94.16666666666667,92.54166666666667
2026-06-06 18:00:00+00:00,Peshawar,89.04166666666667,94.16666666666667,92.54166666666667
2026-06-06 19:00:00+00:00,Peshawar,89.04166666666667,94.16666666666667,92.54166666666667
2026-06-06 20:00:00+00:00,Peshawar,89.04166666666667,94.16666666666667,92.54166666666667
2026-06-06 21:00:00+00:00,Peshawar,89.04166666666667,94.16666666666667,92.54166666666667
2026-06-06 22:00:00+00:00,Peshawar,89.04166666666667,94.16666666666667,92.54166666666667
2026-06-06 23:00:00+00:00,Peshawar,89.04166666666667,94.16666666666667,92.54166666666667
2026-06-07 00:00:00+00:00,Peshawar,94.16666666666667,92.54166666666667,89.58333333333333
2026-06-07 01:00:00+00:00,Peshawar,94.16666666666667,92.54166666666667,89.58333333333333
2026-06-07 02:00:00+00:00,Peshawar,94.16666666666667,92.54166666666667,89.58333333333333
2026-06-07 03:00:00+00:00,Peshawar,94.16666666666667,92.54166666666667,89.58333333333333
2026-06-07 04:00:00+00:00,Peshawar,94.16666666666667,92.54166666666667,89.58333333333333
2026-06-07 05:00:00+00:00,Peshawar,94.16666666666667,92.54166666666667,89.58333333333333
2026-06-07 06:00:00+00:00,Peshawar,94.16666666666667,92.54166666666667,89.58333333333333
2026-06-07 07:00:00+00:00,Peshawar,94.16666666666667,92.54166666666667,89.58333333333333
2026-06-07 08:00:00+00:00,Peshawar,94.16666666666667,92.54166666666667,89.58333333333333
2026-06-07 09:00:00+00:00,Peshawar,94.16666666666667,92.54166666666667,89.58333333333333
2026-06-07 10:00:00+00:00,Peshawar,94.16666666666667,92.54166666666667,89.58333333333333
2026-06-07 11:00:00+00:00,Peshawar,94.16666666666667,92.54166666666667,89.58333333333333
2026-06-07 12:00:00+00:00,Peshawar,94.16666666666667,92.54166666666667,89.58333333333333
2026-06-07 13:00:00+00:00,Peshawar,94.16666666666667,92.54166666666667,89.58333333333333
2026-06-07 14:00:00+00:00,Peshawar,94.16666666666667,92.54166666666667,89.58333333333333
2026-06-07 15:00:00+00:00,Peshawar,94.16666666666667,92.54166666666667,89.58333333333333
2026-06-07 16:00:00+00:00,Peshawar,94.16666666666667,92.54166666666667,89.58333333333333
2026-06-07 17:00:00+00:00,Peshawar,94.16666666666667,92.54166666666667,89.58333333333333
2026-06-07 18:00:00+00:00,Peshawar,94.16666666666667,92.54166666666667,89.58333333333333
2026-06-07 19:00:00+00:00,Peshawar,94.16666666666667,92.54166666666667,89.58333333333333
2026-06-07 20:00:00+00:00,Peshawar,94.16666666666667,92.54166666666667,89.58333333333333
2026-06-07 21:00:00+00:00,Peshawar,94.16666666666667,92.54166666666667,89.58333333333333
2026-06-07 22:00:00+00:00,Peshawar,94.16666666666667,92.54166666666667,89.58333333333333
2026-06-07 23:00:00+00:00,Peshawar,94.16666666666667,92.54166666666667,89.58333333333333
2026-06-08 00:00:00+00:00,Peshawar,92.54166666666667,89.58333333333333,88.125
2026-06-08 01:00:00+00:00,Peshawar,92.54166666666667,89.58333333333333,88.125
2026-06-08 02:00:00+00:00,Peshawar,92.54166666666667,89.58333333333333,88.125
2026-06-08 03:00:00+00:00,Peshawar,92.54166666666667,89.58333333333333,88.125
2026-06-08 04:00:00+00:00,Peshawar,92.54166666666667,89.58333333333333,88.125
2026-06-08 05:00:00+00:00,Peshawar,92.54166666666667,89.58333333333333,88.125
2026-06-08 06:00:00+00:00,Peshawar,92.54166666666667,89.58333333333333,88.125
2026-06-08 07:00:00+00:00,Peshawar,92.54166666666667,89.58333333333333,88.125
2026-06-08 08:00:00+00:00,Peshawar,92.54166666666667,89.58333333333333,88.125
2026-06-08 09:00:00+00:00,Peshawar,92.54166666666667,89.58333333333333,88.125
2026-06-08 10:00:00+00:00,Peshawar,92.54166666666667,89.58333333333333,88.125
2026-06-08 11:00:00+00:00,Peshawar,92.54166666666667,89.58333333333333,88.125
2026-06-08 12:00:00+00:00,Peshawar,92.54166666666667,89.58333333333333,88.125
2026-06-08 13:00:00+00:00,Peshawar,92.54166666666667,89.58333333333333,88.125
2026-06-08 14:00:00+00:00,Peshawar,92.54166666666667,89.58333333333333,88.125
2026-06-08 15:00:00+00:00,Peshawar,92.54166666666667,89.58333333333333,88.125
2026-06-08 16:00:00+00:00,Peshawar,92.54166666666667,89.58333333333333,88.125
2026-06-08 17:00:00+00:00,Peshawar,92.54166666666667,89.58333333333333,88.125
2026-06-08 18:00:00+00:00,Peshawar,92.54166666666667,89.58333333333333,88.125
2026-06-08 19:00:00+00:00,Peshawar,92.54166666666667,89.58333333333333,88.125
2026-06-08 20:00:00+00:00,Peshawar,92.54166666666667,89.58333333333333,88.125
2026-06-08 21:00:00+00:00,Peshawar,92.54166666666667,89.58333333333333,88.125
2026-06-08 22:00:00+00:00,Peshawar,92.54166666666667,89.58333333333333,88.125
2026-06-08 23:00:00+00:00,Peshawar,92.54166666666667,89.58333333333333,88.125
2026-06-09 00:00:00+00:00,Peshawar,89.58333333333333,88.125,145.95833333333334
2026-06-09 01:00:00+00:00,Peshawar,89.58333333333333,88.125,145.95833333333334
2026-06-09 02:00:00+00:00,Peshawar,89.58333333333333,88.125,145.95833333333334
2026-06-09 03:00:00+00:00,Peshawar,89.58333333333333,88.125,145.95833333333334
2026-06-09 04:00:00+00:00,Peshawar,89.58333333333333,88.125,145.95833333333334
2026-06-09 05:00:00+00:00,Peshawar,89.58333333333333,88.125,145.95833333333334
2026-06-09 06:00:00+00:00,Peshawar,89.58333333333333,88.125,145.95833333333334
2026-06-09 07:00:00+00:00,Peshawar,89.58333333333333,88.125,145.95833333333334
2026-06-09 08:00:00+00:00,Peshawar,89.58333333333333,88.125,145.95833333333334
2026-06-09 09:00:00+00:00,Peshawar,89.58333333333333,88.125,145.95833333333334
2026-06-09 10:00:00+00:00,Peshawar,89.58333333333333,88.125,145.95833333333334
2026-06-09 11:00:00+00:00,Peshawar,89.58333333333333,88.125,145.95833333333334
2026-06-09 12:00:00+00:00,Peshawar,89.58333333333333,88.125,145.95833333333334
2026-06-09 13:00:00+00:00,Peshawar,89.58333333333333,88.125,145.95833333333334
2026-06-09 14:00:00+00:00,Peshawar,89.58333333333333,88.125,145.95833333333334
2026-06-09 15:00:00+00:00,Peshawar,89.58333333333333,88.125,145.95833333333334
2026-06-09 16:00:00+00:00,Peshawar,89.58333333333333,88.125,145.95833333333334
2026-06-09 17:00:00+00:00,Peshawar,89.58333333333333,88.125,145.95833333333334
2026-06-09 18:00:00+00:00,Peshawar,89.58333333333333,88.125,145.95833333333334
2026-06-09 19:00:00+00:00,Peshawar,89.58333333333333,88.125,145.95833333333334
2026-06-09 20:00:00+00:00,Peshawar,89.58333333333333,88.125,145.95833333333334
2026-06-09 21:00:00+00:00,Peshawar,89.58333333333333,88.125,145.95833333333334
2026-06-09 22:00:00+00:00,Peshawar,89.58333333333333,88.125,145.95833333333334
2026-06-09 23:00:00+00:00,Peshawar,89.58333333333333,88.125,145.95833333333334
2026-06-10 00:00:00+00:00,Peshawar,88.125,145.95833333333334,135.70833333333334
2026-06-10 01:00:00+00:00,Peshawar,88.125,145.95833333333334,135.70833333333334
2026-06-10 02:00:00+00:00,Peshawar,88.125,145.95833333333334,135.70833333333334
2026-06-10 03:00:00+00:00,Peshawar,88.125,145.95833333333334,135.70833333333334
2026-06-10 04:00:00+00:00,Peshawar,88.125,145.95833333333334,135.70833333333334
2026-06-10 05:00:00+00:00,Peshawar,88.125,145.95833333333334,135.70833333333334
2026-06-10 06:00:00+00:00,Peshawar,88.125,145.95833333333334,135.70833333333334
2026-06-10 07:00:00+00:00,Peshawar,88.125,145.95833333333334,135.70833333333334
2026-06-10 08:00:00+00:00,Peshawar,88.125,145.95833333333334,135.70833333333334
2026-06-10 09:00:00+00:00,Peshawar,88.125,145.95833333333334,135.70833333333334
2026-06-10 10:00:00+00:00,Peshawar,88.125,145.95833333333334,135.70833333333334
2026-06-10 11:00:00+00:00,Peshawar,88.125,145.95833333333334,135.70833333333334
2026-06-10 12:00:00+00:00,Peshawar,88.125,145.95833333333334,135.70833333333334
2026-06-10 13:00:00+00:00,Peshawar,88.125,145.95833333333334,135.70833333333334
2026-06-10 14:00:00+00:00,Peshawar,88.125,145.95833333333334,135.70833333333334
2026-06-10 15:00:00+00:00,Peshawar,88.125,145.95833333333334,135.70833333333334
2026-06-10 16:00:00+00:00,Peshawar,88.125,145.95833333333334,135.70833333333334
2026-06-10 17:00:00+00:00,Peshawar,88.125,145.95833333333334,135.70833333333334
2026-06-10 18:00:00+00:00,Peshawar,88.125,145.95833333333334,135.70833333333334
2026-06-10 19:00:00+00:00,Peshawar,88.125,145.95833333333334,135.70833333333334
2026-06-10 20:00:00+00:00,Peshawar,88.125,145.95833333333334,135.70833333333334
2026-06-10 21:00:00+00:00,Peshawar,88.125,145.95833333333334,135.70833333333334
2026-06-10 22:00:00+00:00,Peshawar,88.125,145.95833333333334,135.70833333333334
2026-06-10 23:00:00+00:00,Peshawar,88.125,145.95833333333334,135.70833333333334
2026-06-11 00:00:00+00:00,Peshawar,145.95833333333334,135.70833333333334,115.25
2026-06-11 01:00:00+00:00,Peshawar,145.95833333333334,135.70833333333334,115.25
2026-06-11 02:00:00+00:00,Peshawar,145.95833333333334,135.70833333333334,115.25
2026-06-11 03:00:00+00:00,Peshawar,145.95833333333334,135.70833333333334,115.25
2026-06-11 04:00:00+00:00,Peshawar,145.95833333333334,135.70833333333334,115.25
2026-06-11 05:00:00+00:00,Peshawar,145.95833333333334,135.70833333333334,115.25
2026-06-11 06:00:00+00:00,Peshawar,145.95833333333334,135.70833333333334,115.25
2026-06-11 07:00:00+00:00,Peshawar,145.95833333333334,135.70833333333334,115.25
2026-06-11 08:00:00+00:00,Peshawar,145.95833333333334,135.70833333333334,115.25
2026-06-11 09:00:00+00:00,Peshawar,145.95833333333334,135.70833333333334,115.25
2026-06-11 10:00:00+00:00,Peshawar,145.95833333333334,135.70833333333334,115.25
2026-06-11 11:00:00+00:00,Peshawar,145.95833333333334,135.70833333333334,115.25
2026-06-11 12:00:00+00:00,Peshawar,145.95833333333334,135.70833333333334,115.25
2026-06-11 13:00:00+00:00,Peshawar,145.95833333333334,135.70833333333334,115.25
2026-06-11 14:00:00+00:00,Peshawar,145.95833333333334,135.70833333333334,115.25
2026-06-11 15:00:00+00:00,Peshawar,145.95833333333334,135.70833333333334,115.25
2026-06-11 16:00:00+00:00,Peshawar,145.95833333333334,135.70833333333334,115.25
2026-06-11 17:00:00+00:00,Peshawar,145.95833333333334,135.70833333333334,115.25
2026-06-11 18:00:00+00:00,Peshawar,145.95833333333334,135.70833333333334,115.25
2026-06-11 19:00:00+00:00,Peshawar,145.95833333333334,135.70833333333334,115.25
2026-06-11 20:00:00+00:00,Peshawar,145.95833333333334,135.70833333333334,115.25
2026-06-11 21:00:00+00:00,Peshawar,145.95833333333334,135.70833333333334,115.25
2026-06-11 22:00:00+00:00,Peshawar,145.95833333333334,135.70833333333334,115.25
2026-06-11 23:00:00+00:00,Peshawar,145.95833333333334,135.70833333333334,115.25
2026-06-12 00:00:00+00:00,Peshawar,135.70833333333334,115.25,119.20833333333333
2026-06-12 01:00:00+00:00,Peshawar,135.70833333333334,115.25,119.20833333333333
2026-06-12 02:00:00+00:00,Peshawar,135.70833333333334,115.25,119.20833333333333
2026-06-12 03:00:00+00:00,Peshawar,135.70833333333334,115.25,119.20833333333333
2026-06-12 04:00:00+00:00,Peshawar,135.70833333333334,115.25,119.20833333333333
2026-06-12 05:00:00+00:00,Peshawar,135.70833333333334,115.25,119.20833333333333
2026-06-12 06:00:00+00:00,Peshawar,135.70833333333334,115.25,119.20833333333333
2026-06-12 07:00:00+00:00,Peshawar,135.70833333333334,115.25,119.20833333333333
2026-06-12 08:00:00+00:00,Peshawar,135.70833333333334,115.25,119.20833333333333
2026-06-12 09:00:00+00:00,Peshawar,135.70833333333334,115.25,119.20833333333333
2026-06-12 10:00:00+00:00,Peshawar,135.70833333333334,115.25,119.20833333333333
2026-06-12 11:00:00+00:00,Peshawar,135.70833333333334,115.25,119.20833333333333
2026-06-12 12:00:00+00:00,Peshawar,135.70833333333334,115.25,119.20833333333333
2026-06-12 13:00:00+00:00,Peshawar,135.70833333333334,115.25,119.20833333333333
2026-06-12 14:00:00+00:00,Peshawar,135.70833333333334,115.25,119.20833333333333
2026-06-12 15:00:00+00:00,Peshawar,135.70833333333334,115.25,119.20833333333333
2026-06-12 16:00:00+00:00,Peshawar,135.70833333333334,115.25,119.20833333333333
2026-06-12 17:00:00+00:00,Peshawar,135.70833333333334,115.25,119.20833333333333
2026-06-12 18:00:00+00:00,Peshawar,135.70833333333334,115.25,119.20833333333333
2026-06-12 19:00:00+00:00,Peshawar,135.70833333333334,115.25,119.20833333333333
2026-06-12 20:00:00+00:00,Peshawar,135.70833333333334,115.25,119.20833333333333
2026-06-12 21:00:00+00:00,Peshawar,135.70833333333334,115.25,119.20833333333333
2026-06-12 22:00:00+00:00,Peshawar,135.70833333333334,115.25,119.20833333333333
2026-06-12 23:00:00+00:00,Peshawar,135.70833333333334,115.25,119.20833333333333
2026-06-13 00:00:00+00:00,Peshawar,115.25,119.20833333333333,140.45833333333334
2026-06-13 01:00:00+00:00,Peshawar,115.25,119.20833333333333,140.45833333333334
2026-06-13 02:00:00+00:00,Peshawar,115.25,119.20833333333333,140.45833333333334
2026-06-13 03:00:00+00:00,Peshawar,115.25,119.20833333333333,140.45833333333334
2026-06-13 04:00:00+00:00,Peshawar,115.25,119.20833333333333,140.45833333333334
2026-06-13 05:00:00+00:00,Peshawar,115.25,119.20833333333333,140.45833333333334
2026-06-13 06:00:00+00:00,Peshawar,115.25,119.20833333333333,140.45833333333334
2026-06-13 07:00:00+00:00,Peshawar,115.25,119.20833333333333,140.45833333333334
2026-06-13 08:00:00+00:00,Peshawar,115.25,119.20833333333333,140.45833333333334
2026-06-13 09:00:00+00:00,Peshawar,115.25,119.20833333333333,140.45833333333334
2026-06-13 10:00:00+00:00,Peshawar,115.25,119.20833333333333,140.45833333333334
2026-06-13 11:00:00+00:00,Peshawar,115.25,119.20833333333333,140.45833333333334
2026-06-13 12:00:00+00:00,Peshawar,115.25,119.20833333333333,140.45833333333334
2026-06-13 13:00:00+00:00,Peshawar,115.25,119.20833333333333,140.45833333333334
2026-06-13 14:00:00+00:00,Peshawar,115.25,119.20833333333333,140.45833333333334
2026-06-13 15:00:00+00:00,Peshawar,115.25,119.20833333333333,140.45833333333334
2026-06-13 16:00:00+00:00,Peshawar,115.25,119.20833333333333,140.45833333333334
2026-06-13 17:00:00+00:00,Peshawar,115.25,119.20833333333333,140.45833333333334
2026-06-13 18:00:00+00:00,Peshawar,115.25,119.20833333333333,140.45833333333334
2026-06-13 19:00:00+00:00,Peshawar,115.25,119.20833333333333,140.45833333333334
2026-06-13 20:00:00+00:00,Peshawar,115.25,119.20833333333333,140.45833333333334
2026-06-13 21:00:00+00:00,Peshawar,115.25,119.20833333333333,140.45833333333334
2026-06-13 22:00:00+00:00,Peshawar,115.25,119.20833333333333,140.45833333333334
2026-06-13 23:00:00+00:00,Peshawar,115.25,119.20833333333333,140.45833333333334
2026-06-14 00:00:00+00:00,Peshawar,119.20833333333333,140.45833333333334,126.125
2026-06-14 01:00:00+00:00,Peshawar,119.20833333333333,140.45833333333334,126.125
2026-06-14 02:00:00+00:00,Peshawar,119.20833333333333,140.45833333333334,126.125
2026-06-14 03:00:00+00:00,Peshawar,119.20833333333333,140.45833333333334,126.125
2026-06-14 04:00:00+00:00,Peshawar,119.20833333333333,140.45833333333334,126.125
2026-06-14 05:00:00+00:00,Peshawar,119.20833333333333,140.45833333333334,126.125
2026-06-14 06:00:00+00:00,Peshawar,119.20833333333333,140.45833333333334,126.125
2026-06-14 07:00:00+00:00,Peshawar,119.20833333333333,140.45833333333334,126.125
2026-06-14 08:00:00+00:00,Peshawar,119.20833333333333,140.45833333333334,126.125
2026-06-14 09:00:00+00:00,Peshawar,119.20833333333333,140.45833333333334,126.125
2026-06-14 10:00:00+00:00,Peshawar,119.20833333333333,140.45833333333334,126.125
2026-06-14 11:00:00+00:00,Peshawar,119.20833333333333,140.45833333333334,126.125
2026-06-14 12:00:00+00:00,Peshawar,119.20833333333333,140.45833333333334,126.125
2026-06-14 13:00:00+00:00,Peshawar,119.20833333333333,140.45833333333334,126.125
2026-06-14 14:00:00+00:00,Peshawar,119.20833333333333,140.45833333333334,126.125
2026-06-14 15:00:00+00:00,Peshawar,119.20833333333333,140.45833333333334,126.125
2026-06-14 16:00:00+00:00,Peshawar,119.20833333333333,140.45833333333334,126.125
2026-06-14 17:00:00+00:00,Peshawar,119.20833333333333,140.45833333333334,126.125
2026-06-14 18:00:00+00:00,Peshawar,119.20833333333333,140.45833333333334,126.125
2026-06-14 19:00:00+00:00,Peshawar,119.20833333333333,140.45833333333334,126.125
2026-06-14 20:00:00+00:00,Peshawar,119.20833333333333,140.45833333333334,126.125
2026-06-14 21:00:00+00:00,Peshawar,119.20833333333333,140.45833333333334,126.125
2026-06-14 22:00:00+00:00,Peshawar,119.20833333333333,140.45833333333334,126.125
2026-06-14 23:00:00+00:00,Peshawar,119.20833333333333,140.45833333333334,126.125
2026-06-15 00:00:00+00:00,Peshawar,140.45833333333334,126.125,126.45833333333333
2026-06-15 01:00:00+00:00,Peshawar,140.45833333333334,126.125,126.45833333333333
2026-06-15 02:00:00+00:00,Peshawar,140.45833333333334,126.125,126.45833333333333
2026-06-15 03:00:00+00:00,Peshawar,140.45833333333334,126.125,126.45833333333333
2026-06-15 04:00:00+00:00,Peshawar,140.45833333333334,126.125,126.45833333333333
2026-06-15 05:00:00+00:00,Peshawar,140.45833333333334,126.125,126.45833333333333
2026-06-15 06:00:00+00:00,Peshawar,140.45833333333334,126.125,126.45833333333333
2026-06-15 07:00:00+00:00,Peshawar,140.45833333333334,126.125,126.45833333333333
2026-06-15 08:00:00+00:00,Peshawar,140.45833333333334,126.125,126.45833333333333
2026-06-15 09:00:00+00:00,Peshawar,140.45833333333334,126.125,126.45833333333333
2026-06-15 10:00:00+00:00,Peshawar,140.45833333333334,126.125,126.45833333333333
2026-06-15 11:00:00+00:00,Peshawar,140.45833333333334,126.125,126.45833333333333
2026-06-15 12:00:00+00:00,Peshawar,140.45833333333334,126.125,126.45833333333333
2026-06-15 13:00:00+00:00,Peshawar,140.45833333333334,126.125,126.45833333333333
2026-06-15 14:00:00+00:00,Peshawar,140.45833333333334,126.125,126.45833333333333
2026-06-15 15:00:00+00:00,Peshawar,140.45833333333334,126.125,126.45833333333333
2026-06-15 16:00:00+00:00,Peshawar,140.45833333333334,126.125,126.45833333333333
2026-06-15 17:00:00+00:00,Peshawar,140.45833333333334,126.125,126.45833333333333
2026-06-15 18:00:00+00:00,Peshawar,140.45833333333334,126.125,126.45833333333333
2026-06-15 19:00:00+00:00,Peshawar,140.45833333333334,126.125,126.45833333333333
2026-06-15 20:00:00+00:00,Peshawar,140.45833333333334,126.125,126.45833333333333
2026-06-15 21:00:00+00:00,Peshawar,140.45833333333334,126.125,126.45833333333333
2026-06-15 22:00:00+00:00,Peshawar,140.45833333333334,126.125,126.45833333333333
2026-06-15 23:00:00+00:00,Peshawar,140.45833333333334,126.125,126.45833333333333
2026-06-16 00:00:00+00:00,Peshawar,126.125,126.45833333333333,109.41666666666667
2026-06-16 01:00:00+00:00,Peshawar,126.125,126.45833333333333,109.41666666666667
2026-06-16 02:00:00+00:00,Peshawar,126.125,126.45833333333333,109.41666666666667
2026-06-16 03:00:00+00:00,Peshawar,126.125,126.45833333333333,109.41666666666667
2026-06-16 04:00:00+00:00,Peshawar,126.125,126.45833333333333,109.41666666666667
2026-06-16 05:00:00+00:00,Peshawar,126.125,126.45833333333333,109.41666666666667
2026-06-16 06:00:00+00:00,Peshawar,126.125,126.45833333333333,109.41666666666667
2026-06-16 07:00:00+00:00,Peshawar,126.125,126.45833333333333,109.41666666666667
2026-06-16 08:00:00+00:00,Peshawar,126.125,126.45833333333333,109.41666666666667
2026-06-16 09:00:00+00:00,Peshawar,126.125,126.45833333333333,109.41666666666667
2026-06-16 10:00:00+00:00,Peshawar,126.125,126.45833333333333,109.41666666666667
2026-06-16 11:00:00+00:00,Peshawar,126.125,126.45833333333333,109.41666666666667
2026-06-16 12:00:00+00:00,Peshawar,126.125,126.45833333333333,109.41666666666667
2026-06-16 13:00:00+00:00,Peshawar,126.125,126.45833333333333,109.41666666666667
2026-06-16 14:00:00+00:00,Peshawar,126.125,126.45833333333333,109.41666666666667
2026-06-16 15:00:00+00:00,Peshawar,126.125,126.45833333333333,109.41666666666667
2026-06-16 16:00:00+00:00,Peshawar,126.125,126.45833333333333,109.41666666666667
2026-06-16 17:00:00+00:00,Peshawar,126.125,126.45833333333333,109.41666666666667
2026-06-16 18:00:00+00:00,Peshawar,126.125,126.45833333333333,109.41666666666667
2026-06-16 19:00:00+00:00,Peshawar,126.125,126.45833333333333,109.41666666666667
2026-06-16 20:00:00+00:00,Peshawar,126.125,126.45833333333333,109.41666666666667
2026-06-16 21:00:00+00:00,Peshawar,126.125,126.45833333333333,109.41666666666667
2026-06-16 22:00:00+00:00,Peshawar,126.125,126.45833333333333,109.41666666666667
2026-06-16 23:00:00+00:00,Peshawar,126.125,126.45833333333333,109.41666666666667
2026-06-17 00:00:00+00:00,Peshawar,126.45833333333333,109.41666666666667,102.5
2026-06-17 01:00:00+00:00,Peshawar,126.45833333333333,109.41666666666667,102.5
2026-06-17 02:00:00+00:00,Peshawar,126.45833333333333,109.41666666666667,102.5
2026-06-17 03:00:00+00:00,Peshawar,126.45833333333333,109.41666666666667,102.5
2026-06-17 04:00:00+00:00,Peshawar,126.45833333333333,109.41666666666667,102.5
2026-06-17 05:00:00+00:00,Peshawar,126.45833333333333,109.41666666666667,102.5
2026-06-17 06:00:00+00:00,Peshawar,126.45833333333333,109.41666666666667,102.5
2026-06-17 07:00:00+00:00,Peshawar,126.45833333333333,109.41666666666667,102.5
2026-06-17 08:00:00+00:00,Peshawar,126.45833333333333,109.41666666666667,102.5
2026-06-17 09:00:00+00:00,Peshawar,126.45833333333333,109.41666666666667,102.5
2026-06-17 10:00:00+00:00,Peshawar,126.45833333333333,109.41666666666667,102.5
2026-06-17 11:00:00+00:00,Peshawar,126.45833333333333,109.41666666666667,102.5
2026-06-17 12:00:00+00:00,Peshawar,126.45833333333333,109.41666666666667,102.5
2026-06-17 13:00:00+00:00,Peshawar,126.45833333333333,109.41666666666667,102.5
2026-06-17 14:00:00+00:00,Peshawar,126.45833333333333,109.41666666666667,102.5
2026-06-17 15:00:00+00:00,Peshawar,126.45833333333333,109.41666666666667,102.5
2026-06-17 16:00:00+00:00,Peshawar,126.45833333333333,109.41666666666667,102.5
2026-06-17 17:00:00+00:00,Peshawar,126.45833333333333,109.41666666666667,102.5
2026-06-17 18:00:00+00:00,Peshawar,126.45833333333333,109.41666666666667,102.5
2026-06-17 19:00:00+00:00,Peshawar,126.45833333333333,109.41666666666667,102.5
2026-06-17 20:00:00+00:00,Peshawar,126.45833333333333,109.41666666666667,102.5
2026-06-17 21:00:00+00:00,Peshawar,126.45833333333333,109.41666666666667,102.5
2026-06-17 22:00:00+00:00,Peshawar,126.45833333333333,109.41666666666667,102.5
2026-06-17 23:00:00+00:00,Peshawar,126.45833333333333,109.41666666666667,102.5
2026-06-18 00:00:00+00:00,Peshawar,109.41666666666667,102.5,94.5
2026-06-18 01:00:00+00:00,Peshawar,109.41666666666667,102.5,94.5
2026-06-18 02:00:00+00:00,Peshawar,109.41666666666667,102.5,94.5
2026-06-18 03:00:00+00:00,Peshawar,109.41666666666667,102.5,94.5
2026-06-18 04:00:00+00:00,Peshawar,109.41666666666667,102.5,94.5
2026-06-18 05:00:00+00:00,Peshawar,109.41666666666667,102.5,94.5
2026-06-18 06:00:00+00:00,Peshawar,109.41666666666667,102.5,94.5
2026-06-18 07:00:00+00:00,Peshawar,109.41666666666667,102.5,94.5
2026-06-18 08:00:00+00:00,Peshawar,109.41666666666667,102.5,94.5
2026-06-18 09:00:00+00:00,Peshawar,109.41666666666667,102.5,94.5
2026-06-18 10:00:00+00:00,Peshawar,109.41666666666667,102.5,94.5
2026-06-18 11:00:00+00:00,Peshawar,109.41666666666667,102.5,94.5
2026-06-18 12:00:00+00:00,Peshawar,109.41666666666667,102.5,94.5
2026-06-18 13:00:00+00:00,Peshawar,109.41666666666667,102.5,94.5
2026-06-18 14:00:00+00:00,Peshawar,109.41666666666667,102.5,94.5
2026-06-18 15:00:00+00:00,Peshawar,109.41666666666667,102.5,94.5
2026-06-18 16:00:00+00:00,Peshawar,109.41666666666667,102.5,94.5
2026-06-18 17:00:00+00:00,Peshawar,109.41666666666667,102.5,94.5
2026-06-18 18:00:00+00:00,Peshawar,109.41666666666667,102.5,94.5
2026-06-18 19:00:00+00:00,Peshawar,109.41666666666667,102.5,94.5
2026-06-18 20:00:00+00:00,Peshawar,109.41666666666667,102.5,94.5
2026-06-18 21:00:00+00:00,Peshawar,109.41666666666667,102.5,94.5
2026-06-18 22:00:00+00:00,Peshawar,109.41666666666667,102.5,94.5
2026-06-18 23:00:00+00:00,Peshawar,109.41666666666667,102.5,94.5
2026-06-19 00:00:00+00:00,Peshawar,102.5,94.5,100.41666666666667
2026-06-19 01:00:00+00:00,Peshawar,102.5,94.5,100.41666666666667
2026-06-19 02:00:00+00:00,Peshawar,102.5,94.5,100.41666666666667
2026-06-19 03:00:00+00:00,Peshawar,102.5,94.5,100.41666666666667
2026-06-19 04:00:00+00:00,Peshawar,102.5,94.5,100.41666666666667
2026-06-19 05:00:00+00:00,Peshawar,102.5,94.5,100.41666666666667
2026-06-19 06:00:00+00:00,Peshawar,102.5,94.5,100.41666666666667
2026-06-19 07:00:00+00:00,Peshawar,102.5,94.5,100.41666666666667
2026-06-19 08:00:00+00:00,Peshawar,102.5,94.5,100.41666666666667
2026-06-19 09:00:00+00:00,Peshawar,102.5,94.5,100.41666666666667
2026-06-19 10:00:00+00:00,Peshawar,102.5,94.5,100.41666666666667
2026-06-19 11:00:00+00:00,Peshawar,102.5,94.5,100.41666666666667
2026-06-19 12:00:00+00:00,Peshawar,102.5,94.5,100.41666666666667
2026-06-19 13:00:00+00:00,Peshawar,102.5,94.5,100.41666666666667
2026-06-19 14:00:00+00:00,Peshawar,102.5,94.5,100.41666666666667
2026-06-19 15:00:00+00:00,Peshawar,102.5,94.5,100.41666666666667
2026-06-19 16:00:00+00:00,Peshawar,102.5,94.5,100.41666666666667
2026-06-19 17:00:00+00:00,Peshawar,102.5,94.5,100.41666666666667
2026-06-19 18:00:00+00:00,Peshawar,102.5,94.5,100.41666666666667
2026-06-19 19:00:00+00:00,Peshawar,102.5,94.5,100.41666666666667
2026-06-19 20:00:00+00:00,Peshawar,102.5,94.5,100.41666666666667
2026-06-19 21:00:00+00:00,Peshawar,102.5,94.5,100.41666666666667
2026-06-19 22:00:00+00:00,Peshawar,102.5,94.5,100.41666666666667
2026-06-19 23:00:00+00:00,Peshawar,102.5,94.5,100.41666666666667
2026-06-20 00:00:00+00:00,Peshawar,94.5,100.41666666666667,110.66666666666667
2026-06-20 01:00:00+00:00,Peshawar,94.5,100.41666666666667,110.66666666666667
2026-06-20 02:00:00+00:00,Peshawar,94.5,100.41666666666667,110.66666666666667
2026-06-20 03:00:00+00:00,Peshawar,94.5,100.41666666666667,110.66666666666667
2026-06-20 04:00:00+00:00,Peshawar,94.5,100.41666666666667,110.66666666666667
2026-06-20 05:00:00+00:00,Peshawar,94.5,100.41666666666667,110.66666666666667
2026-06-20 06:00:00+00:00,Peshawar,94.5,100.41666666666667,110.66666666666667
2026-06-20 07:00:00+00:00,Peshawar,94.5,100.41666666666667,110.66666666666667
2026-06-20 08:00:00+00:00,Peshawar,94.5,100.41666666666667,110.66666666666667
2026-06-20 09:00:00+00:00,Peshawar,94.5,100.41666666666667,110.66666666666667
2026-06-20 10:00:00+00:00,Peshawar,94.5,100.41666666666667,110.66666666666667
2026-06-20 11:00:00+00:00,Peshawar,94.5,100.41666666666667,110.66666666666667
2026-06-20 12:00:00+00:00,Peshawar,94.5,100.41666666666667,110.66666666666667
2026-06-20 13:00:00+00:00,Peshawar,94.5,100.41666666666667,110.66666666666667
2026-06-20 14:00:00+00:00,Peshawar,94.5,100.41666666666667,110.66666666666667
2026-06-20 15:00:00+00:00,Peshawar,94.5,100.41666666666667,110.66666666666667
2026-06-20 16:00:00+00:00,Peshawar,94.5,100.41666666666667,110.66666666666667
2026-06-20 17:00:00+00:00,Peshawar,94.5,100.41666666666667,110.66666666666667
2026-06-20 18:00:00+00:00,Peshawar,94.5,100.41666666666667,110.66666666666667
2026-06-20 19:00:00+00:00,Peshawar,94.5,100.41666666666667,110.66666666666667
2026-06-20 20:00:00+00:00,Peshawar,94.5,100.41666666666667,110.66666666666667
2026-06-20 21:00:00+00:00,Peshawar,94.5,100.41666666666667,110.66666666666667
2026-06-20 22:00:00+00:00,Peshawar,94.5,100.41666666666667,110.66666666666667
2026-06-20 23:00:00+00:00,Peshawar,94.5,100.41666666666667,110.66666666666667
2026-06-21 00:00:00+00:00,Peshawar,100.41666666666667,110.66666666666667,117.04166666666667
2026-06-21 01:00:00+00:00,Peshawar,100.41666666666667,110.66666666666667,117.04166666666667
2026-06-21 02:00:00+00:00,Peshawar,100.41666666666667,110.66666666666667,117.04166666666667
2026-06-21 03:00:00+00:00,Peshawar,100.41666666666667,110.66666666666667,117.04166666666667
2026-06-21 04:00:00+00:00,Peshawar,100.41666666666667,110.66666666666667,117.04166666666667
2026-06-21 05:00:00+00:00,Peshawar,100.41666666666667,110.66666666666667,117.04166666666667
2026-06-21 06:00:00+00:00,Peshawar,100.41666666666667,110.66666666666667,117.04166666666667
2026-06-21 07:00:00+00:00,Peshawar,100.41666666666667,110.66666666666667,117.04166666666667
2026-06-21 08:00:00+00:00,Peshawar,100.41666666666667,110.66666666666667,117.04166666666667
2026-06-21 09:00:00+00:00,Peshawar,100.41666666666667,110.66666666666667,117.04166666666667
2026-06-21 10:00:00+00:00,Peshawar,100.41666666666667,110.66666666666667,117.04166666666667
2026-06-21 11:00:00+00:00,Peshawar,100.41666666666667,110.66666666666667,117.04166666666667
2026-06-21 12:00:00+00:00,Peshawar,100.41666666666667,110.66666666666667,117.04166666666667
2026-06-21 13:00:00+00:00,Peshawar,100.41666666666667,110.66666666666667,117.04166666666667
2026-06-21 14:00:00+00:00,Peshawar,100.41666666666667,110.66666666666667,117.04166666666667
2026-06-21 15:00:00+00:00,Peshawar,100.41666666666667,110.66666666666667,117.04166666666667
2026-06-21 16:00:00+00:00,Peshawar,100.41666666666667,110.66666666666667,117.04166666666667
2026-06-21 17:00:00+00:00,Peshawar,100.41666666666667,110.66666666666667,117.04166666666667
2026-06-21 18:00:00+00:00,Peshawar,100.41666666666667,110.66666666666667,117.04166666666667
2026-06-21 19:00:00+00:00,Peshawar,100.41666666666667,110.66666666666667,117.04166666666667
2026-06-21 20:00:00+00:00,Peshawar,100.41666666666667,110.66666666666667,117.04166666666667
2026-06-21 21:00:00+00:00,Peshawar,100.41666666666667,110.66666666666667,117.04166666666667
2026-06-21 22:00:00+00:00,Peshawar,100.41666666666667,110.66666666666667,117.04166666666667
2026-06-21 23:00:00+00:00,Peshawar,100.41666666666667,110.66666666666667,117.04166666666667
2026-06-22 00:00:00+00:00,Peshawar,110.66666666666667,117.04166666666667,114.0
2026-06-22 01:00:00+00:00,Peshawar,110.66666666666667,117.04166666666667,114.0
2026-06-22 02:00:00+00:00,Peshawar,110.66666666666667,117.04166666666667,114.0
2026-06-22 03:00:00+00:00,Peshawar,110.66666666666667,117.04166666666667,114.0
2026-06-22 04:00:00+00:00,Peshawar,110.66666666666667,117.04166666666667,114.0
2026-06-22 05:00:00+00:00,Peshawar,110.66666666666667,117.04166666666667,114.0
2026-06-22 06:00:00+00:00,Peshawar,110.66666666666667,117.04166666666667,114.0
2026-06-22 07:00:00+00:00,Peshawar,110.66666666666667,117.04166666666667,114.0
2026-06-22 08:00:00+00:00,Peshawar,110.66666666666667,117.04166666666667,114.0
2026-06-22 09:00:00+00:00,Peshawar,110.66666666666667,117.04166666666667,114.0
2026-06-22 10:00:00+00:00,Peshawar,110.66666666666667,117.04166666666667,114.0
2026-06-22 11:00:00+00:00,Peshawar,110.66666666666667,117.04166666666667,114.0
2026-06-22 12:00:00+00:00,Peshawar,110.66666666666667,117.04166666666667,114.0
2026-06-22 13:00:00+00:00,Peshawar,110.66666666666667,117.04166666666667,114.0
2026-06-22 14:00:00+00:00,Peshawar,110.66666666666667,117.04166666666667,114.0
2026-06-22 15:00:00+00:00,Peshawar,110.66666666666667,117.04166666666667,114.0
2026-06-22 16:00:00+00:00,Peshawar,110.66666666666667,117.04166666666667,114.0
2026-06-22 17:00:00+00:00,Peshawar,110.66666666666667,117.04166666666667,114.0
2026-06-22 18:00:00+00:00,Peshawar,110.66666666666667,117.04166666666667,114.0
2026-06-22 19:00:00+00:00,Peshawar,110.66666666666667,117.04166666666667,114.0
2026-06-22 20:00:00+00:00,Peshawar,110.66666666666667,117.04166666666667,114.0
2026-06-22 21:00:00+00:00,Peshawar,110.66666666666667,117.04166666666667,114.0
2026-06-22 22:00:00+00:00,Peshawar,110.66666666666667,117.04166666666667,114.0
2026-06-22 23:00:00+00:00,Peshawar,110.66666666666667,117.04166666666667,114.0
2026-06-23 00:00:00+00:00,Peshawar,117.04166666666667,114.0,135.29166666666666
2026-06-23 01:00:00+00:00,Peshawar,117.04166666666667,114.0,135.29166666666666
2026-06-23 02:00:00+00:00,Peshawar,117.04166666666667,114.0,135.29166666666666
2026-06-23 03:00:00+00:00,Peshawar,117.04166666666667,114.0,135.29166666666666
2026-06-23 04:00:00+00:00,Peshawar,117.04166666666667,114.0,135.29166666666666
2026-06-23 05:00:00+00:00,Peshawar,117.04166666666667,114.0,135.29166666666666
2026-06-23 06:00:00+00:00,Peshawar,117.04166666666667,114.0,135.29166666666666
2026-06-23 07:00:00+00:00,Peshawar,117.04166666666667,114.0,135.29166666666666
2026-06-23 08:00:00+00:00,Peshawar,117.04166666666667,114.0,135.29166666666666
2026-06-23 09:00:00+00:00,Peshawar,117.04166666666667,114.0,135.29166666666666
2026-06-23 10:00:00+00:00,Peshawar,117.04166666666667,114.0,135.29166666666666
2026-06-23 11:00:00+00:00,Peshawar,117.04166666666667,114.0,135.29166666666666
2026-06-23 12:00:00+00:00,Peshawar,117.04166666666667,114.0,135.29166666666666
2026-06-23 13:00:00+00:00,Peshawar,117.04166666666667,114.0,135.29166666666666
2026-06-23 14:00:00+00:00,Peshawar,117.04166666666667,114.0,135.29166666666666
2026-06-23 15:00:00+00:00,Peshawar,117.04166666666667,114.0,135.29166666666666
2026-06-23 16:00:00+00:00,Peshawar,117.04166666666667,114.0,135.29166666666666
2026-06-23 17:00:00+00:00,Peshawar,117.04166666666667,114.0,135.29166666666666
2026-06-23 18:00:00+00:00,Peshawar,117.04166666666667,114.0,135.29166666666666
2026-06-23 19:00:00+00:00,Peshawar,117.04166666666667,114.0,135.29166666666666
2026-06-23 20:00:00+00:00,Peshawar,117.04166666666667,114.0,135.29166666666666
2026-06-23 21:00:00+00:00,Peshawar,117.04166666666667,114.0,135.29166666666666
2026-06-23 22:00:00+00:00,Peshawar,117.04166666666667,114.0,135.29166666666666
2026-06-23 23:00:00+00:00,Peshawar,117.04166666666667,114.0,135.29166666666666
2026-06-24 00:00:00+00:00,Peshawar,114.0,135.29166666666666,149.08333333333334
2026-06-24 01:00:00+00:00,Peshawar,114.0,135.29166666666666,149.08333333333334
2026-06-24 02:00:00+00:00,Peshawar,114.0,135.29166666666666,149.08333333333334
2026-06-24 03:00:00+00:00,Peshawar,114.0,135.29166666666666,149.08333333333334
2026-06-24 04:00:00+00:00,Peshawar,114.0,135.29166666666666,149.08333333333334
2026-06-24 05:00:00+00:00,Peshawar,114.0,135.29166666666666,149.08333333333334
2026-06-24 06:00:00+00:00,Peshawar,114.0,135.29166666666666,149.08333333333334
2026-06-24 07:00:00+00:00,Peshawar,114.0,135.29166666666666,149.08333333333334
2026-06-24 08:00:00+00:00,Peshawar,114.0,135.29166666666666,149.08333333333334
2026-06-24 09:00:00+00:00,Peshawar,114.0,135.29166666666666,149.08333333333334
2026-06-24 10:00:00+00:00,Peshawar,114.0,135.29166666666666,149.08333333333334
2026-06-24 11:00:00+00:00,Peshawar,114.0,135.29166666666666,149.08333333333334
2026-06-24 12:00:00+00:00,Peshawar,114.0,135.29166666666666,149.08333333333334
2026-06-24 13:00:00+00:00,Peshawar,114.0,135.29166666666666,149.08333333333334
2026-06-24 14:00:00+00:00,Peshawar,114.0,135.29166666666666,149.08333333333334
2026-06-24 15:00:00+00:00,Peshawar,114.0,135.29166666666666,149.08333333333334
2026-06-24 16:00:00+00:00,Peshawar,114.0,135.29166666666666,149.08333333333334
2026-06-24 17:00:00+00:00,Peshawar,114.0,135.29166666666666,149.08333333333334
2026-06-24 18:00:00+00:00,Peshawar,114.0,135.29166666666666,149.08333333333334
2026-06-24 19:00:00+00:00,Peshawar,114.0,135.29166666666666,149.08333333333334
2026-06-24 20:00:00+00:00,Peshawar,114.0,135.29166666666666,149.08333333333334
2026-06-24 21:00:00+00:00,Peshawar,114.0,135.29166666666666,149.08333333333334
2026-06-24 22:00:00+00:00,Peshawar,114.0,135.29166666666666,149.08333333333334
2026-06-24 23:00:00+00:00,Peshawar,114.0,135.29166666666666,149.08333333333334
2026-06-25 00:00:00+00:00,Peshawar,135.29166666666666,149.08333333333334,130.45833333333334
2026-06-25 01:00:00+00:00,Peshawar,135.29166666666666,149.08333333333334,130.45833333333334
2026-06-25 02:00:00+00:00,Peshawar,135.29166666666666,149.08333333333334,130.45833333333334
2026-06-25 03:00:00+00:00,Peshawar,135.29166666666666,149.08333333333334,130.45833333333334
2026-06-25 04:00:00+00:00,Peshawar,135.29166666666666,149.08333333333334,130.45833333333334
2026-06-25 05:00:00+00:00,Peshawar,135.29166666666666,149.08333333333334,130.45833333333334
2026-06-25 06:00:00+00:00,Peshawar,135.29166666666666,149.08333333333334,130.45833333333334
2026-06-25 07:00:00+00:00,Peshawar,135.29166666666666,149.08333333333334,130.45833333333334
2026-06-25 08:00:00+00:00,Peshawar,135.29166666666666,149.08333333333334,130.45833333333334
2026-06-25 09:00:00+00:00,Peshawar,135.29166666666666,149.08333333333334,130.45833333333334
2026-06-25 10:00:00+00:00,Peshawar,135.29166666666666,149.08333333333334,130.45833333333334
2026-06-25 11:00:00+00:00,Peshawar,135.29166666666666,149.08333333333334,130.45833333333334
2026-06-25 12:00:00+00:00,Peshawar,135.29166666666666,149.08333333333334,130.45833333333334
2026-06-25 13:00:00+00:00,Peshawar,135.29166666666666,149.08333333333334,130.45833333333334
2026-06-25 14:00:00+00:00,Peshawar,135.29166666666666,149.08333333333334,130.45833333333334
2026-06-25 15:00:00+00:00,Peshawar,135.29166666666666,149.08333333333334,130.45833333333334
2026-06-25 16:00:00+00:00,Peshawar,135.29166666666666,149.08333333333334,130.45833333333334
2026-06-25 17:00:00+00:00,Peshawar,135.29166666666666,149.08333333333334,130.45833333333334
2026-06-25 18:00:00+00:00,Peshawar,135.29166666666666,149.08333333333334,130.45833333333334
2026-06-25 19:00:00+00:00,Peshawar,135.29166666666666,149.08333333333334,130.45833333333334
2026-06-25 20:00:00+00:00,Peshawar,135.29166666666666,149.08333333333334,130.45833333333334
2026-06-25 21:00:00+00:00,Peshawar,135.29166666666666,149.08333333333334,130.45833333333334
2026-06-25 22:00:00+00:00,Peshawar,135.29166666666666,149.08333333333334,130.45833333333334
2026-06-25 23:00:00+00:00,Peshawar,135.29166666666666,149.08333333333334,130.45833333333334
2026-06-26 00:00:00+00:00,Peshawar,149.08333333333334,130.45833333333334,133.95833333333334
2026-06-26 01:00:00+00:00,Peshawar,149.08333333333334,130.45833333333334,133.95833333333334
2026-06-26 02:00:00+00:00,Peshawar,149.08333333333334,130.45833333333334,133.95833333333334
2026-06-26 03:00:00+00:00,Peshawar,149.08333333333334,130.45833333333334,133.95833333333334
2026-06-26 04:00:00+00:00,Peshawar,149.08333333333334,130.45833333333334,133.95833333333334
2026-06-26 05:00:00+00:00,Peshawar,149.08333333333334,130.45833333333334,133.95833333333334
2026-06-26 06:00:00+00:00,Peshawar,149.08333333333334,130.45833333333334,133.95833333333334
2026-06-26 07:00:00+00:00,Peshawar,149.08333333333334,130.45833333333334,133.95833333333334
2026-06-26 08:00:00+00:00,Peshawar,149.08333333333334,130.45833333333334,133.95833333333334
2026-06-26 09:00:00+00:00,Peshawar,149.08333333333334,130.45833333333334,133.95833333333334
2026-06-26 10:00:00+00:00,Peshawar,149.08333333333334,130.45833333333334,133.95833333333334
2026-06-26 11:00:00+00:00,Peshawar,149.08333333333334,130.45833333333334,133.95833333333334
2026-06-26 12:00:00+00:00,Peshawar,149.08333333333334,130.45833333333334,133.95833333333334
2026-06-26 13:00:00+00:00,Peshawar,149.08333333333334,130.45833333333334,133.95833333333334
2026-06-26 14:00:00+00:00,Peshawar,149.08333333333334,130.45833333333334,133.95833333333334
2026-06-26 15:00:00+00:00,Peshawar,149.08333333333334,130.45833333333334,133.95833333333334
2026-06-26 16:00:00+00:00,Peshawar,149.08333333333334,130.45833333333334,133.95833333333334
2026-06-26 17:00:00+00:00,Peshawar,149.08333333333334,130.45833333333334,133.95833333333334
2026-06-26 18:00:00+00:00,Peshawar,149.08333333333334,130.45833333333334,133.95833333333334
2026-06-26 19:00:00+00:00,Peshawar,149.08333333333334,130.45833333333334,133.95833333333334
2026-06-26 20:00:00+00:00,Peshawar,149.08333333333334,130.45833333333334,133.95833333333334
2026-06-26 21:00:00+00:00,Peshawar,149.08333333333334,130.45833333333334,133.95833333333334
2026-06-26 22:00:00+00:00,Peshawar,149.08333333333334,130.45833333333334,133.95833333333334
2026-06-26 23:00:00+00:00,Peshawar,149.08333333333334,130.45833333333334,133.95833333333334
2026-06-27 00:00:00+00:00,Peshawar,130.45833333333334,133.95833333333334,136.66666666666666
2026-06-27 01:00:00+00:00,Peshawar,130.45833333333334,133.95833333333334,136.66666666666666
2026-06-27 02:00:00+00:00,Peshawar,130.45833333333334,133.95833333333334,136.66666666666666
2026-06-27 03:00:00+00:00,Peshawar,130.45833333333334,133.95833333333334,136.66666666666666
2026-06-27 04:00:00+00:00,Peshawar,130.45833333333334,133.95833333333334,136.66666666666666
2026-06-27 05:00:00+00:00,Peshawar,130.45833333333334,133.95833333333334,136.66666666666666
2026-06-27 06:00:00+00:00,Peshawar,130.45833333333334,133.95833333333334,136.66666666666666
2026-06-27 07:00:00+00:00,Peshawar,130.45833333333334,133.95833333333334,136.66666666666666
2026-06-27 08:00:00+00:00,Peshawar,130.45833333333334,133.95833333333334,136.66666666666666
2026-06-27 09:00:00+00:00,Peshawar,130.45833333333334,133.95833333333334,136.66666666666666
2026-06-27 10:00:00+00:00,Peshawar,130.45833333333334,133.95833333333334,136.66666666666666
2026-06-27 11:00:00+00:00,Peshawar,130.45833333333334,133.95833333333334,136.66666666666666
2026-06-27 12:00:00+00:00,Peshawar,130.45833333333334,133.95833333333334,136.66666666666666
2026-06-27 13:00:00+00:00,Peshawar,130.45833333333334,133.95833333333334,136.66666666666666
2026-06-27 14:00:00+00:00,Peshawar,130.45833333333334,133.95833333333334,136.66666666666666
2026-06-27 15:00:00+00:00,Peshawar,130.45833333333334,133.95833333333334,136.66666666666666
2026-06-27 16:00:00+00:00,Peshawar,130.45833333333334,133.95833333333334,136.66666666666666
2026-06-27 17:00:00+00:00,Peshawar,130.45833333333334,133.95833333333334,136.66666666666666
2026-06-27 18:00:00+00:00,Peshawar,130.45833333333334,133.95833333333334,136.66666666666666
2026-06-27 19:00:00+00:00,Peshawar,130.45833333333334,133.95833333333334,136.66666666666666
2026-06-27 20:00:00+00:00,Peshawar,130.45833333333334,133.95833333333334,136.66666666666666
2026-06-27 21:00:00+00:00,Peshawar,130.45833333333334,133.95833333333334,136.66666666666666
2026-06-27 22:00:00+00:00,Peshawar,130.45833333333334,133.95833333333334,136.66666666666666
2026-06-27 23:00:00+00:00,Peshawar,130.45833333333334,133.95833333333334,136.66666666666666
2026-06-28 00:00:00+00:00,Peshawar,133.95833333333334,136.66666666666666,141.25
2026-06-28 01:00:00+00:00,Peshawar,133.95833333333334,136.66666666666666,141.25
2026-06-28 02:00:00+00:00,Peshawar,133.95833333333334,136.66666666666666,141.25
2026-06-28 03:00:00+00:00,Peshawar,133.95833333333334,136.66666666666666,141.25
2026-06-28 04:00:00+00:00,Peshawar,133.95833333333334,136.66666666666666,141.25
2026-06-28 05:00:00+00:00,Peshawar,133.95833333333334,136.66666666666666,141.25
2026-06-28 06:00:00+00:00,Peshawar,133.95833333333334,136.66666666666666,141.25
2026-06-28 07:00:00+00:00,Peshawar,133.95833333333334,136.66666666666666,141.25
2026-06-28 08:00:00+00:00,Peshawar,133.95833333333334,136.66666666666666,141.25
2026-06-28 09:00:00+00:00,Peshawar,133.95833333333334,136.66666666666666,141.25
2026-06-28 10:00:00+00:00,Peshawar,133.95833333333334,136.66666666666666,141.25
2026-06-28 11:00:00+00:00,Peshawar,133.95833333333334,136.66666666666666,141.25
2026-06-28 12:00:00+00:00,Peshawar,133.95833333333334,136.66666666666666,141.25
2026-06-28 13:00:00+00:00,Peshawar,133.95833333333334,136.66666666666666,141.25
2026-06-28 14:00:00+00:00,Peshawar,133.95833333333334,136.66666666666666,141.25
2026-06-28 15:00:00+00:00,Peshawar,133.95833333333334,136.66666666666666,141.25
2026-06-28 16:00:00+00:00,Peshawar,133.95833333333334,136.66666666666666,141.25
2026-06-28 17:00:00+00:00,Peshawar,133.95833333333334,136.66666666666666,141.25
2026-06-28 18:00:00+00:00,Peshawar,133.95833333333334,136.66666666666666,141.25
2026-06-28 19:00:00+00:00,Peshawar,133.95833333333334,136.66666666666666,141.25
2026-06-28 20:00:00+00:00,Peshawar,133.95833333333334,136.66666666666666,141.25
2026-06-28 21:00:00+00:00,Peshawar,133.95833333333334,136.66666666666666,141.25
2026-06-28 22:00:00+00:00,Peshawar,133.95833333333334,136.66666666666666,141.25
2026-06-28 23:00:00+00:00,Peshawar,133.95833333333334,136.66666666666666,141.25
2026-06-29 00:00:00+00:00,Peshawar,136.66666666666666,141.25,148.04166666666666
2026-06-29 01:00:00+00:00,Peshawar,136.66666666666666,141.25,148.04166666666666
2026-06-29 02:00:00+00:00,Peshawar,136.66666666666666,141.25,148.04166666666666
2026-06-29 03:00:00+00:00,Peshawar,136.66666666666666,141.25,148.04166666666666
2026-06-29 04:00:00+00:00,Peshawar,136.66666666666666,141.25,148.04166666666666
2026-06-29 05:00:00+00:00,Peshawar,136.66666666666666,141.25,148.04166666666666
2026-06-29 06:00:00+00:00,Peshawar,136.66666666666666,141.25,148.04166666666666
2026-06-29 07:00:00+00:00,Peshawar,136.66666666666666,141.25,148.04166666666666
2026-06-29 08:00:00+00:00,Peshawar,136.66666666666666,141.25,148.04166666666666
2026-06-29 09:00:00+00:00,Peshawar,136.66666666666666,141.25,148.04166666666666
2026-06-29 10:00:00+00:00,Peshawar,136.66666666666666,141.25,148.04166666666666
2026-06-29 11:00:00+00:00,Peshawar,136.66666666666666,141.25,148.04166666666666
2026-06-29 12:00:00+00:00,Peshawar,136.66666666666666,141.25,148.04166666666666
2026-06-29 13:00:00+00:00,Peshawar,136.66666666666666,141.25,148.04166666666666
2026-06-29 14:00:00+00:00,Peshawar,136.66666666666666,141.25,148.04166666666666
2026-06-29 15:00:00+00:00,Peshawar,136.66666666666666,141.25,148.04166666666666
2026-06-29 16:00:00+00:00,Peshawar,136.66666666666666,141.25,148.04166666666666
2026-06-29 17:00:00+00:00,Peshawar,136.66666666666666,141.25,148.04166666666666
2026-06-29 18:00:00+00:00,Peshawar,136.66666666666666,141.25,148.04166666666666
2026-06-29 19:00:00+00:00,Peshawar,136.66666666666666,141.25,148.04166666666666
2026-06-29 20:00:00+00:00,Peshawar,136.66666666666666,141.25,148.04166666666666
2026-06-29 21:00:00+00:00,Peshawar,136.66666666666666,141.25,148.04166666666666
2026-06-29 22:00:00+00:00,Peshawar,136.66666666666666,141.25,148.04166666666666
2026-06-29 23:00:00+00:00,Peshawar,136.66666666666666,141.25,148.04166666666666
2026-06-30 00:00:00+00:00,Peshawar,141.25,148.04166666666666,130.625
2026-06-30 01:00:00+00:00,Peshawar,141.25,148.04166666666666,130.625
2026-06-30 02:00:00+00:00,Peshawar,141.25,148.04166666666666,130.625
2026-06-30 03:00:00+00:00,Peshawar,141.25,148.04166666666666,130.625
2026-06-30 04:00:00+00:00,Peshawar,141.25,148.04166666666666,130.625
2026-06-30 05:00:00+00:00,Peshawar,141.25,148.04166666666666,130.625
2026-06-30 06:00:00+00:00,Peshawar,141.25,148.04166666666666,130.625
2026-06-30 07:00:00+00:00,Peshawar,141.25,148.04166666666666,130.625
2026-06-30 08:00:00+00:00,Peshawar,141.25,148.04166666666666,130.625
2026-06-30 09:00:00+00:00,Peshawar,141.25,148.04166666666666,130.625
2026-06-30 10:00:00+00:00,Peshawar,141.25,148.04166666666666,130.625
2026-06-30 11:00:00+00:00,Peshawar,141.25,148.04166666666666,130.625
2026-06-30 12:00:00+00:00,Peshawar,141.25,148.04166666666666,130.625
2026-06-30 13:00:00+00:00,Peshawar,141.25,148.04166666666666,130.625
2026-06-30 14:00:00+00:00,Peshawar,141.25,148.04166666666666,130.625
2026-06-30 15:00:00+00:00,Peshawar,141.25,148.04166666666666,130.625
2026-06-30 16:00:00+00:00,Peshawar,141.25,148.04166666666666,130.625
2026-06-30 17:00:00+00:00,Peshawar,141.25,148.04166666666666,130.625
2026-06-30 18:00:00+00:00,Peshawar,141.25,148.04166666666666,130.625
2026-06-30 19:00:00+00:00,Peshawar,141.25,148.04166666666666,130.625
2026-06-30 20:00:00+00:00,Peshawar,141.25,148.04166666666666,130.625
2026-06-30 21:00:00+00:00,Peshawar,141.25,148.04166666666666,130.625
2026-06-30 22:00:00+00:00,Peshawar,141.25,148.04166666666666,130.625
2026-06-30 23:00:00+00:00,Peshawar,141.25,148.04166666666666,130.625
2026-07-01 00:00:00+00:00,Peshawar,148.04166666666666,130.625,141.70833333333334
2026-07-01 01:00:00+00:00,Peshawar,148.04166666666666,130.625,141.70833333333334
2026-07-01 02:00:00+00:00,Peshawar,148.04166666666666,130.625,141.70833333333334
2026-07-01 03:00:00+00:00,Peshawar,148.04166666666666,130.625,141.70833333333334
2026-07-01 04:00:00+00:00,Peshawar,148.04166666666666,130.625,141.70833333333334
2026-07-01 05:00:00+00:00,Peshawar,148.04166666666666,130.625,141.70833333333334
2026-07-01 06:00:00+00:00,Peshawar,148.04166666666666,130.625,141.70833333333334
2026-07-01 07:00:00+00:00,Peshawar,148.04166666666666,130.625,141.70833333333334
2026-07-01 08:00:00+00:00,Peshawar,148.04166666666666,130.625,141.70833333333334
2026-07-01 09:00:00+00:00,Peshawar,148.04166666666666,130.625,141.70833333333334
2026-07-01 10:00:00+00:00,Peshawar,148.04166666666666,130.625,141.70833333333334
2026-07-01 11:00:00+00:00,Peshawar,148.04166666666666,130.625,141.70833333333334
2026-07-01 12:00:00+00:00,Peshawar,148.04166666666666,130.625,141.70833333333334
2026-07-01 13:00:00+00:00,Peshawar,148.04166666666666,130.625,141.70833333333334
2026-07-01 14:00:00+00:00,Peshawar,148.04166666666666,130.625,141.70833333333334
2026-07-01 15:00:00+00:00,Peshawar,148.04166666666666,130.625,141.70833333333334
2026-07-01 16:00:00+00:00,Peshawar,148.04166666666666,130.625,141.70833333333334
2026-07-01 17:00:00+00:00,Peshawar,148.04166666666666,130.625,141.70833333333334
2026-07-01 18:00:00+00:00,Peshawar,148.04166666666666,130.625,141.70833333333334
2026-07-01 19:00:00+00:00,Peshawar,148.04166666666666,130.625,141.70833333333334
2026-07-01 20:00:00+00:00,Peshawar,148.04166666666666,130.625,141.70833333333334
2026-07-01 21:00:00+00:00,Peshawar,148.04166666666666,130.625,141.70833333333334
2026-07-01 22:00:00+00:00,Peshawar,148.04166666666666,130.625,141.70833333333334
2026-07-01 23:00:00+00:00,Peshawar,148.04166666666666,130.625,141.70833333333334
2026-07-02 00:00:00+00:00,Peshawar,130.625,141.70833333333334,137.125
2026-07-02 01:00:00+00:00,Peshawar,130.625,141.70833333333334,137.125
2026-07-02 02:00:00+00:00,Peshawar,130.625,141.70833333333334,137.125
2026-07-02 03:00:00+00:00,Peshawar,130.625,141.70833333333334,137.125
2026-07-02 04:00:00+00:00,Peshawar,130.625,141.70833333333334,137.125
2026-07-02 05:00:00+00:00,Peshawar,130.625,141.70833333333334,137.125
2026-07-02 06:00:00+00:00,Peshawar,130.625,141.70833333333334,137.125
2026-07-02 07:00:00+00:00,Peshawar,130.625,141.70833333333334,137.125
2026-07-02 08:00:00+00:00,Peshawar,130.625,141.70833333333334,137.125
2026-07-02 09:00:00+00:00,Peshawar,130.625,141.70833333333334,137.125
2026-07-02 10:00:00+00:00,Peshawar,130.625,141.70833333333334,137.125
2026-07-02 11:00:00+00:00,Peshawar,130.625,141.70833333333334,137.125
2026-07-02 12:00:00+00:00,Peshawar,130.625,141.70833333333334,137.125
2026-07-02 13:00:00+00:00,Peshawar,130.625,141.70833333333334,137.125
2026-07-02 14:00:00+00:00,Peshawar,130.625,141.70833333333334,137.125
2026-07-02 15:00:00+00:00,Peshawar,130.625,141.70833333333334,137.125
2026-07-02 16:00:00+00:00,Peshawar,130.625,141.70833333333334,137.125
2026-07-02 17:00:00+00:00,Peshawar,130.625,141.70833333333334,137.125
2026-07-02 18:00:00+00:00,Peshawar,130.625,141.70833333333334,137.125
2026-07-02 19:00:00+00:00,Peshawar,130.625,141.70833333333334,137.125
2026-07-02 20:00:00+00:00,Peshawar,130.625,141.70833333333334,137.125
2026-07-02 21:00:00+00:00,Peshawar,130.625,141.70833333333334,137.125
2026-07-02 22:00:00+00:00,Peshawar,130.625,141.70833333333334,137.125
2026-07-02 23:00:00+00:00,Peshawar,130.625,141.70833333333334,137.125
2026-07-03 00:00:00+00:00,Peshawar,141.70833333333334,137.125,151.33333333333334
2026-07-03 01:00:00+00:00,Peshawar,141.70833333333334,137.125,151.33333333333334
2026-07-03 02:00:00+00:00,Peshawar,141.70833333333334,137.125,151.33333333333334
2026-07-03 03:00:00+00:00,Peshawar,141.70833333333334,137.125,151.33333333333334
2026-07-03 04:00:00+00:00,Peshawar,141.70833333333334,137.125,151.33333333333334
2026-07-03 05:00:00+00:00,Peshawar,141.70833333333334,137.125,151.33333333333334
2026-07-03 06:00:00+00:00,Peshawar,141.70833333333334,137.125,151.33333333333334
2026-07-03 07:00:00+00:00,Peshawar,141.70833333333334,137.125,151.33333333333334
2026-07-03 08:00:00+00:00,Peshawar,141.70833333333334,137.125,151.33333333333334
2026-07-03 09:00:00+00:00,Peshawar,141.70833333333334,137.125,151.33333333333334
2026-07-03 10:00:00+00:00,Peshawar,141.70833333333334,137.125,151.33333333333334
2026-07-03 11:00:00+00:00,Peshawar,141.70833333333334,137.125,151.33333333333334
2026-07-03 12:00:00+00:00,Peshawar,141.70833333333334,137.125,151.33333333333334
2026-07-03 13:00:00+00:00,Peshawar,141.70833333333334,137.125,151.33333333333334
2026-07-03 14:00:00+00:00,Peshawar,141.70833333333334,137.125,151.33333333333334
2026-07-03 15:00:00+00:00,Peshawar,141.70833333333334,137.125,151.33333333333334
2026-07-03 16:00:00+00:00,Peshawar,141.70833333333334,137.125,151.33333333333334
2026-07-03 17:00:00+00:00,Peshawar,141.70833333333334,137.125,151.33333333333334
2026-07-03 18:00:00+00:00,Peshawar,141.70833333333334,137.125,151.33333333333334
2026-07-03 19:00:00+00:00,Peshawar,141.70833333333334,137.125,151.33333333333334
2026-07-03 20:00:00+00:00,Peshawar,141.70833333333334,137.125,151.33333333333334
2026-07-03 21:00:00+00:00,Peshawar,141.70833333333334,137.125,151.33333333333334
2026-07-03 22:00:00+00:00,Peshawar,141.70833333333334,137.125,151.33333333333334
2026-07-03 23:00:00+00:00,Peshawar,141.70833333333334,137.125,151.33333333333334
2026-07-04 00:00:00+00:00,Peshawar,137.125,151.33333333333334,160.79166666666666
2026-07-04 01:00:00+00:00,Peshawar,137.125,151.33333333333334,160.79166666666666
2026-07-04 02:00:00+00:00,Peshawar,137.125,151.33333333333334,160.79166666666666
2026-07-04 03:00:00+00:00,Peshawar,137.125,151.33333333333334,160.79166666666666
2026-07-04 04:00:00+00:00,Peshawar,137.125,151.33333333333334,160.79166666666666
2026-07-04 05:00:00+00:00,Peshawar,137.125,151.33333333333334,160.79166666666666
2026-07-04 06:00:00+00:00,Peshawar,137.125,151.33333333333334,160.79166666666666
2026-07-04 07:00:00+00:00,Peshawar,137.125,151.33333333333334,160.79166666666666
2026-07-04 08:00:00+00:00,Peshawar,137.125,151.33333333333334,160.79166666666666
2026-07-04 09:00:00+00:00,Peshawar,137.125,151.33333333333334,160.79166666666666
2026-07-04 10:00:00+00:00,Peshawar,137.125,151.33333333333334,160.79166666666666
2026-07-04 11:00:00+00:00,Peshawar,137.125,151.33333333333334,160.79166666666666
2026-07-04 12:00:00+00:00,Peshawar,137.125,151.33333333333334,160.79166666666666
2026-07-04 13:00:00+00:00,Peshawar,137.125,151.33333333333334,160.79166666666666
2026-07-04 14:00:00+00:00,Peshawar,137.125,151.33333333333334,160.79166666666666
2026-07-04 15:00:00+00:00,Peshawar,137.125,151.33333333333334,160.79166666666666
2026-07-04 16:00:00+00:00,Peshawar,137.125,151.33333333333334,160.79166666666666
2026-07-04 17:00:00+00:00,Peshawar,137.125,151.33333333333334,160.79166666666666
2026-07-04 18:00:00+00:00,Peshawar,137.125,151.33333333333334,160.79166666666666
2026-07-04 19:00:00+00:00,Peshawar,137.125,151.33333333333334,160.79166666666666
2026-07-04 20:00:00+00:00,Peshawar,137.125,151.33333333333334,160.79166666666666
2026-07-04 21:00:00+00:00,Peshawar,137.125,151.33333333333334,160.79166666666666
2026-07-04 22:00:00+00:00,Peshawar,137.125,151.33333333333334,160.79166666666666
2026-07-04 23:00:00+00:00,Peshawar,137.125,151.33333333333334,160.79166666666666
2026-07-05 00:00:00+00:00,Peshawar,151.33333333333334,160.79166666666666,129.91666666666666
2026-07-05 01:00:00+00:00,Peshawar,151.33333333333334,160.79166666666666,129.91666666666666
2026-07-05 02:00:00+00:00,Peshawar,151.33333333333334,160.79166666666666,129.91666666666666
2026-07-05 03:00:00+00:00,Peshawar,151.33333333333334,160.79166666666666,129.91666666666666
2026-07-05 04:00:00+00:00,Peshawar,151.33333333333334,160.79166666666666,129.91666666666666
2026-07-05 05:00:00+00:00,Peshawar,151.33333333333334,160.79166666666666,129.91666666666666
2026-07-05 06:00:00+00:00,Peshawar,151.33333333333334,160.79166666666666,129.91666666666666
2026-07-05 07:00:00+00:00,Peshawar,151.33333333333334,160.79166666666666,129.91666666666666
2026-07-05 08:00:00+00:00,Peshawar,151.33333333333334,160.79166666666666,129.91666666666666
2026-07-05 09:00:00+00:00,Peshawar,151.33333333333334,160.79166666666666,129.91666666666666
2026-07-05 10:00:00+00:00,Peshawar,151.33333333333334,160.79166666666666,129.91666666666666
2026-07-05 11:00:00+00:00,Peshawar,151.33333333333334,160.79166666666666,129.91666666666666
2026-07-05 12:00:00+00:00,Peshawar,151.33333333333334,160.79166666666666,129.91666666666666
2026-07-05 13:00:00+00:00,Peshawar,151.33333333333334,160.79166666666666,129.91666666666666
2026-07-05 14:00:00+00:00,Peshawar,151.33333333333334,160.79166666666666,129.91666666666666
2026-07-05 15:00:00+00:00,Peshawar,151.33333333333334,160.79166666666666,129.91666666666666
2026-07-05 16:00:00+00:00,Peshawar,151.33333333333334,160.79166666666666,129.91666666666666
2026-07-05 17:00:00+00:00,Peshawar,151.33333333333334,160.79166666666666,129.91666666666666
2026-07-05 18:00:00+00:00,Peshawar,151.33333333333334,160.79166666666666,129.91666666666666
2026-07-05 19:00:00+00:00,Peshawar,151.33333333333334,160.79166666666666,129.91666666666666
2026-07-05 20:00:00+00:00,Peshawar,151.33333333333334,160.79166666666666,129.91666666666666
2026-07-05 21:00:00+00:00,Peshawar,151.33333333333334,160.79166666666666,129.91666666666666
2026-07-05 22:00:00+00:00,Peshawar,151.33333333333334,160.79166666666666,129.91666666666666
2026-07-05 23:00:00+00:00,Peshawar,151.33333333333334,160.79166666666666,129.91666666666666
2026-07-06 00:00:00+00:00,Peshawar,160.79166666666666,129.91666666666666,151.70833333333334
2026-07-06 01:00:00+00:00,Peshawar,160.79166666666666,129.91666666666666,151.70833333333334
2026-07-06 02:00:00+00:00,Peshawar,160.79166666666666,129.91666666666666,151.70833333333334
2026-07-06 03:00:00+00:00,Peshawar,160.79166666666666,129.91666666666666,151.70833333333334
2026-07-06 04:00:00+00:00,Peshawar,160.79166666666666,129.91666666666666,151.70833333333334
2026-07-06 05:00:00+00:00,Peshawar,160.79166666666666,129.91666666666666,151.70833333333334
2026-07-06 06:00:00+00:00,Peshawar,160.79166666666666,129.91666666666666,151.70833333333334
2026-07-06 07:00:00+00:00,Peshawar,160.79166666666666,129.91666666666666,151.70833333333334
2026-07-06 08:00:00+00:00,Peshawar,160.79166666666666,129.91666666666666,151.70833333333334
2026-07-06 09:00:00+00:00,Peshawar,160.79166666666666,129.91666666666666,151.70833333333334
2026-07-06 10:00:00+00:00,Peshawar,160.79166666666666,129.91666666666666,151.70833333333334
2026-07-06 11:00:00+00:00,Peshawar,160.79166666666666,129.91666666666666,151.70833333333334
2026-07-06 12:00:00+00:00,Peshawar,160.79166666666666,129.91666666666666,151.70833333333334
2026-07-06 13:00:00+00:00,Peshawar,160.79166666666666,129.91666666666666,151.70833333333334
2026-07-06 14:00:00+00:00,Peshawar,160.79166666666666,129.91666666666666,151.70833333333334
2026-07-06 15:00:00+00:00,Peshawar,160.79166666666666,129.91666666666666,151.70833333333334
2026-07-06 16:00:00+00:00,Peshawar,160.79166666666666,129.91666666666666,151.70833333333334
2026-07-06 17:00:00+00:00,Peshawar,160.79166666666666,129.91666666666666,151.70833333333334
2026-07-06 18:00:00+00:00,Peshawar,160.79166666666666,129.91666666666666,151.70833333333334
2026-07-06 19:00:00+00:00,Peshawar,160.79166666666666,129.91666666666666,151.70833333333334
2026-07-06 20:00:00+00:00,Peshawar,160.79166666666666,129.91666666666666,151.70833333333334
2026-07-06 21:00:00+00:00,Peshawar,160.79166666666666,129.91666666666666,151.70833333333334
2026-07-06 22:00:00+00:00,Peshawar,160.79166666666666,129.91666666666666,151.70833333333334
2026-07-06 23:00:00+00:00,Peshawar,160.79166666666666,129.91666666666666,151.70833333333334
2026-07-07 00:00:00+00:00,Peshawar,129.91666666666666,151.70833333333334,152.83333333333334
2026-07-07 01:00:00+00:00,Peshawar,129.91666666666666,151.70833333333334,152.83333333333334
2026-07-07 02:00:00+00:00,Peshawar,129.91666666666666,151.70833333333334,152.83333333333334
2026-07-07 03:00:00+00:00,Peshawar,129.91666666666666,151.70833333333334,152.83333333333334
2026-07-07 04:00:00+00:00,Peshawar,129.91666666666666,151.70833333333334,152.83333333333334
2026-07-07 05:00:00+00:00,Peshawar,129.91666666666666,151.70833333333334,152.83333333333334
2026-07-07 06:00:00+00:00,Peshawar,129.91666666666666,151.70833333333334,152.83333333333334
2026-07-07 07:00:00+00:00,Peshawar,129.91666666666666,151.70833333333334,152.83333333333334
2026-07-07 08:00:00+00:00,Peshawar,129.91666666666666,151.70833333333334,152.83333333333334
2026-07-07 09:00:00+00:00,Peshawar,129.91666666666666,151.70833333333334,152.83333333333334
2026-07-07 10:00:00+00:00,Peshawar,129.91666666666666,151.70833333333334,152.83333333333334
2026-07-07 11:00:00+00:00,Peshawar,129.91666666666666,151.70833333333334,152.83333333333334
2026-07-07 12:00:00+00:00,Peshawar,129.91666666666666,151.70833333333334,152.83333333333334
2026-07-07 13:00:00+00:00,Peshawar,129.91666666666666,151.70833333333334,152.83333333333334
2026-07-07 14:00:00+00:00,Peshawar,129.91666666666666,151.70833333333334,152.83333333333334
2026-07-07 15:00:00+00:00,Peshawar,129.91666666666666,151.70833333333334,152.83333333333334
2026-07-07 16:00:00+00:00,Peshawar,129.91666666666666,151.70833333333334,152.83333333333334
2026-07-07 17:00:00+00:00,Peshawar,129.91666666666666,151.70833333333334,152.83333333333334
2026-07-07 18:00:00+00:00,Peshawar,129.91666666666666,151.70833333333334,152.83333333333334
2026-07-07 19:00:00+00:00,Peshawar,129.91666666666666,151.70833333333334,152.83333333333334
2026-07-07 20:00:00+00:00,Peshawar,129.91666666666666,151.70833333333334,152.83333333333334
2026-07-07 21:00:00+00:00,Peshawar,129.91666666666666,151.70833333333334,152.83333333333334
2026-07-07 22:00:00+00:00,Peshawar,129.91666666666666,151.70833333333334,152.83333333333334
2026-07-07 23:00:00+00:00,Peshawar,129.91666666666666,151.70833333333334,152.83333333333334
2026-07-08 00:00:00+00:00,Peshawar,151.70833333333334,152.83333333333334,130.20833333333334
2026-07-08 01:00:00+00:00,Peshawar,151.70833333333334,152.83333333333334,130.20833333333334
2026-07-08 02:00:00+00:00,Peshawar,151.70833333333334,152.83333333333334,130.20833333333334
2026-07-08 03:00:00+00:00,Peshawar,151.70833333333334,152.83333333333334,130.20833333333334
2026-07-08 04:00:00+00:00,Peshawar,151.70833333333334,152.83333333333334,130.20833333333334
2026-07-08 05:00:00+00:00,Peshawar,151.70833333333334,152.83333333333334,130.20833333333334
2026-07-08 06:00:00+00:00,Peshawar,151.70833333333334,152.83333333333334,130.20833333333334
2026-07-08 07:00:00+00:00,Peshawar,151.70833333333334,152.83333333333334,130.20833333333334
2026-07-08 08:00:00+00:00,Peshawar,151.70833333333334,152.83333333333334,130.20833333333334
2026-07-08 09:00:00+00:00,Peshawar,151.70833333333334,152.83333333333334,130.20833333333334
2026-07-08 10:00:00+00:00,Peshawar,151.70833333333334,152.83333333333334,130.20833333333334
2026-07-08 11:00:00+00:00,Peshawar,151.70833333333334,152.83333333333334,130.20833333333334
2026-07-08 12:00:00+00:00,Peshawar,151.70833333333334,152.83333333333334,130.20833333333334
2026-07-08 13:00:00+00:00,Peshawar,151.70833333333334,152.83333333333334,130.20833333333334
2026-07-08 14:00:00+00:00,Peshawar,151.70833333333334,152.83333333333334,130.20833333333334
2026-07-08 15:00:00+00:00,Peshawar,151.70833333333334,152.83333333333334,130.20833333333334
2026-07-08 16:00:00+00:00,Peshawar,151.70833333333334,152.83333333333334,130.20833333333334
2026-07-08 17:00:00+00:00,Peshawar,151.70833333333334,152.83333333333334,130.20833333333334
2026-07-08 18:00:00+00:00,Peshawar,151.70833333333334,152.83333333333334,130.20833333333334
2026-07-08 19:00:00+00:00,Peshawar,151.70833333333334,152.83333333333334,130.20833333333334
2026-07-08 20:00:00+00:00,Peshawar,151.70833333333334,152.83333333333334,130.20833333333334
2026-07-08 21:00:00+00:00,Peshawar,151.70833333333334,152.83333333333334,130.20833333333334
2026-07-08 22:00:00+00:00,Peshawar,151.70833333333334,152.83333333333334,130.20833333333334
2026-07-08 23:00:00+00:00,Peshawar,151.70833333333334,152.83333333333334,130.20833333333334
2026-07-09 00:00:00+00:00,Peshawar,152.83333333333334,130.20833333333334,122.375
2026-07-09 01:00:00+00:00,Peshawar,152.83333333333334,130.20833333333334,122.375
2026-07-09 02:00:00+00:00,Peshawar,152.83333333333334,130.20833333333334,122.375
2026-07-09 03:00:00+00:00,Peshawar,152.83333333333334,130.20833333333334,122.375
2026-07-09 04:00:00+00:00,Peshawar,152.83333333333334,130.20833333333334,122.375
2026-07-09 05:00:00+00:00,Peshawar,152.83333333333334,130.20833333333334,122.375
2026-07-09 06:00:00+00:00,Peshawar,152.83333333333334,130.20833333333334,122.375
2026-07-09 07:00:00+00:00,Peshawar,152.83333333333334,130.20833333333334,122.375
2026-07-09 08:00:00+00:00,Peshawar,152.83333333333334,130.20833333333334,122.375
2026-07-09 09:00:00+00:00,Peshawar,152.83333333333334,130.20833333333334,122.375
2026-07-09 10:00:00+00:00,Peshawar,152.83333333333334,130.20833333333334,122.375
2026-07-09 11:00:00+00:00,Peshawar,152.83333333333334,130.20833333333334,122.375
2026-07-09 12:00:00+00:00,Peshawar,152.83333333333334,130.20833333333334,122.375
2026-07-09 13:00:00+00:00,Peshawar,152.83333333333334,130.20833333333334,122.375
2026-07-09 14:00:00+00:00,Peshawar,152.83333333333334,130.20833333333334,122.375
2026-07-09 15:00:00+00:00,Peshawar,152.83333333333334,130.20833333333334,122.375
2026-07-09 16:00:00+00:00,Peshawar,152.83333333333334,130.20833333333334,122.375
2026-07-09 17:00:00+00:00,Peshawar,152.83333333333334,130.20833333333334,122.375
2026-07-09 18:00:00+00:00,Peshawar,152.83333333333334,130.20833333333334,122.375
2026-07-09 19:00:00+00:00,Peshawar,152.83333333333334,130.20833333333334,122.375
2026-07-09 20:00:00+00:00,Peshawar,152.83333333333334,130.20833333333334,122.375
2026-07-09 21:00:00+00:00,Peshawar,152.83333333333334,130.20833333333334,122.375
2026-07-09 22:00:00+00:00,Peshawar,152.83333333333334,130.20833333333334,122.375
2026-07-09 23:00:00+00:00,Peshawar,152.83333333333334,130.20833333333334,122.375
2026-07-10 00:00:00+00:00,Peshawar,130.20833333333334,122.375,119.41666666666667
2026-07-10 01:00:00+00:00,Peshawar,130.20833333333334,122.375,119.41666666666667
2026-07-10 02:00:00+00:00,Peshawar,130.20833333333334,122.375,119.41666666666667
2026-07-10 03:00:00+00:00,Peshawar,130.20833333333334,122.375,119.41666666666667
2026-07-10 04:00:00+00:00,Peshawar,130.20833333333334,122.375,119.41666666666667
2026-07-10 05:00:00+00:00,Peshawar,130.20833333333334,122.375,119.41666666666667
2026-07-10 06:00:00+00:00,Peshawar,130.20833333333334,122.375,119.41666666666667
2026-07-10 07:00:00+00:00,Peshawar,130.20833333333334,122.375,119.41666666666667
2026-07-10 08:00:00+00:00,Peshawar,130.20833333333334,122.375,119.41666666666667
2026-07-10 09:00:00+00:00,Peshawar,130.20833333333334,122.375,119.41666666666667
2026-07-10 10:00:00+00:00,Peshawar,130.20833333333334,122.375,119.41666666666667
2026-07-10 11:00:00+00:00,Peshawar,130.20833333333334,122.375,119.41666666666667
2026-07-10 12:00:00+00:00,Peshawar,130.20833333333334,122.375,119.41666666666667
2026-07-10 13:00:00+00:00,Peshawar,130.20833333333334,122.375,119.41666666666667
2026-07-10 14:00:00+00:00,Peshawar,130.20833333333334,122.375,119.41666666666667
2026-07-10 15:00:00+00:00,Peshawar,130.20833333333334,122.375,119.41666666666667
2026-07-10 16:00:00+00:00,Peshawar,130.20833333333334,122.375,119.41666666666667
2026-07-10 17:00:00+00:00,Peshawar,130.20833333333334,122.375,119.41666666666667
2026-07-10 18:00:00+00:00,Peshawar,130.20833333333334,122.375,119.41666666666667
2026-07-10 19:00:00+00:00,Peshawar,130.20833333333334,122.375,119.41666666666667
2026-07-10 20:00:00+00:00,Peshawar,130.20833333333334,122.375,119.41666666666667
2026-07-10 21:00:00+00:00,Peshawar,130.20833333333334,122.375,119.41666666666667
2026-07-10 22:00:00+00:00,Peshawar,130.20833333333334,122.375,119.41666666666667
2026-07-10 23:00:00+00:00,Peshawar,130.20833333333334,122.375,119.41666666666667
2026-07-11 00:00:00+00:00,Peshawar,122.375,119.41666666666667,121.95833333333333
2026-07-11 01:00:00+00:00,Peshawar,122.375,119.41666666666667,121.95833333333333
2026-07-11 02:00:00+00:00,Peshawar,122.375,119.41666666666667,121.95833333333333
2026-07-11 03:00:00+00:00,Peshawar,122.375,119.41666666666667,121.95833333333333
2026-07-11 04:00:00+00:00,Peshawar,122.375,119.41666666666667,121.95833333333333
2026-07-11 05:00:00+00:00,Peshawar,122.375,119.41666666666667,121.95833333333333
2026-07-11 06:00:00+00:00,Peshawar,122.375,119.41666666666667,121.95833333333333
2026-07-11 07:00:00+00:00,Peshawar,122.375,119.41666666666667,121.95833333333333
2026-07-11 08:00:00+00:00,Peshawar,122.375,119.41666666666667,121.95833333333333
2026-07-11 09:00:00+00:00,Peshawar,122.375,119.41666666666667,121.95833333333333
2026-07-11 10:00:00+00:00,Peshawar,122.375,119.41666666666667,121.95833333333333
2026-07-11 11:00:00+00:00,Peshawar,122.375,119.41666666666667,121.95833333333333
2026-07-11 12:00:00+00:00,Peshawar,122.375,119.41666666666667,121.95833333333333
2026-07-11 13:00:00+00:00,Peshawar,122.375,119.41666666666667,121.95833333333333
2026-07-11 14:00:00+00:00,Peshawar,122.375,119.41666666666667,121.95833333333333
2026-07-11 15:00:00+00:00,Peshawar,122.375,119.41666666666667,121.95833333333333
2026-07-11 16:00:00+00:00,Peshawar,122.375,119.41666666666667,121.95833333333333
2026-07-11 17:00:00+00:00,Peshawar,122.375,119.41666666666667,121.95833333333333
2026-07-11 18:00:00+00:00,Peshawar,122.375,119.41666666666667,121.95833333333333
2026-07-11 19:00:00+00:00,Peshawar,122.375,119.41666666666667,121.95833333333333
2026-07-11 20:00:00+00:00,Peshawar,122.375,119.41666666666667,121.95833333333333
2026-07-11 21:00:00+00:00,Peshawar,122.375,119.41666666666667,121.95833333333333
2026-07-11 22:00:00+00:00,Peshawar,122.375,119.41666666666667,121.95833333333333
2026-07-11 23:00:00+00:00,Peshawar,122.375,119.41666666666667,121.95833333333333
2026-07-12 00:00:00+00:00,Peshawar,119.41666666666667,121.95833333333333,118.5
2026-07-12 01:00:00+00:00,Peshawar,119.41666666666667,121.95833333333333,118.5
2026-07-12 02:00:00+00:00,Peshawar,119.41666666666667,121.95833333333333,118.5
2026-07-12 03:00:00+00:00,Peshawar,119.41666666666667,121.95833333333333,118.5
2026-07-12 04:00:00+00:00,Peshawar,119.41666666666667,121.95833333333333,118.5
2026-07-12 05:00:00+00:00,Peshawar,119.41666666666667,121.95833333333333,118.5
2026-07-12 06:00:00+00:00,Peshawar,119.41666666666667,121.95833333333333,118.5
2026-07-12 07:00:00+00:00,Peshawar,119.41666666666667,121.95833333333333,118.5
2026-07-12 08:00:00+00:00,Peshawar,119.41666666666667,121.95833333333333,118.5
2026-07-12 09:00:00+00:00,Peshawar,119.41666666666667,121.95833333333333,118.5
2026-07-12 10:00:00+00:00,Peshawar,119.41666666666667,121.95833333333333,118.5
2026-07-12 11:00:00+00:00,Peshawar,119.41666666666667,121.95833333333333,118.5
2026-07-12 12:00:00+00:00,Peshawar,119.41666666666667,121.95833333333333,118.5
2026-07-12 13:00:00+00:00,Peshawar,119.41666666666667,121.95833333333333,118.5
2026-07-12 14:00:00+00:00,Peshawar,119.41666666666667,121.95833333333333,118.5
2026-07-12 15:00:00+00:00,Peshawar,119.41666666666667,121.95833333333333,118.5
2026-07-12 16:00:00+00:00,Peshawar,119.41666666666667,121.95833333333333,118.5
2026-07-12 17:00:00+00:00,Peshawar,119.41666666666667,121.95833333333333,118.5
2026-07-12 18:00:00+00:00,Peshawar,119.41666666666667,121.95833333333333,118.5
2026-07-12 19:00:00+00:00,Peshawar,119.41666666666667,121.95833333333333,118.5
2026-07-12 20:00:00+00:00,Peshawar,119.41666666666667,121.95833333333333,118.5
2026-07-12 21:00:00+00:00,Peshawar,119.41666666666667,121.95833333333333,118.5
2026-07-12 22:00:00+00:00,Peshawar,119.41666666666667,121.95833333333333,118.5
2026-07-12 23:00:00+00:00,Peshawar,119.41666666666667,121.95833333333333,118.5
2026-07-13 00:00:00+00:00,Peshawar,121.95833333333333,118.5,151.25
2026-07-13 01:00:00+00:00,Peshawar,121.95833333333333,118.5,151.25
2026-07-13 02:00:00+00:00,Peshawar,121.95833333333333,118.5,151.25
2026-07-13 03:00:00+00:00,Peshawar,121.95833333333333,118.5,151.25
2026-07-13 04:00:00+00:00,Peshawar,121.95833333333333,118.5,151.25
2026-07-13 05:00:00+00:00,Peshawar,121.95833333333333,118.5,151.25
2026-07-13 06:00:00+00:00,Peshawar,121.95833333333333,118.5,151.25
2026-07-13 07:00:00+00:00,Peshawar,121.95833333333333,118.5,151.25
2026-07-13 08:00:00+00:00,Peshawar,121.95833333333333,118.5,151.25
2026-07-13 09:00:00+00:00,Peshawar,121.95833333333333,118.5,151.25
2026-07-13 10:00:00+00:00,Peshawar,121.95833333333333,118.5,151.25
2026-07-13 11:00:00+00:00,Peshawar,121.95833333333333,118.5,151.25
2026-07-13 12:00:00+00:00,Peshawar,121.95833333333333,118.5,151.25
2026-07-13 13:00:00+00:00,Peshawar,121.95833333333333,118.5,151.25
2026-07-13 14:00:00+00:00,Peshawar,121.95833333333333,118.5,151.25
2026-07-13 15:00:00+00:00,Peshawar,121.95833333333333,118.5,151.25
2026-07-13 16:00:00+00:00,Peshawar,121.95833333333333,118.5,151.25
2026-07-13 17:00:00+00:00,Peshawar,121.95833333333333,118.5,151.25
2026-07-13 18:00:00+00:00,Peshawar,121.95833333333333,118.5,151.25
2026-07-13 19:00:00+00:00,Peshawar,121.95833333333333,118.5,151.25
2026-07-13 20:00:00+00:00,Peshawar,121.95833333333333,118.5,151.25
2026-07-13 21:00:00+00:00,Peshawar,121.95833333333333,118.5,151.25
2026-07-13 22:00:00+00:00,Peshawar,121.95833333333333,118.5,151.25
2026-07-13 23:00:00+00:00,Peshawar,121.95833333333333,118.5,151.25
2026-07-14 00:00:00+00:00,Peshawar,118.5,151.25,140.625
2026-07-14 01:00:00+00:00,Peshawar,118.5,151.25,140.625
2026-07-14 02:00:00+00:00,Peshawar,118.5,151.25,140.625
2026-07-14 03:00:00+00:00,Peshawar,118.5,151.25,140.625
2026-07-14 04:00:00+00:00,Peshawar,118.5,151.25,140.625
2026-07-14 05:00:00+00:00,Peshawar,118.5,151.25,140.625
2026-07-14 06:00:00+00:00,Peshawar,118.5,151.25,140.625
2026-07-14 07:00:00+00:00,Peshawar,118.5,151.25,140.625
2026-07-14 08:00:00+00:00,Peshawar,118.5,151.25,140.625
2026-07-14 09:00:00+00:00,Peshawar,118.5,151.25,140.625
2026-07-14 10:00:00+00:00,Peshawar,118.5,151.25,140.625
2026-07-14 11:00:00+00:00,Peshawar,118.5,151.25,140.625
2026-07-14 12:00:00+00:00,Peshawar,118.5,151.25,140.625
2026-07-14 13:00:00+00:00,Peshawar,118.5,151.25,140.625
2026-07-14 14:00:00+00:00,Peshawar,118.5,151.25,140.625
2026-07-14 15:00:00+00:00,Peshawar,118.5,151.25,140.625
2026-07-14 16:00:00+00:00,Peshawar,118.5,151.25,140.625
2026-07-14 17:00:00+00:00,Peshawar,118.5,151.25,140.625
2026-07-14 18:00:00+00:00,Peshawar,118.5,151.25,140.625
2026-07-14 19:00:00+00:00,Peshawar,118.5,151.25,140.625
2026-07-14 20:00:00+00:00,Peshawar,118.5,151.25,140.625
2026-07-14 21:00:00+00:00,Peshawar,118.5,151.25,140.625
2026-07-14 22:00:00+00:00,Peshawar,118.5,151.25,140.625
2026-07-14 23:00:00+00:00,Peshawar,118.5,151.25,140.625
2026-07-15 00:00:00+00:00,Peshawar,151.25,140.625,143.375
2026-07-15 01:00:00+00:00,Peshawar,151.25,140.625,143.375
2026-07-15 02:00:00+00:00,Peshawar,151.25,140.625,143.375
2026-07-15 03:00:00+00:00,Peshawar,151.25,140.625,143.375
2026-07-15 04:00:00+00:00,Peshawar,151.25,140.625,143.375
2026-07-15 05:00:00+00:00,Peshawar,151.25,140.625,143.375
2026-07-15 06:00:00+00:00,Peshawar,151.25,140.625,143.375
2026-07-15 07:00:00+00:00,Peshawar,151.25,140.625,143.375
2026-07-15 08:00:00+00:00,Peshawar,151.25,140.625,143.375
2026-07-15 09:00:00+00:00,Peshawar,151.25,140.625,143.375
2026-07-15 10:00:00+00:00,Peshawar,151.25,140.625,143.375
2026-07-15 11:00:00+00:00,Peshawar,151.25,140.625,143.375
2026-07-15 12:00:00+00:00,Peshawar,151.25,140.625,143.375
2026-07-15 13:00:00+00:00,Peshawar,151.25,140.625,143.375
2026-07-15 14:00:00+00:00,Peshawar,151.25,140.625,143.375
2026-07-15 15:00:00+00:00,Peshawar,151.25,140.625,143.375
2026-07-15 16:00:00+00:00,Peshawar,151.25,140.625,143.375
2026-07-15 17:00:00+00:00,Peshawar,151.25,140.625,143.375
2026-07-15 18:00:00+00:00,Peshawar,151.25,140.625,143.375
2026-07-15 19:00:00+00:00,Peshawar,151.25,140.625,143.375
2026-07-15 20:00:00+00:00,Peshawar,151.25,140.625,143.375
2026-07-15 21:00:00+00:00,Peshawar,151.25,140.625,143.375
2026-07-15 22:00:00+00:00,Peshawar,151.25,140.625,143.375
2026-07-15 23:00:00+00:00,Peshawar,151.25,140.625,143.375
2026-07-16 00:00:00+00:00,Peshawar,140.625,143.375,126.41666666666667
2026-07-16 01:00:00+00:00,Peshawar,140.625,143.375,126.41666666666667
2026-07-16 02:00:00+00:00,Peshawar,140.625,143.375,126.41666666666667
2026-07-16 03:00:00+00:00,Peshawar,140.625,143.375,126.41666666666667
2026-07-16 04:00:00+00:00,Peshawar,140.625,143.375,126.41666666666667
2026-07-16 05:00:00+00:00,Peshawar,140.625,143.375,126.41666666666667
2026-07-16 06:00:00+00:00,Peshawar,140.625,143.375,126.41666666666667
2026-07-16 07:00:00+00:00,Peshawar,140.625,143.375,126.41666666666667
2026-07-16 08:00:00+00:00,Peshawar,140.625,143.375,126.41666666666667
2026-07-16 09:00:00+00:00,Peshawar,140.625,143.375,126.41666666666667
2026-07-16 10:00:00+00:00,Peshawar,140.625,143.375,126.41666666666667
2026-07-16 11:00:00+00:00,Peshawar,140.625,143.375,126.41666666666667
2026-07-16 12:00:00+00:00,Peshawar,140.625,143.375,126.41666666666667
2026-07-16 13:00:00+00:00,Peshawar,140.625,143.375,126.41666666666667
2026-07-16 14:00:00+00:00,Peshawar,140.625,143.375,126.41666666666667
2026-07-16 15:00:00+00:00,Peshawar,140.625,143.375,126.41666666666667
2026-07-16 16:00:00+00:00,Peshawar,140.625,143.375,126.41666666666667
2026-07-16 17:00:00+00:00,Peshawar,140.625,143.375,126.41666666666667
2026-07-16 18:00:00+00:00,Peshawar,140.625,143.375,126.41666666666667
2026-07-16 19:00:00+00:00,Peshawar,140.625,143.375,126.41666666666667
2026-07-16 20:00:00+00:00,Peshawar,140.625,143.375,126.41666666666667
2026-07-16 21:00:00+00:00,Peshawar,140.625,143.375,126.41666666666667
2026-07-16 22:00:00+00:00,Peshawar,140.625,143.375,126.41666666666667
2026-07-16 23:00:00+00:00,Peshawar,140.625,143.375,126.41666666666667
2026-07-17 00:00:00+00:00,Peshawar,143.375,126.41666666666667,107.375
2026-07-17 01:00:00+00:00,Peshawar,143.375,126.41666666666667,107.375
2026-07-17 02:00:00+00:00,Peshawar,143.375,126.41666666666667,107.375
2026-07-17 03:00:00+00:00,Peshawar,143.375,126.41666666666667,107.375
2026-07-17 04:00:00+00:00,Peshawar,143.375,126.41666666666667,107.375
2026-07-17 05:00:00+00:00,Peshawar,143.375,126.41666666666667,107.375
2026-07-17 06:00:00+00:00,Peshawar,143.375,126.41666666666667,107.375
2026-07-17 07:00:00+00:00,Peshawar,143.375,126.41666666666667,107.375
2026-07-17 08:00:00+00:00,Peshawar,143.375,126.41666666666667,107.375
2026-07-17 09:00:00+00:00,Peshawar,143.375,126.41666666666667,107.375
2026-07-17 10:00:00+00:00,Peshawar,143.375,126.41666666666667,107.375
2026-07-17 11:00:00+00:00,Peshawar,143.375,126.41666666666667,107.375
2026-07-17 12:00:00+00:00,Peshawar,143.375,126.41666666666667,107.375
2026-07-17 13:00:00+00:00,Peshawar,143.375,126.41666666666667,107.375
2026-07-17 14:00:00+00:00,Peshawar,143.375,126.41666666666667,107.375
2026-07-17 15:00:00+00:00,Peshawar,143.375,126.41666666666667,107.375
2026-07-17 16:00:00+00:00,Peshawar,143.375,126.41666666666667,107.375
2026-07-17 17:00:00+00:00,Peshawar,143.375,126.41666666666667,107.375
2026-07-17 18:00:00+00:00,Peshawar,143.375,126.41666666666667,107.375
2026-07-17 19:00:00+00:00,Peshawar,143.375,126.41666666666667,107.375
2026-07-17 20:00:00+00:00,Peshawar,143.375,126.41666666666667,107.375
2026-07-17 21:00:00+00:00,Peshawar,143.375,126.41666666666667,107.375
2026-07-17 22:00:00+00:00,Peshawar,143.375,126.41666666666667,107.375
2026-07-17 23:00:00+00:00,Peshawar,143.375,126.41666666666667,107.375
2026-07-18 00:00:00+00:00,Peshawar,126.41666666666667,107.375,82.25
2026-07-18 01:00:00+00:00,Peshawar,126.41666666666667,107.375,82.25
2026-07-18 02:00:00+00:00,Peshawar,126.41666666666667,107.375,82.25
2026-07-18 03:00:00+00:00,Peshawar,126.41666666666667,107.375,82.25
2026-07-18 04:00:00+00:00,Peshawar,126.41666666666667,107.375,82.25
2026-07-18 05:00:00+00:00,Peshawar,126.41666666666667,107.375,82.25
2026-07-18 06:00:00+00:00,Peshawar,126.41666666666667,107.375,82.25
2026-07-18 07:00:00+00:00,Peshawar,126.41666666666667,107.375,82.25
2026-07-18 08:00:00+00:00,Peshawar,126.41666666666667,107.375,82.25
2026-07-18 09:00:00+00:00,Peshawar,126.41666666666667,107.375,82.25
2026-07-18 10:00:00+00:00,Peshawar,126.41666666666667,107.375,82.25
2026-07-18 11:00:00+00:00,Peshawar,126.41666666666667,107.375,82.25
2026-07-18 12:00:00+00:00,Peshawar,126.41666666666667,107.375,82.25
2026-07-18 13:00:00+00:00,Peshawar,126.41666666666667,107.375,82.25
2026-07-18 14:00:00+00:00,Peshawar,126.41666666666667,107.375,82.25
2026-07-18 15:00:00+00:00,Peshawar,126.41666666666667,107.375,82.25
2026-07-18 16:00:00+00:00,Peshawar,126.41666666666667,107.375,82.25
2026-07-18 17:00:00+00:00,Peshawar,126.41666666666667,107.375,82.25
2026-07-18 18:00:00+00:00,Peshawar,126.41666666666667,107.375,82.25
2026-07-18 19:00:00+00:00,Peshawar,126.41666666666667,107.375,82.25
2026-07-18 20:00:00+00:00,Peshawar,126.41666666666667,107.375,82.25
2026-07-18 21:00:00+00:00,Peshawar,126.41666666666667,107.375,82.25
2026-07-18 22:00:00+00:00,Peshawar,126.41666666666667,107.375,82.25
2026-07-18 23:00:00+00:00,Peshawar,126.41666666666667,107.375,82.25
2026-07-19 00:00:00+00:00,Peshawar,107.375,82.25,91.54166666666667
2026-07-19 01:00:00+00:00,Peshawar,107.375,82.25,91.54166666666667
2026-07-19 02:00:00+00:00,Peshawar,107.375,82.25,91.54166666666667
2026-07-19 03:00:00+00:00,Peshawar,107.375,82.25,91.54166666666667
2026-07-19 04:00:00+00:00,Peshawar,107.375,82.25,91.54166666666667
2026-07-19 05:00:00+00:00,Peshawar,107.375,82.25,91.54166666666667
2026-07-19 06:00:00+00:00,Peshawar,107.375,82.25,91.54166666666667
2026-07-19 07:00:00+00:00,Peshawar,107.375,82.25,91.54166666666667
2026-07-19 08:00:00+00:00,Peshawar,107.375,82.25,91.54166666666667
2026-07-19 09:00:00+00:00,Peshawar,107.375,82.25,91.54166666666667
2026-07-19 10:00:00+00:00,Peshawar,107.375,82.25,91.54166666666667
2026-07-19 11:00:00+00:00,Peshawar,107.375,82.25,91.54166666666667
2026-07-19 12:00:00+00:00,Peshawar,107.375,82.25,91.54166666666667
2026-07-19 13:00:00+00:00,Peshawar,107.375,82.25,91.54166666666667
2026-07-19 14:00:00+00:00,Peshawar,107.375,82.25,91.54166666666667
2026-07-19 15:00:00+00:00,Peshawar,107.375,82.25,91.54166666666667
2026-07-19 16:00:00+00:00,Peshawar,107.375,82.25,91.54166666666667
2026-07-19 17:00:00+00:00,Peshawar,107.375,82.25,91.54166666666667
2026-07-19 18:00:00+00:00,Peshawar,107.375,82.25,91.54166666666667
2026-07-19 19:00:00+00:00,Peshawar,107.375,82.25,91.54166666666667
2026-07-19 20:00:00+00:00,Peshawar,107.375,82.25,91.54166666666667
2026-07-19 21:00:00+00:00,Peshawar,107.375,82.25,91.54166666666667
2026-07-19 22:00:00+00:00,Peshawar,107.375,82.25,91.54166666666667
2026-07-19 23:00:00+00:00,Peshawar,107.375,82.25,91.54166666666667
2026-07-20 00:00:00+00:00,Peshawar,82.25,91.54166666666667,92.5
2026-07-20 01:00:00+00:00,Peshawar,82.25,91.54166666666667,92.5
2026-07-20 02:00:00+00:00,Peshawar,82.25,91.54166666666667,92.5
2026-07-20 03:00:00+00:00,Peshawar,82.25,91.54166666666667,92.5
2026-07-20 04:00:00+00:00,Peshawar,82.25,91.54166666666667,92.5
2026-07-20 05:00:00+00:00,Peshawar,82.25,91.54166666666667,92.5
2026-07-20 06:00:00+00:00,Peshawar,82.25,91.54166666666667,92.5
2026-07-20 07:00:00+00:00,Peshawar,82.25,91.54166666666667,92.5
2026-07-20 08:00:00+00:00,Peshawar,82.25,91.54166666666667,92.5
2026-07-20 09:00:00+00:00,Peshawar,82.25,91.54166666666667,92.5
2026-07-20 10:00:00+00:00,Peshawar,82.25,91.54166666666667,92.5
2026-07-20 11:00:00+00:00,Peshawar,82.25,91.54166666666667,92.5
2026-07-20 12:00:00+00:00,Peshawar,82.25,91.54166666666667,92.5
2026-07-20 13:00:00+00:00,Peshawar,82.25,91.54166666666667,92.5
2026-07-20 14:00:00+00:00,Peshawar,82.25,91.54166666666667,92.5
2026-07-20 15:00:00+00:00,Peshawar,82.25,91.54166666666667,92.5
2026-07-20 16:00:00+00:00,Peshawar,82.25,91.54166666666667,92.5
2026-07-20 17:00:00+00:00,Peshawar,82.25,91.54166666666667,92.5
2026-07-20 18:00:00+00:00,Peshawar,82.25,91.54166666666667,92.5
2026-07-20 19:00:00+00:00,Peshawar,82.25,91.54166666666667,92.5
2026-07-20 20:00:00+00:00,Peshawar,82.25,91.54166666666667,92.5
2026-07-20 21:00:00+00:00,Peshawar,82.25,91.54166666666667,92.5
2026-07-20 22:00:00+00:00,Peshawar,82.25,91.54166666666667,92.5
2026-07-20 23:00:00+00:00,Peshawar,82.25,91.54166666666667,92.5
2026-07-21 00:00:00+00:00,Peshawar,91.54166666666667,92.5,99.5
2026-07-21 01:00:00+00:00,Peshawar,91.54166666666667,92.5,99.5
2026-07-21 02:00:00+00:00,Peshawar,91.54166666666667,92.5,99.5
2026-07-21 03:00:00+00:00,Peshawar,91.54166666666667,92.5,99.5
2026-07-21 04:00:00+00:00,Peshawar,91.54166666666667,92.5,99.5
2026-07-21 05:00:00+00:00,Peshawar,91.54166666666667,92.5,99.5
2026-07-21 06:00:00+00:00,Peshawar,91.54166666666667,92.5,99.5
2026-07-21 07:00:00+00:00,Peshawar,91.54166666666667,92.5,99.5
2026-07-21 08:00:00+00:00,Peshawar,91.54166666666667,92.5,99.5
2026-07-21 09:00:00+00:00,Peshawar,91.54166666666667,92.5,99.5
2026-07-21 10:00:00+00:00,Peshawar,91.54166666666667,92.5,99.5
2026-07-21 11:00:00+00:00,Peshawar,91.54166666666667,92.5,99.5
2026-07-21 12:00:00+00:00,Peshawar,91.54166666666667,92.5,99.5
2026-07-21 13:00:00+00:00,Peshawar,91.54166666666667,92.5,99.5
2026-07-21 14:00:00+00:00,Peshawar,91.54166666666667,92.5,99.5
2026-07-21 15:00:00+00:00,Peshawar,91.54166666666667,92.5,99.5
2026-07-21 16:00:00+00:00,Peshawar,91.54166666666667,92.5,99.5
2026-07-21 17:00:00+00:00,Peshawar,91.54166666666667,92.5,99.5
2026-07-21 18:00:00+00:00,Peshawar,91.54166666666667,92.5,99.5
2026-07-21 19:00:00+00:00,Peshawar,91.54166666666667,92.5,99.5
2026-07-21 20:00:00+00:00,Peshawar,91.54166666666667,92.5,99.5
2026-07-21 21:00:00+00:00,Peshawar,91.54166666666667,92.5,99.5
2026-07-21 22:00:00+00:00,Peshawar,91.54166666666667,92.5,99.5
2026-07-21 23:00:00+00:00,Peshawar,91.54166666666667,92.5,99.5
2026-07-22 00:00:00+00:00,Peshawar,92.5,99.5,121.125
2026-07-22 01:00:00+00:00,Peshawar,92.5,99.5,121.125
2026-07-22 02:00:00+00:00,Peshawar,92.5,99.5,121.125
2026-07-22 03:00:00+00:00,Peshawar,92.5,99.5,121.125
2026-07-22 04:00:00+00:00,Peshawar,92.5,99.5,121.125
2026-07-22 05:00:00+00:00,Peshawar,92.5,99.5,121.125
2026-07-22 06:00:00+00:00,Peshawar,92.5,99.5,121.125
2026-07-22 07:00:00+00:00,Peshawar,92.5,99.5,121.125
2026-07-22 08:00:00+00:00,Peshawar,92.5,99.5,121.125
2026-07-22 09:00:00+00:00,Peshawar,92.5,99.5,121.125
2026-07-22 10:00:00+00:00,Peshawar,92.5,99.5,121.125
2026-07-22 11:00:00+00:00,Peshawar,92.5,99.5,121.125
2026-07-22 12:00:00+00:00,Peshawar,92.5,99.5,121.125
2026-07-22 13:00:00+00:00,Peshawar,92.5,99.5,121.125
2026-07-22 14:00:00+00:00,Peshawar,92.5,99.5,121.125
2026-07-22 15:00:00+00:00,Peshawar,92.5,99.5,121.125
2026-07-22 16:00:00+00:00,Peshawar,92.5,99.5,121.125
2026-07-22 17:00:00+00:00,Peshawar,92.5,99.5,121.125
2026-07-22 18:00:00+00:00,Peshawar,92.5,99.5,121.125
2026-07-22 19:00:00+00:00,Peshawar,92.5,99.5,121.125
2026-07-22 20:00:00+00:00,Peshawar,92.5,99.5,121.125
2026-07-22 21:00:00+00:00,Peshawar,92.5,99.5,121.125
2026-07-22 22:00:00+00:00,Peshawar,92.5,99.5,121.125
2026-07-22 23:00:00+00:00,Peshawar,92.5,99.5,121.125
2026-07-23 00:00:00+00:00,Peshawar,99.5,121.125,120.0
2026-07-23 01:00:00+00:00,Peshawar,99.5,121.125,120.0
2026-07-23 02:00:00+00:00,Peshawar,99.5,121.125,120.0
2026-07-23 03:00:00+00:00,Peshawar,99.5,121.125,120.0
2026-07-23 04:00:00+00:00,Peshawar,99.5,121.125,120.0
2026-07-23 05:00:00+00:00,Peshawar,99.5,121.125,120.0
2026-07-23 06:00:00+00:00,Peshawar,99.5,121.125,120.0
2026-07-23 07:00:00+00:00,Peshawar,99.5,121.125,120.0
2026-07-23 08:00:00+00:00,Peshawar,99.5,121.125,120.0
2026-07-23 09:00:00+00:00,Peshawar,99.5,121.125,120.0
2026-07-23 10:00:00+00:00,Peshawar,99.5,121.125,120.0
2026-07-23 11:00:00+00:00,Peshawar,99.5,121.125,120.0
2026-07-23 12:00:00+00:00,Peshawar,99.5,121.125,120.0
2026-07-23 13:00:00+00:00,Peshawar,99.5,121.125,120.0
2026-07-23 14:00:00+00:00,Peshawar,99.5,121.125,120.0
2026-07-23 15:00:00+00:00,Peshawar,99.5,121.125,120.0
2026-07-23 16:00:00+00:00,Peshawar,99.5,121.125,120.0
2026-07-23 17:00:00+00:00,Peshawar,99.5,121.125,120.0
2026-07-23 18:00:00+00:00,Peshawar,99.5,121.125,120.0
2026-07-23 19:00:00+00:00,Peshawar,99.5,121.125,120.0
2026-07-23 20:00:00+00:00,Peshawar,99.5,121.125,120.0
2026-07-23 21:00:00+00:00,Peshawar,99.5,121.125,120.0
2026-07-23 22:00:00+00:00,Peshawar,99.5,121.125,120.0
2026-07-23 23:00:00+00:00,Peshawar,99.5,121.125,120.0
2026-07-24 00:00:00+00:00,Peshawar,121.125,120.0,121.58333333333333
2026-07-24 01:00:00+00:00,Peshawar,121.125,120.0,121.58333333333333
2026-07-24 02:00:00+00:00,Peshawar,121.125,120.0,121.58333333333333
2026-07-24 03:00:00+00:00,Peshawar,121.125,120.0,121.58333333333333
2026-07-24 04:00:00+00:00,Peshawar,121.125,120.0,121.58333333333333
2026-07-24 05:00:00+00:00,Peshawar,121.125,120.0,121.58333333333333
2026-07-24 06:00:00+00:00,Peshawar,121.125,120.0,121.58333333333333
2026-07-24 07:00:00+00:00,Peshawar,121.125,120.0,121.58333333333333
2026-07-24 08:00:00+00:00,Peshawar,121.125,120.0,121.58333333333333
2026-07-24 09:00:00+00:00,Peshawar,121.125,120.0,121.58333333333333
2026-07-24 10:00:00+00:00,Peshawar,121.125,120.0,121.58333333333333
2026-07-24 11:00:00+00:00,Peshawar,121.125,120.0,121.58333333333333
2026-07-24 12:00:00+00:00,Peshawar,121.125,120.0,121.58333333333333
2026-07-24 13:00:00+00:00,Peshawar,121.125,120.0,121.58333333333333
2026-07-24 14:00:00+00:00,Peshawar,121.125,120.0,121.58333333333333
2026-07-24 15:00:00+00:00,Peshawar,121.125,120.0,121.58333333333333
2026-07-24 16:00:00+00:00,Peshawar,121.125,120.0,121.58333333333333
2026-07-24 17:00:00+00:00,Peshawar,121.125,120.0,121.58333333333333
2026-07-24 18:00:00+00:00,Peshawar,121.125,120.0,121.58333333333333
2026-07-24 19:00:00+00:00,Peshawar,121.125,120.0,121.58333333333333
2026-07-24 20:00:00+00:00,Peshawar,121.125,120.0,121.58333333333333
2026-07-24 21:00:00+00:00,Peshawar,121.125,120.0,121.58333333333333
2026-07-24 22:00:00+00:00,Peshawar,121.125,120.0,121.58333333333333
2026-07-24 23:00:00+00:00,Peshawar,121.125,120.0,121.58333333333333
2026-07-25 00:00:00+00:00,Peshawar,120.0,121.58333333333333,120.41666666666667
2026-07-25 01:00:00+00:00,Peshawar,120.0,121.58333333333333,120.41666666666667
2026-07-25 02:00:00+00:00,Peshawar,120.0,121.58333333333333,120.41666666666667
2026-07-25 03:00:00+00:00,Peshawar,120.0,121.58333333333333,120.41666666666667
2026-07-25 04:00:00+00:00,Peshawar,120.0,121.58333333333333,120.41666666666667
2026-07-25 05:00:00+00:00,Peshawar,120.0,121.58333333333333,120.41666666666667
2026-07-25 06:00:00+00:00,Peshawar,120.0,121.58333333333333,120.41666666666667
2026-07-25 07:00:00+00:00,Peshawar,120.0,121.58333333333333,120.41666666666667
2026-07-25 08:00:00+00:00,Peshawar,120.0,121.58333333333333,120.41666666666667
2026-07-25 09:00:00+00:00,Peshawar,120.0,121.58333333333333,120.41666666666667
2026-07-25 10:00:00+00:00,Peshawar,120.0,121.58333333333333,120.41666666666667
2026-07-25 11:00:00+00:00,Peshawar,120.0,121.58333333333333,120.41666666666667
2026-07-25 12:00:00+00:00,Peshawar,120.0,121.58333333333333,120.41666666666667
2026-07-25 13:00:00+00:00,Peshawar,120.0,121.58333333333333,120.41666666666667
2026-07-25 14:00:00+00:00,Peshawar,120.0,121.58333333333333,120.41666666666667
2026-07-25 15:00:00+00:00,Peshawar,120.0,121.58333333333333,120.41666666666667
2026-07-25 16:00:00+00:00,Peshawar,120.0,121.58333333333333,120.41666666666667
2026-07-25 17:00:00+00:00,Peshawar,120.0,121.58333333333333,120.41666666666667
2026-07-25 18:00:00+00:00,Peshawar,120.0,121.58333333333333,120.41666666666667
2026-07-25 19:00:00+00:00,Peshawar,120.0,121.58333333333333,120.41666666666667
2026-07-25 20:00:00+00:00,Peshawar,120.0,121.58333333333333,120.41666666666667
2026-07-25 21:00:00+00:00,Peshawar,120.0,121.58333333333333,120.41666666666667
2026-07-25 22:00:00+00:00,Peshawar,120.0,121.58333333333333,120.41666666666667
2026-07-25 23:00:00+00:00,Peshawar,120.0,121.58333333333333,120.41666666666667
2026-07-26 00:00:00+00:00,Peshawar,121.58333333333333,120.41666666666667,121.41666666666667
2026-07-26 01:00:00+00:00,Peshawar,121.58333333333333,120.41666666666667,121.41666666666667
2026-07-26 02:00:00+00:00,Peshawar,121.58333333333333,120.41666666666667,121.41666666666667
2026-07-26 03:00:00+00:00,Peshawar,121.58333333333333,120.41666666666667,121.41666666666667
2026-07-26 04:00:00+00:00,Peshawar,121.58333333333333,120.41666666666667,121.41666666666667
2026-07-26 05:00:00+00:00,Peshawar,121.58333333333333,120.41666666666667,121.41666666666667
2026-07-26 06:00:00+00:00,Peshawar,121.58333333333333,120.41666666666667,121.41666666666667
2026-07-26 07:00:00+00:00,Peshawar,121.58333333333333,120.41666666666667,121.41666666666667
2026-07-26 08:00:00+00:00,Peshawar,121.58333333333333,120.41666666666667,121.41666666666667
2026-07-26 09:00:00+00:00,Peshawar,121.58333333333333,120.41666666666667,121.41666666666667
2026-07-26 10:00:00+00:00,Peshawar,121.58333333333333,120.41666666666667,121.41666666666667
2026-07-26 11:00:00+00:00,Peshawar,121.58333333333333,120.41666666666667,121.41666666666667
2026-07-26 12:00:00+00:00,Peshawar,121.58333333333333,120.41666666666667,121.41666666666667
2026-07-26 13:00:00+00:00,Peshawar,121.58333333333333,120.41666666666667,121.41666666666667
2026-07-26 14:00:00+00:00,Peshawar,121.58333333333333,120.41666666666667,121.41666666666667
2026-07-26 15:00:00+00:00,Peshawar,121.58333333333333,120.41666666666667,121.41666666666667
2026-07-26 16:00:00+00:00,Peshawar,121.58333333333333,120.41666666666667,121.41666666666667
2026-07-26 17:00:00+00:00,Peshawar,121.58333333333333,120.41666666666667,121.41666666666667
2026-07-26 18:00:00+00:00,Peshawar,121.58333333333333,120.41666666666667,121.41666666666667
2026-07-26 19:00:00+00:00,Peshawar,121.58333333333333,120.41666666666667,121.41666666666667
2026-07-26 20:00:00+00:00,Peshawar,121.58333333333333,120.41666666666667,121.41666666666667
2026-07-26 21:00:00+00:00,Peshawar,121.58333333333333,120.41666666666667,121.41666666666667
2026-07-26 22:00:00+00:00,Peshawar,121.58333333333333,120.41666666666667,121.41666666666667
2026-07-26 23:00:00+00:00,Peshawar,121.58333333333333,120.41666666666667,121.41666666666667
2026-07-27 00:00:00+00:00,Peshawar,120.41666666666667,121.41666666666667,123.45833333333333
2026-07-27 01:00:00+00:00,Peshawar,120.41666666666667,121.41666666666667,123.45833333333333
2026-07-27 02:00:00+00:00,Peshawar,120.41666666666667,121.41666666666667,123.45833333333333
2026-07-27 03:00:00+00:00,Peshawar,120.41666666666667,121.41666666666667,123.45833333333333
2026-07-27 04:00:00+00:00,Peshawar,120.41666666666667,121.41666666666667,123.45833333333333
2026-07-27 05:00:00+00:00,Peshawar,120.41666666666667,121.41666666666667,123.45833333333333
2026-07-27 06:00:00+00:00,Peshawar,120.41666666666667,121.41666666666667,123.45833333333333
2026-07-27 07:00:00+00:00,Peshawar,120.41666666666667,121.41666666666667,123.45833333333333
2026-07-27 08:00:00+00:00,Peshawar,120.41666666666667,121.41666666666667,123.45833333333333
2026-07-27 09:00:00+00:00,Peshawar,120.41666666666667,121.41666666666667,123.45833333333333
2026-07-27 10:00:00+00:00,Peshawar,120.41666666666667,121.41666666666667,123.45833333333333
2026-07-27 11:00:00+00:00,Peshawar,120.41666666666667,121.41666666666667,123.45833333333333
2026-07-27 12:00:00+00:00,Peshawar,120.41666666666667,121.41666666666667,123.45833333333333
2026-07-27 13:00:00+00:00,Peshawar,120.41666666666667,121.41666666666667,123.45833333333333
2026-07-27 14:00:00+00:00,Peshawar,120.41666666666667,121.41666666666667,123.45833333333333
2026-07-27 15:00:00+00:00,Peshawar,120.41666666666667,121.41666666666667,123.45833333333333
2026-07-27 16:00:00+00:00,Peshawar,120.41666666666667,121.41666666666667,123.45833333333333
2026-07-27 17:00:00+00:00,Peshawar,120.41666666666667,121.41666666666667,123.45833333333333
2026-07-27 18:00:00+00:00,Peshawar,120.41666666666667,121.41666666666667,123.45833333333333
2026-07-27 19:00:00+00:00,Peshawar,120.41666666666667,121.41666666666667,123.45833333333333
2026-07-27 20:00:00+00:00,Peshawar,120.41666666666667,121.41666666666667,123.45833333333333
2026-07-27 21:00:00+00:00,Peshawar,120.41666666666667,121.41666666666667,123.45833333333333
2026-07-27 22:00:00+00:00,Peshawar,120.41666666666667,121.41666666666667,123.45833333333333
2026-07-27 23:00:00+00:00,Peshawar,120.41666666666667,121.41666666666667,123.45833333333333
2026-07-28 00:00:00+00:00,Peshawar,121.41666666666667,123.45833333333333,115.54166666666667
2026-07-28 01:00:00+00:00,Peshawar,121.41666666666667,123.45833333333333,115.54166666666667
2026-07-28 02:00:00+00:00,Peshawar,121.41666666666667,123.45833333333333,115.54166666666667
2026-07-28 03:00:00+00:00,Peshawar,121.41666666666667,123.45833333333333,115.54166666666667
2026-07-28 04:00:00+00:00,Peshawar,121.41666666666667,123.45833333333333,115.54166666666667
2026-07-28 05:00:00+00:00,Peshawar,121.41666666666667,123.45833333333333,115.54166666666667
2026-07-28 06:00:00+00:00,Peshawar,121.41666666666667,123.45833333333333,115.54166666666667
2026-07-28 07:00:00+00:00,Peshawar,121.41666666666667,123.45833333333333,115.54166666666667
2026-07-28 08:00:00+00:00,Peshawar,121.41666666666667,123.45833333333333,115.54166666666667
2026-07-28 09:00:00+00:00,Peshawar,121.41666666666667,123.45833333333333,115.54166666666667
2026-07-28 10:00:00+00:00,Peshawar,121.41666666666667,123.45833333333333,115.54166666666667
2026-07-28 11:00:00+00:00,Peshawar,121.41666666666667,123.45833333333333,115.54166666666667
2026-07-28 12:00:00+00:00,Peshawar,121.41666666666667,123.45833333333333,115.54166666666667
2026-07-28 13:00:00+00:00,Peshawar,121.41666666666667,123.45833333333333,115.54166666666667
2026-07-28 14:00:00+00:00,Peshawar,121.41666666666667,123.45833333333333,115.54166666666667
2026-07-28 15:00:00+00:00,Peshawar,121.41666666666667,123.45833333333333,115.54166666666667
2026-07-28 16:00:00+00:00,Peshawar,121.41666666666667,123.45833333333333,115.54166666666667
2026-07-28 17:00:00+00:00,Peshawar,121.41666666666667,123.45833333333333,115.54166666666667
2026-07-28 18:00:00+00:00,Peshawar,121.41666666666667,123.45833333333333,115.54166666666667
2026-07-28 19:00:00+00:00,Peshawar,121.41666666666667,123.45833333333333,115.54166666666667
2026-07-28 20:00:00+00:00,Peshawar,121.41666666666667,123.45833333333333,115.54166666666667
2026-07-28 21:00:00+00:00,Peshawar,121.41666666666667,123.45833333333333,115.54166666666667
2026-07-28 22:00:00+00:00,Peshawar,121.41666666666667,123.45833333333333,115.54166666666667
2026-07-28 23:00:00+00:00,Peshawar,121.41666666666667,123.45833333333333,115.54166666666667
2026-07-29 00:00:00+00:00,Peshawar,123.45833333333333,115.54166666666667,152.33333333333334
2026-07-29 01:00:00+00:00,Peshawar,123.45833333333333,115.54166666666667,152.33333333333334
2026-07-29 02:00:00+00:00,Peshawar,123.45833333333333,115.54166666666667,152.33333333333334
2026-07-29 03:00:00+00:00,Peshawar,123.45833333333333,115.54166666666667,152.33333333333334
2026-07-29 04:00:00+00:00,Peshawar,123.45833333333333,115.54166666666667,152.33333333333334
2026-07-29 05:00:00+00:00,Peshawar,123.45833333333333,115.54166666666667,152.33333333333334
2026-07-29 06:00:00+00:00,Peshawar,123.45833333333333,115.54166666666667,152.33333333333334
2026-07-29 07:00:00+00:00,Peshawar,123.45833333333333,115.54166666666667,152.33333333333334
2026-07-29 08:00:00+00:00,Peshawar,123.45833333333333,115.54166666666667,152.33333333333334
2026-07-29 09:00:00+00:00,Peshawar,123.45833333333333,115.54166666666667,152.33333333333334
2026-07-29 10:00:00+00:00,Peshawar,123.45833333333333,115.54166666666667,152.33333333333334
2026-07-29 11:00:00+00:00,Peshawar,123.45833333333333,115.54166666666667,152.33333333333334
2026-07-29 12:00:00+00:00,Peshawar,123.45833333333333,115.54166666666667,152.33333333333334
2026-07-29 13:00:00+00:00,Peshawar,123.45833333333333,115.54166666666667,152.33333333333334
2026-07-29 14:00:00+00:00,Peshawar,123.45833333333333,115.54166666666667,152.33333333333334
2026-07-29 15:00:00+00:00,Peshawar,123.45833333333333,115.54166666666667,152.33333333333334
2026-07-29 16:00:00+00:00,Peshawar,123.45833333333333,115.54166666666667,152.33333333333334
2026-07-29 17:00:00+00:00,Peshawar,123.45833333333333,115.54166666666667,152.33333333333334
2026-07-29 18:00:00+00:00,Peshawar,123.45833333333333,115.54166666666667,152.33333333333334
2026-07-29 19:00:00+00:00,Peshawar,123.45833333333333,115.54166666666667,152.33333333333334
2026-07-29 20:00:00+00:00,Peshawar,123.45833333333333,115.54166666666667,152.33333333333334
2026-07-29 21:00:00+00:00,Peshawar,123.45833333333333,115.54166666666667,152.33333333333334
2026-07-29 22:00:00+00:00,Peshawar,123.45833333333333,115.54166666666667,152.33333333333334
2026-07-29 23:00:00+00:00,Peshawar,123.45833333333333,115.54166666666667,152.33333333333334
2026-07-30 00:00:00+00:00,Peshawar,115.54166666666667,152.33333333333334,137.66666666666666
2026-07-30 01:00:00+00:00,Peshawar,115.54166666666667,152.33333333333334,137.66666666666666
2026-07-30 02:00:00+00:00,Peshawar,115.54166666666667,152.33333333333334,137.66666666666666
2026-07-30 03:00:00+00:00,Peshawar,115.54166666666667,152.33333333333334,137.66666666666666
2026-07-30 04:00:00+00:00,Peshawar,115.54166666666667,152.33333333333334,137.66666666666666
2026-07-30 05:00:00+00:00,Peshawar,115.54166666666667,152.33333333333334,137.66666666666666
2026-07-30 06:00:00+00:00,Peshawar,115.54166666666667,152.33333333333334,137.66666666666666
2026-07-30 07:00:00+00:00,Peshawar,115.54166666666667,152.33333333333334,137.66666666666666
2026-07-30 08:00:00+00:00,Peshawar,115.54166666666667,152.33333333333334,137.66666666666666
2026-07-30 09:00:00+00:00,Peshawar,115.54166666666667,152.33333333333334,137.66666666666666
2026-07-30 10:00:00+00:00,Peshawar,115.54166666666667,152.33333333333334,137.66666666666666
2026-07-30 11:00:00+00:00,Peshawar,115.54166666666667,152.33333333333334,137.66666666666666
2026-07-30 12:00:00+00:00,Peshawar,115.54166666666667,152.33333333333334,137.66666666666666
2026-07-30 13:00:00+00:00,Peshawar,115.54166666666667,152.33333333333334,137.66666666666666
2026-07-30 14:00:00+00:00,Peshawar,115.54166666666667,152.33333333333334,137.66666666666666
2026-07-30 15:00:00+00:00,Peshawar,115.54166666666667,152.33333333333334,137.66666666666666
2026-07-30 16:00:00+00:00,Peshawar,115.54166666666667,152.33333333333334,137.66666666666666
2026-07-30 17:00:00+00:00,Peshawar,115.54166666666667,152.33333333333334,137.66666666666666
2026-07-30 18:00:00+00:00,Peshawar,115.54166666666667,152.33333333333334,137.66666666666666
2026-07-30 19:00:00+00:00,Peshawar,115.54166666666667,152.33333333333334,137.66666666666666
2026-07-30 20:00:00+00:00,Peshawar,115.54166666666667,152.33333333333334,137.66666666666666
2026-07-30 21:00:00+00:00,Peshawar,115.54166666666667,152.33333333333334,137.66666666666666
2026-07-30 22:00:00+00:00,Peshawar,115.54166666666667,152.33333333333334,137.66666666666666
2026-07-30 23:00:00+00:00,Peshawar,115.54166666666667,152.33333333333334,137.66666666666666
2026-07-31 00:00:00+00:00,Peshawar,152.33333333333334,137.66666666666666,131.08333333333334
2026-07-31 01:00:00+00:00,Peshawar,152.33333333333334,137.66666666666666,131.08333333333334
2026-07-31 02:00:00+00:00,Peshawar,152.33333333333334,137.66666666666666,131.08333333333334
2026-07-31 03:00:00+00:00,Peshawar,152.33333333333334,137.66666666666666,131.08333333333334
2026-07-31 04:00:00+00:00,Peshawar,152.33333333333334,137.66666666666666,131.08333333333334
2026-07-31 05:00:00+00:00,Peshawar,152.33333333333334,137.66666666666666,131.08333333333334
2026-07-31 06:00:00+00:00,Peshawar,152.33333333333334,137.66666666666666,131.08333333333334
2026-07-31 07:00:00+00:00,Peshawar,152.33333333333334,137.66666666666666,131.08333333333334
2026-07-31 08:00:00+00:00,Peshawar,152.33333333333334,137.66666666666666,131.08333333333334
2026-07-31 09:00:00+00:00,Peshawar,152.33333333333334,137.66666666666666,131.08333333333334
2026-07-31 10:00:00+00:00,Peshawar,152.33333333333334,137.66666666666666,131.08333333333334
2026-07-31 11:00:00+00:00,Peshawar,152.33333333333334,137.66666666666666,131.08333333333334
2026-07-31 12:00:00+00:00,Peshawar,152.33333333333334,137.66666666666666,131.08333333333334
2026-07-31 13:00:00+00:00,Peshawar,152.33333333333334,137.66666666666666,131.08333333333334
2026-07-31 14:00:00+00:00,Peshawar,152.33333333333334,137.66666666666666,131.08333333333334
2026-07-31 15:00:00+00:00,Peshawar,152.33333333333334,137.66666666666666,131.08333333333334
2026-07-31 16:00:00+00:00,Peshawar,152.33333333333334,137.66666666666666,131.08333333333334
2026-07-31 17:00:00+00:00,Peshawar,152.33333333333334,137.66666666666666,131.08333333333334
2026-07-31 18:00:00+00:00,Peshawar,152.33333333333334,137.66666666666666,131.08333333333334
2026-07-31 19:00:00+00:00,Peshawar,152.33333333333334,137.66666666666666,131.08333333333334
2026-07-31 20:00:00+00:00,Peshawar,152.33333333333334,137.66666666666666,131.08333333333334
2026-07-31 21:00:00+00:00,Peshawar,152.33333333333334,137.66666666666666,131.08333333333334
2026-07-31 22:00:00+00:00,Peshawar,152.33333333333334,137.66666666666666,131.08333333333334
2026-07-31 23:00:00+00:00,Peshawar,152.33333333333334,137.66666666666666,131.08333333333334
2026-08-01 00:00:00+00:00,Peshawar,137.66666666666666,131.08333333333334,151.83333333333334
2026-08-01 01:00:00+00:00,Peshawar,137.66666666666666,131.08333333333334,151.83333333333334
2026-08-01 02:00:00+00:00,Peshawar,137.66666666666666,131.08333333333334,151.83333333333334
2026-08-01 03:00:00+00:00,Peshawar,137.66666666666666,131.08333333333334,151.83333333333334
2026-08-01 04:00:00+00:00,Peshawar,137.66666666666666,131.08333333333334,151.83333333333334
2026-08-01 05:00:00+00:00,Peshawar,137.66666666666666,131.08333333333334,151.83333333333334
2026-08-01 06:00:00+00:00,Peshawar,137.66666666666666,131.08333333333334,151.83333333333334
2026-08-01 07:00:00+00:00,Peshawar,137.66666666666666,131.08333333333334,151.83333333333334
2026-08-01 08:00:00+00:00,Peshawar,137.66666666666666,131.08333333333334,151.83333333333334
2026-08-01 09:00:00+00:00,Peshawar,137.66666666666666,131.08333333333334,151.83333333333334
2026-08-01 10:00:00+00:00,Peshawar,137.66666666666666,131.08333333333334,151.83333333333334
2026-08-01 11:00:00+00:00,Peshawar,137.66666666666666,131.08333333333334,151.83333333333334
2026-08-01 12:00:00+00:00,Peshawar,137.66666666666666,131.08333333333334,151.83333333333334
2026-08-01 13:00:00+00:00,Peshawar,137.66666666666666,131.08333333333334,151.83333333333334
2026-08-01 14:00:00+00:00,Peshawar,137.66666666666666,131.08333333333334,151.83333333333334
2026-08-01 15:00:00+00:00,Peshawar,137.66666666666666,131.08333333333334,151.83333333333334
2026-08-01 16:00:00+00:00,Peshawar,137.66666666666666,131.08333333333334,151.83333333333334
2026-08-01 17:00:00+00:00,Peshawar,137.66666666666666,131.08333333333334,151.83333333333334
2026-08-01 18:00:00+00:00,Peshawar,137.66666666666666,131.08333333333334,151.83333333333334
2026-08-01 19:00:00+00:00,Peshawar,137.66666666666666,131.08333333333334,151.83333333333334
2026-08-01 20:00:00+00:00,Peshawar,137.66666666666666,131.08333333333334,151.83333333333334
2026-08-01 21:00:00+00:00,Peshawar,137.66666666666666,131.08333333333334,151.83333333333334
2026-08-01 22:00:00+00:00,Peshawar,137.66666666666666,131.08333333333334,151.83333333333334
2026-08-01 23:00:00+00:00,Peshawar,137.66666666666666,131.08333333333334,151.83333333333334
2026-08-02 00:00:00+00:00,Peshawar,131.08333333333334,151.83333333333334,153.54166666666666
2026-08-02 01:00:00+00:00,Peshawar,131.08333333333334,151.83333333333334,153.54166666666666
2026-08-02 02:00:00+00:00,Peshawar,131.08333333333334,151.83333333333334,153.54166666666666
2026-08-02 03:00:00+00:00,Peshawar,131.08333333333334,151.83333333333334,153.54166666666666
2026-08-02 04:00:00+00:00,Peshawar,131.08333333333334,151.83333333333334,153.54166666666666
2026-08-02 05:00:00+00:00,Peshawar,131.08333333333334,151.83333333333334,153.54166666666666
2026-08-02 06:00:00+00:00,Peshawar,131.08333333333334,151.83333333333334,153.54166666666666
2026-08-02 07:00:00+00:00,Peshawar,131.08333333333334,151.83333333333334,153.54166666666666
2026-08-02 08:00:00+00:00,Peshawar,131.08333333333334,151.83333333333334,153.54166666666666
2026-08-02 09:00:00+00:00,Peshawar,131.08333333333334,151.83333333333334,153.54166666666666
2026-08-02 10:00:00+00:00,Peshawar,131.08333333333334,151.83333333333334,153.54166666666666
2026-08-02 11:00:00+00:00,Peshawar,131.08333333333334,151.83333333333334,153.54166666666666
2026-08-02 12:00:00+00:00,Peshawar,131.08333333333334,151.83333333333334,153.54166666666666
2026-08-02 13:00:00+00:00,Peshawar,131.08333333333334,151.83333333333334,153.54166666666666
2026-08-02 14:00:00+00:00,Peshawar,131.08333333333334,151.83333333333334,153.54166666666666
2026-08-02 15:00:00+00:00,Peshawar,131.08333333333334,151.83333333333334,153.54166666666666
2026-08-02 16:00:00+00:00,Peshawar,131.08333333333334,151.83333333333334,153.54166666666666
2026-08-02 17:00:00+00:00,Peshawar,131.08333333333334,151.83333333333334,153.54166666666666
2026-08-02 18:00:00+00:00,Peshawar,131.08333333333334,151.83333333333334,153.54166666666666
2026-08-02 19:00:00+00:00,Peshawar,131.08333333333334,151.83333333333334,153.54166666666666
2026-08-02 20:00:00+00:00,Peshawar,131.08333333333334,151.83333333333334,153.54166666666666
2026-08-02 21:00:00+00:00,Peshawar,131.08333333333334,151.83333333333334,153.54166666666666
2026-08-02 22:00:00+00:00,Peshawar,131.08333333333334,151.83333333333334,153.54166666666666
2026-08-02 23:00:00+00:00,Peshawar,131.08333333333334,151.83333333333334,153.54166666666666
2026-08-03 00:00:00+00:00,Peshawar,151.83333333333334,153.54166666666666,115.08333333333333
2026-08-03 01:00:00+00:00,Peshawar,151.83333333333334,153.54166666666666,115.08333333333333
2026-08-03 02:00:00+00:00,Peshawar,151.83333333333334,153.54166666666666,115.08333333333333
2026-08-03 03:00:00+00:00,Peshawar,151.83333333333334,153.54166666666666,115.08333333333333
2026-08-03 04:00:00+00:00,Peshawar,151.83333333333334,153.54166666666666,115.08333333333333
2026-08-03 05:00:00+00:00,Peshawar,151.83333333333334,153.54166666666666,115.08333333333333
2026-08-03 06:00:00+00:00,Peshawar,151.83333333333334,153.54166666666666,115.08333333333333
2026-08-03 07:00:00+00:00,Peshawar,151.83333333333334,153.54166666666666,115.08333333333333
2026-08-03 08:00:00+00:00,Peshawar,151.83333333333334,153.54166666666666,115.08333333333333
2026-08-03 09:00:00+00:00,Peshawar,151.83333333333334,153.54166666666666,115.08333333333333
2026-08-03 10:00:00+00:00,Peshawar,151.83333333333334,153.54166666666666,115.08333333333333
2026-08-03 11:00:00+00:00,Peshawar,151.83333333333334,153.54166666666666,115.08333333333333
2026-08-03 12:00:00+00:00,Peshawar,151.83333333333334,153.54166666666666,115.08333333333333
2026-08-03 13:00:00+00:00,Peshawar,151.83333333333334,153.54166666666666,115.08333333333333
2026-08-03 14:00:00+00:00,Peshawar,151.83333333333334,153.54166666666666,115.08333333333333
2026-08-03 15:00:00+00:00,Peshawar,151.83333333333334,153.54166666666666,115.08333333333333
2026-08-03 16:00:00+00:00,Peshawar,151.83333333333334,153.54166666666666,115.08333333333333
2026-08-03 17:00:00+00:00,Peshawar,151.83333333333334,153.54166666666666,115.08333333333333
2026-08-03 18:00:00+00:00,Peshawar,151.83333333333334,153.54166666666666,115.08333333333333
2026-08-03 19:00:00+00:00,Peshawar,151.83333333333334,153.54166666666666,115.08333333333333
2026-08-03 20:00:00+00:00,Peshawar,151.83333333333334,153.54166666666666,115.08333333333333
2026-08-03 21:00:00+00:00,Peshawar,151.83333333333334,153.54166666666666,115.08333333333333
2026-08-03 22:00:00+00:00,Peshawar,151.83333333333334,153.54166666666666,115.08333333333333
2026-08-03 23:00:00+00:00,Peshawar,151.83333333333334,153.54166666666666,115.08333333333333
2026-08-04 00:00:00+00:00,Peshawar,153.54166666666666,115.08333333333333,117.625
2026-08-04 01:00:00+00:00,Peshawar,153.54166666666666,115.08333333333333,117.625
2026-08-04 02:00:00+00:00,Peshawar,153.54166666666666,115.08333333333333,117.625
2026-08-04 03:00:00+00:00,Peshawar,153.54166666666666,115.08333333333333,117.625
2026-08-04 04:00:00+00:00,Peshawar,153.54166666666666,115.08333333333333,117.625
2026-08-04 05:00:00+00:00,Peshawar,153.54166666666666,115.08333333333333,117.625
2026-08-04 06:00:00+00:00,Peshawar,153.54166666666666,115.08333333333333,117.625
2026-08-04 07:00:00+00:00,Peshawar,153.54166666666666,115.08333333333333,117.625
2026-08-04 08:00:00+00:00,Peshawar,153.54166666666666,115.08333333333333,117.625
2026-08-04 09:00:00+00:00,Peshawar,153.54166666666666,115.08333333333333,117.625
2026-08-04 10:00:00+00:00,Peshawar,153.54166666666666,115.08333333333333,117.625
2026-08-04 11:00:00+00:00,Peshawar,153.54166666666666,115.08333333333333,117.625
2026-08-04 12:00:00+00:00,Peshawar,153.54166666666666,115.08333333333333,117.625
2026-08-04 13:00:00+00:00,Peshawar,153.54166666666666,115.08333333333333,117.625
2026-08-04 14:00:00+00:00,Peshawar,153.54166666666666,115.08333333333333,117.625
2026-08-04 15:00:00+00:00,Peshawar,153.54166666666666,115.08333333333333,117.625
2026-08-04 16:00:00+00:00,Peshawar,153.54166666666666,115.08333333333333,117.625
2026-08-04 17:00:00+00:00,Peshawar,153.54166666666666,115.08333333333333,117.625
2026-08-04 18:00:00+00:00,Peshawar,153.54166666666666,115.08333333333333,117.625
2026-08-04 19:00:00+00:00,Peshawar,153.54166666666666,115.08333333333333,117.625
2026-08-04 20:00:00+00:00,Peshawar,153.54166666666666,115.08333333333333,117.625
2026-08-04 21:00:00+00:00,Peshawar,153.54166666666666,115.08333333333333,117.625
2026-08-04 22:00:00+00:00,Peshawar,153.54166666666666,115.08333333333333,117.625
2026-08-04 23:00:00+00:00,Peshawar,153.54166666666666,115.08333333333333,117.625
2026-08-05 00:00:00+00:00,Peshawar,115.08333333333333,117.625,125.70833333333333
2026-08-05 01:00:00+00:00,Peshawar,115.08333333333333,117.625,125.70833333333333
2026-08-05 02:00:00+00:00,Peshawar,115.08333333333333,117.625,125.70833333333333
2026-08-05 03:00:00+00:00,Peshawar,115.08333333333333,117.625,125.70833333333333
2026-08-05 04:00:00+00:00,Peshawar,115.08333333333333,117.625,125.70833333333333
2026-08-05 05:00:00+00:00,Peshawar,115.08333333333333,117.625,125.70833333333333
2026-08-05 06:00:00+00:00,Peshawar,115.08333333333333,117.625,125.70833333333333
2026-08-05 07:00:00+00:00,Peshawar,115.08333333333333,117.625,125.70833333333333
2026-08-05 08:00:00+00:00,Peshawar,115.08333333333333,117.625,125.70833333333333
2026-08-05 09:00:00+00:00,Peshawar,115.08333333333333,117.625,125.70833333333333
2026-08-05 10:00:00+00:00,Peshawar,115.08333333333333,117.625,125.70833333333333
2026-08-05 11:00:00+00:00,Peshawar,115.08333333333333,117.625,125.70833333333333
2026-08-05 12:00:00+00:00,Peshawar,115.08333333333333,117.625,125.70833333333333
2026-08-05 13:00:00+00:00,Peshawar,115.08333333333333,117.625,125.70833333333333
2026-08-05 14:00:00+00:00,Peshawar,115.08333333333333,117.625,125.70833333333333
2026-08-05 15:00:00+00:00,Peshawar,115.08333333333333,117.625,125.70833333333333
2026-08-05 16:00:00+00:00,Peshawar,115.08333333333333,117.625,125.70833333333333
2026-08-05 17:00:00+00:00,Peshawar,115.08333333333333,117.625,125.70833333333333
2026-08-05 18:00:00+00:00,Peshawar,115.08333333333333,117.625,125.70833333333333
2026-08-05 19:00:00+00:00,Peshawar,115.08333333333333,117.625,125.70833333333333
2026-08-05 20:00:00+00:00,Peshawar,115.08333333333333,117.625,125.70833333333333
2026-08-05 21:00:00+00:00,Peshawar,115.08333333333333,117.625,125.70833333333333
2026-08-05 22:00:00+00:00,Peshawar,115.08333333333333,117.625,125.70833333333333
2026-08-05 23:00:00+00:00,Peshawar,115.08333333333333,117.625,125.70833333333333
2026-08-06 00:00:00+00:00,Peshawar,117.625,125.70833333333333,125.08333333333333
2026-08-06 01:00:00+00:00,Peshawar,117.625,125.70833333333333,125.08333333333333
2026-08-06 02:00:00+00:00,Peshawar,117.625,125.70833333333333,125.08333333333333
2026-08-06 03:00:00+00:00,Peshawar,117.625,125.70833333333333,125.08333333333333
2026-08-06 04:00:00+00:00,Peshawar,117.625,125.70833333333333,125.08333333333333
2026-08-06 05:00:00+00:00,Peshawar,117.625,125.70833333333333,125.08333333333333
2026-08-06 06:00:00+00:00,Peshawar,117.625,125.70833333333333,125.08333333333333
2026-08-06 07:00:00+00:00,Peshawar,117.625,125.70833333333333,125.08333333333333
2026-08-06 08:00:00+00:00,Peshawar,117.625,125.70833333333333,125.08333333333333
2026-08-06 09:00:00+00:00,Peshawar,117.625,125.70833333333333,125.08333333333333
2026-08-06 10:00:00+00:00,Peshawar,117.625,125.70833333333333,125.08333333333333
2026-08-06 11:00:00+00:00,Peshawar,117.625,125.70833333333333,125.08333333333333
2026-08-06 12:00:00+00:00,Peshawar,117.625,125.70833333333333,125.08333333333333
2026-08-06 13:00:00+00:00,Peshawar,117.625,125.70833333333333,125.08333333333333
2026-08-06 14:00:00+00:00,Peshawar,117.625,125.70833333333333,125.08333333333333
2026-08-06 15:00:00+00:00,Peshawar,117.625,125.70833333333333,125.08333333333333
2026-08-06 16:00:00+00:00,Peshawar,117.625,125.70833333333333,125.08333333333333
2026-08-06 17:00:00+00:00,Peshawar,117.625,125.70833333333333,125.08333333333333
2026-08-06 18:00:00+00:00,Peshawar,117.625,125.70833333333333,125.08333333333333
2026-08-06 19:00:00+00:00,Peshawar,117.625,125.70833333333333,125.08333333333333
2026-08-06 20:00:00+00:00,Peshawar,117.625,125.70833333333333,125.08333333333333
2026-08-06 21:00:00+00:00,Peshawar,117.625,125.70833333333333,125.08333333333333
2026-08-06 22:00:00+00:00,Peshawar,117.625,125.70833333333333,125.08333333333333
2026-08-06 23:00:00+00:00,Peshawar,117.625,125.70833333333333,125.08333333333333
2026-08-07 00:00:00+00:00,Peshawar,125.70833333333333,125.08333333333333,140.66666666666666
2026-08-07 01:00:00+00:00,Peshawar,125.70833333333333,125.08333333333333,140.66666666666666
2026-08-07 02:00:00+00:00,Peshawar,125.70833333333333,125.08333333333333,140.66666666666666
2026-08-07 03:00:00+00:00,Peshawar,125.70833333333333,125.08333333333333,140.66666666666666
2026-08-07 04:00:00+00:00,Peshawar,125.70833333333333,125.08333333333333,140.66666666666666
2026-08-07 05:00:00+00:00,Peshawar,125.70833333333333,125.08333333333333,140.66666666666666
2026-08-07 06:00:00+00:00,Peshawar,125.70833333333333,125.08333333333333,140.66666666666666
2026-08-07 07:00:00+00:00,Peshawar,125.70833333333333,125.08333333333333,140.66666666666666
2026-08-07 08:00:00+00:00,Peshawar,125.70833333333333,125.08333333333333,140.66666666666666
2026-08-07 09:00:00+00:00,Peshawar,125.70833333333333,125.08333333333333,140.66666666666666
2026-08-07 10:00:00+00:00,Peshawar,125.70833333333333,125.08333333333333,140.66666666666666
2026-08-07 11:00:00+00:00,Peshawar,125.70833333333333,125.08333333333333,140.66666666666666
2026-08-07 12:00:00+00:00,Peshawar,125.70833333333333,125.08333333333333,140.66666666666666
2026-08-07 13:00:00+00:00,Peshawar,125.70833333333333,125.08333333333333,140.66666666666666
2026-08-07 14:00:00+00:00,Peshawar,125.70833333333333,125.08333333333333,140.66666666666666
2026-08-07 15:00:00+00:00,Peshawar,125.70833333333333,125.08333333333333,140.66666666666666
2026-08-07 16:00:00+00:00,Peshawar,125.70833333333333,125.08333333333333,140.66666666666666
2026-08-07 17:00:00+00:00,Peshawar,125.70833333333333,125.08333333333333,140.66666666666666
2026-08-07 18:00:00+00:00,Peshawar,125.70833333333333,125.08333333333333,140.66666666666666
2026-08-07 19:00:00+00:00,Peshawar,125.70833333333333,125.08333333333333,140.66666666666666
2026-08-07 20:00:00+00:00,Peshawar,125.70833333333333,125.08333333333333,140.66666666666666
2026-08-07 21:00:00+00:00,Peshawar,125.70833333333333,125.08333333333333,140.66666666666666
2026-08-07 22:00:00+00:00,Peshawar,125.70833333333333,125.08333333333333,140.66666666666666
2026-08-07 23:00:00+00:00,Peshawar,125.70833333333333,125.08333333333333,140.66666666666666
2026-08-08 00:00:00+00:00,Peshawar,125.08333333333333,140.66666666666666,136.08333333333334
2026-08-08 01:00:00+00:00,Peshawar,125.08333333333333,140.66666666666666,136.08333333333334
2026-08-08 02:00:00+00:00,Peshawar,125.08333333333333,140.66666666666666,136.08333333333334
2026-08-08 03:00:00+00:00,Peshawar,125.08333333333333,140.66666666666666,136.08333333333334
2026-08-08 04:00:00+00:00,Peshawar,125.08333333333333,140.66666666666666,136.08333333333334
2026-08-08 05:00:00+00:00,Peshawar,125.08333333333333,140.66666666666666,136.08333333333334
2026-08-08 06:00:00+00:00,Peshawar,125.08333333333333,140.66666666666666,136.08333333333334
2026-08-08 07:00:00+00:00,Peshawar,125.08333333333333,140.66666666666666,136.08333333333334
2026-08-08 08:00:00+00:00,Peshawar,125.08333333333333,140.66666666666666,136.08333333333334
2026-08-08 09:00:00+00:00,Peshawar,125.08333333333333,140.66666666666666,136.08333333333334
2026-08-08 10:00:00+00:00,Peshawar,125.08333333333333,140.66666666666666,136.08333333333334
2026-08-08 11:00:00+00:00,Peshawar,125.08333333333333,140.66666666666666,136.08333333333334
2026-08-08 12:00:00+00:00,Peshawar,125.08333333333333,140.66666666666666,136.08333333333334
2026-08-08 13:00:00+00:00,Peshawar,125.08333333333333,140.66666666666666,136.08333333333334
2026-08-08 14:00:00+00:00,Peshawar,125.08333333333333,140.66666666666666,136.08333333333334
2026-08-08 15:00:00+00:00,Peshawar,125.08333333333333,140.66666666666666,136.08333333333334
2026-08-08 16:00:00+00:00,Peshawar,125.08333333333333,140.66666666666666,136.08333333333334
2026-08-08 17:00:00+00:00,Peshawar,125.08333333333333,140.66666666666666,136.08333333333334
2026-08-08 18:00:00+00:00,Peshawar,125.08333333333333,140.66666666666666,136.08333333333334
2026-08-08 19:00:00+00:00,Peshawar,125.08333333333333,140.66666666666666,136.08333333333334
2026-08-08 20:00:00+00:00,Peshawar,125.08333333333333,140.66666666666666,136.08333333333334
2026-08-08 21:00:00+00:00,Peshawar,125.08333333333333,140.66666666666666,136.08333333333334
2026-08-08 22:00:00+00:00,Peshawar,125.08333333333333,140.66666666666666,136.08333333333334
2026-08-08 23:00:00+00:00,Peshawar,125.08333333333333,140.66666666666666,136.08333333333334
2026-08-09 00:00:00+00:00,Peshawar,140.66666666666666,136.08333333333334,136.91666666666666
2026-08-09 01:00:00+00:00,Peshawar,140.66666666666666,136.08333333333334,136.91666666666666
2026-08-09 02:00:00+00:00,Peshawar,140.66666666666666,136.08333333333334,136.91666666666666
2026-08-09 03:00:00+00:00,Peshawar,140.66666666666666,136.08333333333334,136.91666666666666
2026-08-09 04:00:00+00:00,Peshawar,140.66666666666666,136.08333333333334,136.91666666666666
2026-08-09 05:00:00+00:00,Peshawar,140.66666666666666,136.08333333333334,136.91666666666666
2026-08-09 06:00:00+00:00,Peshawar,140.66666666666666,136.08333333333334,136.91666666666666
2026-08-09 07:00:00+00:00,Peshawar,140.66666666666666,136.08333333333334,136.91666666666666
2026-08-09 08:00:00+00:00,Peshawar,140.66666666666666,136.08333333333334,136.91666666666666
2026-08-09 09:00:00+00:00,Peshawar,140.66666666666666,136.08333333333334,136.91666666666666
2026-08-09 10:00:00+00:00,Peshawar,140.66666666666666,136.08333333333334,136.91666666666666
2026-08-09 11:00:00+00:00,Peshawar,140.66666666666666,136.08333333333334,136.91666666666666
2026-08-09 12:00:00+00:00,Peshawar,140.66666666666666,136.08333333333334,136.91666666666666
2026-08-09 13:00:00+00:00,Peshawar,140.66666666666666,136.08333333333334,136.91666666666666
2026-08-09 14:00:00+00:00,Peshawar,140.66666666666666,136.08333333333334,136.91666666666666
2026-08-09 15:00:00+00:00,Peshawar,140.66666666666666,136.08333333333334,136.91666666666666
2026-08-09 16:00:00+00:00,Peshawar,140.66666666666666,136.08333333333334,136.91666666666666
2026-08-09 17:00:00+00:00,Peshawar,140.66666666666666,136.08333333333334,136.91666666666666
2026-08-09 18:00:00+00:00,Peshawar,140.66666666666666,136.08333333333334,136.91666666666666
2026-08-09 19:00:00+00:00,Peshawar,140.66666666666666,136.08333333333334,136.91666666666666
2026-08-09 20:00:00+00:00,Peshawar,140.66666666666666,136.08333333333334,136.91666666666666
2026-08-09 21:00:00+00:00,Peshawar,140.66666666666666,136.08333333333334,136.91666666666666
2026-08-09 22:00:00+00:00,Peshawar,140.66666666666666,136.08333333333334,136.91666666666666
2026-08-09 23:00:00+00:00,Peshawar,140.66666666666666,136.08333333333334,136.91666666666666
2026-08-10 00:00:00+00:00,Peshawar,136.08333333333334,136.91666666666666,142.875
2026-08-10 01:00:00+00:00,Peshawar,136.08333333333334,136.91666666666666,142.875
2026-08-10 02:00:00+00:00,Peshawar,136.08333333333334,136.91666666666666,142.875
2026-08-10 03:00:00+00:00,Peshawar,136.08333333333334,136.91666666666666,142.875
2026-08-10 04:00:00+00:00,Peshawar,136.08333333333334,136.91666666666666,142.875
2026-08-10 05:00:00+00:00,Peshawar,136.08333333333334,136.91666666666666,142.875
2026-08-10 06:00:00+00:00,Peshawar,136.08333333333334,136.91666666666666,142.875
2026-08-10 07:00:00+00:00,Peshawar,136.08333333333334,136.91666666666666,142.875
2026-08-10 08:00:00+00:00,Peshawar,136.08333333333334,136.91666666666666,142.875
2026-08-10 09:00:00+00:00,Peshawar,136.08333333333334,136.91666666666666,142.875
2026-08-10 10:00:00+00:00,Peshawar,136.08333333333334,136.91666666666666,142.875
2026-08-10 11:00:00+00:00,Peshawar,136.08333333333334,136.91666666666666,142.875
2026-08-10 12:00:00+00:00,Peshawar,136.08333333333334,136.91666666666666,142.875
2026-08-10 13:00:00+00:00,Peshawar,136.08333333333334,136.91666666666666,142.875
2026-08-10 14:00:00+00:00,Peshawar,136.08333333333334,136.91666666666666,142.875
2026-08-10 15:00:00+00:00,Peshawar,136.08333333333334,136.91666666666666,142.875
2026-08-10 16:00:00+00:00,Peshawar,136.08333333333334,136.91666666666666,142.875
2026-08-10 17:00:00+00:00,Peshawar,136.08333333333334,136.91666666666666,142.875
2026-08-10 18:00:00+00:00,Peshawar,136.08333333333334,136.91666666666666,142.875
2026-08-10 19:00:00+00:00,Peshawar,136.08333333333334,136.91666666666666,142.875
2026-08-10 20:00:00+00:00,Peshawar,136.08333333333334,136.91666666666666,142.875
2026-08-10 21:00:00+00:00,Peshawar,136.08333333333334,136.91666666666666,142.875
2026-08-10 22:00:00+00:00,Peshawar,136.08333333333334,136.91666666666666,142.875
2026-08-10 23:00:00+00:00,Peshawar,136.08333333333334,136.91666666666666,142.875
2026-08-11 00:00:00+00:00,Peshawar,136.91666666666666,142.875,146.125
2026-08-11 01:00:00+00:00,Peshawar,136.91666666666666,142.875,146.125
2026-08-11 02:00:00+00:00,Peshawar,136.91666666666666,142.875,146.125
2026-08-11 03:00:00+00:00,Peshawar,136.91666666666666,142.875,146.125
2026-08-11 04:00:00+00:00,Peshawar,136.91666666666666,142.875,146.125
2026-08-11 05:00:00+00:00,Peshawar,136.91666666666666,142.875,146.125
2026-08-11 06:00:00+00:00,Peshawar,136.91666666666666,142.875,146.125
2026-08-11 07:00:00+00:00,Peshawar,136.91666666666666,142.875,146.125
2026-08-11 08:00:00+00:00,Peshawar,136.91666666666666,142.875,146.125
2026-08-11 09:00:00+00:00,Peshawar,136.91666666666666,142.875,146.125
2026-08-11 10:00:00+00:00,Peshawar,136.91666666666666,142.875,146.125
2026-08-11 11:00:00+00:00,Peshawar,136.91666666666666,142.875,146.125
2026-08-11 12:00:00+00:00,Peshawar,136.91666666666666,142.875,146.125
2026-08-11 13:00:00+00:00,Peshawar,136.91666666666666,142.875,146.125
2026-08-11 14:00:00+00:00,Peshawar,136.91666666666666,142.875,146.125
2026-08-11 15:00:00+00:00,Peshawar,136.91666666666666,142.875,146.125
2026-08-11 16:00:00+00:00,Peshawar,136.91666666666666,142.875,146.125
2026-08-11 17:00:00+00:00,Peshawar,136.91666666666666,142.875,146.125
2026-08-11 18:00:00+00:00,Peshawar,136.91666666666666,142.875,146.125
2026-08-11 19:00:00+00:00,Peshawar,136.91666666666666,142.875,146.125
2026-08-11 20:00:00+00:00,Peshawar,136.91666666666666,142.875,146.125
2026-08-11 21:00:00+00:00,Peshawar,136.91666666666666,142.875,146.125
2026-08-11 22:00:00+00:00,Peshawar,136.91666666666666,142.875,146.125
2026-08-11 23:00:00+00:00,Peshawar,136.91666666666666,142.875,146.125
2026-08-12 00:00:00+00:00,Peshawar,142.875,146.125,129.20833333333334
2026-08-12 01:00:00+00:00,Peshawar,142.875,146.125,129.20833333333334
2026-08-12 02:00:00+00:00,Peshawar,142.875,146.125,129.20833333333334
2026-08-12 03:00:00+00:00,Peshawar,142.875,146.125,129.20833333333334
2026-08-12 04:00:00+00:00,Peshawar,142.875,146.125,129.20833333333334
2026-08-12 05:00:00+00:00,Peshawar,142.875,146.125,129.20833333333334
2026-08-12 06:00:00+00:00,Peshawar,142.875,146.125,129.20833333333334
2026-08-12 07:00:00+00:00,Peshawar,142.875,146.125,129.20833333333334
2026-08-12 08:00:00+00:00,Peshawar,142.875,146.125,129.20833333333334
2026-08-12 09:00:00+00:00,Peshawar,142.875,146.125,129.20833333333334
2026-08-12 10:00:00+00:00,Peshawar,142.875,146.125,129.20833333333334
2026-08-12 11:00:00+00:00,Peshawar,142.875,146.125,129.20833333333334
2026-08-12 12:00:00+00:00,Peshawar,142.875,146.125,129.20833333333334
2026-08-12 13:00:00+00:00,Peshawar,142.875,146.125,129.20833333333334
2026-08-12 14:00:00+00:00,Peshawar,142.875,146.125,129.20833333333334
2026-08-12 15:00:00+00:00,Peshawar,142.875,146.125,129.20833333333334
2026-08-12 16:00:00+00:00,Peshawar,142.875,146.125,129.20833333333334
2026-08-12 17:00:00+00:00,Peshawar,142.875,146.125,129.20833333333334
2026-08-12 18:00:00+00:00,Peshawar,142.875,146.125,129.20833333333334
2026-08-12 19:00:00+00:00,Peshawar,142.875,146.125,129.20833333333334
2026-08-12 20:00:00+00:00,Peshawar,142.875,146.125,129.20833333333334
2026-08-12 21:00:00+00:00,Peshawar,142.875,146.125,129.20833333333334
2026-08-12 22:00:00+00:00,Peshawar,142.875,146.125,129.20833333333334
2026-08-12 23:00:00+00:00,Peshawar,142.875,146.125,129.20833333333334
2026-08-13 00:00:00+00:00,Peshawar,146.125,129.20833333333334,141.45833333333334
2026-08-13 01:00:00+00:00,Peshawar,146.125,129.20833333333334,141.45833333333334
2026-08-13 02:00:00+00:00,Peshawar,146.125,129.20833333333334,141.45833333333334
2026-08-13 03:00:00+00:00,Peshawar,146.125,129.20833333333334,141.45833333333334
2026-08-13 04:00:00+00:00,Peshawar,146.125,129.20833333333334,141.45833333333334
2026-08-13 05:00:00+00:00,Peshawar,146.125,129.20833333333334,141.45833333333334
2026-08-13 06:00:00+00:00,Peshawar,146.125,129.20833333333334,141.45833333333334
2026-08-13 07:00:00+00:00,Peshawar,146.125,129.20833333333334,141.45833333333334
2026-08-13 08:00:00+00:00,Peshawar,146.125,129.20833333333334,141.45833333333334
2026-08-13 09:00:00+00:00,Peshawar,146.125,129.20833333333334,141.45833333333334
2026-08-13 10:00:00+00:00,Peshawar,146.125,129.20833333333334,141.45833333333334
2026-08-13 11:00:00+00:00,Peshawar,146.125,129.20833333333334,141.45833333333334
2026-08-13 12:00:00+00:00,Peshawar,146.125,129.20833333333334,141.45833333333334
2026-08-13 13:00:00+00:00,Peshawar,146.125,129.20833333333334,141.45833333333334
2026-08-13 14:00:00+00:00,Peshawar,146.125,129.20833333333334,141.45833333333334
2026-08-13 15:00:00+00:00,Peshawar,146.125,129.20833333333334,141.45833333333334
2026-08-13 16:00:00+00:00,Peshawar,146.125,129.20833333333334,141.45833333333334
2026-08-13 17:00:00+00:00,Peshawar,146.125,129.20833333333334,141.45833333333334
2026-08-13 18:00:00+00:00,Peshawar,146.125,129.20833333333334,141.45833333333334
2026-08-13 19:00:00+00:00,Peshawar,146.125,129.20833333333334,141.45833333333334
2026-08-13 20:00:00+00:00,Peshawar,146.125,129.20833333333334,141.45833333333334
2026-08-13 21:00:00+00:00,Peshawar,146.125,129.20833333333334,141.45833333333334
2026-08-13 22:00:00+00:00,Peshawar,146.125,129.20833333333334,141.45833333333334
2026-08-13 23:00:00+00:00,Peshawar,146.125,129.20833333333334,141.45833333333334
2026-08-14 00:00:00+00:00,Peshawar,129.20833333333334,141.45833333333334,123.75
2026-08-14 01:00:00+00:00,Peshawar,129.20833333333334,141.45833333333334,123.75
2026-08-14 02:00:00+00:00,Peshawar,129.20833333333334,141.45833333333334,123.75
2026-08-14 03:00:00+00:00,Peshawar,129.20833333333334,141.45833333333334,123.75
2026-08-14 04:00:00+00:00,Peshawar,129.20833333333334,141.45833333333334,123.75
2026-08-14 05:00:00+00:00,Peshawar,129.20833333333334,141.45833333333334,123.75
2026-08-14 06:00:00+00:00,Peshawar,129.20833333333334,141.45833333333334,123.75
2026-08-14 07:00:00+00:00,Peshawar,129.20833333333334,141.45833333333334,123.75
2026-08-14 08:00:00+00:00,Peshawar,129.20833333333334,141.45833333333334,123.75
2026-08-14 09:00:00+00:00,Peshawar,129.20833333333334,141.45833333333334,123.75
2026-08-14 10:00:00+00:00,Peshawar,129.20833333333334,141.45833333333334,123.75
2026-08-14 11:00:00+00:00,Peshawar,129.20833333333334,141.45833333333334,123.75
2026-08-14 12:00:00+00:00,Peshawar,129.20833333333334,141.45833333333334,123.75
2026-08-14 13:00:00+00:00,Peshawar,129.20833333333334,141.45833333333334,123.75
2026-08-14 14:00:00+00:00,Peshawar,129.20833333333334,141.45833333333334,123.75
2026-08-14 15:00:00+00:00,Peshawar,129.20833333333334,141.45833333333334,123.75
2026-08-14 16:00:00+00:00,Peshawar,129.20833333333334,141.45833333333334,123.75
2026-08-14 17:00:00+00:00,Peshawar,129.20833333333334,141.45833333333334,123.75
2026-08-14 18:00:00+00:00,Peshawar,129.20833333333334,141.45833333333334,123.75
2026-08-14 19:00:00+00:00,Peshawar,129.20833333333334,141.45833333333334,123.75
2026-08-14 20:00:00+00:00,Peshawar,129.20833333333334,141.45833333333334,123.75
2026-08-14 21:00:00+00:00,Peshawar,129.20833333333334,141.45833333333334,123.75
2026-08-14 22:00:00+00:00,Peshawar,129.20833333333334,141.45833333333334,123.75
2026-08-14 23:00:00+00:00,Peshawar,129.20833333333334,141.45833333333334,123.75
2026-08-15 00:00:00+00:00,Peshawar,141.45833333333334,123.75,131.79166666666666
2026-08-15 01:00:00+00:00,Peshawar,141.45833333333334,123.75,131.79166666666666
2026-08-15 02:00:00+00:00,Peshawar,141.45833333333334,123.75,131.79166666666666
2026-08-15 03:00:00+00:00,Peshawar,141.45833333333334,123.75,131.79166666666666
2026-08-15 04:00:00+00:00,Peshawar,141.45833333333334,123.75,131.79166666666666
2026-08-15 05:00:00+00:00,Peshawar,141.45833333333334,123.75,131.79166666666666
2026-08-15 06:00:00+00:00,Peshawar,141.45833333333334,123.75,131.79166666666666
2026-08-15 07:00:00+00:00,Peshawar,141.45833333333334,123.75,131.79166666666666
2026-08-15 08:00:00+00:00,Peshawar,141.45833333333334,123.75,131.79166666666666
2026-08-15 09:00:00+00:00,Peshawar,141.45833333333334,123.75,131.79166666666666
2026-08-15 10:00:00+00:00,Peshawar,141.45833333333334,123.75,131.79166666666666
2026-08-15 11:00:00+00:00,Peshawar,141.45833333333334,123.75,131.79166666666666
2026-08-15 12:00:00+00:00,Peshawar,141.45833333333334,123.75,131.79166666666666
2026-08-15 13:00:00+00:00,Peshawar,141.45833333333334,123.75,131.79166666666666
2026-08-15 14:00:00+00:00,Peshawar,141.45833333333334,123.75,131.79166666666666
2026-08-15 15:00:00+00:00,Peshawar,141.45833333333334,123.75,131.79166666666666
2026-08-15 16:00:00+00:00,Peshawar,141.45833333333334,123.75,131.79166666666666
2026-08-15 17:00:00+00:00,Peshawar,141.45833333333334,123.75,131.79166666666666
2026-08-15 18:00:00+00:00,Peshawar,141.45833333333334,123.75,131.79166666666666
2026-08-15 19:00:00+00:00,Peshawar,141.45833333333334,123.75,131.79166666666666
2026-08-15 20:00:00+00:00,Peshawar,141.45833333333334,123.75,131.79166666666666
2026-08-15 21:00:00+00:00,Peshawar,141.45833333333334,123.75,131.79166666666666
2026-08-15 22:00:00+00:00,Peshawar,141.45833333333334,123.75,131.79166666666666
2026-08-15 23:00:00+00:00,Peshawar,141.45833333333334,123.75,131.79166666666666
2026-08-16 00:00:00+00:00,Peshawar,123.75,131.79166666666666,153.45833333333334
2026-08-16 01:00:00+00:00,Peshawar,123.75,131.79166666666666,153.45833333333334
2026-08-16 02:00:00+00:00,Peshawar,123.75,131.79166666666666,153.45833333333334
2026-08-16 03:00:00+00:00,Peshawar,123.75,131.79166666666666,153.45833333333334
2026-08-16 04:00:00+00:00,Peshawar,123.75,131.79166666666666,153.45833333333334
2026-08-16 05:00:00+00:00,Peshawar,123.75,131.79166666666666,153.45833333333334
2026-08-16 06:00:00+00:00,Peshawar,123.75,131.79166666666666,153.45833333333334
2026-08-16 07:00:00+00:00,Peshawar,123.75,131.79166666666666,153.45833333333334
2026-08-16 08:00:00+00:00,Peshawar,123.75,131.79166666666666,153.45833333333334
2026-08-16 09:00:00+00:00,Peshawar,123.75,131.79166666666666,153.45833333333334
2026-08-16 10:00:00+00:00,Peshawar,123.75,131.79166666666666,153.45833333333334
2026-08-16 11:00:00+00:00,Peshawar,123.75,131.79166666666666,153.45833333333334
2026-08-16 12:00:00+00:00,Peshawar,123.75,131.79166666666666,153.45833333333334
2026-08-16 13:00:00+00:00,Peshawar,123.75,131.79166666666666,153.45833333333334
2026-08-16 14:00:00+00:00,Peshawar,123.75,131.79166666666666,153.45833333333334
2026-08-16 15:00:00+00:00,Peshawar,123.75,131.79166666666666,153.45833333333334
2026-08-16 16:00:00+00:00,Peshawar,123.75,131.79166666666666,153.45833333333334
2026-08-16 17:00:00+00:00,Peshawar,123.75,131.79166666666666,153.45833333333334
2026-08-16 18:00:00+00:00,Peshawar,123.75,131.79166666666666,153.45833333333334
2026-08-16 19:00:00+00:00,Peshawar,123.75,131.79166666666666,153.45833333333334
2026-08-16 20:00:00+00:00,Peshawar,123.75,131.79166666666666,153.45833333333334
2026-08-16 21:00:00+00:00,Peshawar,123.75,131.79166666666666,153.45833333333334
2026-08-16 22:00:00+00:00,Peshawar,123.75,131.79166666666666,153.45833333333334
2026-08-16 23:00:00+00:00,Peshawar,123.75,131.79166666666666,153.45833333333334
2026-08-17 00:00:00+00:00,Peshawar,131.79166666666666,153.45833333333334,
2026-08-17 01:00:00+00:00,Peshawar,131.79166666666666,153.45833333333334,
2026-08-17 02:00:00+00:00,Peshawar,131.79166666666666,153.45833333333334,
2026-08-17 03:00:00+00:00,Peshawar,131.79166666666666,153.45833333333334,
2026-08-17 04:00:00+00:00,Peshawar,131.79166666666666,153.45833333333334,
2026-08-17 05:00:00+00:00,Peshawar,131.79166666666666,153.45833333333334,
2026-08-17 06:00:00+00:00,Peshawar,131.79166666666666,153.45833333333334,
2026-08-17 07:00:00+00:00,Peshawar,131.79166666666666,153.45833333333334,
2026-08-17 08:00:00+00:00,Peshawar,131.79166666666666,153.45833333333334,
2026-08-17 09:00:00+00:00,Peshawar,131.79166666666666,153.45833333333334,
2026-08-17 10:00:00+00:00,Peshawar,131.79166666666666,153.45833333333334,
2026-08-17 11:00:00+00:00,Peshawar,131.79166666666666,153.45833333333334,
2026-08-17 12:00:00+00:00,Peshawar,131.79166666666666,153.45833333333334,
2026-08-17 13:00:00+00:00,Peshawar,131.79166666666666,153.45833333333334,
2026-08-17 14:00:00+00:00,Peshawar,131.79166666666666,153.45833333333334,
2026-08-17 15:00:00+00:00,Peshawar,131.79166666666666,153.45833333333334,
2026-08-17 16:00:00+00:00,Peshawar,131.79166666666666,153.45833333333334,
2026-08-17 17:00:00+00:00,Peshawar,131.79166666666666,153.45833333333334,
2026-08-17 18:00:00+00:00,Peshawar,131.79166666666666,153.45833333333334,
2026-08-17 19:00:00+00:00,Peshawar,131.79166666666666,153.45833333333334,
2026-08-17 20:00:00+00:00,Peshawar,131.79166666666666,153.45833333333334,
2026-08-17 21:00:00+00:00,Peshawar,131.79166666666666,153.45833333333334,
2026-08-17 22:00:00+00:00,Peshawar,131.79166666666666,153.45833333333334,
2026-08-17 23:00:00+00:00,Peshawar,131.79166666666666,153.45833333333334,
2026-08-18 00:00:00+00:00,Peshawar,153.45833333333334,,
2026-08-18 01:00:00+00:00,Peshawar,153.45833333333334,,
2026-08-18 02:00:00+00:00,Peshawar,153.45833333333334,,
2026-08-18 03:00:00+00:00,Peshawar,153.45833333333334,,
2026-08-18 04:00:00+00:00,Peshawar,153.45833333333334,,
2026-08-18 05:00:00+00:00,Peshawar,153.45833333333334,,
2026-08-18 06:00:00+00:00,Peshawar,153.45833333333334,,
2026-08-18 07:00:00+00:00,Peshawar,153.45833333333334,,
2026-08-18 08:00:00+00:00,Peshawar,153.45833333333334,,
2026-08-18 09:00:00+00:00,Peshawar,153.45833333333334,,
2026-08-18 10:00:00+00:00,Peshawar,153.45833333333334,,
2026-08-18 11:00:00+00:00,Peshawar,153.45833333333334,,
2026-08-18 12:00:00+00:00,Peshawar,153.45833333333334,,
2026-08-18 13:00:00+00:00,Peshawar,153.45833333333334,,
2026-08-18 14:00:00+00:00,Peshawar,153.45833333333334,,
2026-08-18 15:00:00+00:00,Peshawar,153.45833333333334,,
2026-08-18 16:00:00+00:00,Peshawar,153.45833333333334,,
2026-08-18 17:00:00+00:00,Peshawar,153.45833333333334,,
2026-08-18 18:00:00+00:00,Peshawar,153.45833333333334,,
2026-08-18 19:00:00+00:00,Peshawar,153.45833333333334,,
2026-08-18 20:00:00+00:00,Peshawar,153.45833333333334,,
2026-08-18 21:00:00+00:00,Peshawar,153.45833333333334,,
2026-08-18 22:00:00+00:00,Peshawar,153.45833333333334,,
2026-08-18 23:00:00+00:00,Peshawar,153.45833333333334,,
2026-08-19 00:00:00+00:00,Peshawar,,,
2026-08-19 01:00:00+00:00,Peshawar,,,
2026-08-19 02:00:00+00:00,Peshawar,,,
2026-08-19 03:00:00+00:00,Peshawar,,,
2026-08-19 04:00:00+00:00,Peshawar,,,
2026-08-19 05:00:00+00:00,Peshawar,,,
2026-08-19 06:00:00+00:00,Peshawar,,,
2026-08-19 07:00:00+00:00,Peshawar,,,
2026-08-19 08:00:00+00:00,Peshawar,,,
2026-08-19 09:00:00+00:00,Peshawar,,,
2026-08-19 10:00:00+00:00,Peshawar,,,
2026-08-19 11:00:00+00:00,Peshawar,,,
2026-08-19 12:00:00+00:00,Peshawar,,,
2026-08-19 13:00:00+00:00,Peshawar,,,
2026-08-19 14:00:00+00:00,Peshawar,,,
2026-08-19 15:00:00+00:00,Peshawar,,,
2026-08-19 16:00:00+00:00,Peshawar,,,
2026-08-19 17:00:00+00:00,Peshawar,,,
2026-08-19 18:00:00+00:00,Peshawar,,,
2026-08-19 19:00:00+00:00,Peshawar,,,
2026-08-19 20:00:00+00:00,Peshawar,,,
2026-08-19 21:00:00+00:00,Peshawar,,,
2026-08-19 22:00:00+00:00,Peshawar,,,
2026-08-19 23:00:00+00:00,Peshawar,,,
