timestamp,city,temp,humidity,pressure,wind_speed,pm25,pm10,co,no2,so2,o3,aqi
2026-05-21 00:00:00+00:00,Islamabad,22.8,67,1005.0,2.33,21.6,41.1,284.0,9.7,4.5,84.0,82
2026-05-21 01:00:00+00:00,Islamabad,23.7,64,1005.2,0.81,19.5,36.7,639.0,14.9,4.4,81.0,83
2026-05-21 02:00:00+00:00,Islamabad,24.8,61,1006.4,1.68,22.8,57.5,1115.0,21.8,4.4,79.0,83
2026-05-21 03:00:00+00:00,Islamabad,25.1,64,1006.7,1.08,25.6,62.9,1364.0,25.0,4.6,80.0,83
2026-05-21 04:00:00+00:00,Islamabad,26.8,50,1006.6,1.17,25.2,60.3,1161.0,20.7,5.3,90.0,83
2026-05-21 05:00:00+00:00,Islamabad,30.3,38,1006.5,0.65,23.2,62.9,731.0,12.7,6.2,104.0,83
2026-05-21 06:00:00+00:00,Islamabad,32.0,31,1006.6,1.1,22.4,64.7,404.0,6.4,6.8,116.0,84
2026-05-21 07:00:00+00:00,Islamabad,32.7,31,1006.1,1.45,23.7,82.4,319.0,4.0,6.6,122.0,84
2026-05-21 08:00:00+00:00,Islamabad,32.4,32,1005.9,1.83,25.6,104.1,337.0,3.2,6.0,125.0,84
2026-05-21 09:00:00+00:00,Islamabad,33.0,33,1004.8,1.2,28.6,122.9,373.0,3.5,5.9,127.0,85
2026-05-21 10:00:00+00:00,Islamabad,32.0,33,1004.0,0.76,30.9,130.9,376.0,3.5,6.8,131.0,85
2026-05-21 11:00:00+00:00,Islamabad,32.8,31,1003.7,0.93,32.6,129.5,398.0,4.5,8.1,134.0,86
2026-05-21 12:00:00+00:00,Islamabad,32.7,34,1002.6,2.1,33.9,128.5,506.0,12.7,11.5,125.0,87
2026-05-21 13:00:00+00:00,Islamabad,31.2,46,1003.5,1.05,34.3,130.9,790.0,41.3,12.5,88.0,88
2026-05-21 14:00:00+00:00,Islamabad,28.4,47,1004.3,3.75,42.6,135.5,1161.0,79.8,13.8,38.0,89
2026-05-21 15:00:00+00:00,Islamabad,27.0,49,1004.6,1.93,56.7,152.7,1415.0,101.0,14.2,7.0,90
2026-05-21 16:00:00+00:00,Islamabad,25.6,53,1006.3,3.05,42.0,110.1,1478.0,88.0,12.7,15.0,92
2026-05-21 17:00:00+00:00,Islamabad,20.2,90,1008.5,4.98,34.0,79.4,1426.0,57.8,10.3,43.0,93
2026-05-21 18:00:00+00:00,Islamabad,21.8,86,1008.8,3.17,37.8,90.6,1281.0,34.1,8.3,63.0,91
2026-05-21 19:00:00+00:00,Islamabad,22.0,82,1008.4,2.72,36.0,68.2,982.0,26.9,7.3,65.0,90
2026-05-21 20:00:00+00:00,Islamabad,21.7,86,1007.6,3.42,34.0,58.1,591.0,26.3,6.8,59.0,90
2026-05-21 21:00:00+00:00,Islamabad,23.3,66,1006.1,4.35,33.5,79.9,318.0,25.8,6.3,54.0,90
2026-05-21 22:00:00+00:00,Islamabad,24.1,56,1005.3,1.87,31.0,67.5,268.0,23.0,5.6,50.0,90
2026-05-21 23:00:00+00:00,Islamabad,22.0,66,1005.9,1.15,27.6,57.0,335.0,20.3,4.9,47.0,91
2026-05-22 00:00:00+00:00,Islamabad,23.0,68,1006.3,0.27,19.3,49.5,420.0,14.6,3.8,59.0,92
2026-05-22 01:00:00+00:00,Islamabad,23.1,66,1006.7,0.92,18.1,40.2,514.0,15.8,4.4,65.0,91
2026-05-22 02:00:00+00:00,Islamabad,25.0,59,1007.4,1.7,19.2,49.6,624.0,17.4,5.3,75.0,91
2026-05-22 03:00:00+00:00,Islamabad,27.0,50,1007.9,1.42,21.3,72.9,673.0,17.2,6.3,87.0,91
2026-05-22 04:00:00+00:00,Islamabad,29.1,44,1007.9,1.87,21.6,79.4,604.0,13.6,7.7,103.0,91
2026-05-22 05:00:00+00:00,Islamabad,30.4,41,1008.2,2.18,22.3,82.2,474.0,8.4,9.2,122.0,90
2026-05-22 06:00:00+00:00,Islamabad,32.1,28,1008.2,1.26,23.6,82.0,375.0,4.4,10.0,136.0,90
2026-05-22 07:00:00+00:00,Islamabad,32.8,28,1007.6,1.68,24.8,83.4,341.0,3.0,9.5,143.0,90
2026-05-22 08:00:00+00:00,Islamabad,33.3,26,1007.1,2.2,27.2,91.0,338.0,2.9,8.3,146.0,91
2026-05-22 09:00:00+00:00,Islamabad,33.1,27,1006.4,1.56,28.4,94.1,358.0,3.4,7.4,147.0,91
2026-05-22 10:00:00+00:00,Islamabad,33.4,27,1005.8,0.7,30.2,100.8,396.0,4.2,7.4,146.0,91
2026-05-22 11:00:00+00:00,Islamabad,33.1,28,1005.2,1.29,31.4,106.6,457.0,5.7,7.8,143.0,91
2026-05-22 12:00:00+00:00,Islamabad,32.9,25,1004.8,2.34,27.4,91.3,546.0,7.2,7.3,139.0,98
2026-05-22 13:00:00+00:00,Islamabad,30.5,37,1005.1,2.63,29.0,94.3,687.0,38.0,9.2,101.0,105
2026-05-22 14:00:00+00:00,Islamabad,27.6,44,1005.8,3.19,41.1,100.1,855.0,80.1,11.8,49.0,101
2026-05-22 15:00:00+00:00,Islamabad,26.4,46,1006.0,2.77,55.4,115.0,984.0,108.7,13.2,11.0,89
2026-05-22 16:00:00+00:00,Islamabad,25.5,51,1006.4,1.81,60.3,109.4,1069.0,112.4,12.6,0.0,89
2026-05-22 17:00:00+00:00,Islamabad,24.8,55,1006.6,1.3,50.8,84.3,1115.0,102.5,10.8,2.0,91
2026-05-22 18:00:00+00:00,Islamabad,25.2,56,1006.3,1.35,44.7,72.4,1068.0,88.4,9.0,10.0,92
2026-05-22 19:00:00+00:00,Islamabad,25.0,51,1006.2,0.92,38.5,63.3,847.0,70.3,7.5,22.0,93
2026-05-22 20:00:00+00:00,Islamabad,26.1,47,1006.1,0.25,32.1,55.2,533.0,48.0,5.9,40.0,93
2026-05-22 21:00:00+00:00,Islamabad,26.8,44,1005.6,0.21,26.5,48.2,320.0,29.6,4.7,56.0,93
2026-05-22 22:00:00+00:00,Islamabad,25.7,46,1005.5,0.43,22.4,42.3,304.0,18.1,3.9,69.0,92
2026-05-22 23:00:00+00:00,Islamabad,24.4,46,1006.1,2.75,19.2,40.7,389.0,10.6,3.5,79.0,91
2026-05-23 00:00:00+00:00,Islamabad,23.1,55,1006.5,1.84,16.4,34.7,482.0,7.3,3.5,83.0,91
2026-05-23 01:00:00+00:00,Islamabad,23.7,54,1007.0,2.02,15.9,29.2,572.0,10.6,3.5,84.0,91
2026-05-23 02:00:00+00:00,Islamabad,26.2,48,1006.9,2.34,17.5,35.9,669.0,14.9,3.7,86.0,90
2026-05-23 03:00:00+00:00,Islamabad,28.9,40,1007.4,0.65,19.8,45.1,709.0,16.7,4.3,93.0,90
2026-05-23 04:00:00+00:00,Islamabad,29.9,36,1008.4,1.99,21.7,57.7,643.0,13.6,5.9,110.0,90
2026-05-23 05:00:00+00:00,Islamabad,31.1,32,1008.4,1.21,22.6,66.4,519.0,7.9,8.0,132.0,90
2026-05-23 06:00:00+00:00,Islamabad,32.6,26,1008.0,1.61,25.7,76.1,420.0,3.7,9.4,149.0,90
2026-05-23 07:00:00+00:00,Islamabad,33.2,26,1007.5,0.47,26.4,77.8,378.0,2.5,9.5,157.0,90
2026-05-23 08:00:00+00:00,Islamabad,33.4,27,1007.0,2.2,26.1,74.5,361.0,2.7,8.8,161.0,90
2026-05-23 09:00:00+00:00,Islamabad,29.9,40,1008.1,3.05,25.8,71.7,355.0,3.4,8.1,161.0,90
2026-05-23 10:00:00+00:00,Islamabad,32.0,31,1006.9,1.2,25.7,69.8,323.0,3.0,7.3,160.0,90
2026-05-23 11:00:00+00:00,Islamabad,32.6,29,1006.1,0.35,23.9,63.8,302.0,3.1,6.4,155.0,105
2026-05-23 12:00:00+00:00,Islamabad,33.2,26,1005.1,2.19,14.0,34.2,387.0,6.8,5.5,142.0,119
2026-05-23 13:00:00+00:00,Islamabad,31.0,36,1005.4,1.95,13.6,30.9,682.0,17.9,5.8,120.0,125
2026-05-23 14:00:00+00:00,Islamabad,28.2,45,1005.4,1.3,16.5,29.8,1084.0,33.4,6.1,89.0,123
2026-05-23 15:00:00+00:00,Islamabad,26.3,51,1005.6,1.55,21.9,34.2,1372.0,46.0,6.3,62.0,110
2026-05-23 16:00:00+00:00,Islamabad,26.0,47,1006.0,1.71,23.7,34.7,1476.0,53.2,6.3,45.0,90
2026-05-23 17:00:00+00:00,Islamabad,24.9,51,1006.3,1.6,24.9,34.5,1466.0,57.5,6.1,32.0,80
2026-05-23 18:00:00+00:00,Islamabad,25.2,67,1006.2,1.12,26.0,33.8,1340.0,58.8,5.8,24.0,77
2026-05-23 19:00:00+00:00,Islamabad,24.3,68,1005.7,1.19,24.9,32.4,1018.0,56.7,5.4,21.0,76
2026-05-23 20:00:00+00:00,Islamabad,24.0,64,1005.2,1.57,23.8,30.9,580.0,51.7,4.9,21.0,75
2026-05-23 21:00:00+00:00,Islamabad,23.5,61,1005.0,1.05,22.1,28.5,256.0,45.4,4.5,25.0,74
2026-05-23 22:00:00+00:00,Islamabad,23.1,61,1004.9,0.49,19.0,24.4,148.0,37.3,4.1,31.0,74
2026-05-23 23:00:00+00:00,Islamabad,22.8,58,1004.5,0.45,15.6,20.4,154.0,28.0,3.7,40.0,74
2026-05-24 00:00:00+00:00,Islamabad,23.7,53,1004.6,1.1,15.4,24.9,202.0,18.2,3.5,57.0,73
2026-05-24 01:00:00+00:00,Islamabad,25.3,46,1004.5,2.5,14.8,24.8,305.0,17.0,4.0,68.0,73
2026-05-24 02:00:00+00:00,Islamabad,28.0,46,1005.4,0.4,15.3,25.4,451.0,15.2,4.8,83.0,73
2026-05-24 03:00:00+00:00,Islamabad,29.8,36,1006.1,0.21,17.3,46.9,530.0,12.9,5.7,98.0,73
2026-05-24 04:00:00+00:00,Islamabad,30.9,34,1006.2,0.79,21.3,68.0,477.0,9.8,7.1,112.0,73
2026-05-24 05:00:00+00:00,Islamabad,32.3,31,1006.3,1.38,20.9,64.0,357.0,6.2,8.6,126.0,73
2026-05-24 06:00:00+00:00,Islamabad,30.3,42,1008.3,2.67,21.9,67.5,263.0,3.6,9.5,137.0,73
2026-05-24 07:00:00+00:00,Islamabad,32.5,33,1007.1,2.14,23.3,73.8,229.0,2.5,9.2,145.0,72
2026-05-24 08:00:00+00:00,Islamabad,33.4,30,1006.2,1.74,23.2,68.9,221.0,2.4,8.3,151.0,72
2026-05-24 09:00:00+00:00,Islamabad,33.6,30,1005.2,1.69,22.8,63.6,225.0,2.6,7.5,154.0,72
2026-05-24 10:00:00+00:00,Islamabad,33.4,29,1004.6,1.2,22.7,61.2,225.0,2.3,7.1,154.0,81
2026-05-24 11:00:00+00:00,Islamabad,33.4,29,1004.0,0.74,22.6,59.3,238.0,2.3,6.9,152.0,96
2026-05-24 12:00:00+00:00,Islamabad,33.3,28,1003.7,1.74,29.2,80.1,298.0,5.1,8.7,148.0,107
2026-05-24 13:00:00+00:00,Islamabad,31.3,46,1003.8,0.91,26.8,69.4,446.0,16.1,9.0,126.0,115
2026-05-24 14:00:00+00:00,Islamabad,28.6,53,1003.9,0.9,28.0,60.5,641.0,31.7,9.4,94.0,115
2026-05-24 15:00:00+00:00,Islamabad,27.0,53,1004.4,1.35,35.6,67.3,794.0,45.5,9.5,66.0,106
2026-05-24 16:00:00+00:00,Islamabad,26.0,53,1004.7,1.12,43.2,72.6,889.0,57.2,9.3,42.0,89
2026-05-24 17:00:00+00:00,Islamabad,25.7,51,1004.9,0.85,48.0,73.8,941.0,67.2,8.9,22.0,77
2026-05-24 18:00:00+00:00,Islamabad,27.2,47,1004.4,0.75,44.9,65.2,910.0,70.6,8.2,10.0,79
2026-05-24 19:00:00+00:00,Islamabad,26.5,44,1004.1,1.11,39.1,55.4,732.0,63.0,7.1,13.0,80
2026-05-24 20:00:00+00:00,Islamabad,25.7,43,1004.2,1.35,33.9,46.8,470.0,48.9,5.8,25.0,82
2026-05-24 21:00:00+00:00,Islamabad,24.3,62,1004.4,1.74,29.2,40.9,273.0,36.7,4.8,36.0,82
2026-05-24 22:00:00+00:00,Islamabad,23.8,58,1004.9,3.43,25.6,37.1,190.0,29.3,4.1,39.0,83
2026-05-24 23:00:00+00:00,Islamabad,23.2,55,1004.4,3.54,23.2,34.1,173.0,23.9,3.6,41.0,83
2026-05-25 00:00:00+00:00,Islamabad,24.4,50,1004.0,0.54,23.1,33.1,226.0,25.3,4.0,43.0,84
2026-05-25 01:00:00+00:00,Islamabad,24.6,58,1004.7,0.43,21.0,30.6,417.0,23.1,4.9,60.0,85
2026-05-25 02:00:00+00:00,Islamabad,27.0,53,1004.7,0.2,22.2,32.4,678.0,19.9,6.0,84.0,85
2026-05-25 03:00:00+00:00,Islamabad,29.7,39,1005.1,1.0,21.8,44.7,812.0,16.3,6.9,107.0,86
2026-05-25 04:00:00+00:00,Islamabad,31.0,33,1005.2,2.22,18.3,41.3,691.0,11.8,7.2,126.0,86
2026-05-25 05:00:00+00:00,Islamabad,32.0,30,1005.0,2.2,16.4,37.1,443.0,6.9,7.2,144.0,86
2026-05-25 06:00:00+00:00,Islamabad,32.7,25,1004.9,2.02,16.1,36.0,253.0,3.4,6.9,156.0,85
2026-05-25 07:00:00+00:00,Islamabad,33.6,20,1004.3,2.82,15.3,34.0,197.0,2.3,6.3,159.0,85
2026-05-25 08:00:00+00:00,Islamabad,33.9,19,1003.8,3.17,14.7,31.9,200.0,2.7,5.5,156.0,84
2026-05-25 09:00:00+00:00,Islamabad,33.9,18,1003.2,3.22,13.7,28.2,222.0,3.4,4.9,153.0,84
2026-05-25 10:00:00+00:00,Islamabad,33.6,19,1003.0,3.42,12.0,24.0,230.0,3.3,4.5,154.0,97
2026-05-25 11:00:00+00:00,Islamabad,33.2,21,1002.8,3.63,10.0,19.7,255.0,3.4,4.3,155.0,112
2026-05-25 12:00:00+00:00,Islamabad,32.8,19,1002.6,3.94,3.4,4.8,357.0,5.7,3.7,161.0,122
2026-05-25 13:00:00+00:00,Islamabad,30.7,25,1002.8,2.53,3.6,5.3,624.0,17.9,4.4,137.0,130
2026-05-25 14:00:00+00:00,Islamabad,27.4,36,1003.0,1.57,7.1,8.9,966.0,35.0,5.5,103.0,128
2026-05-25 15:00:00+00:00,Islamabad,25.7,40,1003.8,1.52,16.1,18.6,1172.0,50.4,6.3,73.0,117
2026-05-25 16:00:00+00:00,Islamabad,24.5,43,1004.0,2.02,25.6,28.9,1126.0,64.1,6.9,49.0,99
2026-05-25 17:00:00+00:00,Islamabad,24.3,40,1004.5,1.85,32.8,36.9,944.0,75.9,7.3,28.0,76
2026-05-25 18:00:00+00:00,Islamabad,24.3,46,1004.6,1.59,31.7,35.9,760.0,79.1,7.3,18.0,71
2026-05-25 19:00:00+00:00,Islamabad,23.4,49,1004.3,0.87,28.5,32.4,597.0,67.2,6.5,27.0,70
2026-05-25 20:00:00+00:00,Islamabad,23.3,50,1004.2,0.57,24.3,27.9,433.0,46.5,5.2,46.0,70
2026-05-25 21:00:00+00:00,Islamabad,24.8,40,1004.4,0.63,20.2,24.0,336.0,29.5,4.2,62.0,69
2026-05-25 22:00:00+00:00,Islamabad,25.4,37,1004.3,0.45,17.2,21.0,344.0,20.6,3.6,67.0,68
2026-05-25 23:00:00+00:00,Islamabad,25.1,37,1004.3,0.3,15.4,18.9,418.0,15.4,3.2,69.0,67
2026-05-26 00:00:00+00:00,Islamabad,24.5,43,1004.5,0.35,14.8,18.6,517.0,12.6,3.5,75.0,67
2026-05-26 01:00:00+00:00,Islamabad,25.6,44,1005.1,0.25,14.3,17.9,673.0,15.0,4.2,83.0,66
2026-05-26 02:00:00+00:00,Islamabad,27.4,37,1005.6,1.23,15.9,20.3,853.0,18.0,5.2,94.0,66
2026-05-26 03:00:00+00:00,Islamabad,29.1,36,1006.0,0.65,15.9,23.7,913.0,18.8,6.1,107.0,65
2026-05-26 04:00:00+00:00,Islamabad,31.4,31,1005.9,0.81,12.9,21.9,742.0,15.0,6.7,124.0,65
2026-05-26 05:00:00+00:00,Islamabad,33.2,23,1005.5,1.17,9.9,18.8,451.0,8.9,7.2,143.0,64
2026-05-26 06:00:00+00:00,Islamabad,33.9,21,1005.8,1.11,9.4,20.3,236.0,4.3,7.2,157.0,64
2026-05-26 07:00:00+00:00,Islamabad,35.1,18,1005.2,2.0,10.1,23.2,177.0,2.8,6.4,162.0,63
2026-05-26 08:00:00+00:00,Islamabad,35.6,15,1004.5,3.72,10.6,25.1,193.0,2.8,5.2,161.0,68
2026-05-26 09:00:00+00:00,Islamabad,35.2,16,1003.9,4.39,11.0,26.0,233.0,3.3,4.3,159.0,86
2026-05-26 10:00:00+00:00,Islamabad,35.1,16,1003.4,4.39,11.3,26.7,251.0,2.1,3.9,160.0,102
2026-05-26 11:00:00+00:00,Islamabad,34.6,17,1003.4,4.49,11.8,27.9,293.0,1.3,3.8,159.0,116
2026-05-26 12:00:00+00:00,Islamabad,34.7,19,1003.0,2.78,3.7,7.6,441.0,6.4,4.2,159.0,127
2026-05-26 13:00:00+00:00,Islamabad,32.2,33,1003.3,1.49,5.4,11.7,820.0,19.9,5.1,134.0,135
2026-05-26 14:00:00+00:00,Islamabad,30.0,35,1003.8,0.64,10.8,17.5,1306.0,39.0,6.3,99.0,133
2026-05-26 15:00:00+00:00,Islamabad,27.8,35,1004.3,1.09,19.2,27.5,1607.0,56.1,7.3,68.0,120
2026-05-26 16:00:00+00:00,Islamabad,26.6,37,1004.7,1.49,27.6,36.4,1582.0,71.1,7.9,43.0,100
2026-05-26 17:00:00+00:00,Islamabad,26.0,38,1005.2,1.32,34.9,42.3,1372.0,84.2,8.2,22.0,75
2026-05-26 18:00:00+00:00,Islamabad,26.2,40,1005.2,1.27,31.9,36.3,1117.0,88.7,8.1,12.0,63
2026-05-26 19:00:00+00:00,Islamabad,26.4,36,1005.2,0.6,26.2,28.9,811.0,78.3,7.3,19.0,63
2026-05-26 20:00:00+00:00,Islamabad,28.3,27,1004.9,1.22,22.5,24.2,460.0,59.3,6.2,36.0,63
2026-05-26 21:00:00+00:00,Islamabad,28.2,26,1004.3,1.35,18.2,19.6,217.0,43.4,5.2,49.0,63
2026-05-26 22:00:00+00:00,Islamabad,28.1,26,1003.9,1.18,15.5,16.5,142.0,34.8,4.6,51.0,63
2026-05-26 23:00:00+00:00,Islamabad,27.6,27,1003.8,0.96,13.7,14.6,174.0,29.3,4.2,49.0,63
2026-05-27 00:00:00+00:00,Islamabad,26.2,32,1003.9,1.4,11.1,11.7,287.0,24.4,4.3,55.0,63
2026-05-27 01:00:00+00:00,Islamabad,26.4,40,1004.1,1.91,10.7,11.4,557.0,25.0,5.1,74.0,62
2026-05-27 02:00:00+00:00,Islamabad,29.4,41,1004.3,2.01,12.3,13.6,907.0,25.5,6.2,99.0,62
2026-05-27 03:00:00+00:00,Islamabad,32.9,31,1005.0,0.9,10.9,14.6,1078.0,23.8,6.9,121.0,62
2026-05-27 04:00:00+00:00,Islamabad,35.0,23,1004.9,1.24,10.1,22.2,891.0,17.8,6.7,134.0,61
2026-05-27 05:00:00+00:00,Islamabad,36.5,18,1004.5,1.66,13.4,35.4,525.0,9.7,6.2,143.0,61
2026-05-27 06:00:00+00:00,Islamabad,37.6,16,1004.2,2.6,14.4,39.2,252.0,3.7,5.6,149.0,62
2026-05-27 07:00:00+00:00,Islamabad,37.6,16,1003.9,4.51,14.1,37.8,188.0,1.9,5.2,152.0,62
2026-05-27 08:00:00+00:00,Islamabad,37.4,17,1003.3,4.39,13.9,36.3,216.0,2.4,4.9,153.0,64
2026-05-27 09:00:00+00:00,Islamabad,37.6,17,1003.0,4.32,14.4,36.2,263.0,3.2,4.6,152.0,85
2026-05-27 10:00:00+00:00,Islamabad,37.4,17,1002.6,4.39,14.8,36.6,270.0,2.3,4.4,153.0,101
2026-05-27 11:00:00+00:00,Islamabad,37.0,17,1002.4,3.81,15.1,37.1,294.0,1.9,4.2,153.0,113
2026-05-27 12:00:00+00:00,Islamabad,36.9,16,1001.9,3.22,13.3,33.4,435.0,6.2,4.0,147.0,119
2026-05-27 13:00:00+00:00,Islamabad,34.2,24,1002.2,1.88,12.8,30.7,824.0,16.5,4.7,128.0,122
2026-05-27 14:00:00+00:00,Islamabad,30.6,30,1002.5,1.57,15.0,30.0,1331.0,31.3,5.6,100.0,119
2026-05-27 15:00:00+00:00,Islamabad,29.5,29,1002.9,1.5,21.3,36.2,1656.0,46.0,6.4,73.0,109
2026-05-27 16:00:00+00:00,Islamabad,28.6,30,1003.1,1.41,29.1,44.4,1665.0,62.3,7.0,46.0,92
2026-05-27 17:00:00+00:00,Islamabad,28.2,32,1003.1,1.15,35.7,49.0,1494.0,78.5,7.4,20.0,69
2026-05-27 18:00:00+00:00,Islamabad,28.0,34,1003.0,1.24,36.2,46.9,1252.0,85.1,7.4,7.0,65
2026-05-27 19:00:00+00:00,Islamabad,28.4,28,1002.8,1.0,31.8,41.1,913.0,74.1,6.8,16.0,66
2026-05-27 20:00:00+00:00,Islamabad,28.6,24,1002.4,1.29,26.5,35.5,503.0,53.3,5.9,37.0,66
2026-05-27 21:00:00+00:00,Islamabad,28.4,23,1002.4,1.46,22.1,31.2,215.0,37.1,5.1,52.0,66
2026-05-27 22:00:00+00:00,Islamabad,28.6,22,1002.8,2.44,20.3,28.8,134.0,31.5,4.5,48.0,67
2026-05-27 23:00:00+00:00,Islamabad,28.7,22,1002.9,2.79,20.0,27.8,174.0,30.4,4.0,38.0,67
2026-05-28 00:00:00+00:00,Islamabad,28.0,30,1002.6,0.58,19.5,25.8,267.0,29.4,4.4,44.0,68
2026-05-28 01:00:00+00:00,Islamabad,29.2,37,1003.3,0.25,18.4,24.2,445.0,29.0,5.1,58.0,68
2026-05-28 02:00:00+00:00,Islamabad,30.1,30,1003.7,0.97,20.0,27.0,676.0,28.2,6.1,79.0,69
2026-05-28 03:00:00+00:00,Islamabad,31.6,25,1004.6,2.54,19.4,34.2,793.0,25.5,7.0,101.0,69
2026-05-28 04:00:00+00:00,Islamabad,32.6,24,1004.9,1.22,18.6,39.2,685.0,19.2,7.8,125.0,70
2026-05-28 05:00:00+00:00,Islamabad,35.4,19,1004.4,1.81,17.9,41.8,463.0,11.0,8.4,149.0,71
2026-05-28 06:00:00+00:00,Islamabad,36.6,16,1004.7,2.07,17.1,41.3,295.0,4.9,8.5,166.0,71
2026-05-28 07:00:00+00:00,Islamabad,37.7,14,1004.5,1.1,15.7,37.5,253.0,2.8,7.5,171.0,71
2026-05-28 08:00:00+00:00,Islamabad,36.7,15,1004.0,1.88,14.3,33.5,264.0,2.9,6.0,168.0,71
2026-05-28 09:00:00+00:00,Islamabad,36.8,15,1003.7,3.62,13.5,31.7,280.0,3.4,4.8,164.0,83
2026-05-28 10:00:00+00:00,Islamabad,36.9,15,1002.9,2.69,12.7,29.9,230.0,2.2,4.2,164.0,105
2026-05-28 11:00:00+00:00,Islamabad,37.0,14,1002.5,3.57,11.5,27.2,185.0,1.5,3.8,162.0,123
2026-05-28 12:00:00+00:00,Islamabad,36.4,14,1002.2,3.14,11.0,24.2,304.0,6.8,5.7,155.0,136
2026-05-28 13:00:00+00:00,Islamabad,34.8,22,1002.2,1.35,10.3,21.5,788.0,30.3,6.7,124.0,143
2026-05-28 14:00:00+00:00,Islamabad,33.3,24,1002.0,0.63,16.8,25.3,1437.0,62.7,8.2,80.0,138
2026-05-28 15:00:00+00:00,Islamabad,32.3,23,1002.8,0.35,27.6,35.0,1811.0,87.5,9.2,45.0,119
2026-05-28 16:00:00+00:00,Islamabad,30.1,26,1003.8,1.63,39.6,47.6,1654.0,98.3,9.6,24.0,92
2026-05-28 17:00:00+00:00,Islamabad,29.5,26,1003.7,1.77,47.1,55.2,1222.0,101.5,9.6,12.0,72
2026-05-28 18:00:00+00:00,Islamabad,29.4,31,1003.1,0.74,44.6,50.5,844.0,99.1,9.2,6.0,73
2026-05-28 19:00:00+00:00,Islamabad,29.7,28,1002.2,0.16,39.2,43.9,633.0,89.8,8.0,9.0,74
2026-05-28 20:00:00+00:00,Islamabad,29.6,28,1001.4,0.07,33.8,38.0,476.0,74.9,6.4,18.0,74
2026-05-28 21:00:00+00:00,Islamabad,28.9,28,1001.1,0.39,29.0,33.4,367.0,60.4,5.2,28.0,75
2026-05-28 22:00:00+00:00,Islamabad,28.9,26,1001.1,0.43,25.4,30.4,301.0,47.6,4.6,33.0,75
2026-05-28 23:00:00+00:00,Islamabad,28.6,27,1001.4,0.54,23.1,28.9,283.0,35.1,4.3,39.0,76
2026-05-29 00:00:00+00:00,Islamabad,28.4,29,1001.4,0.47,23.5,28.3,322.0,45.2,4.0,25.0,76
2026-05-29 01:00:00+00:00,Islamabad,27.9,36,1002.0,0.34,20.7,26.0,469.0,36.7,6.0,54.0,76
2026-05-29 02:00:00+00:00,Islamabad,28.3,32,1003.1,1.33,21.6,28.7,673.0,24.9,8.7,94.0,76
2026-05-29 03:00:00+00:00,Islamabad,30.0,29,1004.2,3.0,20.8,31.5,784.0,15.2,10.5,128.0,77
2026-05-29 04:00:00+00:00,Islamabad,31.2,30,1004.6,3.98,21.0,33.9,710.0,9.6,10.4,151.0,77
2026-05-29 05:00:00+00:00,Islamabad,32.8,28,1004.4,4.67,23.2,42.7,543.0,6.1,9.3,169.0,77
2026-05-29 06:00:00+00:00,Islamabad,34.4,24,1004.3,5.32,26.0,53.7,413.0,3.8,8.5,181.0,77
2026-05-29 07:00:00+00:00,Islamabad,35.0,26,1003.8,4.84,28.8,65.7,369.0,2.8,8.3,188.0,78
2026-05-29 08:00:00+00:00,Islamabad,35.5,25,1003.4,4.99,31.4,77.3,362.0,3.0,8.2,189.0,79
2026-05-29 09:00:00+00:00,Islamabad,34.5,21,1003.4,5.51,33.1,85.0,373.0,3.6,8.3,189.0,112
2026-05-29 10:00:00+00:00,Islamabad,33.5,22,1003.2,3.96,33.1,87.1,391.0,4.2,8.4,189.0,141
2026-05-29 11:00:00+00:00,Islamabad,34.2,20,1002.9,2.48,32.5,86.4,428.0,5.2,8.7,187.0,158
2026-05-29 12:00:00+00:00,Islamabad,35.6,18,1001.4,3.82,39.2,74.5,496.0,7.3,9.0,181.0,168
2026-05-29 13:00:00+00:00,Islamabad,33.8,24,1002.4,5.17,37.0,66.1,635.0,11.9,9.1,168.0,172
2026-05-29 14:00:00+00:00,Islamabad,31.9,30,1003.7,4.48,35.7,55.8,806.0,18.3,9.1,150.0,172
2026-05-29 15:00:00+00:00,Islamabad,30.3,31,1004.1,4.16,39.8,59.6,906.0,24.5,9.1,133.0,167
2026-05-29 16:00:00+00:00,Islamabad,29.5,32,1004.4,3.2,44.6,65.9,875.0,30.5,8.9,117.0,158
2026-05-29 17:00:00+00:00,Islamabad,28.1,34,1005.0,2.26,47.4,67.8,772.0,36.2,8.7,101.0,146
2026-05-29 18:00:00+00:00,Islamabad,28.5,33,1004.4,2.27,47.8,67.3,672.0,39.1,8.2,89.0,127
2026-05-29 19:00:00+00:00,Islamabad,27.8,33,1004.0,1.91,46.2,63.8,593.0,37.5,7.4,82.0,106
2026-05-29 20:00:00+00:00,Islamabad,27.4,34,1004.0,1.73,43.8,59.1,517.0,33.2,6.4,78.0,93
2026-05-29 21:00:00+00:00,Islamabad,26.7,36,1004.1,1.54,41.6,56.1,458.0,28.8,5.7,78.0,94
2026-05-29 22:00:00+00:00,Islamabad,26.5,36,1004.5,1.49,40.3,57.0,422.0,25.1,5.5,80.0,95
2026-05-29 23:00:00+00:00,Islamabad,25.5,39,1005.7,1.52,41.1,63.8,403.0,21.3,5.7,85.0,96
2026-05-30 00:00:00+00:00,Islamabad,23.1,55,1006.1,4.0,40.5,57.9,402.0,23.6,5.6,75.0,98
2026-05-30 01:00:00+00:00,Islamabad,22.6,55,1007.2,4.61,38.6,58.4,431.0,19.2,6.8,100.0,99
2026-05-30 02:00:00+00:00,Islamabad,24.9,48,1007.4,4.85,36.2,79.6,476.0,13.1,8.5,134.0,100
2026-05-30 03:00:00+00:00,Islamabad,26.3,53,1008.8,6.01,44.2,166.2,499.0,8.3,9.9,160.0,102
2026-05-30 04:00:00+00:00,Islamabad,27.2,49,1009.6,6.14,48.4,185.8,474.0,6.3,10.7,169.0,104
2026-05-30 05:00:00+00:00,Islamabad,28.8,44,1009.7,6.26,56.0,219.3,426.0,5.6,11.2,170.0,107
2026-05-30 06:00:00+00:00,Islamabad,30.3,43,1008.4,5.15,61.0,249.6,387.0,5.2,11.4,171.0,111
2026-05-30 07:00:00+00:00,Islamabad,30.6,38,1008.4,4.94,65.0,276.6,365.0,4.8,11.3,176.0,114
2026-05-30 08:00:00+00:00,Islamabad,30.6,39,1008.2,4.17,68.5,291.5,353.0,4.6,11.1,182.0,118
2026-05-30 09:00:00+00:00,Islamabad,30.8,34,1007.7,3.43,69.4,299.9,356.0,4.9,10.9,186.0,135
2026-05-30 10:00:00+00:00,Islamabad,29.9,38,1007.5,3.41,70.8,312.0,359.0,4.3,11.0,189.0,152
2026-05-30 11:00:00+00:00,Islamabad,30.3,38,1007.3,3.0,78.5,338.1,379.0,4.1,11.1,189.0,161
2026-05-30 12:00:00+00:00,Islamabad,30.8,41,1005.5,3.24,72.4,262.6,468.0,7.9,10.5,173.0,166
2026-05-30 13:00:00+00:00,Islamabad,29.3,45,1005.5,3.65,64.5,204.9,702.0,12.5,10.0,159.0,166
2026-05-30 14:00:00+00:00,Islamabad,28.2,48,1006.0,3.52,58.9,163.9,1005.0,19.0,9.4,139.0,165
2026-05-30 15:00:00+00:00,Islamabad,27.2,52,1007.1,3.54,58.8,143.0,1208.0,25.9,8.9,119.0,160
2026-05-30 16:00:00+00:00,Islamabad,26.2,56,1007.6,2.0,63.6,142.0,1229.0,33.9,8.6,99.0,151
2026-05-30 17:00:00+00:00,Islamabad,25.4,60,1008.0,1.58,69.2,149.5,1149.0,42.2,8.5,79.0,147
2026-05-30 18:00:00+00:00,Islamabad,25.1,62,1007.3,3.38,74.3,160.7,1038.0,47.0,8.3,65.0,149
2026-05-30 19:00:00+00:00,Islamabad,24.6,65,1007.6,2.75,79.4,178.8,895.0,45.6,8.0,62.0,151
2026-05-30 20:00:00+00:00,Islamabad,24.3,66,1007.9,2.4,82.0,195.1,720.0,40.7,7.7,64.0,152
2026-05-30 21:00:00+00:00,Islamabad,24.0,67,1008.5,2.65,77.1,186.7,585.0,36.0,7.4,66.0,153
2026-05-30 22:00:00+00:00,Islamabad,23.4,70,1008.5,2.77,72.2,163.9,526.0,33.4,6.9,61.0,154
2026-05-30 23:00:00+00:00,Islamabad,22.8,75,1008.6,3.21,68.5,143.4,506.0,31.1,6.5,55.0,155
2026-05-31 00:00:00+00:00,Islamabad,23.0,73,1009.0,3.23,41.1,69.8,488.0,19.4,5.8,74.0,156
2026-05-31 01:00:00+00:00,Islamabad,23.5,72,1009.5,2.95,42.7,78.2,456.0,16.4,6.7,94.0,156
2026-05-31 02:00:00+00:00,Islamabad,24.8,66,1009.9,2.88,44.9,100.1,424.0,12.2,7.9,122.0,156
2026-05-31 03:00:00+00:00,Islamabad,26.5,55,1010.2,2.14,43.3,105.9,401.0,8.6,8.8,145.0,156
2026-05-31 04:00:00+00:00,Islamabad,28.2,46,1010.2,2.13,41.9,111.8,391.0,6.2,9.2,160.0,156
2026-05-31 05:00:00+00:00,Islamabad,29.5,44,1009.9,2.21,49.2,140.6,388.0,4.4,9.3,170.0,156
2026-05-31 06:00:00+00:00,Islamabad,30.8,38,1010.3,2.01,47.5,139.2,385.0,3.2,9.4,177.0,156
2026-05-31 07:00:00+00:00,Islamabad,31.3,37,1009.7,1.62,45.8,132.2,374.0,2.7,9.6,182.0,155
2026-05-31 08:00:00+00:00,Islamabad,32.3,36,1009.0,1.95,46.6,129.9,362.0,2.8,9.8,183.0,155
2026-05-31 09:00:00+00:00,Islamabad,32.2,36,1008.5,2.6,46.7,128.5,359.0,3.1,9.9,183.0,154
2026-05-31 10:00:00+00:00,Islamabad,31.8,38,1008.1,2.3,48.3,131.8,352.0,3.5,10.0,182.0,153
2026-05-31 11:00:00+00:00,Islamabad,31.9,36,1007.6,2.44,46.8,125.7,355.0,4.1,10.1,179.0,158
2026-05-31 12:00:00+00:00,Islamabad,32.0,35,1006.9,1.8,45.6,122.5,416.0,5.5,10.2,176.0,163
2026-05-31 13:00:00+00:00,Islamabad,31.1,37,1006.7,1.61,44.7,119.0,605.0,7.8,10.2,165.0,166
2026-05-31 14:00:00+00:00,Islamabad,29.3,42,1007.2,1.46,45.1,115.9,852.0,11.1,10.1,150.0,165
2026-05-31 15:00:00+00:00,Islamabad,28.0,45,1007.9,1.59,46.6,110.4,1001.0,14.2,9.8,135.0,161
2026-05-31 16:00:00+00:00,Islamabad,27.1,50,1008.5,1.05,49.1,115.9,967.0,16.8,9.1,122.0,153
2026-05-31 17:00:00+00:00,Islamabad,26.7,49,1009.5,2.2,51.6,119.0,834.0,19.3,8.2,110.0,147
2026-05-31 18:00:00+00:00,Islamabad,26.4,52,1009.7,2.47,54.4,124.8,700.0,21.5,7.4,98.0,145
2026-05-31 19:00:00+00:00,Islamabad,25.9,53,1009.4,2.39,57.7,132.2,586.0,24.0,6.9,84.0,143
2026-05-31 20:00:00+00:00,Islamabad,25.8,52,1009.1,2.01,60.3,134.6,472.0,26.2,6.4,71.0,140
2026-05-31 21:00:00+00:00,Islamabad,25.5,53,1008.6,1.5,61.0,132.2,390.0,26.9,6.2,63.0,138
2026-05-31 22:00:00+00:00,Islamabad,25.1,54,1008.1,1.27,59.8,126.2,353.0,25.0,6.0,63.0,136
2026-05-31 23:00:00+00:00,Islamabad,24.8,56,1008.0,1.3,58.0,119.7,349.0,21.5,5.9,70.0,135
2026-06-01 00:00:00+00:00,Islamabad,24.5,60,1008.3,1.48,58.2,118.3,373.0,20.8,6.7,69.0,134
2026-06-01 01:00:00+00:00,Islamabad,25.0,58,1008.7,2.44,59.6,123.4,447.0,18.5,9.4,89.0,136
2026-06-01 02:00:00+00:00,Islamabad,26.3,53,1009.4,3.05,55.8,138.3,550.0,15.2,13.0,118.0,138
2026-06-01 03:00:00+00:00,Islamabad,27.4,50,1009.7,3.32,49.5,129.5,607.0,12.0,15.6,143.0,139
2026-06-01 04:00:00+00:00,Islamabad,28.8,46,1010.0,3.24,46.4,122.5,573.0,9.0,16.1,160.0,139
2026-06-01 05:00:00+00:00,Islamabad,30.1,43,1010.1,2.92,45.2,117.1,494.0,6.0,15.5,173.0,140
2026-06-01 06:00:00+00:00,Islamabad,31.2,41,1010.2,2.86,44.7,114.6,434.0,3.9,14.6,182.0,139
2026-06-01 07:00:00+00:00,Islamabad,32.0,40,1009.6,1.53,46.8,121.5,417.0,3.0,13.6,185.0,139
2026-06-01 08:00:00+00:00,Islamabad,32.3,41,1009.0,1.52,63.1,162.1,420.0,3.0,12.3,184.0,139
2026-06-01 09:00:00+00:00,Islamabad,32.7,40,1008.0,1.51,46.7,119.2,434.0,3.6,11.5,181.0,141
2026-06-01 10:00:00+00:00,Islamabad,32.5,41,1007.4,1.46,45.3,113.9,398.0,4.9,11.6,177.0,149
2026-06-01 11:00:00+00:00,Islamabad,31.4,47,1007.2,2.12,44.5,111.1,373.0,6.9,12.1,172.0,158
2026-06-01 12:00:00+00:00,Islamabad,32.5,37,1006.7,2.0,51.0,130.4,537.0,8.3,10.8,165.0,163
2026-06-01 13:00:00+00:00,Islamabad,31.7,39,1006.2,2.47,52.3,132.2,1123.0,11.6,11.0,154.0,164
2026-06-01 14:00:00+00:00,Islamabad,30.1,44,1006.7,1.9,53.0,133.6,1898.0,16.4,11.3,139.0,161
2026-06-01 15:00:00+00:00,Islamabad,28.6,50,1007.3,0.97,54.1,126.2,2341.0,22.0,11.3,122.0,154
2026-06-01 16:00:00+00:00,Islamabad,28.2,52,1008.1,0.71,56.7,122.0,2148.0,29.6,11.0,103.0,143
2026-06-01 17:00:00+00:00,Islamabad,27.8,50,1008.4,1.16,62.4,132.2,1623.0,37.9,10.5,82.0,144
2026-06-01 18:00:00+00:00,Islamabad,28.3,54,1008.0,1.1,64.5,135.5,1158.0,42.4,9.9,68.0,145
2026-06-01 19:00:00+00:00,Islamabad,27.4,53,1008.0,1.51,62.9,131.8,884.0,39.9,9.2,64.0,146
2026-06-01 20:00:00+00:00,Islamabad,27.1,55,1008.0,1.61,62.4,130.9,671.0,33.5,8.3,67.0,147
2026-06-01 21:00:00+00:00,Islamabad,26.9,56,1007.9,1.65,63.1,131.8,516.0,27.9,7.7,70.0,147
2026-06-01 22:00:00+00:00,Islamabad,26.4,60,1008.2,1.49,60.8,121.5,428.0,24.8,7.3,69.0,147
2026-06-01 23:00:00+00:00,Islamabad,25.8,63,1008.6,2.01,57.3,106.9,399.0,22.4,7.0,69.0,147
2026-06-02 00:00:00+00:00,Islamabad,26.0,62,1009.1,2.83,49.8,97.1,400.0,11.2,7.4,111.0,147
2026-06-02 01:00:00+00:00,Islamabad,25.8,64,1009.4,3.13,53.6,107.3,441.0,12.4,8.5,117.0,146
2026-06-02 02:00:00+00:00,Islamabad,27.7,57,1009.9,1.77,54.9,116.4,512.0,14.0,9.9,126.0,146
2026-06-02 03:00:00+00:00,Islamabad,29.4,48,1009.9,2.06,56.1,126.2,560.0,14.1,11.2,137.0,146
2026-06-02 04:00:00+00:00,Islamabad,30.7,45,1010.1,1.95,57.6,138.8,556.0,11.4,12.0,150.0,146
2026-06-02 05:00:00+00:00,Islamabad,29.6,54,1009.6,1.35,68.2,173.7,528.0,7.3,12.6,165.0,148
2026-06-02 06:00:00+00:00,Islamabad,32.0,40,1009.6,0.86,63.6,166.2,506.0,4.2,12.9,176.0,150
2026-06-02 07:00:00+00:00,Islamabad,32.6,40,1008.6,0.87,76.4,200.7,499.0,3.2,12.8,182.0,151
2026-06-02 08:00:00+00:00,Islamabad,33.3,40,1008.1,0.75,65.2,168.6,498.0,3.3,12.4,184.0,151
2026-06-02 09:00:00+00:00,Islamabad,33.6,40,1007.0,0.76,60.5,149.9,510.0,3.8,11.9,184.0,152
2026-06-02 10:00:00+00:00,Islamabad,33.2,40,1006.0,1.23,56.7,137.8,507.0,4.4,11.4,181.0,152
2026-06-02 11:00:00+00:00,Islamabad,33.4,39,1005.8,1.71,54.2,130.4,517.0,5.4,10.8,175.0,154
2026-06-02 12:00:00+00:00,Islamabad,34.0,33,1004.6,1.3,46.9,104.8,631.0,10.2,8.0,156.0,160
2026-06-02 13:00:00+00:00,Islamabad,33.0,34,1004.5,2.35,48.3,100.8,964.0,13.1,9.1,149.0,161
2026-06-02 14:00:00+00:00,Islamabad,29.9,46,1005.7,3.74,49.5,98.7,1402.0,17.2,10.5,138.0,159
2026-06-02 15:00:00+00:00,Islamabad,28.6,52,1006.3,1.84,49.8,92.4,1694.0,21.0,11.1,125.0,153
2026-06-02 16:00:00+00:00,Islamabad,27.8,55,1006.6,1.65,49.7,85.2,1720.0,24.0,10.2,110.0,152
2026-06-02 17:00:00+00:00,Islamabad,27.1,60,1006.5,0.87,48.0,76.1,1600.0,26.7,8.5,94.0,152
2026-06-02 18:00:00+00:00,Islamabad,26.2,64,1007.1,1.44,45.1,69.4,1444.0,28.5,6.9,79.0,151
2026-06-02 19:00:00+00:00,Islamabad,25.8,64,1006.8,1.5,43.1,60.8,1269.0,29.4,5.8,65.0,151
2026-06-02 20:00:00+00:00,Islamabad,25.9,61,1006.5,1.68,39.1,51.1,1059.0,29.5,4.9,51.0,150
2026-06-02 21:00:00+00:00,Islamabad,25.7,61,1005.9,1.8,35.2,43.7,875.0,28.4,4.3,44.0,148
2026-06-02 22:00:00+00:00,Islamabad,25.3,63,1005.6,1.01,32.0,39.2,731.0,25.4,3.8,44.0,146
2026-06-02 23:00:00+00:00,Islamabad,25.3,64,1005.6,0.81,29.6,38.6,614.0,21.3,3.6,49.0,143
2026-06-03 00:00:00+00:00,Islamabad,25.2,65,1005.7,1.66,30.2,55.8,544.0,11.0,4.9,91.0,140
2026-06-03 01:00:00+00:00,Islamabad,25.7,63,1006.4,1.31,28.8,52.2,555.0,12.4,7.1,99.0,138
2026-06-03 02:00:00+00:00,Islamabad,26.5,60,1007.1,2.0,29.2,54.6,613.0,14.1,10.3,110.0,135
2026-06-03 03:00:00+00:00,Islamabad,28.5,52,1007.0,1.57,34.5,72.4,635.0,14.3,12.8,124.0,132
2026-06-03 04:00:00+00:00,Islamabad,30.2,46,1006.8,1.78,39.7,86.4,573.0,11.6,14.3,144.0,130
2026-06-03 05:00:00+00:00,Islamabad,29.2,51,1006.7,3.98,42.5,100.4,476.0,7.4,15.2,167.0,128
2026-06-03 06:00:00+00:00,Islamabad,31.6,41,1006.5,2.11,45.2,108.7,404.0,4.2,15.3,183.0,126
2026-06-03 07:00:00+00:00,Islamabad,32.2,41,1005.7,1.66,44.5,106.4,387.0,3.1,14.1,187.0,124
2026-06-03 08:00:00+00:00,Islamabad,33.1,39,1004.9,1.7,43.4,103.4,395.0,3.0,11.9,184.0,120
2026-06-03 09:00:00+00:00,Islamabad,33.7,38,1003.7,2.33,42.3,100.4,408.0,3.5,10.1,178.0,121
2026-06-03 10:00:00+00:00,Islamabad,33.9,37,1002.8,1.79,41.9,100.4,357.0,3.7,8.9,170.0,138
2026-06-03 11:00:00+00:00,Islamabad,33.4,38,1002.4,1.53,40.0,96.9,310.0,4.3,7.9,158.0,151
2026-06-03 12:00:00+00:00,Islamabad,34.4,31,1001.1,0.96,29.0,74.0,448.0,7.1,8.0,150.0,156
2026-06-03 13:00:00+00:00,Islamabad,33.2,34,1001.1,1.61,29.0,74.0,971.0,11.0,8.3,142.0,157
2026-06-03 14:00:00+00:00,Islamabad,31.9,38,1001.4,1.5,28.9,61.7,1679.0,16.4,8.6,131.0,153
2026-06-03 15:00:00+00:00,Islamabad,30.6,41,1001.7,1.36,31.1,51.6,2159.0,21.1,8.7,119.0,143
2026-06-03 16:00:00+00:00,Islamabad,29.5,45,1002.0,1.5,32.5,46.2,2221.0,24.4,8.3,107.0,129
2026-06-03 17:00:00+00:00,Islamabad,28.6,48,1001.8,1.14,32.8,44.6,2053.0,26.8,7.5,94.0,112
2026-06-03 18:00:00+00:00,Islamabad,28.5,51,1001.6,0.74,33.5,43.0,1809.0,27.9,6.8,83.0,102
2026-06-03 19:00:00+00:00,Islamabad,28.2,50,1001.2,0.6,33.2,39.1,1478.0,27.0,6.1,74.0,101
2026-06-03 20:00:00+00:00,Islamabad,27.6,51,1001.1,0.87,30.9,36.6,1071.0,24.6,5.3,67.0,100
2026-06-03 21:00:00+00:00,Islamabad,27.1,52,1001.3,1.14,28.4,34.5,766.0,22.3,4.7,62.0,99
2026-06-03 22:00:00+00:00,Islamabad,26.8,51,1001.1,1.39,26.4,32.5,641.0,20.2,4.1,59.0,99
2026-06-03 23:00:00+00:00,Islamabad,26.8,50,1000.7,1.9,25.0,31.9,618.0,18.1,3.7,58.0,98
2026-06-04 00:00:00+00:00,Islamabad,25.9,55,1002.0,3.31,21.7,32.7,648.0,13.9,3.7,79.0,98
2026-06-04 01:00:00+00:00,Islamabad,25.2,58,1002.3,3.15,22.2,34.0,766.0,14.5,6.0,93.0,97
2026-06-04 02:00:00+00:00,Islamabad,23.3,79,1004.2,3.18,24.7,39.8,937.0,15.2,9.1,112.0,97
2026-06-04 03:00:00+00:00,Islamabad,21.6,94,1006.0,2.23,29.0,61.2,1006.0,14.6,11.3,130.0,96
2026-06-04 04:00:00+00:00,Islamabad,22.2,98,1004.9,3.89,33.8,77.8,870.0,11.4,11.8,144.0,96
2026-06-04 05:00:00+00:00,Islamabad,26.4,66,1003.8,4.16,35.4,83.4,633.0,7.0,11.4,156.0,95
2026-06-04 06:00:00+00:00,Islamabad,27.0,62,1004.7,2.8,35.6,85.4,452.0,4.3,11.2,165.0,95
2026-06-04 07:00:00+00:00,Islamabad,26.5,62,1005.1,2.62,33.6,73.1,392.0,4.9,11.4,168.0,94
2026-06-04 08:00:00+00:00,Islamabad,26.4,59,1005.6,3.77,31.9,58.7,388.0,7.2,11.8,168.0,93
2026-06-04 09:00:00+00:00,Islamabad,26.0,62,1004.4,3.13,32.2,64.5,405.0,9.2,12.1,167.0,108
2026-06-04 10:00:00+00:00,Islamabad,27.7,51,1003.6,1.88,31.4,62.9,425.0,7.7,12.3,171.0,124
2026-06-04 11:00:00+00:00,Islamabad,29.9,41,1002.9,1.03,30.4,58.9,466.0,6.0,12.4,175.0,136
2026-06-04 12:00:00+00:00,Islamabad,25.5,64,1004.1,2.42,34.5,81.3,548.0,8.1,9.0,145.0,146
2026-06-04 13:00:00+00:00,Islamabad,25.7,62,1003.6,1.63,35.0,81.5,704.0,21.4,10.1,125.0,146
2026-06-04 14:00:00+00:00,Islamabad,25.5,66,1003.5,1.4,35.3,80.8,900.0,40.2,11.6,97.0,140
2026-06-04 15:00:00+00:00,Islamabad,24.6,69,1003.1,2.12,46.0,90.1,1058.0,57.8,12.6,70.0,125
2026-06-04 16:00:00+00:00,Islamabad,24.0,69,1003.1,2.21,48.2,87.8,1176.0,73.7,12.6,44.0,104
2026-06-04 17:00:00+00:00,Islamabad,23.1,71,1003.1,1.62,51.3,85.7,1255.0,88.4,12.1,18.0,94
2026-06-04 18:00:00+00:00,Islamabad,23.5,75,1002.5,0.52,57.3,86.8,1219.0,97.1,11.3,0.0,95
2026-06-04 19:00:00+00:00,Islamabad,23.6,70,1002.6,0.49,58.3,80.8,972.0,96.4,10.0,0.0,97
2026-06-04 20:00:00+00:00,Islamabad,23.0,70,1002.3,0.89,54.9,71.7,609.0,89.6,8.3,0.0,99
2026-06-04 21:00:00+00:00,Islamabad,22.7,68,1002.5,1.25,51.0,65.4,343.0,81.6,7.0,1.0,101
2026-06-04 22:00:00+00:00,Islamabad,22.6,67,1002.5,1.24,47.7,61.0,266.0,74.3,6.2,3.0,103
2026-06-04 23:00:00+00:00,Islamabad,22.4,68,1002.8,0.9,45.5,56.0,285.0,65.8,5.8,6.0,106
2026-06-05 00:00:00+00:00,Islamabad,21.3,77,1003.0,0.43,40.9,54.2,331.0,49.7,6.0,13.0,108
2026-06-05 01:00:00+00:00,Islamabad,23.0,69,1003.9,1.37,37.7,47.4,401.0,39.9,7.3,39.0,110
2026-06-05 02:00:00+00:00,Islamabad,24.3,66,1004.8,2.13,29.2,41.4,498.0,26.3,9.2,77.0,111
2026-06-05 03:00:00+00:00,Islamabad,26.0,56,1005.1,3.09,26.4,52.6,558.0,15.3,10.3,108.0,112
2026-06-05 04:00:00+00:00,Islamabad,27.5,53,1005.4,3.0,28.9,62.4,546.0,9.3,10.0,128.0,112
2026-06-05 05:00:00+00:00,Islamabad,28.9,49,1005.2,3.11,29.5,64.3,496.0,5.9,9.1,142.0,111
2026-06-05 06:00:00+00:00,Islamabad,30.0,42,1005.8,2.86,28.9,61.9,450.0,3.8,8.5,153.0,110
2026-06-05 07:00:00+00:00,Islamabad,30.8,38,1005.4,2.75,29.5,61.5,411.0,2.8,8.7,163.0,110
2026-06-05 08:00:00+00:00,Islamabad,30.7,35,1005.0,1.95,30.0,61.7,376.0,3.1,9.3,170.0,109
2026-06-05 09:00:00+00:00,Islamabad,31.0,34,1004.3,1.63,30.2,60.1,369.0,3.9,10.0,175.0,109
2026-06-05 10:00:00+00:00,Islamabad,31.3,30,1003.7,1.24,30.0,58.9,352.0,3.8,10.6,180.0,109
2026-06-05 11:00:00+00:00,Islamabad,30.9,33,1003.2,1.86,30.4,58.9,365.0,4.2,11.3,183.0,126
2026-06-05 12:00:00+00:00,Islamabad,31.8,27,1002.6,0.81,23.9,41.3,551.0,8.0,11.1,174.0,142
2026-06-05 13:00:00+00:00,Islamabad,31.3,30,1002.6,0.5,24.2,41.4,1120.0,22.4,11.5,147.0,151
2026-06-05 14:00:00+00:00,Islamabad,28.4,47,1002.7,0.75,28.3,44.4,1864.0,42.0,12.0,110.0,152
2026-06-05 15:00:00+00:00,Islamabad,26.5,52,1003.3,1.66,35.0,49.4,2299.0,55.0,11.8,80.0,143
2026-06-05 16:00:00+00:00,Islamabad,25.7,51,1003.6,1.92,33.6,44.6,2162.0,55.4,10.4,66.0,126
2026-06-05 17:00:00+00:00,Islamabad,24.6,56,1003.7,1.52,32.5,41.8,1717.0,49.2,8.5,59.0,104
2026-06-05 18:00:00+00:00,Islamabad,24.5,59,1003.9,0.46,31.4,39.6,1277.0,42.2,6.7,55.0,101
2026-06-05 19:00:00+00:00,Islamabad,24.7,53,1003.7,0.25,29.1,35.9,907.0,35.5,5.5,54.0,99
2026-06-05 20:00:00+00:00,Islamabad,25.7,46,1003.7,0.3,26.1,31.3,542.0,28.0,4.5,56.0,97
2026-06-05 21:00:00+00:00,Islamabad,26.5,41,1003.5,0.25,23.7,28.3,293.0,21.9,3.8,58.0,94
2026-06-05 22:00:00+00:00,Islamabad,26.1,41,1003.3,0.16,22.0,26.1,225.0,17.7,3.4,58.0,92
2026-06-05 23:00:00+00:00,Islamabad,25.3,44,1003.5,0.49,20.9,24.8,273.0,14.9,3.3,58.0,90
2026-06-06 00:00:00+00:00,Islamabad,24.4,52,1003.8,0.83,20.1,24.3,363.0,15.2,3.6,57.0,88
2026-06-06 01:00:00+00:00,Islamabad,24.8,52,1004.2,1.56,19.9,24.2,512.0,16.6,4.7,69.0,87
2026-06-06 02:00:00+00:00,Islamabad,27.4,50,1004.5,1.39,21.7,27.7,702.0,18.2,6.1,85.0,85
2026-06-06 03:00:00+00:00,Islamabad,30.1,38,1005.1,0.43,22.8,34.1,803.0,18.0,7.4,104.0,85
2026-06-06 04:00:00+00:00,Islamabad,31.4,35,1005.2,1.31,20.5,33.2,732.0,14.0,8.3,126.0,84
2026-06-06 05:00:00+00:00,Islamabad,32.3,33,1005.2,2.1,15.8,26.4,572.0,8.2,9.0,150.0,84
2026-06-06 06:00:00+00:00,Islamabad,31.3,32,1005.3,2.54,15.0,26.0,441.0,3.9,9.2,167.0,83
2026-06-06 07:00:00+00:00,Islamabad,32.9,29,1005.3,0.71,14.7,25.8,383.0,2.6,8.6,174.0,81
2026-06-06 08:00:00+00:00,Islamabad,33.8,28,1004.3,0.97,14.5,25.7,355.0,2.9,7.5,174.0,80
2026-06-06 09:00:00+00:00,Islamabad,34.3,27,1003.5,1.41,14.3,25.7,343.0,3.5,6.6,172.0,90
2026-06-06 10:00:00+00:00,Islamabad,34.2,27,1003.0,2.17,13.9,25.5,318.0,1.8,6.0,172.0,112
2026-06-06 11:00:00+00:00,Islamabad,33.9,26,1002.6,2.95,13.6,25.1,310.0,0.6,5.7,169.0,130
2026-06-06 12:00:00+00:00,Islamabad,33.8,25,1001.7,2.53,8.2,13.1,395.0,6.7,4.9,156.0,144
2026-06-06 13:00:00+00:00,Islamabad,32.0,30,1002.3,3.39,8.9,13.9,670.0,20.3,5.4,131.0,150
2026-06-06 14:00:00+00:00,Islamabad,29.8,35,1002.5,1.99,12.9,17.3,1037.0,39.5,6.1,95.0,146
2026-06-06 15:00:00+00:00,Islamabad,27.9,40,1002.9,1.46,20.8,25.5,1281.0,56.2,6.6,64.0,131
2026-06-06 16:00:00+00:00,Islamabad,26.3,48,1003.7,1.48,24.9,29.7,1311.0,68.9,6.9,41.0,108
2026-06-06 17:00:00+00:00,Islamabad,25.3,51,1004.0,1.1,26.6,31.3,1218.0,79.2,7.1,23.0,79
2026-06-06 18:00:00+00:00,Islamabad,25.8,47,1004.0,1.5,30.6,34.9,1060.0,83.8,7.0,12.0,69
2026-06-06 19:00:00+00:00,Islamabad,26.0,42,1003.6,1.93,31.1,34.7,806.0,79.9,6.4,11.0,69
2026-06-06 20:00:00+00:00,Islamabad,26.3,38,1003.2,1.93,28.6,31.5,487.0,70.5,5.5,16.0,69
2026-06-06 21:00:00+00:00,Islamabad,25.8,38,1003.2,1.73,25.4,27.9,260.0,60.8,4.8,22.0,70
2026-06-06 22:00:00+00:00,Islamabad,25.0,40,1003.2,1.58,22.6,25.0,194.0,52.7,4.2,24.0,70
2026-06-06 23:00:00+00:00,Islamabad,24.9,41,1003.4,1.47,20.4,22.6,219.0,44.4,3.8,26.0,70
2026-06-07 00:00:00+00:00,Islamabad,24.7,43,1003.7,0.1,24.8,27.6,281.0,49.4,4.3,26.0,70
2026-06-07 01:00:00+00:00,Islamabad,27.1,41,1003.9,0.25,21.5,23.9,397.0,39.2,6.1,57.0,70
2026-06-07 02:00:00+00:00,Islamabad,29.8,30,1004.4,0.29,19.9,22.6,550.0,25.0,8.7,99.0,70
2026-06-07 03:00:00+00:00,Islamabad,31.2,31,1004.7,0.5,14.1,21.0,637.0,13.6,10.5,135.0,70
2026-06-07 04:00:00+00:00,Islamabad,32.5,28,1005.0,1.03,13.6,22.6,595.0,7.9,11.0,156.0,69
2026-06-07 05:00:00+00:00,Islamabad,33.2,29,1005.3,2.73,13.4,23.0,486.0,5.0,10.7,170.0,69
2026-06-07 06:00:00+00:00,Islamabad,33.5,28,1005.7,2.77,13.6,23.1,394.0,3.2,10.2,179.0,69
2026-06-07 07:00:00+00:00,Islamabad,33.8,27,1005.3,0.76,14.2,24.1,348.0,2.2,9.6,183.0,69
2026-06-07 08:00:00+00:00,Islamabad,34.6,25,1004.4,0.46,14.8,25.4,318.0,2.3,8.7,183.0,80
2026-06-07 09:00:00+00:00,Islamabad,34.7,25,1003.8,2.58,14.8,26.1,299.0,2.6,7.9,181.0,114
2026-06-07 10:00:00+00:00,Islamabad,34.1,27,1003.5,2.53,14.3,26.3,270.0,2.5,7.1,178.0,140
2026-06-07 11:00:00+00:00,Islamabad,34.6,25,1003.1,1.84,13.6,25.8,252.0,2.6,6.4,173.0,155
2026-06-07 12:00:00+00:00,Islamabad,34.6,25,1002.3,1.21,11.8,21.1,305.0,4.4,6.2,165.0,161
2026-06-07 13:00:00+00:00,Islamabad,32.6,43,1002.2,0.65,11.0,20.0,505.0,9.7,6.2,150.0,163
2026-06-07 14:00:00+00:00,Islamabad,30.1,46,1002.5,1.13,12.6,19.8,776.0,17.5,6.3,129.0,159
2026-06-07 15:00:00+00:00,Islamabad,29.3,40,1002.7,1.54,16.0,22.8,944.0,27.1,6.4,105.0,151
2026-06-07 16:00:00+00:00,Islamabad,28.2,42,1002.9,1.17,19.7,26.0,924.0,41.2,6.8,76.0,135
2026-06-07 17:00:00+00:00,Islamabad,27.2,44,1003.0,1.02,27.4,33.4,802.0,57.1,7.3,44.0,113
2026-06-07 18:00:00+00:00,Islamabad,25.6,54,1002.7,0.72,32.1,37.0,659.0,65.3,7.3,24.0,84
2026-06-07 19:00:00+00:00,Islamabad,25.4,49,1002.1,0.43,28.6,31.8,500.0,59.8,6.5,25.0,68
2026-06-07 20:00:00+00:00,Islamabad,26.2,43,1001.8,0.55,24.2,26.5,320.0,46.6,5.2,37.0,68
2026-06-07 21:00:00+00:00,Islamabad,27.1,38,1001.2,0.97,20.1,21.8,193.0,35.2,4.2,47.0,68
2026-06-07 22:00:00+00:00,Islamabad,26.8,38,1001.1,0.92,16.5,17.9,135.0,28.8,3.5,47.0,68
2026-06-07 23:00:00+00:00,Islamabad,26.6,38,1001.0,1.01,14.0,15.1,129.0,24.1,2.9,44.0,67
2026-06-08 00:00:00+00:00,Islamabad,26.7,40,1001.4,0.34,13.7,14.6,200.0,20.6,3.4,50.0,67
2026-06-08 01:00:00+00:00,Islamabad,28.3,41,1001.7,0.3,13.1,13.9,431.0,19.6,5.1,69.0,66
2026-06-08 02:00:00+00:00,Islamabad,30.3,37,1002.4,0.89,13.5,14.7,738.0,18.0,7.3,95.0,65
2026-06-08 03:00:00+00:00,Islamabad,31.6,33,1002.9,0.9,10.2,12.8,898.0,15.7,8.8,119.0,65
2026-06-08 04:00:00+00:00,Islamabad,33.2,30,1003.0,1.35,9.7,14.3,762.0,11.9,8.8,139.0,64
2026-06-08 05:00:00+00:00,Islamabad,34.5,26,1002.7,2.06,9.9,17.8,478.0,7.3,8.1,156.0,64
2026-06-08 06:00:00+00:00,Islamabad,35.1,25,1002.3,2.21,10.1,19.7,265.0,4.0,7.3,169.0,64
2026-06-08 07:00:00+00:00,Islamabad,35.7,25,1002.1,2.22,10.4,21.2,218.0,2.8,6.7,175.0,63
2026-06-08 08:00:00+00:00,Islamabad,36.2,23,1001.4,2.26,10.3,21.5,242.0,2.9,6.0,177.0,73
2026-06-08 09:00:00+00:00,Islamabad,36.7,21,1000.6,2.38,10.4,21.8,275.0,3.4,5.5,177.0,100
2026-06-08 10:00:00+00:00,Islamabad,36.6,20,1000.2,2.65,10.2,21.4,251.0,2.7,5.1,179.0,123
2026-06-08 11:00:00+00:00,Islamabad,36.4,20,999.9,2.75,10.1,20.7,237.0,2.5,4.9,179.0,141
2026-06-08 12:00:00+00:00,Islamabad,36.3,18,999.6,2.53,7.6,14.5,365.0,6.4,5.2,174.0,153
2026-06-08 13:00:00+00:00,Islamabad,34.1,28,999.6,1.67,7.7,13.6,821.0,19.8,5.8,148.0,158
2026-06-08 14:00:00+00:00,Islamabad,31.1,34,999.5,1.18,11.6,16.0,1420.0,38.7,6.7,112.0,157
2026-06-08 15:00:00+00:00,Islamabad,29.3,30,999.6,1.51,19.2,23.4,1743.0,56.4,7.4,79.0,147
2026-06-08 16:00:00+00:00,Islamabad,28.7,28,999.8,1.61,26.3,30.5,1535.0,73.2,8.0,50.0,127
2026-06-08 17:00:00+00:00,Islamabad,28.5,27,1000.0,1.61,33.6,38.0,1051.0,88.7,8.5,25.0,100
2026-06-08 18:00:00+00:00,Islamabad,28.8,29,999.9,1.26,35.4,39.0,642.0,95.1,8.5,10.0,68
2026-06-08 19:00:00+00:00,Islamabad,28.5,28,999.6,1.19,30.4,33.2,430.0,86.1,7.7,13.0,63
2026-06-08 20:00:00+00:00,Islamabad,29.1,26,999.3,1.17,25.7,28.0,292.0,68.0,6.4,26.0,63
2026-06-08 21:00:00+00:00,Islamabad,28.9,26,999.0,1.74,22.0,24.0,209.0,52.0,5.4,38.0,63
2026-06-08 22:00:00+00:00,Islamabad,28.0,28,998.9,1.55,19.1,21.0,169.0,42.0,4.6,40.0,63
2026-06-08 23:00:00+00:00,Islamabad,28.1,28,998.9,1.2,16.6,18.3,184.0,34.0,4.1,41.0,63
2026-06-09 00:00:00+00:00,Islamabad,28.2,29,998.9,0.6,20.5,22.6,270.0,39.4,4.4,33.0,63
2026-06-09 01:00:00+00:00,Islamabad,29.6,33,999.2,0.36,16.9,18.7,506.0,34.3,7.0,64.0,64
2026-06-09 02:00:00+00:00,Islamabad,31.4,29,999.6,1.02,14.8,16.9,813.0,27.1,10.6,106.0,64
2026-06-09 03:00:00+00:00,Islamabad,32.3,26,999.9,1.5,12.2,15.5,968.0,20.3,12.8,141.0,64
2026-06-09 04:00:00+00:00,Islamabad,34.1,25,1000.0,1.41,11.3,15.6,823.0,14.3,12.5,161.0,65
2026-06-09 05:00:00+00:00,Islamabad,35.9,22,999.7,1.81,11.8,19.0,527.0,8.7,10.8,172.0,65
2026-06-09 06:00:00+00:00,Islamabad,36.4,22,999.7,1.01,11.9,19.8,303.0,4.7,9.2,180.0,65
2026-06-09 07:00:00+00:00,Islamabad,37.2,21,999.3,1.08,12.0,19.9,246.0,3.1,8.0,184.0,65
2026-06-09 08:00:00+00:00,Islamabad,38.1,18,998.4,1.77,11.4,18.7,261.0,3.1,6.9,183.0,88
2026-06-09 09:00:00+00:00,Islamabad,38.5,17,997.7,2.67,11.1,17.9,291.0,3.6,6.0,181.0,120
2026-06-09 10:00:00+00:00,Islamabad,38.2,17,997.5,3.35,10.7,17.1,262.0,2.7,5.5,180.0,145
2026-06-09 11:00:00+00:00,Islamabad,37.6,17,997.5,3.49,10.2,16.2,248.0,2.2,5.3,179.0,158
2026-06-09 12:00:00+00:00,Islamabad,37.3,17,996.7,3.27,4.4,5.2,412.0,7.0,5.1,174.0,164
2026-06-09 13:00:00+00:00,Islamabad,35.0,29,996.8,1.52,4.6,5.6,972.0,20.4,5.9,152.0,166
2026-06-09 14:00:00+00:00,Islamabad,32.8,33,997.0,0.85,9.1,10.2,1709.0,39.3,7.0,120.0,163
2026-06-09 15:00:00+00:00,Islamabad,30.7,32,997.5,1.32,17.2,18.7,2135.0,57.0,7.9,89.0,153
2026-06-09 16:00:00+00:00,Islamabad,29.9,32,997.8,1.15,27.5,29.3,1962.0,74.4,8.4,59.0,134
2026-06-09 17:00:00+00:00,Islamabad,31.6,26,998.2,0.7,35.9,37.7,1476.0,90.6,8.6,30.0,108
2026-06-09 18:00:00+00:00,Islamabad,29.2,35,998.4,0.99,33.2,34.5,1050.0,95.4,8.4,16.0,76
2026-06-09 19:00:00+00:00,Islamabad,29.0,34,998.2,1.15,25.8,26.4,806.0,80.2,7.6,26.0,65
2026-06-09 20:00:00+00:00,Islamabad,28.4,33,998.1,1.43,19.6,20.0,621.0,53.6,6.4,51.0,64
2026-06-09 21:00:00+00:00,Islamabad,29.3,31,998.1,0.25,15.4,15.7,500.0,32.2,5.4,70.0,64
2026-06-09 22:00:00+00:00,Islamabad,29.8,30,997.8,0.21,12.5,13.0,445.0,22.0,4.8,74.0,63
2026-06-09 23:00:00+00:00,Islamabad,29.6,30,998.3,0.05,11.0,11.5,455.0,16.9,4.4,73.0,63
2026-06-10 00:00:00+00:00,Islamabad,28.5,34,998.8,0.47,8.7,8.9,530.0,16.7,4.5,67.0,62
2026-06-10 01:00:00+00:00,Islamabad,29.6,38,999.2,0.36,9.9,10.5,741.0,17.8,6.0,87.0,61
2026-06-10 02:00:00+00:00,Islamabad,31.8,37,999.6,0.57,13.5,15.0,1018.0,19.0,8.1,116.0,61
2026-06-10 03:00:00+00:00,Islamabad,33.2,29,999.8,1.57,15.8,23.3,1153.0,18.6,10.2,143.0,61
2026-06-10 04:00:00+00:00,Islamabad,34.7,25,1000.1,2.57,22.8,44.4,1009.0,14.8,12.5,167.0,61
2026-06-10 05:00:00+00:00,Islamabad,35.8,26,1000.0,2.3,25.2,50.1,723.0,9.3,14.7,189.0,62
2026-06-10 06:00:00+00:00,Islamabad,36.9,23,999.8,2.24,23.3,44.9,496.0,5.2,15.5,203.0,63
2026-06-10 07:00:00+00:00,Islamabad,37.9,21,999.5,1.75,20.4,38.3,408.0,3.7,13.9,204.0,89
2026-06-10 08:00:00+00:00,Islamabad,38.6,20,998.3,1.9,18.1,33.2,378.0,3.5,10.8,197.0,117
2026-06-10 09:00:00+00:00,Islamabad,39.1,19,997.6,2.09,16.4,29.5,369.0,3.8,8.4,190.0,144
2026-06-10 10:00:00+00:00,Islamabad,39.2,18,996.9,2.15,15.3,27.1,330.0,2.9,7.2,186.0,162
2026-06-10 11:00:00+00:00,Islamabad,39.0,17,996.6,2.77,14.2,24.9,310.0,2.4,6.6,182.0,173
2026-06-10 12:00:00+00:00,Islamabad,39.1,15,995.8,3.58,10.4,16.6,421.0,6.9,5.9,171.0,180
2026-06-10 13:00:00+00:00,Islamabad,36.5,22,996.0,2.94,10.7,16.6,808.0,25.0,6.6,142.0,180
2026-06-10 14:00:00+00:00,Islamabad,33.8,27,996.4,1.59,15.4,21.0,1326.0,50.3,7.5,101.0,173
2026-06-10 15:00:00+00:00,Islamabad,32.6,27,996.6,1.3,25.5,31.7,1649.0,71.4,8.3,65.0,156
2026-06-10 16:00:00+00:00,Islamabad,31.4,29,997.2,1.54,37.4,44.5,1598.0,85.8,8.9,39.0,129
2026-06-10 17:00:00+00:00,Islamabad,30.5,31,997.7,1.41,45.4,52.3,1352.0,96.0,9.4,18.0,95
2026-06-10 18:00:00+00:00,Islamabad,29.9,32,998.3,1.23,46.7,52.7,1118.0,97.7,9.4,8.0,70
2026-06-10 19:00:00+00:00,Islamabad,30.0,29,997.8,1.57,40.4,45.1,961.0,85.9,8.5,14.0,71
2026-06-10 20:00:00+00:00,Islamabad,29.5,32,997.4,1.26,32.4,35.7,817.0,65.7,7.1,31.0,72
2026-06-10 21:00:00+00:00,Islamabad,29.6,33,997.4,0.54,26.5,29.5,700.0,47.9,6.0,46.0,73
2026-06-10 22:00:00+00:00,Islamabad,28.9,35,997.1,0.89,22.8,25.9,603.0,36.1,5.4,53.0,74
2026-06-10 23:00:00+00:00,Islamabad,28.7,36,997.2,0.94,20.3,23.7,533.0,26.6,5.1,58.0,75
2026-06-11 00:00:00+00:00,Islamabad,29.7,39,997.5,1.54,22.3,24.5,522.0,35.3,5.6,49.0,75
2026-06-11 01:00:00+00:00,Islamabad,29.6,43,997.8,1.55,20.0,22.1,627.0,31.3,6.9,76.0,76
2026-06-11 02:00:00+00:00,Islamabad,31.3,39,998.1,1.03,20.5,23.1,790.0,25.5,8.8,113.0,77
2026-06-11 03:00:00+00:00,Islamabad,33.0,35,998.5,1.5,18.7,25.6,874.0,19.9,10.6,147.0,78
2026-06-11 04:00:00+00:00,Islamabad,34.4,29,998.8,2.2,19.7,28.2,791.0,14.7,12.6,174.0,78
2026-06-11 05:00:00+00:00,Islamabad,35.8,26,998.6,2.11,20.5,29.3,629.0,9.7,14.6,198.0,78
2026-06-11 06:00:00+00:00,Islamabad,37.4,21,998.5,1.11,20.3,28.9,510.0,6.0,15.4,214.0,77
2026-06-11 07:00:00+00:00,Islamabad,38.4,17,998.2,1.03,19.6,28.3,493.0,4.2,14.1,220.0,85
2026-06-11 08:00:00+00:00,Islamabad,38.7,17,997.6,0.8,19.3,28.3,521.0,3.8,11.7,217.0,120
2026-06-11 09:00:00+00:00,Islamabad,38.8,16,997.4,2.58,19.3,28.8,539.0,4.0,9.7,212.0,154
2026-06-11 10:00:00+00:00,Islamabad,38.0,17,997.6,3.4,19.4,29.9,521.0,4.7,8.8,204.0,176
2026-06-11 11:00:00+00:00,Islamabad,37.7,17,997.5,3.25,20.2,31.9,494.0,6.1,8.3,193.0,190
2026-06-11 12:00:00+00:00,Islamabad,38.7,16,995.8,2.16,12.3,21.5,489.0,7.6,6.8,176.0,198
2026-06-11 13:00:00+00:00,Islamabad,36.8,20,996.5,2.39,13.7,21.8,530.0,8.3,7.4,176.0,198
2026-06-11 14:00:00+00:00,Islamabad,34.8,23,997.5,4.03,25.0,31.1,592.0,9.4,8.2,175.0,195
2026-06-11 15:00:00+00:00,Islamabad,32.7,31,999.1,3.36,35.7,46.4,638.0,11.5,8.7,169.0,188
2026-06-11 16:00:00+00:00,Islamabad,30.7,36,1000.2,3.18,37.6,48.1,652.0,15.7,8.6,153.0,180
2026-06-11 17:00:00+00:00,Islamabad,30.1,38,1000.8,3.3,35.0,41.4,649.0,20.9,8.2,131.0,170
2026-06-11 18:00:00+00:00,Islamabad,30.2,39,1000.1,4.14,34.6,38.3,635.0,24.4,7.7,113.0,157
2026-06-11 19:00:00+00:00,Islamabad,28.7,42,1001.0,4.65,33.4,36.7,608.0,24.8,7.2,101.0,140
2026-06-11 20:00:00+00:00,Islamabad,27.4,43,1001.7,5.5,31.0,33.8,570.0,23.5,6.5,92.0,120
2026-06-11 21:00:00+00:00,Islamabad,26.3,47,1001.7,5.85,28.2,30.7,527.0,22.0,6.1,86.0,103
2026-06-11 22:00:00+00:00,Islamabad,25.2,52,1002.2,4.72,26.3,29.8,466.0,20.6,5.8,82.0,84
2026-06-11 23:00:00+00:00,Islamabad,20.4,84,1004.1,5.91,25.8,34.5,401.0,18.9,5.8,81.0,78
2026-06-12 00:00:00+00:00,Islamabad,26.0,45,1003.3,5.27,49.4,75.9,374.0,12.2,9.9,93.0,78
2026-06-12 01:00:00+00:00,Islamabad,26.3,46,1004.1,5.38,45.3,71.2,427.0,12.3,10.4,98.0,81
2026-06-12 02:00:00+00:00,Islamabad,27.6,44,1005.1,5.64,45.1,86.8,518.0,12.3,10.9,106.0,83
2026-06-12 03:00:00+00:00,Islamabad,23.1,78,1007.8,3.65,43.3,104.1,570.0,11.6,11.1,115.0,85
2026-06-12 04:00:00+00:00,Islamabad,21.8,94,1007.9,4.05,46.6,130.4,538.0,9.4,10.4,126.0,86
2026-06-12 05:00:00+00:00,Islamabad,24.5,72,1008.3,3.85,44.1,122.9,465.0,6.4,9.3,138.0,89
2026-06-12 06:00:00+00:00,Islamabad,29.0,51,1007.6,5.96,39.7,111.1,406.0,4.2,8.4,148.0,90
2026-06-12 07:00:00+00:00,Islamabad,30.1,47,1007.5,5.54,36.8,102.9,372.0,3.4,8.0,155.0,92
2026-06-12 08:00:00+00:00,Islamabad,30.5,42,1007.3,4.35,34.3,92.0,350.0,3.4,7.8,161.0,93
2026-06-12 09:00:00+00:00,Islamabad,30.7,42,1006.8,2.59,32.8,83.4,357.0,3.9,7.8,164.0,95
2026-06-12 10:00:00+00:00,Islamabad,28.7,50,1007.7,2.09,32.6,81.3,370.0,4.4,8.1,166.0,103
2026-06-12 11:00:00+00:00,Islamabad,29.5,47,1006.8,2.39,33.3,83.1,412.0,5.4,8.7,167.0,116
2026-06-12 12:00:00+00:00,Islamabad,29.8,41,1004.4,3.02,32.1,78.2,564.0,8.0,10.3,168.0,127
2026-06-12 13:00:00+00:00,Islamabad,25.0,74,1006.9,3.72,30.2,70.3,934.0,14.5,9.9,148.0,136
2026-06-12 14:00:00+00:00,Islamabad,24.7,67,1007.2,2.96,28.1,54.6,1415.0,23.5,9.3,120.0,138
2026-06-12 15:00:00+00:00,Islamabad,24.9,65,1007.7,3.27,28.9,51.3,1765.0,30.0,8.8,99.0,132
2026-06-12 16:00:00+00:00,Islamabad,25.4,60,1008.3,3.22,29.5,49.0,1913.0,31.8,8.6,92.0,120
2026-06-12 17:00:00+00:00,Islamabad,25.7,59,1008.2,2.98,29.9,45.1,1929.0,31.1,8.5,92.0,106
2026-06-12 18:00:00+00:00,Islamabad,25.5,62,1006.7,1.22,31.4,45.1,1787.0,29.9,8.2,90.0,99
2026-06-12 19:00:00+00:00,Islamabad,25.1,68,1006.4,0.36,32.2,43.3,1367.0,28.6,7.4,85.0,99
2026-06-12 20:00:00+00:00,Islamabad,25.0,71,1006.1,0.3,31.7,39.9,788.0,26.7,6.4,79.0,99
2026-06-12 21:00:00+00:00,Islamabad,24.8,70,1006.2,0.25,30.7,42.6,379.0,25.6,5.5,71.0,99
2026-06-12 22:00:00+00:00,Islamabad,24.7,67,1006.2,0.56,30.5,40.3,311.0,26.1,4.7,58.0,99
2026-06-12 23:00:00+00:00,Islamabad,24.4,66,1006.6,0.9,30.9,37.7,413.0,27.3,4.2,43.0,99
2026-06-13 00:00:00+00:00,Islamabad,24.2,67,1005.2,1.4,35.0,62.6,501.0,17.9,9.4,91.0,100
2026-06-13 01:00:00+00:00,Islamabad,24.7,65,1006.0,1.62,29.9,48.7,514.0,16.8,8.7,101.0,99
2026-06-13 02:00:00+00:00,Islamabad,25.8,56,1007.3,2.66,27.2,48.4,513.0,15.1,7.8,115.0,97
2026-06-13 03:00:00+00:00,Islamabad,26.8,52,1008.1,3.7,27.5,51.8,501.0,12.9,7.1,128.0,96
2026-06-13 04:00:00+00:00,Islamabad,26.4,57,1009.0,3.0,30.6,61.9,471.0,9.8,6.9,139.0,95
2026-06-13 05:00:00+00:00,Islamabad,28.2,49,1008.6,1.61,30.3,66.4,430.0,6.2,6.9,150.0,94
2026-06-13 06:00:00+00:00,Islamabad,30.5,39,1008.8,3.72,28.5,62.4,398.0,3.6,6.8,158.0,92
2026-06-13 07:00:00+00:00,Islamabad,30.8,37,1008.5,4.36,27.2,59.5,381.0,2.7,6.5,163.0,92
2026-06-13 08:00:00+00:00,Islamabad,31.1,38,1007.9,3.87,30.4,68.0,372.0,2.8,6.1,165.0,91
2026-06-13 09:00:00+00:00,Islamabad,31.3,37,1007.0,4.01,25.7,56.9,372.0,3.5,5.8,165.0,105
2026-06-13 10:00:00+00:00,Islamabad,31.3,37,1006.6,4.07,25.0,55.1,366.0,4.1,5.5,163.0,118
2026-06-13 11:00:00+00:00,Islamabad,30.6,39,1006.6,3.2,25.7,54.7,369.0,5.3,5.2,159.0,128
2026-06-13 12:00:00+00:00,Islamabad,31.5,33,1006.2,3.82,21.4,46.2,430.0,8.7,4.6,150.0,135
2026-06-13 13:00:00+00:00,Islamabad,30.8,34,1005.8,3.22,21.7,43.5,585.0,10.3,5.2,146.0,137
2026-06-13 14:00:00+00:00,Islamabad,29.1,40,1006.3,4.56,21.5,41.0,798.0,12.9,6.1,140.0,136
2026-06-13 15:00:00+00:00,Islamabad,27.4,50,1006.7,3.09,23.8,41.0,1008.0,18.6,6.7,127.0,133
2026-06-13 16:00:00+00:00,Islamabad,26.7,51,1007.4,1.5,27.9,41.3,1261.0,30.7,6.9,102.0,125
2026-06-13 17:00:00+00:00,Islamabad,25.9,55,1007.3,0.96,31.7,43.7,1512.0,45.7,6.9,71.0,112
2026-06-13 18:00:00+00:00,Islamabad,25.9,53,1006.8,0.97,36.1,46.0,1566.0,55.7,6.7,47.0,92
2026-06-13 19:00:00+00:00,Islamabad,25.7,54,1006.5,0.1,36.8,43.9,1245.0,56.5,6.2,37.0,87
2026-06-13 20:00:00+00:00,Islamabad,25.6,54,1006.0,0.3,35.6,42.4,727.0,52.1,5.5,35.0,87
2026-06-13 21:00:00+00:00,Islamabad,25.2,56,1005.7,0.41,36.9,41.8,349.0,46.8,4.9,35.0,87
2026-06-13 22:00:00+00:00,Islamabad,24.9,58,1005.5,0.54,36.4,41.2,269.0,41.6,4.3,34.0,88
2026-06-13 23:00:00+00:00,Islamabad,24.5,60,1005.2,0.93,35.9,40.6,329.0,35.4,3.9,36.0,88
2026-06-14 00:00:00+00:00,Islamabad,24.4,68,1005.1,0.4,37.3,41.1,387.0,37.5,4.9,32.0,89
2026-06-14 01:00:00+00:00,Islamabad,25.0,64,1005.3,0.5,35.2,39.3,399.0,30.4,7.8,62.0,89
2026-06-14 02:00:00+00:00,Islamabad,27.1,54,1005.3,0.81,27.6,36.0,410.0,20.4,11.8,105.0,89
2026-06-14 03:00:00+00:00,Islamabad,29.0,44,1005.4,0.3,22.5,41.1,409.0,12.3,14.2,139.0,89
2026-06-14 04:00:00+00:00,Islamabad,30.5,40,1005.3,1.4,25.2,57.0,388.0,7.7,13.7,157.0,89
2026-06-14 05:00:00+00:00,Islamabad,31.3,39,1005.0,1.9,28.6,66.6,355.0,4.9,11.7,166.0,89
2026-06-14 06:00:00+00:00,Islamabad,30.6,41,1005.0,1.96,29.7,68.7,327.0,3.1,10.0,172.0,88
2026-06-14 07:00:00+00:00,Islamabad,32.5,37,1004.6,1.83,30.0,68.9,310.0,2.2,9.1,174.0,89
2026-06-14 08:00:00+00:00,Islamabad,32.9,36,1003.8,2.04,29.0,66.1,298.0,2.2,8.5,172.0,89
2026-06-14 09:00:00+00:00,Islamabad,33.6,35,1002.8,2.08,28.5,64.7,292.0,2.6,8.1,169.0,111
2026-06-14 10:00:00+00:00,Islamabad,32.8,37,1002.5,1.81,27.4,62.6,253.0,2.8,7.9,166.0,133
2026-06-14 11:00:00+00:00,Islamabad,32.5,35,1002.1,0.38,26.8,61.7,219.0,3.4,7.8,162.0,146
2026-06-14 12:00:00+00:00,Islamabad,34.0,29,1000.7,0.75,24.9,58.0,314.0,4.8,7.1,151.0,151
2026-06-14 13:00:00+00:00,Islamabad,33.2,30,1000.7,0.54,25.6,59.8,683.0,8.7,7.9,142.0,150
2026-06-14 14:00:00+00:00,Islamabad,30.6,48,1000.8,0.76,26.4,58.1,1181.0,14.2,8.9,128.0,145
2026-06-14 15:00:00+00:00,Islamabad,28.9,49,1001.3,1.0,28.1,53.0,1486.0,19.0,9.5,114.0,135
2026-06-14 16:00:00+00:00,Islamabad,27.8,51,1002.2,1.0,29.5,48.2,1423.0,22.8,9.2,100.0,123
2026-06-14 17:00:00+00:00,Islamabad,28.0,46,1002.7,1.35,30.4,44.4,1168.0,25.9,8.3,85.0,107
2026-06-14 18:00:00+00:00,Islamabad,28.2,47,1002.2,1.3,30.3,41.6,930.0,27.6,7.4,73.0,90
2026-06-14 19:00:00+00:00,Islamabad,26.9,50,1002.0,1.33,29.0,39.0,774.0,27.0,6.4,65.0,90
2026-06-14 20:00:00+00:00,Islamabad,26.3,52,1001.8,1.43,27.4,36.4,635.0,25.0,5.4,60.0,89
2026-06-14 21:00:00+00:00,Islamabad,26.0,52,1002.0,1.63,25.6,33.3,525.0,23.0,4.6,56.0,89
2026-06-14 22:00:00+00:00,Islamabad,25.9,52,1002.0,1.66,23.5,29.9,445.0,21.8,3.9,50.0,88
2026-06-14 23:00:00+00:00,Islamabad,26.0,51,1002.3,1.89,21.5,27.0,394.0,20.7,3.5,46.0,87
2026-06-15 00:00:00+00:00,Islamabad,26.0,55,1002.5,1.66,19.8,23.7,377.0,20.1,3.8,49.0,86
2026-06-15 01:00:00+00:00,Islamabad,27.3,52,1003.0,1.97,18.5,22.8,420.0,18.0,6.5,72.0,84
2026-06-15 02:00:00+00:00,Islamabad,29.3,47,1003.4,2.5,18.7,27.2,497.0,14.9,10.3,104.0,83
2026-06-15 03:00:00+00:00,Islamabad,30.7,41,1004.0,2.93,22.7,46.6,541.0,12.0,12.9,131.0,82
2026-06-15 04:00:00+00:00,Islamabad,32.1,38,1004.4,3.01,25.0,53.7,512.0,9.2,13.3,146.0,82
2026-06-15 05:00:00+00:00,Islamabad,31.2,40,1005.1,3.09,25.8,56.5,449.0,6.6,12.6,155.0,82
2026-06-15 06:00:00+00:00,Islamabad,31.7,38,1004.6,4.28,24.7,53.6,401.0,4.6,11.7,162.0,82
2026-06-15 07:00:00+00:00,Islamabad,30.7,47,1004.4,4.0,24.4,51.6,387.0,3.6,10.8,168.0,82
2026-06-15 08:00:00+00:00,Islamabad,32.0,38,1004.7,3.01,24.1,49.8,389.0,3.3,9.8,172.0,81
2026-06-15 09:00:00+00:00,Islamabad,33.5,32,1003.6,1.86,25.0,50.9,400.0,3.6,9.0,174.0,103
2026-06-15 10:00:00+00:00,Islamabad,33.8,32,1003.2,2.84,25.4,50.4,355.0,3.9,8.5,173.0,124
2026-06-15 11:00:00+00:00,Islamabad,33.2,33,1003.0,2.44,25.4,49.7,319.0,4.7,8.1,170.0,139
2026-06-15 12:00:00+00:00,Islamabad,30.8,43,1002.6,5.28,41.9,72.2,483.0,10.0,9.5,156.0,147
2026-06-15 13:00:00+00:00,Islamabad,30.4,47,1002.2,2.26,41.4,70.8,1081.0,12.5,10.0,149.0,149
2026-06-15 14:00:00+00:00,Islamabad,29.8,49,1002.6,2.7,41.4,69.2,1879.0,16.2,10.5,139.0,148
2026-06-15 15:00:00+00:00,Islamabad,28.8,51,1003.1,2.83,41.4,66.8,2368.0,20.6,10.7,125.0,143
2026-06-15 16:00:00+00:00,Islamabad,28.4,50,1004.0,2.73,40.2,61.9,2263.0,26.7,10.1,105.0,134
2026-06-15 17:00:00+00:00,Islamabad,27.9,52,1004.6,1.83,38.5,58.6,1850.0,33.5,9.1,82.0,120
2026-06-15 18:00:00+00:00,Islamabad,27.9,57,1004.2,1.5,40.6,54.2,1474.0,37.8,8.0,64.0,100
2026-06-15 19:00:00+00:00,Islamabad,23.3,81,1005.8,4.85,39.9,50.5,1260.0,38.1,7.0,53.0,87
2026-06-15 20:00:00+00:00,Islamabad,22.8,90,1006.2,2.09,38.3,47.0,1083.0,35.8,5.9,46.0,88
2026-06-15 21:00:00+00:00,Islamabad,23.5,90,1005.4,1.41,35.9,44.1,920.0,32.8,5.1,43.0,89
2026-06-15 22:00:00+00:00,Islamabad,23.3,88,1005.1,1.61,36.1,46.6,749.0,29.0,4.5,42.0,90
2026-06-15 23:00:00+00:00,Islamabad,23.6,85,1005.0,0.86,34.0,44.6,591.0,24.4,4.2,44.0,91
2026-06-16 00:00:00+00:00,Islamabad,24.5,71,1004.3,1.25,29.7,38.2,487.0,21.6,4.2,49.0,92
2026-06-16 01:00:00+00:00,Islamabad,24.8,70,1005.7,1.8,28.9,39.2,474.0,19.6,5.9,70.0,93
2026-06-16 02:00:00+00:00,Islamabad,25.0,69,1006.7,4.05,29.8,50.8,514.0,16.7,8.2,99.0,94
2026-06-16 03:00:00+00:00,Islamabad,26.6,63,1006.4,3.65,38.1,68.2,533.0,13.7,10.1,125.0,94
2026-06-16 04:00:00+00:00,Islamabad,28.6,55,1006.8,3.86,41.4,72.6,494.0,10.3,11.2,146.0,96
2026-06-16 05:00:00+00:00,Islamabad,30.1,49,1006.8,4.05,42.4,75.0,433.0,6.8,11.8,165.0,97
2026-06-16 06:00:00+00:00,Islamabad,30.8,44,1007.0,4.47,41.6,73.1,386.0,4.3,11.9,178.0,98
2026-06-16 07:00:00+00:00,Islamabad,31.3,44,1007.0,4.37,41.2,72.4,365.0,3.4,11.3,182.0,100
2026-06-16 08:00:00+00:00,Islamabad,31.8,43,1007.0,2.99,42.4,74.7,359.0,3.7,10.1,179.0,101
2026-06-16 09:00:00+00:00,Islamabad,30.1,52,1006.2,3.88,41.9,72.2,368.0,4.5,9.1,174.0,110
2026-06-16 10:00:00+00:00,Islamabad,31.2,46,1005.6,2.77,41.3,69.4,382.0,4.0,8.5,170.0,132
2026-06-16 11:00:00+00:00,Islamabad,31.1,46,1005.3,2.98,42.8,71.0,412.0,4.2,8.0,164.0,147
2026-06-16 12:00:00+00:00,Islamabad,31.7,44,1003.8,2.82,41.1,60.8,491.0,9.8,7.7,153.0,154
2026-06-16 13:00:00+00:00,Islamabad,30.7,47,1004.2,2.72,34.3,46.3,672.0,16.0,7.6,138.0,155
2026-06-16 14:00:00+00:00,Islamabad,29.3,55,1004.8,1.71,31.2,40.6,901.0,24.5,7.5,117.0,151
2026-06-16 15:00:00+00:00,Islamabad,27.8,60,1005.0,1.24,34.1,40.6,1051.0,31.1,7.3,99.0,138
2026-06-16 16:00:00+00:00,Islamabad,27.4,62,1005.9,1.17,37.8,44.2,1061.0,33.8,7.0,88.0,120
2026-06-16 17:00:00+00:00,Islamabad,27.1,63,1006.3,1.25,37.5,45.4,991.0,34.6,6.5,80.0,105
2026-06-16 18:00:00+00:00,Islamabad,26.9,61,1006.1,1.55,38.6,47.3,902.0,35.1,6.1,71.0,105
2026-06-16 19:00:00+00:00,Islamabad,26.3,64,1006.0,1.39,39.9,48.3,798.0,36.2,5.7,60.0,105
2026-06-16 20:00:00+00:00,Islamabad,26.0,65,1006.2,1.27,39.9,46.8,673.0,37.0,5.2,48.0,105
2026-06-16 21:00:00+00:00,Islamabad,25.6,67,1006.0,1.11,39.3,45.1,570.0,36.9,4.8,39.0,105
2026-06-16 22:00:00+00:00,Islamabad,25.5,67,1005.8,1.17,38.3,43.3,494.0,35.5,4.1,31.0,106
2026-06-16 23:00:00+00:00,Islamabad,25.3,67,1005.9,1.1,36.9,41.4,439.0,33.1,3.4,26.0,106
2026-06-17 00:00:00+00:00,Islamabad,25.0,73,1005.8,1.67,38.1,44.4,435.0,24.5,4.2,43.0,106
2026-06-17 01:00:00+00:00,Islamabad,25.8,71,1006.5,2.06,36.4,45.1,532.0,22.9,6.7,63.0,107
2026-06-17 02:00:00+00:00,Islamabad,27.4,62,1007.0,2.18,34.9,44.5,679.0,20.5,10.1,90.0,108
2026-06-17 03:00:00+00:00,Islamabad,25.9,69,1008.0,1.16,32.1,46.8,756.0,17.5,12.9,117.0,108
2026-06-17 04:00:00+00:00,Islamabad,26.5,68,1008.3,1.36,30.5,43.5,683.0,13.3,14.7,141.0,108
2026-06-17 05:00:00+00:00,Islamabad,30.0,53,1007.9,2.15,32.0,48.8,540.0,8.6,15.9,164.0,107
2026-06-17 06:00:00+00:00,Islamabad,31.7,42,1007.1,1.39,34.6,54.8,441.0,5.1,16.1,180.0,105
2026-06-17 07:00:00+00:00,Islamabad,33.3,38,1006.6,1.76,35.4,56.3,437.0,3.7,14.7,185.0,105
2026-06-17 08:00:00+00:00,Islamabad,33.8,38,1005.8,1.53,43.7,70.1,478.0,3.7,12.3,182.0,104
2026-06-17 09:00:00+00:00,Islamabad,33.7,40,1004.8,1.31,42.8,66.4,524.0,4.6,10.5,177.0,105
2026-06-17 10:00:00+00:00,Islamabad,33.9,39,1004.3,1.44,39.5,60.8,494.0,6.0,9.8,171.0,129
2026-06-17 11:00:00+00:00,Islamabad,33.8,39,1003.9,1.17,42.1,64.5,469.0,8.3,9.6,163.0,147
2026-06-17 12:00:00+00:00,Islamabad,32.1,44,1003.7,2.53,31.9,48.2,655.0,9.7,8.1,155.0,155
2026-06-17 13:00:00+00:00,Islamabad,31.7,43,1003.7,1.72,34.0,47.8,1294.0,19.6,7.9,134.0,157
2026-06-17 14:00:00+00:00,Islamabad,30.0,53,1004.1,1.2,34.6,40.7,2145.0,33.2,7.6,104.0,152
2026-06-17 15:00:00+00:00,Islamabad,28.5,58,1004.4,0.99,35.6,40.9,2687.0,43.6,7.3,80.0,137
2026-06-17 16:00:00+00:00,Islamabad,27.8,59,1004.8,1.2,37.8,42.4,2658.0,48.0,7.0,66.0,115
2026-06-17 17:00:00+00:00,Islamabad,27.1,60,1005.1,0.68,37.4,41.8,2320.0,49.1,6.7,57.0,104
2026-06-17 18:00:00+00:00,Islamabad,25.4,73,1006.4,0.32,35.9,39.6,1939.0,48.1,6.2,50.0,104
2026-06-17 19:00:00+00:00,Islamabad,24.5,74,1006.0,0.55,33.5,36.8,1548.0,44.6,5.3,45.0,103
2026-06-17 20:00:00+00:00,Islamabad,24.4,71,1005.5,0.65,31.7,34.3,1113.0,39.2,4.2,43.0,103
2026-06-17 21:00:00+00:00,Islamabad,24.2,68,1004.9,0.65,30.5,32.7,803.0,34.2,3.4,41.0,102
2026-06-17 22:00:00+00:00,Islamabad,24.3,66,1004.9,0.72,29.3,31.5,703.0,30.7,2.8,36.0,101
2026-06-17 23:00:00+00:00,Islamabad,24.9,62,1004.8,0.54,27.9,30.0,728.0,27.7,2.4,31.0,100
2026-06-18 00:00:00+00:00,Islamabad,24.4,69,1005.0,0.16,22.6,25.6,785.0,19.5,3.7,55.0,99
2026-06-18 01:00:00+00:00,Islamabad,25.4,64,1005.9,1.41,22.4,25.2,885.0,20.2,4.4,67.0,98
2026-06-18 02:00:00+00:00,Islamabad,25.2,71,1006.4,1.71,23.6,27.9,1017.0,21.0,5.5,83.0,97
2026-06-18 03:00:00+00:00,Islamabad,27.4,67,1006.4,0.87,25.8,35.0,1059.0,20.1,7.2,103.0,96
2026-06-18 04:00:00+00:00,Islamabad,30.2,50,1006.1,0.85,28.6,43.0,919.0,15.9,10.4,128.0,96
2026-06-18 05:00:00+00:00,Islamabad,32.0,41,1005.9,1.28,30.2,46.6,688.0,10.1,14.1,155.0,95
2026-06-18 06:00:00+00:00,Islamabad,32.6,36,1006.1,1.56,31.4,50.6,517.0,5.6,16.4,175.0,95
2026-06-18 07:00:00+00:00,Islamabad,33.3,33,1005.6,2.57,34.7,62.2,470.0,3.9,15.8,182.0,95
2026-06-18 08:00:00+00:00,Islamabad,31.0,43,1005.9,2.15,32.7,53.8,482.0,3.6,13.7,182.0,95
2026-06-18 09:00:00+00:00,Islamabad,32.6,38,1004.7,1.9,32.5,53.4,509.0,3.8,11.9,179.0,95
2026-06-18 10:00:00+00:00,Islamabad,33.3,37,1003.7,2.42,32.0,52.5,482.0,2.0,10.9,177.0,119
2026-06-18 11:00:00+00:00,Islamabad,30.9,50,1004.0,2.8,31.5,52.2,469.0,0.7,10.2,173.0,139
2026-06-18 12:00:00+00:00,Islamabad,34.1,30,1002.1,1.84,24.8,40.5,630.0,7.4,10.9,161.0,153
2026-06-18 13:00:00+00:00,Islamabad,33.0,35,1002.1,2.11,24.0,39.1,1184.0,11.6,10.3,144.0,158
2026-06-18 14:00:00+00:00,Islamabad,30.8,44,1002.5,2.08,26.1,38.0,1912.0,17.7,9.5,120.0,156
2026-06-18 15:00:00+00:00,Islamabad,29.2,50,1002.8,1.25,25.1,36.3,2320.0,24.1,9.0,98.0,147
2026-06-18 16:00:00+00:00,Islamabad,28.6,54,1003.5,0.92,27.1,36.7,2111.0,31.0,9.0,80.0,129
2026-06-18 17:00:00+00:00,Islamabad,28.4,52,1004.0,1.08,32.1,42.0,1581.0,38.2,9.2,65.0,107
2026-06-18 18:00:00+00:00,Islamabad,28.5,52,1003.4,0.27,34.0,42.5,1123.0,43.5,9.3,52.0,88
2026-06-18 19:00:00+00:00,Islamabad,27.2,56,1003.6,0.6,34.8,43.4,875.0,45.9,9.0,43.0,88
2026-06-18 20:00:00+00:00,Islamabad,26.9,56,1003.8,0.99,36.1,43.9,698.0,46.5,8.5,36.0,88
2026-06-18 21:00:00+00:00,Islamabad,26.4,60,1003.5,0.87,36.6,43.1,568.0,46.0,8.0,31.0,88
2026-06-18 22:00:00+00:00,Islamabad,26.3,60,1003.5,0.55,36.3,41.9,453.0,44.8,7.4,25.0,89
2026-06-18 23:00:00+00:00,Islamabad,26.1,60,1003.8,0.65,35.4,40.3,385.0,42.6,6.8,22.0,89
2026-06-19 00:00:00+00:00,Islamabad,25.8,65,1003.8,0.89,29.7,33.5,435.0,23.4,6.9,57.0,90
2026-06-19 01:00:00+00:00,Islamabad,26.2,67,1004.5,1.8,28.1,32.2,731.0,21.9,7.8,71.0,90
2026-06-19 02:00:00+00:00,Islamabad,24.2,71,1006.0,0.93,24.6,30.4,1146.0,19.7,9.1,92.0,91
2026-06-19 03:00:00+00:00,Islamabad,26.9,62,1005.4,3.34,22.6,32.7,1364.0,16.8,10.1,111.0,91
2026-06-19 04:00:00+00:00,Islamabad,30.3,46,1005.7,1.28,22.3,34.3,1191.0,12.7,10.6,128.0,90
2026-06-19 05:00:00+00:00,Islamabad,31.5,43,1005.7,0.36,22.9,36.9,822.0,8.0,10.7,145.0,90
2026-06-19 06:00:00+00:00,Islamabad,31.6,41,1005.5,2.06,22.1,36.4,528.0,4.5,10.7,158.0,89
2026-06-19 07:00:00+00:00,Islamabad,33.2,39,1005.1,0.98,21.9,36.1,417.0,3.2,10.4,168.0,89
2026-06-19 08:00:00+00:00,Islamabad,31.8,40,1005.9,1.56,22.7,36.6,382.0,3.2,10.0,174.0,88
2026-06-19 09:00:00+00:00,Islamabad,31.6,40,1005.6,3.23,24.3,38.8,373.0,3.7,9.6,177.0,89
2026-06-19 10:00:00+00:00,Islamabad,28.0,61,1006.9,2.18,25.3,40.3,351.0,2.9,9.4,178.0,112
2026-06-19 11:00:00+00:00,Islamabad,28.7,58,1005.8,1.77,26.3,42.1,355.0,2.7,9.3,174.0,130
2026-06-19 12:00:00+00:00,Islamabad,30.3,47,1005.1,2.53,26.3,36.9,454.0,10.8,12.0,153.0,143
2026-06-19 13:00:00+00:00,Islamabad,29.5,50,1005.1,1.96,24.9,34.9,743.0,34.7,13.4,121.0,149
2026-06-19 14:00:00+00:00,Islamabad,28.1,62,1005.5,0.57,25.9,35.7,1127.0,67.8,15.3,77.0,144
2026-06-19 15:00:00+00:00,Islamabad,26.7,63,1005.7,1.06,45.4,54.9,1386.0,94.2,16.9,41.0,126
2026-06-19 16:00:00+00:00,Islamabad,26.4,63,1006.1,0.7,56.7,66.4,1425.0,108.3,18.0,22.0,99
2026-06-19 17:00:00+00:00,Islamabad,27.0,58,1006.3,0.3,60.3,69.8,1338.0,115.6,18.8,12.0,89
2026-06-19 18:00:00+00:00,Islamabad,25.1,70,1006.5,0.63,67.1,76.4,1189.0,117.2,18.4,5.0,92
2026-06-19 19:00:00+00:00,Islamabad,24.7,68,1006.1,0.85,70.5,77.8,952.0,111.1,15.9,1.0,94
2026-06-19 20:00:00+00:00,Islamabad,24.7,66,1005.8,1.25,65.9,70.1,653.0,99.3,12.1,0.0,97
2026-06-19 21:00:00+00:00,Islamabad,24.2,67,1005.6,1.27,59.6,62.4,429.0,88.2,9.2,2.0,99
2026-06-19 22:00:00+00:00,Islamabad,24.0,66,1005.2,1.32,53.6,55.6,336.0,81.1,7.7,3.0,102
2026-06-19 23:00:00+00:00,Islamabad,23.7,67,1005.1,1.35,48.1,50.2,318.0,74.7,6.9,5.0,103
2026-06-20 00:00:00+00:00,Islamabad,23.3,71,1005.0,1.05,43.1,45.2,342.0,64.8,6.4,11.0,105
2026-06-20 01:00:00+00:00,Islamabad,24.1,71,1005.3,1.32,38.6,40.3,435.0,53.0,7.7,38.0,106
2026-06-20 02:00:00+00:00,Islamabad,27.2,64,1005.7,0.51,34.8,36.8,570.0,36.6,9.5,76.0,107
2026-06-20 03:00:00+00:00,Islamabad,29.2,49,1006.0,0.35,22.2,28.1,640.0,22.9,10.8,110.0,108
2026-06-20 04:00:00+00:00,Islamabad,30.6,45,1006.0,1.15,21.4,30.2,576.0,14.5,11.1,134.0,108
2026-06-20 05:00:00+00:00,Islamabad,31.8,41,1005.8,1.8,21.3,32.1,446.0,8.8,10.8,153.0,108
2026-06-20 06:00:00+00:00,Islamabad,32.7,33,1006.1,1.84,21.5,33.4,349.0,5.0,10.5,168.0,108
2026-06-20 07:00:00+00:00,Islamabad,32.5,34,1005.8,1.26,22.8,35.3,328.0,3.2,10.2,178.0,108
2026-06-20 08:00:00+00:00,Islamabad,33.1,33,1005.3,1.57,23.6,35.6,340.0,3.4,9.8,183.0,108
2026-06-20 09:00:00+00:00,Islamabad,33.4,34,1004.7,1.39,24.2,36.3,352.0,4.0,9.4,184.0,108
2026-06-20 10:00:00+00:00,Islamabad,33.2,35,1004.2,2.1,23.9,36.2,275.0,2.3,8.9,184.0,119
2026-06-20 11:00:00+00:00,Islamabad,33.0,35,1003.8,2.08,23.6,36.2,199.0,1.1,8.4,179.0,142
2026-06-20 12:00:00+00:00,Islamabad,32.9,35,1003.3,1.92,11.0,13.2,361.0,8.4,6.8,152.0,155
2026-06-20 13:00:00+00:00,Islamabad,31.5,43,1003.2,1.75,11.5,13.9,1043.0,29.4,7.7,122.0,158
2026-06-20 14:00:00+00:00,Islamabad,29.1,54,1003.5,1.18,17.5,19.9,1964.0,57.9,9.0,81.0,153
2026-06-20 15:00:00+00:00,Islamabad,27.8,56,1003.6,0.89,28.3,31.1,2518.0,75.5,9.5,51.0,135
2026-06-20 16:00:00+00:00,Islamabad,26.9,57,1004.2,0.92,24.5,27.4,2370.0,72.0,8.6,45.0,108
2026-06-20 17:00:00+00:00,Islamabad,26.8,57,1004.3,0.85,24.4,27.6,1855.0,57.5,6.9,50.0,99
2026-06-20 18:00:00+00:00,Islamabad,27.6,53,1004.3,0.71,24.7,28.0,1379.0,44.5,5.5,55.0,96
2026-06-20 19:00:00+00:00,Islamabad,27.0,53,1003.9,1.13,23.8,27.1,1062.0,37.3,4.6,54.0,93
2026-06-20 20:00:00+00:00,Islamabad,22.7,77,1004.8,3.23,22.2,25.3,784.0,31.5,3.9,53.0,89
2026-06-20 21:00:00+00:00,Islamabad,21.6,86,1005.4,2.73,20.7,23.5,588.0,26.5,3.3,52.0,86
2026-06-20 22:00:00+00:00,Islamabad,21.2,89,1003.8,2.9,19.0,21.4,515.0,22.2,2.7,50.0,83
2026-06-20 23:00:00+00:00,Islamabad,21.3,93,1004.0,1.14,17.1,19.7,524.0,18.8,2.2,49.0,80
2026-06-21 00:00:00+00:00,Islamabad,22.0,87,1003.9,1.37,17.2,20.4,539.0,12.7,2.6,60.0,77
2026-06-21 01:00:00+00:00,Islamabad,23.6,83,1004.1,0.34,17.9,21.0,541.0,12.5,4.1,75.0,75
2026-06-21 02:00:00+00:00,Islamabad,27.0,65,1004.4,1.0,20.0,23.6,548.0,12.0,6.2,95.0,74
2026-06-21 03:00:00+00:00,Islamabad,29.7,46,1004.6,0.87,20.0,28.2,536.0,10.9,7.9,115.0,73
2026-06-21 04:00:00+00:00,Islamabad,31.4,38,1004.2,0.67,16.8,24.2,485.0,8.4,9.1,133.0,72
2026-06-21 05:00:00+00:00,Islamabad,32.8,35,1003.7,0.68,13.4,20.4,415.0,5.3,10.0,151.0,72
2026-06-21 06:00:00+00:00,Islamabad,32.9,34,1003.6,1.4,13.1,20.7,362.0,3.0,10.3,162.0,72
2026-06-21 07:00:00+00:00,Islamabad,33.6,33,1003.2,1.67,13.2,21.2,338.0,2.4,9.6,164.0,71
2026-06-21 08:00:00+00:00,Islamabad,33.9,33,1002.8,2.15,13.8,22.0,330.0,2.6,8.4,161.0,70
2026-06-21 09:00:00+00:00,Islamabad,34.0,33,1002.3,1.1,14.6,23.0,339.0,3.2,7.4,156.0,91
2026-06-21 10:00:00+00:00,Islamabad,33.8,33,1001.8,1.32,15.7,24.3,326.0,3.1,7.0,153.0,108
2026-06-21 11:00:00+00:00,Islamabad,33.6,33,1001.5,1.3,17.9,27.3,329.0,3.3,6.9,150.0,121
2026-06-21 12:00:00+00:00,Islamabad,28.8,66,1001.3,1.75,21.4,33.5,463.0,6.2,6.3,145.0,128
2026-06-21 13:00:00+00:00,Islamabad,29.8,61,1001.8,1.6,22.5,31.7,890.0,16.6,6.4,121.0,131
2026-06-21 14:00:00+00:00,Islamabad,28.2,71,1002.2,0.75,25.9,31.1,1448.0,31.1,6.4,88.0,124
2026-06-21 15:00:00+00:00,Islamabad,27.1,70,1002.3,1.33,30.4,35.0,1763.0,42.8,6.5,60.0,109
2026-06-21 16:00:00+00:00,Islamabad,26.7,66,1002.8,0.98,34.9,39.7,1603.0,49.6,6.6,44.0,86
2026-06-21 17:00:00+00:00,Islamabad,26.3,60,1003.1,0.81,36.8,41.3,1200.0,53.6,6.7,33.0,71
2026-06-21 18:00:00+00:00,Islamabad,26.9,52,1002.7,0.32,35.7,40.3,884.0,54.4,6.5,26.0,72
2026-06-21 19:00:00+00:00,Islamabad,26.5,52,1003.0,0.54,32.8,36.9,806.0,50.9,5.7,22.0,73
2026-06-21 20:00:00+00:00,Islamabad,26.3,50,1003.0,1.39,30.2,33.6,815.0,44.2,4.6,22.0,73
2026-06-21 21:00:00+00:00,Islamabad,22.4,77,1004.3,4.45,28.5,31.2,785.0,36.9,3.6,27.0,74
2026-06-21 22:00:00+00:00,Islamabad,20.4,90,1004.8,2.68,27.2,29.5,618.0,28.9,2.8,38.0,75
2026-06-21 23:00:00+00:00,Islamabad,21.0,86,1004.6,4.06,23.3,25.7,412.0,20.5,2.2,53.0,75
2026-06-22 00:00:00+00:00,Islamabad,21.3,89,1004.8,2.48,14.8,17.1,340.0,8.2,1.9,89.0,76
2026-06-22 01:00:00+00:00,Islamabad,21.2,88,1004.9,2.35,14.5,18.3,554.0,11.7,2.5,89.0,76
2026-06-22 02:00:00+00:00,Islamabad,23.1,80,1004.9,2.65,16.1,21.0,901.0,16.3,3.4,89.0,75
2026-06-22 03:00:00+00:00,Islamabad,26.6,63,1005.2,0.92,19.4,27.0,1095.0,18.3,4.4,96.0,75
2026-06-22 04:00:00+00:00,Islamabad,29.2,47,1005.6,1.19,22.2,33.8,971.0,14.9,5.6,114.0,75
2026-06-22 05:00:00+00:00,Islamabad,30.1,44,1005.7,1.03,22.1,34.1,693.0,8.9,7.0,139.0,75
2026-06-22 06:00:00+00:00,Islamabad,29.1,49,1006.4,2.24,20.8,31.8,473.0,4.3,7.9,158.0,76
2026-06-22 07:00:00+00:00,Islamabad,27.3,61,1006.9,4.85,20.0,30.5,392.0,3.0,8.0,167.0,77
2026-06-22 08:00:00+00:00,Islamabad,28.0,55,1006.4,3.75,19.6,30.2,368.0,3.1,7.7,170.0,77
2026-06-22 09:00:00+00:00,Islamabad,29.3,49,1005.3,3.48,20.5,32.1,364.0,3.8,7.5,171.0,84
2026-06-22 10:00:00+00:00,Islamabad,29.4,48,1005.1,2.57,21.9,34.2,308.0,3.6,7.8,174.0,101
2026-06-22 11:00:00+00:00,Islamabad,29.6,46,1004.4,1.77,22.3,34.6,272.0,3.8,8.3,175.0,119
2026-06-22 12:00:00+00:00,Islamabad,30.7,41,1003.0,2.49,17.2,24.3,439.0,7.6,5.8,139.0,136
2026-06-22 13:00:00+00:00,Islamabad,30.0,48,1003.0,1.19,18.5,24.8,1039.0,24.8,6.5,110.0,142
2026-06-22 14:00:00+00:00,Islamabad,28.0,57,1003.2,1.2,24.2,28.4,1842.0,48.8,7.5,69.0,135
2026-06-22 15:00:00+00:00,Islamabad,26.6,59,1003.7,1.35,30.6,34.5,2338.0,67.9,8.2,36.0,116
2026-06-22 16:00:00+00:00,Islamabad,26.2,59,1004.0,1.42,35.7,39.6,2262.0,78.0,8.4,17.0,89
2026-06-22 17:00:00+00:00,Islamabad,25.8,59,1004.0,1.37,40.2,43.8,1879.0,83.2,8.4,6.0,78
2026-06-22 18:00:00+00:00,Islamabad,25.8,59,1003.5,1.28,42.7,45.9,1476.0,85.1,8.0,0.0,78
2026-06-22 19:00:00+00:00,Islamabad,25.3,59,1003.3,1.04,41.9,44.7,1094.0,83.3,7.2,0.0,79
2026-06-22 20:00:00+00:00,Islamabad,25.0,59,1003.1,0.63,39.3,41.7,693.0,78.1,6.1,4.0,80
2026-06-22 21:00:00+00:00,Islamabad,25.6,56,1002.8,0.38,36.8,38.9,435.0,71.5,5.1,9.0,80
2026-06-22 22:00:00+00:00,Islamabad,26.3,52,1002.6,0.22,35.0,37.0,412.0,63.5,3.8,9.0,81
2026-06-22 23:00:00+00:00,Islamabad,26.5,52,1002.7,0.1,34.1,35.9,533.0,54.0,2.7,10.0,82
2026-06-23 00:00:00+00:00,Islamabad,25.2,61,1002.8,0.07,25.9,27.5,685.0,35.0,4.7,33.0,83
2026-06-23 01:00:00+00:00,Islamabad,25.9,64,1002.9,0.07,24.5,26.0,894.0,31.1,7.0,55.0,83
2026-06-23 02:00:00+00:00,Islamabad,27.6,59,1003.2,0.21,23.6,25.4,1135.0,25.5,10.2,86.0,84
2026-06-23 03:00:00+00:00,Islamabad,29.3,52,1003.3,0.47,20.8,26.5,1215.0,19.8,12.3,114.0,85
2026-06-23 04:00:00+00:00,Islamabad,30.8,46,1003.0,1.15,20.3,27.2,982.0,14.1,12.2,137.0,85
2026-06-23 05:00:00+00:00,Islamabad,32.0,42,1002.6,1.81,19.2,25.9,589.0,8.4,11.0,157.0,85
2026-06-23 06:00:00+00:00,Islamabad,32.7,39,1002.4,1.86,20.9,27.7,299.0,4.3,9.8,172.0,85
2026-06-23 07:00:00+00:00,Islamabad,32.9,39,1001.8,2.31,19.1,24.9,229.0,2.8,9.1,179.0,85
2026-06-23 08:00:00+00:00,Islamabad,33.2,38,1000.9,2.83,17.8,22.7,262.0,3.0,8.5,181.0,84
2026-06-23 09:00:00+00:00,Islamabad,33.3,38,1000.0,2.94,17.3,21.8,310.0,3.6,8.0,179.0,96
2026-06-23 10:00:00+00:00,Islamabad,33.6,37,999.4,2.73,16.6,20.9,274.0,2.2,7.5,177.0,123
2026-06-23 11:00:00+00:00,Islamabad,33.5,36,999.0,2.2,15.8,20.0,252.0,1.3,7.1,173.0,142
2026-06-23 12:00:00+00:00,Islamabad,33.8,35,998.2,1.5,13.1,16.5,455.0,7.2,6.9,157.0,154
2026-06-23 13:00:00+00:00,Islamabad,32.8,41,998.1,0.54,12.5,16.4,1159.0,27.6,7.9,124.0,157
2026-06-23 14:00:00+00:00,Islamabad,30.3,52,998.1,0.68,19.4,22.6,2087.0,55.7,9.2,78.0,151
2026-06-23 15:00:00+00:00,Islamabad,29.3,51,998.5,0.22,30.0,33.8,2617.0,76.3,10.1,43.0,132
2026-06-23 16:00:00+00:00,Islamabad,29.5,47,999.2,0.1,35.2,38.8,2383.0,83.4,10.1,27.0,103
2026-06-23 17:00:00+00:00,Islamabad,29.6,44,999.5,0.21,36.8,39.8,1751.0,82.9,9.7,22.0,82
2026-06-23 18:00:00+00:00,Islamabad,29.9,46,999.3,0.36,36.6,39.1,1196.0,77.4,9.1,23.0,82
2026-06-23 19:00:00+00:00,Islamabad,29.3,48,999.8,0.1,33.5,35.6,876.0,65.0,8.3,33.0,81
2026-06-23 20:00:00+00:00,Islamabad,29.0,49,1000.2,0.25,29.4,31.3,633.0,47.6,7.2,49.0,81
2026-06-23 21:00:00+00:00,Islamabad,28.5,50,1000.3,0.11,26.1,27.9,465.0,33.6,6.4,62.0,80
2026-06-23 22:00:00+00:00,Islamabad,27.6,54,1000.4,0.27,24.0,25.7,384.0,26.7,5.8,65.0,79
2026-06-23 23:00:00+00:00,Islamabad,26.4,59,1000.8,1.22,22.4,24.1,378.0,23.3,5.5,65.0,78
2026-06-24 00:00:00+00:00,Islamabad,26.2,64,1001.2,1.57,21.1,22.9,413.0,16.4,4.4,84.0,77
2026-06-24 01:00:00+00:00,Islamabad,27.1,61,1001.7,2.74,21.7,23.1,511.0,15.6,5.6,100.0,77
2026-06-24 02:00:00+00:00,Islamabad,28.1,61,1002.2,2.86,21.2,22.6,651.0,14.4,7.2,122.0,77
2026-06-24 03:00:00+00:00,Islamabad,29.5,55,1002.7,2.98,19.1,23.7,730.0,12.6,8.5,140.0,76
2026-06-24 04:00:00+00:00,Islamabad,30.9,51,1003.0,2.67,20.9,29.6,690.0,9.8,9.1,151.0,76
2026-06-24 05:00:00+00:00,Islamabad,32.2,48,1003.0,2.26,22.6,36.2,590.0,6.5,9.4,158.0,76
2026-06-24 06:00:00+00:00,Islamabad,33.5,41,1002.5,1.04,23.6,42.5,505.0,4.1,9.4,162.0,77
2026-06-24 07:00:00+00:00,Islamabad,34.3,40,1001.7,0.9,25.3,48.1,461.0,3.1,9.0,163.0,77
2026-06-24 08:00:00+00:00,Islamabad,35.0,38,1000.8,0.94,25.4,48.3,431.0,3.0,8.4,161.0,96
2026-06-24 09:00:00+00:00,Islamabad,35.7,37,999.7,1.27,25.1,46.7,412.0,3.5,7.9,158.0,113
2026-06-24 10:00:00+00:00,Islamabad,36.1,36,999.1,1.68,24.4,44.5,375.0,2.9,7.5,156.0,125
2026-06-24 11:00:00+00:00,Islamabad,35.6,36,998.6,1.37,24.2,43.8,349.0,2.9,7.3,152.0,132
2026-06-24 12:00:00+00:00,Islamabad,36.2,34,997.2,1.12,24.8,44.1,412.0,8.5,7.4,140.0,135
2026-06-24 13:00:00+00:00,Islamabad,34.4,43,997.6,1.82,28.2,48.4,666.0,25.3,8.2,112.0,132
2026-06-24 14:00:00+00:00,Islamabad,32.2,49,998.3,2.15,31.3,48.1,1010.0,47.7,9.2,77.0,123
2026-06-24 15:00:00+00:00,Islamabad,31.1,52,999.1,1.61,39.2,54.8,1221.0,64.3,9.9,49.0,105
2026-06-24 16:00:00+00:00,Islamabad,30.3,53,1000.3,2.04,42.4,56.3,1182.0,70.5,9.8,35.0,83
2026-06-24 17:00:00+00:00,Islamabad,29.5,56,1001.4,3.59,43.3,54.7,1009.0,70.9,9.3,29.0,84
2026-06-24 18:00:00+00:00,Islamabad,29.2,58,1001.8,3.3,42.3,51.5,831.0,67.1,8.6,29.0,85
2026-06-24 19:00:00+00:00,Islamabad,28.6,58,1001.8,3.36,39.9,47.3,674.0,57.9,7.8,35.0,85
2026-06-24 20:00:00+00:00,Islamabad,28.4,58,1002.2,4.93,36.2,42.1,513.0,44.6,6.8,46.0,86
2026-06-24 21:00:00+00:00,Islamabad,24.5,74,1003.4,4.26,32.6,37.7,394.0,32.9,5.9,57.0,86
2026-06-24 22:00:00+00:00,Islamabad,23.8,82,1003.2,4.26,29.9,35.2,338.0,24.6,5.0,66.0,87
2026-06-24 23:00:00+00:00,Islamabad,24.9,75,1003.3,3.26,26.5,31.9,324.0,17.9,4.3,75.0,87
2026-06-25 00:00:00+00:00,Islamabad,24.4,84,1002.8,2.94,24.9,30.7,344.0,13.6,4.1,85.0,87
2026-06-25 01:00:00+00:00,Islamabad,25.6,76,1003.5,2.4,24.1,30.2,420.0,13.3,4.8,96.0,88
2026-06-25 02:00:00+00:00,Islamabad,26.3,72,1004.8,3.34,25.6,32.2,530.0,15.4,6.0,107.0,88
2026-06-25 03:00:00+00:00,Islamabad,26.9,70,1005.7,3.76,27.4,45.6,592.0,15.9,7.3,120.0,88
2026-06-25 04:00:00+00:00,Islamabad,28.2,64,1006.2,4.47,29.7,56.0,559.0,12.6,8.8,137.0,89
2026-06-25 05:00:00+00:00,Islamabad,29.1,59,1006.2,4.42,31.8,62.2,478.0,7.7,10.5,155.0,90
2026-06-25 06:00:00+00:00,Islamabad,29.5,57,1006.4,4.71,34.6,68.9,418.0,4.1,11.6,168.0,90
2026-06-25 07:00:00+00:00,Islamabad,30.2,54,1006.2,4.65,36.1,72.6,401.0,2.9,11.6,174.0,91
2026-06-25 08:00:00+00:00,Islamabad,30.6,55,1005.7,4.0,38.1,75.2,403.0,3.0,11.1,175.0,92
2026-06-25 09:00:00+00:00,Islamabad,30.9,53,1004.7,2.73,36.2,69.6,423.0,3.6,10.6,174.0,107
2026-06-25 10:00:00+00:00,Islamabad,31.7,51,1003.9,1.94,36.7,69.6,414.0,2.3,10.2,173.0,124
2026-06-25 11:00:00+00:00,Islamabad,31.8,50,1003.2,2.13,34.7,65.2,422.0,1.5,9.9,168.0,138
2026-06-25 12:00:00+00:00,Islamabad,31.5,52,1003.4,1.86,26.8,40.6,580.0,8.4,7.7,166.0,148
2026-06-25 13:00:00+00:00,Islamabad,31.0,53,1003.2,1.54,28.4,42.5,1048.0,27.8,8.7,135.0,153
2026-06-25 14:00:00+00:00,Islamabad,29.7,67,1003.0,0.4,34.0,45.9,1667.0,54.7,10.2,91.0,150
2026-06-25 15:00:00+00:00,Islamabad,28.3,69,1002.9,0.25,43.7,54.5,2090.0,76.2,11.0,55.0,134
2026-06-25 16:00:00+00:00,Islamabad,27.8,70,1003.5,0.3,47.6,57.0,2162.0,88.3,10.9,32.0,108
2026-06-25 17:00:00+00:00,Islamabad,28.1,67,1003.8,0.3,51.7,60.3,2039.0,94.9,10.2,16.0,97
2026-06-25 18:00:00+00:00,Islamabad,28.2,69,1003.6,0.38,54.7,62.4,1845.0,94.8,9.2,8.0,97
2026-06-25 19:00:00+00:00,Islamabad,27.4,70,1003.7,0.68,52.6,58.0,1585.0,84.8,7.8,11.0,98
2026-06-25 20:00:00+00:00,Islamabad,27.1,71,1004.1,0.94,47.4,51.2,1255.0,68.2,6.2,22.0,99
2026-06-25 21:00:00+00:00,Islamabad,26.9,70,1004.1,1.19,43.0,46.2,959.0,53.2,5.0,33.0,100
2026-06-25 22:00:00+00:00,Islamabad,26.5,71,1004.5,1.58,39.8,43.1,713.0,42.6,4.4,38.0,101
2026-06-25 23:00:00+00:00,Islamabad,26.2,71,1004.9,1.81,37.4,40.2,503.0,33.8,4.2,42.0,103
2026-06-26 00:00:00+00:00,Islamabad,26.0,73,1005.1,1.67,41.2,43.8,388.0,38.3,4.9,33.0,104
2026-06-26 01:00:00+00:00,Islamabad,26.6,71,1005.6,1.96,38.2,41.4,437.0,32.5,6.7,57.0,105
2026-06-26 02:00:00+00:00,Islamabad,28.4,66,1006.0,1.87,31.5,36.6,583.0,24.3,9.3,91.0,107
2026-06-26 03:00:00+00:00,Islamabad,30.1,59,1006.3,1.59,28.1,36.9,681.0,17.1,11.6,122.0,107
2026-06-26 04:00:00+00:00,Islamabad,31.6,54,1006.2,1.17,29.2,40.5,666.0,11.9,13.5,147.0,108
2026-06-26 05:00:00+00:00,Islamabad,32.7,51,1006.0,1.09,31.7,46.0,604.0,7.6,15.2,169.0,107
2026-06-26 06:00:00+00:00,Islamabad,33.5,47,1006.0,1.41,33.3,48.9,553.0,4.7,16.0,186.0,107
2026-06-26 07:00:00+00:00,Islamabad,34.2,46,1005.5,1.14,34.2,49.0,530.0,3.5,15.5,196.0,107
2026-06-26 08:00:00+00:00,Islamabad,34.6,44,1005.0,1.38,34.3,48.1,517.0,3.6,14.3,200.0,107
2026-06-26 09:00:00+00:00,Islamabad,34.7,43,1004.0,0.87,34.9,47.8,522.0,4.3,13.2,201.0,115
2026-06-26 10:00:00+00:00,Islamabad,34.8,42,1003.5,0.78,36.2,49.2,484.0,3.0,12.7,203.0,146
2026-06-26 11:00:00+00:00,Islamabad,34.9,41,1002.9,0.85,36.3,49.5,464.0,2.2,12.4,201.0,165
2026-06-26 12:00:00+00:00,Islamabad,35.1,38,1002.1,2.29,35.2,50.6,650.0,9.1,11.7,186.0,177
2026-06-26 13:00:00+00:00,Islamabad,34.0,46,1002.3,1.08,35.9,51.2,1292.0,32.6,12.4,148.0,183
2026-06-26 14:00:00+00:00,Islamabad,31.9,59,1002.6,0.81,45.4,59.8,2140.0,64.8,13.2,96.0,180
2026-06-26 15:00:00+00:00,Islamabad,30.8,60,1003.1,0.49,53.7,69.8,2635.0,87.1,13.4,55.0,166
2026-06-26 16:00:00+00:00,Islamabad,30.0,59,1003.5,0.9,55.9,72.4,2430.0,91.0,12.3,37.0,141
2026-06-26 17:00:00+00:00,Islamabad,29.7,57,1004.1,0.98,53.1,65.2,1872.0,84.9,10.4,32.0,111
2026-06-26 18:00:00+00:00,Islamabad,29.0,62,1004.3,1.13,49.7,59.5,1439.0,75.7,8.7,31.0,112
2026-06-26 19:00:00+00:00,Islamabad,28.4,63,1004.4,1.03,45.1,52.9,1358.0,63.5,7.2,36.0,111
2026-06-26 20:00:00+00:00,Islamabad,28.0,64,1004.4,1.28,39.7,45.5,1403.0,48.1,5.9,45.0,110
2026-06-26 21:00:00+00:00,Islamabad,27.6,64,1004.3,1.41,35.0,39.9,1374.0,35.6,4.9,53.0,109
2026-06-26 22:00:00+00:00,Islamabad,27.4,64,1004.3,1.57,32.1,36.9,1149.0,28.8,4.2,53.0,109
2026-06-26 23:00:00+00:00,Islamabad,27.4,64,1004.4,1.6,30.4,34.9,850.0,24.9,3.9,51.0,108
2026-06-27 00:00:00+00:00,Islamabad,27.5,66,1004.3,1.64,29.0,31.9,639.0,26.4,3.9,49.0,107
2026-06-27 01:00:00+00:00,Islamabad,28.2,65,1004.7,1.55,28.5,31.4,610.0,24.1,5.2,72.0,106
2026-06-27 02:00:00+00:00,Islamabad,29.6,61,1005.0,1.85,29.8,33.8,669.0,20.8,7.1,105.0,105
2026-06-27 03:00:00+00:00,Islamabad,31.1,55,1005.1,1.88,34.2,51.1,703.0,17.1,9.1,134.0,105
2026-06-27 04:00:00+00:00,Islamabad,32.4,51,1005.0,1.8,39.8,63.6,663.0,12.8,11.3,157.0,105
2026-06-27 05:00:00+00:00,Islamabad,33.7,48,1004.7,1.21,41.7,66.4,597.0,8.2,13.5,177.0,106
2026-06-27 06:00:00+00:00,Islamabad,34.7,42,1004.6,0.97,42.6,66.4,533.0,4.8,14.7,191.0,107
2026-06-27 07:00:00+00:00,Islamabad,35.4,40,1003.8,1.57,42.0,64.3,473.0,3.4,14.0,195.0,108
2026-06-27 08:00:00+00:00,Islamabad,36.3,39,1002.9,1.94,41.2,61.7,415.0,3.3,12.2,193.0,109
2026-06-27 09:00:00+00:00,Islamabad,35.6,42,1001.9,2.45,40.2,59.3,382.0,3.7,10.8,188.0,127
2026-06-27 10:00:00+00:00,Islamabad,35.2,44,1001.3,2.04,38.8,56.7,325.0,2.2,10.2,185.0,151
2026-06-27 11:00:00+00:00,Islamabad,35.7,38,1000.4,1.2,37.5,54.9,293.0,1.3,9.9,181.0,164
2026-06-27 12:00:00+00:00,Islamabad,36.1,35,999.8,2.04,23.9,34.0,458.0,7.9,8.9,159.0,171
2026-06-27 13:00:00+00:00,Islamabad,34.7,46,999.6,1.28,23.9,34.9,1050.0,33.7,10.0,123.0,172
2026-06-27 14:00:00+00:00,Islamabad,32.4,59,999.7,0.93,34.3,44.9,1839.0,69.0,11.4,72.0,163
2026-06-27 15:00:00+00:00,Islamabad,31.1,58,999.8,1.39,44.4,55.1,2302.0,93.3,12.2,35.0,142
2026-06-27 16:00:00+00:00,Islamabad,30.6,55,1000.4,1.34,48.5,58.3,2142.0,97.0,11.9,22.0,108
2026-06-27 17:00:00+00:00,Islamabad,30.7,53,1000.8,1.52,48.7,56.2,1656.0,89.6,11.1,23.0,106
2026-06-27 18:00:00+00:00,Islamabad,30.5,58,1000.6,1.3,46.9,53.6,1210.0,79.2,10.1,27.0,105
2026-06-27 19:00:00+00:00,Islamabad,29.9,59,1000.7,1.5,44.0,50.1,916.0,66.7,9.0,34.0,105
2026-06-27 20:00:00+00:00,Islamabad,29.4,60,1000.6,1.55,40.4,45.9,662.0,51.1,7.8,45.0,105
2026-06-27 21:00:00+00:00,Islamabad,29.2,61,1000.5,1.9,36.2,41.2,480.0,38.0,6.9,55.0,105
2026-06-27 22:00:00+00:00,Islamabad,28.8,62,1000.8,2.01,32.4,36.6,396.0,29.5,6.3,61.0,105
2026-06-27 23:00:00+00:00,Islamabad,28.5,65,1001.0,1.77,29.6,33.5,385.0,23.5,5.9,66.0,105
2026-06-28 00:00:00+00:00,Islamabad,28.6,59,1000.6,2.75,29.3,32.7,395.0,22.0,5.7,66.0,105
2026-06-28 01:00:00+00:00,Islamabad,28.9,60,1000.6,2.93,28.8,32.7,426.0,18.4,7.1,89.0,105
2026-06-28 02:00:00+00:00,Islamabad,30.3,59,1000.9,3.01,30.0,35.6,480.0,13.4,9.1,120.0,105
2026-06-28 03:00:00+00:00,Islamabad,32.0,52,1001.3,3.32,32.7,45.6,511.0,9.1,10.7,146.0,105
2026-06-28 04:00:00+00:00,Islamabad,33.2,50,1001.5,3.4,36.0,52.5,497.0,6.4,11.6,159.0,105
2026-06-28 05:00:00+00:00,Islamabad,34.3,48,1001.5,3.11,36.2,53.3,460.0,4.5,12.1,167.0,104
2026-06-28 06:00:00+00:00,Islamabad,35.2,46,1001.2,2.51,34.6,51.9,426.0,3.2,12.2,171.0,104
2026-06-28 07:00:00+00:00,Islamabad,36.2,41,1000.5,2.19,32.8,50.2,399.0,2.5,11.6,172.0,103
2026-06-28 08:00:00+00:00,Islamabad,37.2,37,999.8,2.05,30.9,47.4,375.0,2.5,10.7,170.0,102
2026-06-28 09:00:00+00:00,Islamabad,37.6,35,998.9,2.14,29.3,44.9,363.0,2.7,9.9,168.0,120
2026-06-28 10:00:00+00:00,Islamabad,37.9,34,998.0,1.81,28.2,43.1,347.0,2.3,9.6,168.0,137
2026-06-28 11:00:00+00:00,Islamabad,37.9,33,997.3,1.17,27.2,41.8,343.0,2.2,9.5,166.0,147
2026-06-28 12:00:00+00:00,Islamabad,37.7,32,996.8,0.78,26.5,41.2,406.0,5.1,9.6,159.0,151
2026-06-28 13:00:00+00:00,Islamabad,36.4,41,996.8,0.96,26.0,40.9,618.0,13.9,9.9,140.0,151
2026-06-28 14:00:00+00:00,Islamabad,33.9,45,997.4,2.4,32.4,45.4,898.0,25.7,10.4,114.0,146
2026-06-28 15:00:00+00:00,Islamabad,32.5,51,997.8,1.8,36.2,48.4,1057.0,34.9,10.7,93.0,134
2026-06-28 16:00:00+00:00,Islamabad,31.8,54,998.4,1.75,38.3,50.9,984.0,39.5,10.7,80.0,117
2026-06-28 17:00:00+00:00,Islamabad,30.9,57,998.7,1.52,41.8,55.8,790.0,41.5,10.4,71.0,98
2026-06-28 18:00:00+00:00,Islamabad,31.4,54,998.6,1.88,45.9,60.5,617.0,41.6,10.0,64.0,96
2026-06-28 19:00:00+00:00,Islamabad,30.7,56,998.5,1.91,47.8,61.7,510.0,39.4,9.2,59.0,96
2026-06-28 20:00:00+00:00,Islamabad,30.4,57,998.3,1.85,46.3,57.7,424.0,35.4,8.1,55.0,97
2026-06-28 21:00:00+00:00,Islamabad,29.9,59,998.3,1.7,43.0,52.0,363.0,31.0,7.3,55.0,97
2026-06-28 22:00:00+00:00,Islamabad,29.4,60,998.4,1.63,39.8,47.4,325.0,26.5,6.8,57.0,98
2026-06-28 23:00:00+00:00,Islamabad,29.2,60,998.5,1.8,37.5,44.2,312.0,21.7,6.5,63.0,98
2026-06-29 00:00:00+00:00,Islamabad,29.0,61,998.0,1.81,39.3,48.5,337.0,19.4,6.0,61.0,99
2026-06-29 01:00:00+00:00,Islamabad,29.7,59,998.0,1.85,39.2,48.3,435.0,17.5,7.5,83.0,100
2026-06-29 02:00:00+00:00,Islamabad,31.1,56,998.2,2.34,40.4,52.2,571.0,14.7,9.7,114.0,101
2026-06-29 03:00:00+00:00,Islamabad,32.7,51,998.7,2.69,41.2,58.1,651.0,12.0,11.4,141.0,102
2026-06-29 04:00:00+00:00,Islamabad,33.9,49,998.9,2.9,40.6,58.1,618.0,9.3,12.4,160.0,103
2026-06-29 05:00:00+00:00,Islamabad,35.1,47,998.8,2.65,39.3,56.6,530.0,6.5,13.0,175.0,103
2026-06-29 06:00:00+00:00,Islamabad,35.8,45,999.0,2.98,38.2,55.1,460.0,4.5,13.2,186.0,103
2026-06-29 07:00:00+00:00,Islamabad,35.8,47,998.9,2.81,38.5,55.6,437.0,3.6,12.7,191.0,104
2026-06-29 08:00:00+00:00,Islamabad,36.3,47,998.4,2.76,37.1,53.2,433.0,3.4,11.8,191.0,104
2026-06-29 09:00:00+00:00,Islamabad,36.6,46,997.7,2.84,34.9,50.1,442.0,3.7,11.1,189.0,130
2026-06-29 10:00:00+00:00,Islamabad,36.9,46,997.3,3.06,33.3,48.0,441.0,3.5,10.8,188.0,152
2026-06-29 11:00:00+00:00,Islamabad,36.6,46,996.6,3.11,32.7,47.3,453.0,3.8,10.8,184.0,164
2026-06-29 12:00:00+00:00,Islamabad,36.7,45,996.3,3.45,38.1,52.4,542.0,7.6,10.7,177.0,171
2026-06-29 13:00:00+00:00,Islamabad,35.6,49,996.2,3.4,38.5,51.7,802.0,13.8,10.6,158.0,174
2026-06-29 14:00:00+00:00,Islamabad,34.1,55,996.3,2.91,41.3,51.0,1138.0,22.5,10.3,132.0,171
2026-06-29 15:00:00+00:00,Islamabad,33.2,58,996.7,2.74,43.5,53.1,1331.0,29.7,10.1,109.0,162
2026-06-29 16:00:00+00:00,Islamabad,32.3,60,997.3,2.0,45.2,55.4,1257.0,34.4,9.9,93.0,149
2026-06-29 17:00:00+00:00,Islamabad,31.8,60,997.8,2.51,47.7,58.4,1040.0,37.6,9.6,81.0,128
2026-06-29 18:00:00+00:00,Islamabad,32.0,61,997.5,2.46,50.2,61.0,833.0,38.4,9.3,73.0,112
2026-06-29 19:00:00+00:00,Islamabad,31.1,64,997.5,2.3,51.2,62.2,679.0,35.8,8.8,70.0,113
2026-06-29 20:00:00+00:00,Islamabad,30.7,65,997.6,2.2,50.6,61.5,534.0,30.8,8.2,72.0,113
2026-06-29 21:00:00+00:00,Islamabad,30.4,67,997.6,2.72,49.5,60.1,427.0,26.1,7.8,75.0,113
2026-06-29 22:00:00+00:00,Islamabad,29.9,70,997.9,3.1,48.4,59.1,367.0,22.4,7.5,78.0,114
2026-06-29 23:00:00+00:00,Islamabad,29.5,73,998.1,3.36,47.5,58.8,344.0,18.9,7.2,83.0,115
2026-06-30 00:00:00+00:00,Islamabad,29.7,75,998.1,3.35,48.4,59.5,351.0,20.6,7.9,79.0,116
2026-06-30 01:00:00+00:00,Islamabad,30.0,76,998.3,3.3,47.8,58.1,405.0,18.1,9.5,99.0,117
2026-06-30 02:00:00+00:00,Islamabad,31.3,69,998.4,3.59,48.0,65.2,489.0,14.6,11.7,126.0,118
2026-06-30 03:00:00+00:00,Islamabad,32.3,65,998.9,3.4,48.5,71.2,542.0,11.4,13.5,150.0,119
2026-06-30 04:00:00+00:00,Islamabad,33.4,61,998.8,2.76,48.3,74.7,535.0,8.8,14.7,168.0,119
2026-06-30 05:00:00+00:00,Islamabad,34.7,56,998.7,2.39,49.1,77.5,498.0,6.4,15.5,182.0,120
2026-06-30 06:00:00+00:00,Islamabad,36.0,49,999.0,3.44,49.9,78.5,460.0,4.7,15.7,190.0,121
2026-06-30 07:00:00+00:00,Islamabad,36.2,49,998.9,3.33,49.5,75.7,423.0,3.8,14.8,190.0,123
2026-06-30 08:00:00+00:00,Islamabad,37.2,46,998.4,2.94,55.8,82.7,386.0,3.6,13.2,185.0,124
2026-06-30 09:00:00+00:00,Islamabad,37.4,44,997.8,3.11,46.1,67.1,373.0,4.1,11.9,179.0,141
2026-06-30 10:00:00+00:00,Islamabad,34.3,60,998.3,2.5,43.5,62.2,412.0,5.3,11.2,173.0,156
2026-06-30 11:00:00+00:00,Islamabad,34.9,54,997.7,3.85,45.2,64.0,476.0,7.2,10.7,167.0,163
2026-06-30 12:00:00+00:00,Islamabad,37.0,43,996.7,3.18,44.5,62.2,505.0,8.2,10.6,169.0,166
2026-06-30 13:00:00+00:00,Islamabad,33.9,56,996.9,3.67,51.5,70.3,447.0,10.2,10.5,160.0,166
2026-06-30 14:00:00+00:00,Islamabad,33.0,58,997.1,4.63,58.0,76.8,355.0,13.2,10.2,147.0,163
2026-06-30 15:00:00+00:00,Islamabad,31.9,61,997.5,2.83,57.0,73.8,331.0,16.3,9.9,133.0,156
2026-06-30 16:00:00+00:00,Islamabad,31.9,62,998.8,3.32,56.0,69.8,460.0,19.6,9.3,120.0,146
2026-06-30 17:00:00+00:00,Islamabad,31.2,64,999.6,3.61,54.1,68.2,656.0,23.1,8.6,106.0,135
2026-06-30 18:00:00+00:00,Islamabad,31.7,66,999.1,3.47,53.4,68.0,771.0,26.1,8.0,93.0,136
2026-06-30 19:00:00+00:00,Islamabad,30.9,68,998.9,3.05,53.7,67.1,719.0,28.8,7.5,79.0,136
2026-06-30 20:00:00+00:00,Islamabad,30.2,69,998.9,3.31,52.9,64.0,585.0,31.0,7.0,67.0,137
2026-06-30 21:00:00+00:00,Islamabad,30.0,71,998.9,3.16,50.5,60.5,473.0,31.1,6.6,60.0,137
2026-06-30 22:00:00+00:00,Islamabad,29.7,71,999.0,3.28,48.4,59.6,409.0,27.6,6.3,62.0,137
2026-06-30 23:00:00+00:00,Islamabad,28.4,74,999.7,3.74,48.2,62.4,366.0,22.1,6.0,70.0,137
2026-07-01 00:00:00+00:00,Islamabad,26.2,85,998.9,3.2,35.4,48.3,369.0,7.5,5.7,126.0,137
2026-07-01 01:00:00+00:00,Islamabad,27.0,85,999.4,3.21,28.8,37.7,462.0,10.1,6.3,125.0,136
2026-07-01 02:00:00+00:00,Islamabad,28.5,76,999.4,2.12,27.6,41.0,601.0,13.5,7.2,125.0,134
2026-07-01 03:00:00+00:00,Islamabad,29.6,71,1000.4,3.56,30.9,50.4,675.0,14.9,8.2,129.0,132
2026-07-01 04:00:00+00:00,Islamabad,29.0,72,1001.5,4.68,42.5,79.4,615.0,12.3,9.4,143.0,130
2026-07-01 05:00:00+00:00,Islamabad,31.1,63,1001.1,3.66,47.0,92.4,490.0,7.8,10.7,161.0,129
2026-07-01 06:00:00+00:00,Islamabad,34.2,54,1000.5,4.35,48.2,96.2,398.0,4.4,11.4,174.0,129
2026-07-01 07:00:00+00:00,Islamabad,34.0,53,1000.6,3.83,47.8,97.3,370.0,3.5,11.1,178.0,129
2026-07-01 08:00:00+00:00,Islamabad,30.2,72,1001.3,4.41,47.0,97.3,374.0,3.7,10.2,176.0,129
2026-07-01 09:00:00+00:00,Islamabad,32.6,62,1000.0,2.91,46.1,97.6,417.0,4.5,9.5,173.0,128
2026-07-01 10:00:00+00:00,Islamabad,32.9,61,999.5,2.75,48.3,108.5,519.0,5.1,9.6,170.0,134
2026-07-01 11:00:00+00:00,Islamabad,32.3,62,999.0,3.31,44.2,95.2,659.0,6.1,9.9,164.0,144
2026-07-01 12:00:00+00:00,Islamabad,30.7,70,999.1,4.49,59.8,145.3,784.0,10.2,10.0,153.0,151
2026-07-01 13:00:00+00:00,Islamabad,27.5,80,999.7,4.92,63.6,154.6,879.0,13.6,10.2,141.0,153
2026-07-01 14:00:00+00:00,Islamabad,27.7,82,1000.3,4.05,65.4,156.0,959.0,18.2,10.5,125.0,149
2026-07-01 15:00:00+00:00,Islamabad,27.7,77,1000.7,3.9,60.1,122.5,1012.0,22.1,10.4,111.0,139
2026-07-01 16:00:00+00:00,Islamabad,28.2,72,1000.8,2.5,50.3,91.5,1044.0,24.7,9.7,101.0,132
2026-07-01 17:00:00+00:00,Islamabad,27.9,73,1001.9,1.6,48.4,86.8,1051.0,26.4,8.7,94.0,131
2026-07-01 18:00:00+00:00,Islamabad,24.1,94,1002.4,2.77,48.7,85.7,1005.0,26.6,7.6,89.0,131
2026-07-01 19:00:00+00:00,Islamabad,25.0,90,1001.6,0.5,47.7,81.5,871.0,24.4,6.4,88.0,130
2026-07-01 20:00:00+00:00,Islamabad,25.2,92,1001.4,0.78,39.9,62.4,685.0,20.7,5.2,89.0,130
2026-07-01 21:00:00+00:00,Islamabad,25.2,91,1001.1,1.03,32.1,44.5,530.0,17.2,4.3,92.0,128
2026-07-01 22:00:00+00:00,Islamabad,25.1,87,1001.8,2.61,32.5,43.1,428.0,14.0,3.7,96.0,127
2026-07-01 23:00:00+00:00,Islamabad,24.9,86,1002.1,1.98,29.0,36.7,357.0,11.1,3.4,101.0,125
2026-07-02 00:00:00+00:00,Islamabad,26.3,82,1001.8,1.54,43.2,55.6,331.0,27.8,7.5,59.0,123
2026-07-02 01:00:00+00:00,Islamabad,25.2,89,1002.9,2.82,48.3,60.3,381.0,26.6,8.8,67.0,124
2026-07-02 02:00:00+00:00,Islamabad,25.8,81,1003.4,3.18,44.9,62.9,476.0,24.7,10.7,79.0,126
2026-07-02 03:00:00+00:00,Islamabad,27.0,75,1003.6,2.22,47.1,84.8,539.0,22.1,12.9,97.0,127
2026-07-02 04:00:00+00:00,Islamabad,28.5,70,1003.7,2.68,49.2,91.3,530.0,18.2,15.9,125.0,129
2026-07-02 05:00:00+00:00,Islamabad,29.7,65,1003.5,2.41,47.3,87.5,489.0,13.6,19.1,158.0,130
2026-07-02 06:00:00+00:00,Islamabad,30.6,58,1003.9,2.59,44.2,79.6,459.0,9.8,20.9,184.0,130
2026-07-02 07:00:00+00:00,Islamabad,31.9,53,1003.1,2.6,45.3,80.6,455.0,7.3,20.0,197.0,129
2026-07-02 08:00:00+00:00,Islamabad,32.3,53,1002.2,2.59,46.9,84.3,461.0,5.6,17.7,203.0,129
2026-07-02 09:00:00+00:00,Islamabad,32.6,53,1001.4,2.97,48.0,87.8,472.0,4.9,15.7,203.0,129
2026-07-02 10:00:00+00:00,Islamabad,32.7,53,1000.8,3.01,48.8,90.8,465.0,4.1,14.7,199.0,132
2026-07-02 11:00:00+00:00,Islamabad,32.4,53,1000.5,2.98,49.5,93.4,464.0,4.2,14.0,190.0,155
2026-07-02 12:00:00+00:00,Islamabad,32.4,52,1000.6,2.87,44.6,85.2,533.0,7.8,9.5,155.0,170
2026-07-02 13:00:00+00:00,Islamabad,31.8,54,1000.8,2.33,47.0,97.6,740.0,20.4,9.8,132.0,175
2026-07-02 14:00:00+00:00,Islamabad,30.9,58,1001.0,1.77,52.0,97.1,1018.0,37.7,10.1,99.0,171
2026-07-02 15:00:00+00:00,Islamabad,30.1,61,1001.3,2.07,58.0,103.1,1231.0,50.8,10.2,73.0,157
2026-07-02 16:00:00+00:00,Islamabad,29.6,63,1002.2,2.16,60.5,103.8,1347.0,56.0,9.9,60.0,133
2026-07-02 17:00:00+00:00,Islamabad,29.0,67,1002.7,1.92,60.1,96.6,1398.0,56.9,9.3,54.0,126
2026-07-02 18:00:00+00:00,Islamabad,29.0,69,1003.2,2.23,57.9,87.1,1342.0,55.9,8.6,49.0,127
2026-07-02 19:00:00+00:00,Islamabad,28.2,73,1003.5,1.94,56.0,81.0,1102.0,53.2,7.8,44.0,128
2026-07-02 20:00:00+00:00,Islamabad,27.3,77,1003.9,1.31,53.4,75.9,755.0,48.6,7.0,41.0,129
2026-07-02 21:00:00+00:00,Islamabad,24.2,90,1005.8,4.68,49.9,70.5,489.0,43.3,6.2,41.0,131
2026-07-02 22:00:00+00:00,Islamabad,23.1,96,1004.6,4.72,49.5,70.1,376.0,37.0,5.5,44.0,132
2026-07-02 23:00:00+00:00,Islamabad,23.3,94,1005.0,2.21,47.5,72.4,344.0,30.1,4.8,49.0,134
2026-07-03 00:00:00+00:00,Islamabad,23.3,96,1004.9,3.07,27.7,34.5,361.0,19.7,4.4,72.0,136
2026-07-03 01:00:00+00:00,Islamabad,23.6,94,1004.3,2.65,26.9,32.7,454.0,19.8,6.2,88.0,135
2026-07-03 02:00:00+00:00,Islamabad,25.2,87,1004.4,1.9,26.7,34.9,596.0,19.7,8.6,110.0,132
2026-07-03 03:00:00+00:00,Islamabad,27.3,71,1004.9,0.98,28.9,49.1,680.0,18.4,10.8,133.0,130
2026-07-03 04:00:00+00:00,Islamabad,29.6,63,1005.0,0.25,37.3,77.1,646.0,14.5,12.3,155.0,129
2026-07-03 05:00:00+00:00,Islamabad,31.0,58,1004.9,1.19,44.2,96.2,553.0,9.2,13.5,177.0,127
2026-07-03 06:00:00+00:00,Islamabad,31.8,57,1004.4,1.67,47.0,101.5,475.0,5.4,14.3,194.0,127
2026-07-03 07:00:00+00:00,Islamabad,32.8,56,1004.1,2.0,46.8,99.2,432.0,4.1,14.4,204.0,127
2026-07-03 08:00:00+00:00,Islamabad,33.4,54,1003.5,1.93,44.9,92.9,403.0,4.2,14.1,210.0,127
2026-07-03 09:00:00+00:00,Islamabad,33.9,51,1002.4,2.05,41.9,83.8,395.0,4.9,13.8,212.0,137
2026-07-03 10:00:00+00:00,Islamabad,34.2,48,1001.4,2.28,41.8,81.0,385.0,2.8,13.7,215.0,160
2026-07-03 11:00:00+00:00,Islamabad,34.0,47,1000.5,2.93,41.6,78.5,396.0,1.3,13.8,215.0,177
2026-07-03 12:00:00+00:00,Islamabad,33.7,44,999.8,3.37,25.6,45.5,506.0,8.9,8.5,160.0,190
2026-07-03 13:00:00+00:00,Islamabad,32.6,51,1000.0,2.96,26.0,47.0,816.0,37.5,9.5,119.0,191
2026-07-03 14:00:00+00:00,Islamabad,30.9,61,1000.0,1.45,35.2,53.9,1226.0,76.9,11.0,62.0,181
2026-07-03 15:00:00+00:00,Islamabad,29.0,68,1000.3,1.46,48.0,69.2,1513.0,106.3,12.3,19.0,160
2026-07-03 16:00:00+00:00,Islamabad,27.7,74,1000.8,1.62,58.9,81.5,1591.0,117.8,13.7,3.0,124
2026-07-03 17:00:00+00:00,Islamabad,27.4,75,1001.1,0.84,62.4,85.2,1547.0,119.3,15.0,2.0,118
2026-07-03 18:00:00+00:00,Islamabad,27.3,72,1001.1,0.4,63.6,85.4,1418.0,113.8,15.3,6.0,118
2026-07-03 19:00:00+00:00,Islamabad,27.9,65,1001.2,0.27,61.2,80.6,1162.0,99.0,13.8,14.0,119
2026-07-03 20:00:00+00:00,Islamabad,28.5,60,1001.1,0.18,54.7,70.3,822.0,77.2,11.4,28.0,119
2026-07-03 21:00:00+00:00,Islamabad,28.0,62,1001.5,0.45,48.8,61.2,563.0,57.6,9.3,41.0,119
2026-07-03 22:00:00+00:00,Islamabad,27.0,64,1001.7,1.47,42.8,53.2,452.0,43.1,8.0,50.0,119
2026-07-03 23:00:00+00:00,Islamabad,27.2,63,1001.8,1.85,37.8,46.9,421.0,30.8,7.0,59.0,119
2026-07-04 00:00:00+00:00,Islamabad,27.0,67,1002.1,1.61,43.7,53.1,433.0,31.7,7.4,55.0,118
2026-07-04 01:00:00+00:00,Islamabad,27.8,67,1002.5,1.66,39.8,48.2,507.0,26.8,8.6,80.0,119
2026-07-04 02:00:00+00:00,Islamabad,29.4,63,1002.8,1.8,35.0,45.4,623.0,19.9,10.2,115.0,121
2026-07-04 03:00:00+00:00,Islamabad,30.8,60,1002.9,1.43,35.0,53.3,685.0,13.9,11.9,146.0,121
2026-07-04 04:00:00+00:00,Islamabad,32.4,52,1002.4,0.65,36.1,58.1,639.0,9.9,13.8,168.0,122
2026-07-04 05:00:00+00:00,Islamabad,33.8,46,1001.5,1.53,37.8,61.7,538.0,6.8,15.7,184.0,122
2026-07-04 06:00:00+00:00,Islamabad,34.2,44,1002.1,2.58,38.2,63.6,452.0,4.7,16.6,196.0,121
2026-07-04 07:00:00+00:00,Islamabad,34.7,42,1001.3,2.72,38.5,63.6,402.0,3.7,15.8,201.0,120
2026-07-04 08:00:00+00:00,Islamabad,35.3,39,1000.0,2.76,38.8,63.3,365.0,3.6,14.1,200.0,120
2026-07-04 09:00:00+00:00,Islamabad,35.6,37,999.2,2.98,37.7,61.2,347.0,4.0,12.5,197.0,141
2026-07-04 10:00:00+00:00,Islamabad,35.7,34,998.4,3.03,36.4,59.1,311.0,0.8,11.4,195.0,162
2026-07-04 11:00:00+00:00,Islamabad,35.6,33,997.6,2.78,34.9,57.0,292.0,0.0,10.5,190.0,175
2026-07-04 12:00:00+00:00,Islamabad,35.3,35,997.4,3.38,30.7,50.1,401.0,8.1,10.3,174.0,182
2026-07-04 13:00:00+00:00,Islamabad,34.0,41,997.2,2.94,30.4,49.5,769.0,39.5,11.3,130.0,183
2026-07-04 14:00:00+00:00,Islamabad,31.8,49,997.3,1.35,40.3,57.0,1264.0,82.4,12.7,69.0,174
2026-07-04 15:00:00+00:00,Islamabad,30.4,53,997.4,1.32,52.6,70.5,1607.0,111.4,13.5,25.0,154
2026-07-04 16:00:00+00:00,Islamabad,29.7,56,997.7,1.54,56.7,75.7,1664.0,114.5,13.4,13.0,119
2026-07-04 17:00:00+00:00,Islamabad,29.1,59,997.9,1.26,57.2,75.7,1569.0,103.7,12.8,18.0,119
2026-07-04 18:00:00+00:00,Islamabad,28.8,62,997.9,0.78,56.1,71.7,1434.0,89.3,12.0,27.0,118
2026-07-04 19:00:00+00:00,Islamabad,29.5,58,998.2,0.4,52.4,65.2,1285.0,72.0,11.0,40.0,118
2026-07-04 20:00:00+00:00,Islamabad,30.1,54,998.3,0.14,48.1,59.8,1097.0,51.1,9.9,57.0,117
2026-07-04 21:00:00+00:00,Islamabad,29.0,58,998.6,0.74,44.8,56.5,910.0,34.3,9.1,72.0,116
2026-07-04 22:00:00+00:00,Islamabad,28.1,60,998.9,1.33,42.7,54.4,715.0,25.4,8.6,80.0,116
2026-07-04 23:00:00+00:00,Islamabad,27.9,58,999.3,2.12,41.7,53.2,521.0,20.7,8.3,85.0,116
2026-07-05 00:00:00+00:00,Islamabad,27.8,72,999.8,2.54,40.2,50.3,398.0,25.0,8.5,70.0,116
2026-07-05 01:00:00+00:00,Islamabad,28.5,72,1000.2,2.68,39.8,50.1,400.0,20.6,9.8,93.0,116
2026-07-05 02:00:00+00:00,Islamabad,30.2,68,1000.5,2.55,41.7,54.2,473.0,14.4,11.6,126.0,116
2026-07-05 03:00:00+00:00,Islamabad,31.7,61,1000.5,2.44,49.7,67.3,522.0,9.3,13.2,154.0,116
2026-07-05 04:00:00+00:00,Islamabad,33.2,55,1000.4,2.4,55.1,75.4,505.0,6.5,14.5,173.0,118
2026-07-05 05:00:00+00:00,Islamabad,34.2,50,1000.1,1.37,57.2,78.9,464.0,4.9,15.5,188.0,120
2026-07-05 06:00:00+00:00,Islamabad,34.8,45,1000.6,1.2,55.5,78.5,425.0,3.8,15.7,196.0,122
2026-07-05 07:00:00+00:00,Islamabad,35.6,42,999.8,1.84,51.1,73.3,394.0,3.0,14.4,196.0,124
2026-07-05 08:00:00+00:00,Islamabad,36.1,41,999.0,2.58,46.6,67.1,364.0,2.8,12.2,191.0,125
2026-07-05 09:00:00+00:00,Islamabad,36.2,40,998.2,2.96,43.5,63.1,343.0,2.9,10.4,184.0,147
2026-07-05 10:00:00+00:00,Islamabad,36.6,37,997.6,2.74,41.0,60.1,308.0,2.1,9.5,180.0,162
2026-07-05 11:00:00+00:00,Islamabad,36.6,35,997.0,2.65,38.6,57.7,282.0,1.7,9.0,174.0,171
2026-07-05 12:00:00+00:00,Islamabad,36.6,36,996.5,2.86,47.6,74.3,337.0,5.6,8.9,162.0,174
2026-07-05 13:00:00+00:00,Islamabad,34.9,44,996.5,2.52,45.3,71.7,563.0,28.6,9.9,127.0,172
2026-07-05 14:00:00+00:00,Islamabad,33.4,51,996.6,1.25,56.8,81.5,871.0,59.7,11.3,80.0,162
2026-07-05 15:00:00+00:00,Islamabad,32.6,48,996.5,1.19,66.4,90.1,1064.0,78.1,12.0,48.0,142
2026-07-05 16:00:00+00:00,Islamabad,31.4,53,996.9,0.83,63.6,79.6,1040.0,71.8,11.6,46.0,134
2026-07-05 17:00:00+00:00,Islamabad,30.9,56,997.5,0.79,63.3,77.5,902.0,52.7,10.6,58.0,134
2026-07-05 18:00:00+00:00,Islamabad,31.3,57,998.0,0.6,64.0,79.4,761.0,36.1,9.7,71.0,135
2026-07-05 19:00:00+00:00,Islamabad,30.7,59,998.3,1.1,62.9,78.7,643.0,27.3,9.0,79.0,136
2026-07-05 20:00:00+00:00,Islamabad,30.4,58,998.6,2.06,60.8,76.4,521.0,20.9,8.4,86.0,137
2026-07-05 21:00:00+00:00,Islamabad,29.7,60,999.0,3.02,59.4,74.5,434.0,16.2,7.9,92.0,138
2026-07-05 22:00:00+00:00,Islamabad,29.3,66,998.9,3.27,58.3,72.2,394.0,13.3,7.6,95.0,140
2026-07-05 23:00:00+00:00,Islamabad,29.1,69,999.2,3.26,56.5,69.8,388.0,12.1,7.4,97.0,141
2026-07-06 00:00:00+00:00,Islamabad,28.1,78,999.8,3.21,63.8,79.4,410.0,13.4,8.2,88.0,143
2026-07-06 01:00:00+00:00,Islamabad,28.2,77,1000.0,3.16,62.2,75.4,477.0,13.2,9.5,105.0,145
2026-07-06 02:00:00+00:00,Islamabad,29.5,73,1000.7,3.52,64.7,83.8,573.0,12.8,11.2,128.0,148
2026-07-06 03:00:00+00:00,Islamabad,30.3,72,1001.0,3.52,68.9,94.3,634.0,11.7,12.5,149.0,150
2026-07-06 04:00:00+00:00,Islamabad,31.5,67,1000.8,3.05,68.9,94.8,630.0,9.4,13.0,166.0,151
2026-07-06 05:00:00+00:00,Islamabad,32.6,62,1000.7,2.97,67.8,91.7,593.0,6.4,13.0,181.0,151
2026-07-06 06:00:00+00:00,Islamabad,33.0,58,1001.0,3.49,64.5,86.8,556.0,4.3,12.7,190.0,151
2026-07-06 07:00:00+00:00,Islamabad,33.5,56,1000.5,3.02,60.5,82.2,519.0,3.4,11.7,189.0,152
2026-07-06 08:00:00+00:00,Islamabad,32.7,60,1000.5,1.74,55.3,75.2,481.0,3.3,10.3,182.0,152
2026-07-06 09:00:00+00:00,Islamabad,33.7,56,999.2,1.54,51.3,69.6,476.0,4.2,9.4,175.0,152
2026-07-06 10:00:00+00:00,Islamabad,33.1,61,998.8,1.28,53.0,72.4,497.0,4.9,9.2,173.0,154
2026-07-06 11:00:00+00:00,Islamabad,33.7,55,998.3,1.48,50.3,68.5,551.0,6.4,9.5,171.0,162
2026-07-06 12:00:00+00:00,Islamabad,33.2,54,998.2,1.91,61.0,87.5,690.0,9.0,10.4,157.0,165
2026-07-06 13:00:00+00:00,Islamabad,32.3,56,998.5,1.54,59.8,82.7,1017.0,19.8,9.6,134.0,164
2026-07-06 14:00:00+00:00,Islamabad,30.9,66,998.7,1.95,56.1,68.2,1430.0,34.7,8.4,101.0,156
2026-07-06 15:00:00+00:00,Islamabad,29.7,72,999.0,2.18,56.2,65.4,1675.0,45.2,7.5,76.0,154
2026-07-06 16:00:00+00:00,Islamabad,29.1,74,999.4,1.92,56.8,65.4,1616.0,47.1,7.1,66.0,154
2026-07-06 17:00:00+00:00,Islamabad,28.8,75,999.9,1.57,56.9,62.6,1390.0,44.6,7.0,63.0,153
2026-07-06 18:00:00+00:00,Islamabad,27.2,79,1000.9,0.72,54.4,61.0,1149.0,42.4,6.8,59.0,153
2026-07-06 19:00:00+00:00,Islamabad,26.9,81,1000.8,0.05,55.1,62.4,921.0,43.0,6.2,48.0,153
2026-07-06 20:00:00+00:00,Islamabad,27.0,78,1000.7,0.21,56.6,65.0,680.0,43.8,5.6,36.0,153
2026-07-06 21:00:00+00:00,Islamabad,27.1,77,1000.9,0.27,56.2,63.3,497.0,41.5,5.1,34.0,153
2026-07-06 22:00:00+00:00,Islamabad,26.8,77,1000.8,0.71,52.3,60.5,395.0,32.8,4.8,49.0,152
2026-07-06 23:00:00+00:00,Islamabad,26.6,78,1000.9,0.54,26.3,31.2,351.0,21.1,4.8,74.0,152
2026-07-07 00:00:00+00:00,Islamabad,26.9,69,1001.3,1.78,62.2,69.8,375.0,56.1,7.1,13.0,151
2026-07-07 01:00:00+00:00,Islamabad,26.5,74,1000.9,0.76,61.2,68.2,519.0,48.3,8.1,39.0,151
2026-07-07 02:00:00+00:00,Islamabad,27.9,70,1001.8,1.96,60.8,67.8,729.0,37.2,9.6,75.0,151
2026-07-07 03:00:00+00:00,Islamabad,27.8,69,1002.3,1.66,54.1,70.1,859.0,27.1,12.0,112.0,151
2026-07-07 04:00:00+00:00,Islamabad,29.4,62,1001.9,0.61,59.6,80.1,829.0,19.1,16.3,148.0,151
2026-07-07 05:00:00+00:00,Islamabad,30.6,59,1001.1,0.36,64.0,86.4,717.0,12.0,21.4,185.0,150
2026-07-07 06:00:00+00:00,Islamabad,32.0,54,1000.7,1.92,67.1,90.3,611.0,7.0,24.2,210.0,150
2026-07-07 07:00:00+00:00,Islamabad,33.3,49,999.9,2.95,68.9,95.0,529.0,4.6,22.5,218.0,150
2026-07-07 08:00:00+00:00,Islamabad,34.0,47,998.5,2.79,66.4,92.9,451.0,4.3,18.4,216.0,151
2026-07-07 09:00:00+00:00,Islamabad,34.5,44,997.7,3.43,64.3,92.2,409.0,4.8,15.0,210.0,151
2026-07-07 10:00:00+00:00,Islamabad,34.2,44,997.0,3.7,62.4,90.8,382.0,1.9,13.4,207.0,157
2026-07-07 11:00:00+00:00,Islamabad,33.9,45,996.7,3.51,60.3,89.4,390.0,0.0,12.5,200.0,178
2026-07-07 12:00:00+00:00,Islamabad,34.3,43,996.0,2.85,36.7,55.3,520.0,9.3,10.5,167.0,192
2026-07-07 13:00:00+00:00,Islamabad,33.1,50,995.9,2.11,38.5,53.2,893.0,35.0,11.0,126.0,195
2026-07-07 14:00:00+00:00,Islamabad,30.9,61,996.3,1.05,44.6,58.7,1388.0,70.4,11.7,70.0,185
2026-07-07 15:00:00+00:00,Islamabad,29.7,60,997.0,0.93,50.8,66.1,1731.0,96.3,12.2,28.0,163
2026-07-07 16:00:00+00:00,Islamabad,28.9,63,997.8,1.47,58.8,75.2,1808.0,105.7,12.4,11.0,150
2026-07-07 17:00:00+00:00,Islamabad,28.3,64,998.3,1.09,63.3,77.5,1732.0,105.5,12.5,7.0,150
2026-07-07 18:00:00+00:00,Islamabad,29.1,62,998.4,1.31,61.5,73.3,1570.0,98.0,12.3,12.0,150
2026-07-07 19:00:00+00:00,Islamabad,28.8,61,998.3,1.61,58.3,70.1,1280.0,79.3,11.6,29.0,151
2026-07-07 20:00:00+00:00,Islamabad,28.4,60,998.8,2.1,53.8,65.7,903.0,53.2,10.6,55.0,151
2026-07-07 21:00:00+00:00,Islamabad,27.9,65,999.1,2.15,50.1,61.2,627.0,33.1,9.8,74.0,151
2026-07-07 22:00:00+00:00,Islamabad,27.5,70,999.0,2.35,47.3,57.2,541.0,25.0,9.0,76.0,150
2026-07-07 23:00:00+00:00,Islamabad,27.4,71,999.3,2.02,44.9,53.9,555.0,22.9,8.4,72.0,150
2026-07-08 00:00:00+00:00,Islamabad,26.7,77,998.2,1.34,52.5,63.1,592.0,23.2,7.7,65.0,151
2026-07-08 01:00:00+00:00,Islamabad,27.6,75,999.0,0.96,50.8,60.8,644.0,22.5,8.8,86.0,151
2026-07-08 02:00:00+00:00,Islamabad,30.1,65,999.3,0.65,50.3,60.3,719.0,21.3,10.4,115.0,150
2026-07-08 03:00:00+00:00,Islamabad,31.2,60,999.5,2.27,54.9,71.2,760.0,19.1,12.2,144.0,150
2026-07-08 04:00:00+00:00,Islamabad,31.6,59,999.2,2.42,63.3,82.4,740.0,14.9,14.5,172.0,150
2026-07-08 05:00:00+00:00,Islamabad,33.8,51,998.9,1.1,68.2,88.5,687.0,9.7,16.9,199.0,150
2026-07-08 06:00:00+00:00,Islamabad,33.9,44,999.3,2.98,72.4,95.2,625.0,5.8,18.1,217.0,150
2026-07-08 07:00:00+00:00,Islamabad,33.5,46,999.3,2.21,66.8,87.3,550.0,4.3,17.0,222.0,150
2026-07-08 08:00:00+00:00,Islamabad,33.7,49,998.6,1.86,60.3,78.7,466.0,4.2,14.6,219.0,150
2026-07-08 09:00:00+00:00,Islamabad,34.5,45,997.8,1.52,55.8,72.9,412.0,4.8,12.6,212.0,157
2026-07-08 10:00:00+00:00,Islamabad,34.8,42,997.3,2.12,51.8,68.0,363.0,3.7,11.5,206.0,177
2026-07-08 11:00:00+00:00,Islamabad,34.5,42,996.8,1.7,49.0,64.5,344.0,3.3,10.8,197.0,191
2026-07-08 12:00:00+00:00,Islamabad,33.4,45,996.7,2.82,75.2,91.7,467.0,11.5,13.4,194.0,200
2026-07-08 13:00:00+00:00,Islamabad,32.0,51,997.6,2.6,73.6,88.0,902.0,20.4,12.4,169.0,201
2026-07-08 14:00:00+00:00,Islamabad,30.2,59,998.0,2.46,77.5,86.4,1480.0,32.8,10.9,135.0,198
2026-07-08 15:00:00+00:00,Islamabad,28.3,68,999.0,3.04,73.8,82.4,1801.0,41.8,9.7,107.0,185
2026-07-08 16:00:00+00:00,Islamabad,27.4,72,999.7,2.08,70.3,76.4,1618.0,44.4,9.2,92.0,167
2026-07-08 17:00:00+00:00,Islamabad,27.0,73,1000.0,1.53,67.5,74.0,1178.0,43.8,8.9,82.0,153
2026-07-08 18:00:00+00:00,Islamabad,26.3,75,1000.7,1.19,69.6,76.4,828.0,42.6,8.1,73.0,154
2026-07-08 19:00:00+00:00,Islamabad,25.6,79,1000.7,0.5,70.1,76.1,712.0,41.8,6.1,60.0,154
2026-07-08 20:00:00+00:00,Islamabad,25.3,79,1000.4,0.25,76.1,81.5,685.0,40.6,3.6,48.0,154
2026-07-08 21:00:00+00:00,Islamabad,25.1,78,1000.4,0.81,79.9,85.4,662.0,38.9,1.7,38.0,155
2026-07-08 22:00:00+00:00,Islamabad,24.9,80,1000.1,0.86,80.1,85.7,598.0,36.8,0.3,29.0,156
2026-07-08 23:00:00+00:00,Islamabad,24.9,80,1000.1,0.65,78.9,84.3,538.0,34.2,0.0,24.0,157
2026-07-09 00:00:00+00:00,Islamabad,24.6,85,1000.0,0.34,87.8,94.1,530.0,55.6,3.0,9.0,158
2026-07-09 01:00:00+00:00,Islamabad,25.1,81,999.9,0.5,86.6,91.5,631.0,49.0,6.4,39.0,159
2026-07-09 02:00:00+00:00,Islamabad,27.5,70,1000.0,0.86,83.4,87.1,783.0,39.5,11.2,82.0,160
2026-07-09 03:00:00+00:00,Islamabad,29.0,62,1000.0,1.51,62.2,72.6,861.0,30.4,15.4,124.0,161
2026-07-09 04:00:00+00:00,Islamabad,30.3,57,999.9,2.5,56.2,70.5,789.0,22.0,18.5,166.0,161
2026-07-09 05:00:00+00:00,Islamabad,31.5,52,999.4,2.76,59.6,75.9,643.0,13.8,21.0,208.0,161
2026-07-09 06:00:00+00:00,Islamabad,31.8,49,1000.0,2.46,62.2,78.7,525.0,7.9,21.9,235.0,160
2026-07-09 07:00:00+00:00,Islamabad,32.8,46,999.8,2.17,61.9,79.6,471.0,5.2,20.0,239.0,160
2026-07-09 08:00:00+00:00,Islamabad,33.7,44,999.1,2.29,59.4,78.5,444.0,4.7,16.6,229.0,160
2026-07-09 09:00:00+00:00,Islamabad,34.2,43,998.6,2.09,56.7,76.8,442.0,5.0,13.9,218.0,160
2026-07-09 10:00:00+00:00,Islamabad,34.4,43,998.3,2.06,55.1,76.1,427.0,4.2,13.0,213.0,177
2026-07-09 11:00:00+00:00,Islamabad,34.4,43,997.7,1.71,52.7,74.0,436.0,4.2,12.8,208.0,198
2026-07-09 12:00:00+00:00,Islamabad,34.3,44,997.5,1.88,45.2,63.3,574.0,9.2,12.0,184.0,205
2026-07-09 13:00:00+00:00,Islamabad,33.4,52,997.6,1.41,48.0,63.6,999.0,23.1,12.2,155.0,206
2026-07-09 14:00:00+00:00,Islamabad,31.1,61,998.3,1.31,53.8,68.7,1552.0,42.5,12.4,114.0,202
2026-07-09 15:00:00+00:00,Islamabad,29.9,62,999.0,1.1,58.2,72.2,1863.0,58.3,12.5,79.0,186
2026-07-09 16:00:00+00:00,Islamabad,29.2,62,999.9,1.18,60.8,74.5,1708.0,68.8,12.3,55.0,161
2026-07-09 17:00:00+00:00,Islamabad,28.8,61,1000.6,1.55,63.6,75.9,1311.0,75.7,11.9,38.0,157
2026-07-09 18:00:00+00:00,Islamabad,29.0,62,1000.5,1.65,61.2,69.6,970.0,75.0,11.2,33.0,157
2026-07-09 19:00:00+00:00,Islamabad,28.4,61,1000.7,2.75,54.1,59.8,795.0,60.9,9.9,50.0,157
2026-07-09 20:00:00+00:00,Islamabad,28.1,62,1000.9,3.78,44.0,48.3,677.0,39.2,8.2,79.0,156
2026-07-09 21:00:00+00:00,Islamabad,26.0,72,1001.4,3.68,34.2,36.9,585.0,22.7,6.9,100.0,155
2026-07-09 22:00:00+00:00,Islamabad,26.2,72,1000.9,3.23,29.8,32.6,496.0,16.9,5.9,99.0,154
2026-07-09 23:00:00+00:00,Islamabad,26.5,72,1001.1,3.05,26.8,29.8,433.0,16.3,5.2,90.0,152
2026-07-10 00:00:00+00:00,Islamabad,25.6,89,1000.5,1.15,54.4,61.0,439.0,24.3,7.7,64.0,151
2026-07-10 01:00:00+00:00,Islamabad,25.9,87,1000.6,1.91,50.8,56.0,576.0,24.7,8.6,83.0,150
2026-07-10 02:00:00+00:00,Islamabad,26.8,83,1000.5,1.72,50.2,55.8,782.0,25.1,9.9,109.0,146
2026-07-10 03:00:00+00:00,Islamabad,28.7,72,1000.9,1.28,48.9,63.1,910.0,23.6,11.5,135.0,143
2026-07-10 04:00:00+00:00,Islamabad,30.2,67,1000.8,1.82,61.0,87.1,881.0,18.4,13.9,160.0,141
2026-07-10 05:00:00+00:00,Islamabad,31.4,63,1000.6,1.9,66.6,99.9,774.0,11.4,16.7,185.0,142
2026-07-10 06:00:00+00:00,Islamabad,31.9,62,1000.3,1.73,61.5,97.3,677.0,6.1,18.0,202.0,142
2026-07-10 07:00:00+00:00,Islamabad,33.0,57,999.7,1.42,56.0,90.8,612.0,4.1,16.7,206.0,142
2026-07-10 08:00:00+00:00,Islamabad,33.9,53,998.8,1.36,52.4,85.7,556.0,3.9,14.0,201.0,142
2026-07-10 09:00:00+00:00,Islamabad,34.5,51,998.1,1.41,50.8,82.9,530.0,4.3,11.9,195.0,141
2026-07-10 10:00:00+00:00,Islamabad,34.4,53,997.8,2.1,48.5,79.4,540.0,4.4,11.1,190.0,160
2026-07-10 11:00:00+00:00,Islamabad,33.1,59,997.6,2.54,46.9,76.6,579.0,5.2,10.8,182.0,173
2026-07-10 12:00:00+00:00,Islamabad,34.7,46,996.6,2.02,41.7,67.8,654.0,7.6,12.1,176.0,180
2026-07-10 13:00:00+00:00,Islamabad,33.3,52,996.9,3.43,45.2,64.7,804.0,19.2,12.4,151.0,183
2026-07-10 14:00:00+00:00,Islamabad,30.9,62,997.7,3.84,48.1,64.0,990.0,35.3,12.9,117.0,177
2026-07-10 15:00:00+00:00,Islamabad,29.8,67,998.3,3.0,52.2,67.1,1094.0,47.2,13.0,89.0,164
2026-07-10 16:00:00+00:00,Islamabad,29.5,67,999.3,3.05,54.4,67.3,1052.0,51.8,12.7,74.0,143
2026-07-10 17:00:00+00:00,Islamabad,28.9,70,999.7,2.85,53.1,63.6,928.0,52.4,12.0,66.0,137
2026-07-10 18:00:00+00:00,Islamabad,28.6,74,999.5,3.63,51.0,58.7,801.0,49.5,11.0,64.0,136
2026-07-10 19:00:00+00:00,Islamabad,27.7,77,999.6,3.51,47.8,54.6,683.0,41.7,9.2,70.0,134
2026-07-10 20:00:00+00:00,Islamabad,27.4,76,999.4,3.67,44.6,51.1,561.0,30.6,7.0,82.0,134
2026-07-10 21:00:00+00:00,Islamabad,27.2,76,998.6,3.78,35.9,41.1,473.0,21.6,5.3,92.0,134
2026-07-10 22:00:00+00:00,Islamabad,25.1,88,999.4,3.58,31.4,37.3,425.0,16.9,4.3,96.0,134
2026-07-10 23:00:00+00:00,Islamabad,24.7,92,998.1,3.3,32.2,39.6,411.0,14.4,3.8,97.0,134
2026-07-11 00:00:00+00:00,Islamabad,23.9,99,998.7,2.8,30.6,37.3,449.0,11.6,3.6,104.0,135
2026-07-11 01:00:00+00:00,Islamabad,24.0,98,998.9,3.22,18.3,22.6,588.0,13.6,4.2,109.0,132
2026-07-11 02:00:00+00:00,Islamabad,24.9,94,998.9,1.85,30.5,40.6,779.0,16.1,5.1,118.0,129
2026-07-11 03:00:00+00:00,Islamabad,26.9,81,999.3,1.12,30.4,42.0,890.0,16.8,6.4,129.0,127
2026-07-11 04:00:00+00:00,Islamabad,28.5,73,999.5,1.77,30.3,44.1,846.0,13.8,8.7,146.0,125
2026-07-11 05:00:00+00:00,Islamabad,29.7,70,999.2,2.3,33.2,52.0,723.0,9.0,11.4,167.0,122
2026-07-11 06:00:00+00:00,Islamabad,28.6,73,999.7,3.02,36.6,59.8,617.0,5.4,13.3,183.0,118
2026-07-11 07:00:00+00:00,Islamabad,29.9,70,999.4,3.02,37.7,59.8,557.0,4.2,13.8,194.0,116
2026-07-11 08:00:00+00:00,Islamabad,29.5,73,998.8,2.79,38.2,58.7,514.0,4.1,13.5,200.0,114
2026-07-11 09:00:00+00:00,Islamabad,30.8,68,997.9,2.51,38.3,57.6,496.0,4.7,13.2,202.0,132
2026-07-11 10:00:00+00:00,Islamabad,29.8,71,997.8,3.59,40.6,60.1,516.0,4.3,13.1,200.0,151
2026-07-11 11:00:00+00:00,Islamabad,30.1,71,997.3,3.29,38.1,56.9,561.0,4.6,12.9,194.0,164
2026-07-11 12:00:00+00:00,Islamabad,30.7,64,997.0,3.22,35.3,50.4,605.0,9.1,8.1,154.0,174
2026-07-11 13:00:00+00:00,Islamabad,29.4,69,997.1,3.27,36.6,50.8,640.0,17.5,7.7,134.0,176
2026-07-11 14:00:00+00:00,Islamabad,28.3,76,997.7,2.66,38.1,48.2,674.0,29.0,7.1,108.0,170
2026-07-11 15:00:00+00:00,Islamabad,27.6,79,998.4,2.47,35.9,43.5,699.0,36.8,6.5,87.0,158
2026-07-11 16:00:00+00:00,Islamabad,27.3,79,999.2,2.22,34.6,41.3,720.0,37.7,5.8,79.0,139
2026-07-11 17:00:00+00:00,Islamabad,26.9,80,999.4,2.05,32.6,37.3,733.0,35.0,5.1,78.0,113
2026-07-11 18:00:00+00:00,Islamabad,25.8,81,999.3,2.95,27.4,30.0,718.0,31.7,4.4,78.0,101
2026-07-11 19:00:00+00:00,Islamabad,22.4,96,1000.3,2.12,23.6,25.4,653.0,28.7,3.8,77.0,99
2026-07-11 20:00:00+00:00,Islamabad,22.7,98,998.7,2.9,20.8,21.9,560.0,25.1,3.3,78.0,97
2026-07-11 21:00:00+00:00,Islamabad,23.2,94,998.2,1.93,19.6,21.8,489.0,21.9,2.9,79.0,95
2026-07-11 22:00:00+00:00,Islamabad,23.5,92,996.8,2.62,19.0,23.2,454.0,19.1,2.7,80.0,94
2026-07-11 23:00:00+00:00,Islamabad,23.7,92,997.0,0.76,18.9,23.4,440.0,16.7,2.7,81.0,93
2026-07-12 00:00:00+00:00,Islamabad,24.0,95,996.2,0.76,34.1,34.1,453.0,41.9,4.2,27.0,92
2026-07-12 01:00:00+00:00,Islamabad,24.2,94,996.3,1.05,33.6,33.9,519.0,37.9,4.6,41.0,92
2026-07-12 02:00:00+00:00,Islamabad,24.0,96,997.6,1.42,32.1,33.6,611.0,32.2,5.2,61.0,93
2026-07-12 03:00:00+00:00,Islamabad,24.7,91,998.1,0.81,29.9,37.6,655.0,26.2,6.5,84.0,93
2026-07-12 04:00:00+00:00,Islamabad,25.4,86,998.5,1.98,32.1,43.4,600.0,19.9,8.9,111.0,93
2026-07-12 05:00:00+00:00,Islamabad,26.0,81,998.4,2.33,26.6,37.4,496.0,13.4,11.9,140.0,93
2026-07-12 06:00:00+00:00,Islamabad,26.4,78,998.5,1.52,28.7,40.0,421.0,8.4,14.2,164.0,93
2026-07-12 07:00:00+00:00,Islamabad,29.1,67,998.3,2.24,31.0,44.2,405.0,5.8,15.3,182.0,92
2026-07-12 08:00:00+00:00,Islamabad,27.4,75,998.8,2.93,32.9,47.3,417.0,4.8,15.7,195.0,92
2026-07-12 09:00:00+00:00,Islamabad,28.3,71,998.6,2.09,35.2,50.5,439.0,4.5,15.5,202.0,91
2026-07-12 10:00:00+00:00,Islamabad,29.5,65,998.8,1.37,36.6,52.3,410.0,2.2,14.5,203.0,109
2026-07-12 11:00:00+00:00,Islamabad,29.6,63,998.5,1.62,35.5,50.6,392.0,0.5,12.9,199.0,139
2026-07-12 12:00:00+00:00,Islamabad,29.8,65,998.2,2.63,25.1,44.7,552.0,6.2,6.7,149.0,160
2026-07-12 13:00:00+00:00,Islamabad,28.5,70,998.9,1.83,28.2,44.9,1107.0,17.5,6.8,125.0,166
2026-07-12 14:00:00+00:00,Islamabad,27.8,78,999.0,0.67,33.4,50.8,1840.0,33.6,6.9,92.0,164
2026-07-12 15:00:00+00:00,Islamabad,27.1,78,998.9,1.66,42.3,64.5,2265.0,48.7,7.3,63.0,152
2026-07-12 16:00:00+00:00,Islamabad,26.7,79,999.6,0.81,50.8,75.0,2107.0,63.3,8.3,41.0,128
2026-07-12 17:00:00+00:00,Islamabad,26.1,80,1000.1,0.21,56.6,80.1,1641.0,77.0,9.6,24.0,95
2026-07-12 18:00:00+00:00,Islamabad,27.3,79,1000.0,0.29,58.6,78.7,1208.0,83.1,10.0,13.0,92
2026-07-12 19:00:00+00:00,Islamabad,26.6,81,999.9,0.51,50.4,61.9,906.0,76.2,8.9,13.0,95
2026-07-12 20:00:00+00:00,Islamabad,26.6,81,999.4,0.62,41.6,48.9,637.0,61.7,6.9,21.0,97
2026-07-12 21:00:00+00:00,Islamabad,26.7,80,999.1,0.89,36.6,40.7,448.0,48.6,5.4,28.0,98
2026-07-12 22:00:00+00:00,Islamabad,25.7,83,998.9,0.96,32.2,35.0,364.0,39.4,4.7,32.0,100
2026-07-12 23:00:00+00:00,Islamabad,25.4,83,998.4,1.18,28.2,30.2,359.0,31.6,4.4,37.0,101
2026-07-13 00:00:00+00:00,Islamabad,25.2,79,998.4,1.18,31.5,33.5,409.0,42.4,5.4,24.0,102
2026-07-13 01:00:00+00:00,Islamabad,25.3,81,998.4,1.05,28.6,29.7,550.0,42.3,5.8,33.0,102
2026-07-13 02:00:00+00:00,Islamabad,27.0,78,998.5,0.9,28.3,29.4,745.0,41.6,6.4,47.0,101
2026-07-13 03:00:00+00:00,Islamabad,29.0,62,999.1,0.81,26.1,27.9,854.0,38.0,7.6,72.0,101
2026-07-13 04:00:00+00:00,Islamabad,30.2,58,999.0,0.75,23.9,29.5,790.0,28.5,10.0,117.0,101
2026-07-13 05:00:00+00:00,Islamabad,31.3,56,998.9,1.67,26.7,36.0,640.0,16.0,12.9,172.0,100
2026-07-13 06:00:00+00:00,Islamabad,30.0,56,999.2,1.77,29.1,39.6,524.0,6.8,14.8,212.0,100
2026-07-13 07:00:00+00:00,Islamabad,32.2,52,999.3,0.43,30.2,41.6,486.0,3.7,14.8,225.0,100
2026-07-13 08:00:00+00:00,Islamabad,32.1,51,999.0,0.2,31.5,45.6,482.0,3.8,13.7,223.0,100
2026-07-13 09:00:00+00:00,Islamabad,30.5,58,999.6,1.19,31.7,46.1,501.0,4.7,12.8,218.0,101
2026-07-13 10:00:00+00:00,Islamabad,31.1,56,998.9,1.27,31.8,47.1,441.0,2.1,12.3,217.0,140
2026-07-13 11:00:00+00:00,Islamabad,31.6,53,999.0,0.96,31.9,48.0,405.0,0.2,12.0,211.0,170
2026-07-13 12:00:00+00:00,Islamabad,32.6,46,997.7,1.84,25.1,37.7,688.0,10.0,11.7,189.0,192
2026-07-13 13:00:00+00:00,Islamabad,31.5,55,998.1,1.44,32.5,44.2,1697.0,26.1,11.1,155.0,201
2026-07-13 14:00:00+00:00,Islamabad,30.0,63,998.5,1.0,36.9,46.2,3026.0,48.2,10.2,108.0,200
2026-07-13 15:00:00+00:00,Islamabad,29.3,62,999.1,0.39,36.1,43.8,3750.0,64.5,9.4,70.0,184
2026-07-13 16:00:00+00:00,Islamabad,29.0,61,999.8,0.55,37.5,44.2,3278.0,70.1,8.8,51.0,159
2026-07-13 17:00:00+00:00,Islamabad,28.7,61,1000.1,0.25,36.3,41.3,2202.0,69.8,8.3,41.0,126
2026-07-13 18:00:00+00:00,Islamabad,28.6,64,999.9,0.21,34.6,38.2,1376.0,66.2,7.6,36.0,96
2026-07-13 19:00:00+00:00,Islamabad,27.8,65,999.9,0.36,32.5,35.0,1182.0,58.7,6.5,36.0,94
2026-07-13 20:00:00+00:00,Islamabad,27.7,63,999.9,0.67,29.9,32.4,1239.0,48.0,5.3,40.0,93
2026-07-13 21:00:00+00:00,Islamabad,27.0,65,999.9,0.89,28.3,30.9,1256.0,38.7,4.3,43.0,92
2026-07-13 22:00:00+00:00,Islamabad,26.1,67,999.9,1.23,27.0,29.6,1092.0,32.3,3.6,41.0,91
2026-07-13 23:00:00+00:00,Islamabad,25.8,68,1000.1,1.88,25.2,27.7,887.0,27.3,3.3,39.0,91
2026-07-14 00:00:00+00:00,Islamabad,24.6,85,1000.7,2.57,27.0,32.4,776.0,25.0,3.9,55.0,91
2026-07-14 01:00:00+00:00,Islamabad,22.9,94,1002.1,2.65,25.8,31.1,861.0,24.7,4.6,68.0,90
2026-07-14 02:00:00+00:00,Islamabad,24.2,89,1001.5,1.93,26.8,33.3,1039.0,24.0,5.7,88.0,90
2026-07-14 03:00:00+00:00,Islamabad,26.7,78,1001.6,1.18,28.1,40.2,1133.0,21.9,7.2,112.0,90
2026-07-14 04:00:00+00:00,Islamabad,29.3,62,1001.4,0.38,27.5,41.0,1051.0,17.1,9.8,143.0,90
2026-07-14 05:00:00+00:00,Islamabad,30.9,57,1001.2,1.2,26.3,39.1,886.0,10.8,12.9,178.0,90
2026-07-14 06:00:00+00:00,Islamabad,31.3,57,1001.8,1.42,25.9,37.8,735.0,6.2,14.8,204.0,90
2026-07-14 07:00:00+00:00,Islamabad,32.3,53,1001.2,1.24,26.0,37.5,616.0,4.5,14.5,215.0,90
2026-07-14 08:00:00+00:00,Islamabad,32.8,51,1000.5,1.54,26.4,38.0,512.0,4.4,13.0,217.0,93
2026-07-14 09:00:00+00:00,Islamabad,33.2,51,1000.3,1.95,26.5,37.8,471.0,4.8,11.7,216.0,127
2026-07-14 10:00:00+00:00,Islamabad,31.2,59,1000.3,1.94,26.8,38.5,519.0,1.6,11.2,217.0,156
2026-07-14 11:00:00+00:00,Islamabad,29.9,71,1000.5,2.44,26.5,38.9,631.0,0.0,10.9,214.0,177
2026-07-14 12:00:00+00:00,Islamabad,32.9,46,999.7,0.76,21.0,30.6,770.0,8.2,11.0,189.0,193
2026-07-14 13:00:00+00:00,Islamabad,31.2,59,1000.1,1.34,24.0,33.4,973.0,31.8,11.2,148.0,200
2026-07-14 14:00:00+00:00,Islamabad,29.4,62,1000.8,2.84,34.6,41.1,1204.0,64.4,11.6,90.0,196
2026-07-14 15:00:00+00:00,Islamabad,27.9,70,1001.6,1.73,41.0,48.2,1325.0,89.2,11.6,45.0,178
2026-07-14 16:00:00+00:00,Islamabad,27.4,71,1002.3,2.55,48.8,57.2,1252.0,99.9,11.3,22.0,151
2026-07-14 17:00:00+00:00,Islamabad,27.3,72,1002.4,1.77,57.0,65.4,1068.0,102.7,10.7,11.0,109
2026-07-14 18:00:00+00:00,Islamabad,27.3,73,1002.5,2.56,56.7,61.9,890.0,99.4,9.8,7.0,90
2026-07-14 19:00:00+00:00,Islamabad,26.5,75,1002.3,1.92,50.8,54.2,744.0,87.7,8.2,11.0,92
2026-07-14 20:00:00+00:00,Islamabad,26.2,76,1002.6,1.33,45.3,47.8,602.0,69.8,6.3,21.0,93
2026-07-14 21:00:00+00:00,Islamabad,26.0,76,1002.4,1.16,41.2,43.5,499.0,54.0,4.7,30.0,94
2026-07-14 22:00:00+00:00,Islamabad,25.9,75,1002.0,1.25,37.5,39.7,443.0,42.8,3.6,33.0,95
2026-07-14 23:00:00+00:00,Islamabad,25.6,75,1002.0,1.11,34.0,36.0,425.0,33.7,2.9,34.0,96
2026-07-15 00:00:00+00:00,Islamabad,25.8,75,1002.2,1.1,38.4,41.2,455.0,34.1,3.5,37.0,97
2026-07-15 01:00:00+00:00,Islamabad,26.3,72,1002.3,1.0,36.0,38.5,575.0,32.1,4.6,63.0,98
2026-07-15 02:00:00+00:00,Islamabad,27.8,68,1002.5,1.31,33.6,36.4,742.0,29.1,6.3,99.0,99
2026-07-15 03:00:00+00:00,Islamabad,29.3,61,1003.0,1.21,27.8,36.2,842.0,25.0,8.8,134.0,99
2026-07-15 04:00:00+00:00,Islamabad,30.5,57,1003.0,1.46,29.4,42.0,805.0,18.9,13.0,165.0,99
2026-07-15 05:00:00+00:00,Islamabad,31.1,54,1003.2,2.05,32.2,46.3,700.0,11.8,17.9,193.0,99
2026-07-15 06:00:00+00:00,Islamabad,31.9,53,1003.6,1.4,34.9,50.8,616.0,6.5,20.8,213.0,100
2026-07-15 07:00:00+00:00,Islamabad,32.6,53,1003.0,1.46,36.2,53.0,578.0,4.4,19.8,220.0,100
2026-07-15 08:00:00+00:00,Islamabad,33.1,53,1002.4,2.1,36.1,53.0,560.0,4.2,16.7,219.0,106
2026-07-15 09:00:00+00:00,Islamabad,33.1,53,1002.3,2.25,36.4,54.2,574.0,4.9,14.2,215.0,144
2026-07-15 10:00:00+00:00,Islamabad,32.5,55,1001.9,1.74,35.3,53.4,608.0,4.7,13.4,212.0,170
2026-07-15 11:00:00+00:00,Islamabad,31.6,58,1001.8,1.95,35.6,55.1,673.0,5.3,13.3,206.0,188
2026-07-15 12:00:00+00:00,Islamabad,30.9,67,1002.1,2.88,34.5,47.7,819.0,11.8,10.7,182.0,199
2026-07-15 13:00:00+00:00,Islamabad,28.6,75,1002.5,2.62,38.6,46.0,1132.0,29.4,10.5,148.0,201
2026-07-15 14:00:00+00:00,Islamabad,27.6,75,1003.0,1.84,41.4,46.8,1526.0,53.7,10.2,101.0,195
2026-07-15 15:00:00+00:00,Islamabad,27.4,75,1003.2,1.51,45.3,50.1,1788.0,71.9,9.7,63.0,177
2026-07-15 16:00:00+00:00,Islamabad,27.6,72,1003.7,1.71,47.0,51.0,1826.0,79.1,8.9,42.0,152
2026-07-15 17:00:00+00:00,Islamabad,27.3,72,1003.9,1.2,49.6,52.4,1731.0,80.2,8.0,30.0,115
2026-07-15 18:00:00+00:00,Islamabad,27.4,73,1003.8,1.22,51.9,54.0,1568.0,77.5,7.0,24.0,109
2026-07-15 19:00:00+00:00,Islamabad,27.2,72,1003.9,1.13,51.5,53.0,1307.0,70.3,5.8,23.0,108
2026-07-15 20:00:00+00:00,Islamabad,27.2,71,1003.8,1.14,49.5,50.9,978.0,59.4,4.6,27.0,108
2026-07-15 21:00:00+00:00,Islamabad,27.1,71,1003.8,0.94,47.0,48.9,729.0,48.9,3.7,33.0,109
2026-07-15 22:00:00+00:00,Islamabad,26.9,71,1003.7,0.78,44.5,46.6,618.0,39.5,3.3,38.0,109
2026-07-15 23:00:00+00:00,Islamabad,26.8,71,1003.7,0.53,41.8,43.9,587.0,30.6,3.3,43.0,110
2026-07-16 00:00:00+00:00,Islamabad,26.6,74,1004.0,0.64,46.4,48.8,611.0,35.4,3.6,34.0,111
2026-07-16 01:00:00+00:00,Islamabad,27.2,72,1004.1,0.61,45.9,48.9,734.0,33.4,5.3,62.0,112
2026-07-16 02:00:00+00:00,Islamabad,28.6,69,1004.2,0.93,44.6,47.8,913.0,30.5,7.8,102.0,113
2026-07-16 03:00:00+00:00,Islamabad,30.2,61,1004.2,0.43,35.4,43.1,993.0,26.3,10.6,139.0,114
2026-07-16 04:00:00+00:00,Islamabad,31.3,59,1003.8,1.01,38.2,51.3,873.0,19.9,14.4,170.0,114
2026-07-16 05:00:00+00:00,Islamabad,32.6,55,1003.5,1.91,41.7,60.5,653.0,12.3,18.5,199.0,115
2026-07-16 06:00:00+00:00,Islamabad,33.4,52,1003.8,2.37,44.9,70.8,481.0,6.6,20.4,216.0,116
2026-07-16 07:00:00+00:00,Islamabad,34.0,49,1003.2,2.65,45.4,74.5,406.0,4.4,18.4,217.0,117
2026-07-16 08:00:00+00:00,Islamabad,34.7,47,1002.6,2.36,44.2,73.8,379.0,4.1,14.3,206.0,118
2026-07-16 09:00:00+00:00,Islamabad,34.8,48,1002.1,2.3,42.3,71.5,402.0,4.4,11.0,195.0,145
2026-07-16 10:00:00+00:00,Islamabad,34.7,48,1001.6,2.0,40.9,69.8,450.0,1.6,9.6,190.0,168
2026-07-16 11:00:00+00:00,Islamabad,34.6,48,1001.2,2.13,39.6,69.2,548.0,0.0,9.1,184.0,182
2026-07-16 12:00:00+00:00,Islamabad,34.7,49,1000.7,1.65,36.9,67.1,773.0,7.4,9.4,166.0,189
2026-07-16 13:00:00+00:00,Islamabad,33.4,57,1000.6,1.5,40.4,66.6,1269.0,37.4,10.3,123.0,188
2026-07-16 14:00:00+00:00,Islamabad,31.7,64,1000.9,1.25,48.4,71.9,1891.0,78.4,11.6,63.0,176
2026-07-16 15:00:00+00:00,Islamabad,31.0,63,1000.9,0.5,59.4,83.4,2284.0,107.2,12.4,19.0,152
2026-07-16 16:00:00+00:00,Islamabad,30.9,61,1001.2,0.16,61.7,84.5,2268.0,113.3,12.4,5.0,123
2026-07-16 17:00:00+00:00,Islamabad,30.8,60,1001.5,0.11,63.3,84.5,2022.0,107.1,12.0,6.0,125
2026-07-16 18:00:00+00:00,Islamabad,30.1,65,1001.3,0.45,63.3,80.6,1729.0,96.4,11.3,13.0,126
2026-07-16 19:00:00+00:00,Islamabad,29.6,66,1001.1,0.83,59.1,73.1,1408.0,81.2,10.3,25.0,128
2026-07-16 20:00:00+00:00,Islamabad,29.1,66,1000.9,1.25,55.4,68.2,1041.0,61.6,9.1,42.0,128
2026-07-16 21:00:00+00:00,Islamabad,28.9,66,1000.8,1.27,52.5,64.7,749.0,45.3,8.2,57.0,129
2026-07-16 22:00:00+00:00,Islamabad,28.5,67,1001.0,1.42,49.4,61.5,579.0,35.6,7.7,64.0,130
2026-07-16 23:00:00+00:00,Islamabad,28.3,70,1001.2,1.76,46.6,58.7,484.0,29.4,7.5,69.0,130
2026-07-17 00:00:00+00:00,Islamabad,28.1,75,1001.4,1.72,48.8,61.7,453.0,29.1,7.7,70.0,131
2026-07-17 01:00:00+00:00,Islamabad,28.3,75,1001.9,1.98,47.0,60.1,518.0,25.5,9.1,90.0,131
2026-07-17 02:00:00+00:00,Islamabad,29.6,72,1002.5,2.52,44.4,62.2,647.0,20.3,11.1,118.0,131
2026-07-17 03:00:00+00:00,Islamabad,30.6,68,1002.8,2.96,46.8,80.8,723.0,15.6,12.8,142.0,131
2026-07-17 04:00:00+00:00,Islamabad,31.7,66,1002.8,2.83,50.9,92.7,685.0,11.7,14.0,159.0,132
2026-07-17 05:00:00+00:00,Islamabad,32.3,64,1002.8,2.41,51.7,95.9,595.0,8.1,14.9,172.0,133
2026-07-17 06:00:00+00:00,Islamabad,33.0,58,1003.0,2.13,51.3,98.5,523.0,5.5,15.2,181.0,135
2026-07-17 07:00:00+00:00,Islamabad,33.1,58,1002.8,1.71,47.7,91.0,491.0,4.2,14.4,187.0,135
2026-07-17 08:00:00+00:00,Islamabad,33.5,57,1002.3,1.51,44.6,83.6,477.0,3.9,12.9,189.0,135
2026-07-17 09:00:00+00:00,Islamabad,33.9,57,1001.4,1.26,42.0,77.3,482.0,4.3,11.7,188.0,135
2026-07-17 10:00:00+00:00,Islamabad,34.1,55,1000.9,1.24,40.6,73.1,500.0,4.2,11.2,186.0,151
2026-07-17 11:00:00+00:00,Islamabad,34.2,53,1000.3,1.25,39.9,71.2,537.0,4.9,11.1,182.0,161
2026-07-17 12:00:00+00:00,Islamabad,34.7,49,999.4,1.77,46.4,86.4,619.0,9.4,10.9,165.0,168
2026-07-17 13:00:00+00:00,Islamabad,33.7,57,999.5,1.53,47.4,76.1,800.0,22.5,11.0,139.0,169
2026-07-17 14:00:00+00:00,Islamabad,32.0,62,999.9,2.39,50.2,75.4,1026.0,40.6,11.1,102.0,163
2026-07-17 15:00:00+00:00,Islamabad,31.1,64,1000.3,1.92,51.9,77.8,1156.0,54.9,11.1,72.0,151
2026-07-17 16:00:00+00:00,Islamabad,30.4,67,1001.1,1.9,55.1,82.9,1115.0,62.2,10.8,53.0,137
2026-07-17 17:00:00+00:00,Islamabad,30.0,69,1001.5,2.18,58.4,85.9,978.0,65.7,10.3,41.0,136
2026-07-17 18:00:00+00:00,Islamabad,30.1,72,1001.1,2.2,60.5,86.8,836.0,65.6,9.8,34.0,135
2026-07-17 19:00:00+00:00,Islamabad,29.7,72,1001.2,2.46,60.8,85.2,704.0,60.9,9.1,34.0,135
2026-07-17 20:00:00+00:00,Islamabad,29.3,73,1001.2,2.44,59.3,83.4,566.0,52.6,8.4,41.0,135
2026-07-17 21:00:00+00:00,Islamabad,29.0,73,1001.2,2.61,57.0,78.7,462.0,44.3,7.9,48.0,136
2026-07-17 22:00:00+00:00,Islamabad,28.5,73,1001.2,2.91,54.5,75.9,404.0,36.7,7.6,54.0,136
2026-07-17 23:00:00+00:00,Islamabad,28.0,75,1001.6,2.66,52.9,75.2,380.0,29.2,7.5,61.0,137
2026-07-18 00:00:00+00:00,Islamabad,28.1,81,1001.5,2.97,51.8,75.7,390.0,17.4,7.8,87.0,137
2026-07-18 01:00:00+00:00,Islamabad,27.9,80,1001.9,2.91,51.7,74.7,460.0,17.3,8.6,94.0,138
2026-07-18 02:00:00+00:00,Islamabad,29.1,76,1001.9,2.6,51.8,82.9,564.0,17.0,9.7,106.0,138
2026-07-18 03:00:00+00:00,Islamabad,30.5,71,1001.8,2.6,52.5,91.0,631.0,15.8,11.1,119.0,139
2026-07-18 04:00:00+00:00,Islamabad,31.7,68,1001.6,2.42,53.3,98.3,625.0,12.7,13.0,137.0,139
2026-07-18 05:00:00+00:00,Islamabad,32.4,66,1001.5,1.98,56.1,106.2,582.0,8.7,15.2,157.0,140
2026-07-18 06:00:00+00:00,Islamabad,33.4,61,1001.2,2.35,56.8,108.0,534.0,5.6,16.4,173.0,140
2026-07-18 07:00:00+00:00,Islamabad,33.9,58,1000.7,1.82,53.4,100.1,468.0,4.2,15.8,181.0,141
2026-07-18 08:00:00+00:00,Islamabad,34.6,56,1000.0,1.82,49.1,90.8,398.0,3.9,14.2,185.0,141
2026-07-18 09:00:00+00:00,Islamabad,35.1,55,999.4,2.25,46.3,83.4,397.0,4.4,12.8,185.0,142
2026-07-18 10:00:00+00:00,Islamabad,33.4,60,999.2,2.6,43.2,75.4,524.0,4.8,12.2,183.0,142
2026-07-18 11:00:00+00:00,Islamabad,32.8,67,999.2,1.96,43.5,75.0,720.0,6.1,11.8,178.0,147
2026-07-18 12:00:00+00:00,Islamabad,32.7,65,998.9,3.57,46.9,79.9,880.0,10.5,10.8,156.0,157
2026-07-18 13:00:00+00:00,Islamabad,32.3,65,999.4,3.8,48.8,71.7,969.0,18.9,10.3,136.0,160
2026-07-18 14:00:00+00:00,Islamabad,31.6,69,999.5,3.31,53.7,77.3,1023.0,30.6,9.7,108.0,157
2026-07-18 15:00:00+00:00,Islamabad,31.0,71,1000.2,3.02,52.7,72.6,1037.0,39.9,9.1,84.0,146
2026-07-18 16:00:00+00:00,Islamabad,30.3,75,1001.1,2.76,51.2,67.1,1007.0,45.5,8.8,67.0,144
2026-07-18 17:00:00+00:00,Islamabad,29.9,76,1001.8,2.45,50.3,64.7,937.0,48.9,8.6,55.0,143
2026-07-18 18:00:00+00:00,Islamabad,30.2,76,1001.1,2.23,50.2,62.9,843.0,48.4,8.3,50.0,142
2026-07-18 19:00:00+00:00,Islamabad,29.8,76,1001.1,2.56,50.3,61.9,708.0,41.7,7.7,56.0,141
2026-07-18 20:00:00+00:00,Islamabad,28.1,80,1001.6,4.46,47.6,59.8,549.0,31.2,7.1,70.0,140
2026-07-18 21:00:00+00:00,Islamabad,26.9,84,1001.2,2.9,39.0,51.9,426.0,22.7,6.5,81.0,139
2026-07-18 22:00:00+00:00,Islamabad,26.1,92,1001.9,2.41,35.6,48.3,354.0,18.7,6.0,84.0,137
2026-07-18 23:00:00+00:00,Islamabad,26.0,93,1001.6,2.86,33.6,46.3,317.0,16.8,5.6,84.0,135
2026-07-19 00:00:00+00:00,Islamabad,26.3,94,1001.4,2.2,24.4,31.7,334.0,11.7,4.0,95.0,133
2026-07-19 01:00:00+00:00,Islamabad,26.6,91,1001.8,2.73,22.7,30.6,455.0,12.4,3.9,96.0,130
2026-07-19 02:00:00+00:00,Islamabad,26.9,92,1002.6,2.58,21.9,30.4,628.0,13.3,3.8,99.0,127
2026-07-19 03:00:00+00:00,Islamabad,27.5,92,1002.3,1.21,24.0,35.5,717.0,13.0,4.6,106.0,124
2026-07-19 04:00:00+00:00,Islamabad,29.4,79,1002.8,2.87,25.3,40.6,634.0,10.5,7.1,121.0,121
2026-07-19 05:00:00+00:00,Islamabad,30.8,71,1003.1,3.39,32.5,59.4,466.0,6.8,10.4,141.0,118
2026-07-19 06:00:00+00:00,Islamabad,31.4,68,1003.2,3.23,38.9,73.8,342.0,4.2,12.7,155.0,116
2026-07-19 07:00:00+00:00,Islamabad,30.5,75,1002.8,3.43,42.5,81.3,312.0,3.5,13.0,159.0,114
2026-07-19 08:00:00+00:00,Islamabad,31.6,69,1002.1,2.94,46.3,85.7,325.0,3.8,12.2,157.0,113
2026-07-19 09:00:00+00:00,Islamabad,32.6,67,1001.4,2.59,42.1,74.7,353.0,5.0,11.4,152.0,112
2026-07-19 10:00:00+00:00,Islamabad,32.3,66,1001.0,2.12,37.1,60.5,388.0,6.8,10.9,144.0,112
2026-07-19 11:00:00+00:00,Islamabad,32.4,66,1000.3,1.5,38.1,62.9,439.0,9.4,10.3,134.0,111
2026-07-19 12:00:00+00:00,Islamabad,31.8,68,1000.2,3.13,45.1,80.6,503.0,8.3,10.5,131.0,114
2026-07-19 13:00:00+00:00,Islamabad,31.2,71,1000.4,3.06,46.4,81.7,602.0,14.0,10.1,116.0,116
2026-07-19 14:00:00+00:00,Islamabad,30.5,74,1000.7,3.22,49.7,75.9,714.0,21.7,9.6,94.0,111
2026-07-19 15:00:00+00:00,Islamabad,29.9,75,1001.2,3.22,47.6,68.9,770.0,26.9,8.7,78.0,110
2026-07-19 16:00:00+00:00,Islamabad,29.6,75,1001.9,2.96,46.3,64.5,726.0,27.5,7.2,71.0,109
2026-07-19 17:00:00+00:00,Islamabad,29.4,75,1002.3,3.19,42.3,57.2,626.0,25.5,5.5,70.0,109
2026-07-19 18:00:00+00:00,Islamabad,28.5,83,1002.3,4.12,37.1,46.2,530.0,22.8,4.1,71.0,108
2026-07-19 19:00:00+00:00,Islamabad,26.7,93,1002.0,3.75,25.0,30.6,453.0,19.2,3.4,75.0,107
2026-07-19 20:00:00+00:00,Islamabad,26.6,93,1001.7,3.41,21.0,25.2,380.0,14.8,3.1,82.0,104
2026-07-19 21:00:00+00:00,Islamabad,25.2,95,1002.2,2.75,20.7,25.7,327.0,11.6,2.9,86.0,101
2026-07-19 22:00:00+00:00,Islamabad,25.3,96,1001.7,2.99,19.9,26.5,290.0,10.2,2.8,85.0,100
2026-07-19 23:00:00+00:00,Islamabad,24.9,98,1002.4,2.46,18.5,24.7,272.0,10.1,2.9,82.0,98
2026-07-20 00:00:00+00:00,Islamabad,24.9,99,1002.4,3.13,21.7,35.9,298.0,8.1,1.9,94.0,97
2026-07-20 01:00:00+00:00,Islamabad,25.2,96,1001.3,3.06,10.6,16.6,412.0,12.2,2.9,90.0,97
2026-07-20 02:00:00+00:00,Islamabad,26.1,95,1001.5,2.26,22.2,42.6,570.0,17.8,4.4,85.0,96
2026-07-20 03:00:00+00:00,Islamabad,26.5,93,1002.3,2.7,27.4,52.7,668.0,20.4,6.2,88.0,96
2026-07-20 04:00:00+00:00,Islamabad,26.0,95,1003.4,2.57,30.5,58.6,643.0,17.4,8.8,104.0,96
2026-07-20 05:00:00+00:00,Islamabad,26.8,93,1002.6,2.15,32.8,63.3,557.0,11.5,11.7,127.0,97
2026-07-20 06:00:00+00:00,Islamabad,28.2,84,1003.4,2.6,33.9,65.9,492.0,6.9,13.7,146.0,97
2026-07-20 07:00:00+00:00,Islamabad,29.3,75,1003.0,3.07,34.9,67.3,472.0,4.6,14.1,158.0,96
2026-07-20 08:00:00+00:00,Islamabad,28.6,82,1002.4,2.64,34.1,65.2,474.0,3.5,13.5,165.0,96
2026-07-20 09:00:00+00:00,Islamabad,29.6,76,1001.7,2.56,34.9,66.8,510.0,5.1,12.5,163.0,95
2026-07-20 10:00:00+00:00,Islamabad,28.3,83,1002.0,2.1,36.0,69.6,611.0,11.2,11.0,145.0,94
2026-07-20 11:00:00+00:00,Islamabad,27.9,86,1001.6,3.17,36.6,71.5,745.0,19.9,9.1,118.0,100
2026-07-20 12:00:00+00:00,Islamabad,29.3,77,1001.0,3.26,38.9,75.9,836.0,13.8,14.4,134.0,106
2026-07-20 13:00:00+00:00,Islamabad,28.6,80,1001.5,3.19,41.4,79.2,841.0,27.4,13.5,107.0,112
2026-07-20 14:00:00+00:00,Islamabad,28.0,83,1001.8,2.87,43.4,79.4,801.0,45.7,12.3,71.0,108
2026-07-20 15:00:00+00:00,Islamabad,27.3,86,1002.3,2.61,45.8,74.3,763.0,55.4,10.9,49.0,93
2026-07-20 16:00:00+00:00,Islamabad,27.1,88,1002.9,2.43,38.8,65.7,754.0,48.1,9.2,54.0,92
2026-07-20 17:00:00+00:00,Islamabad,26.7,91,1003.2,3.16,38.6,66.6,747.0,32.2,7.4,72.0,92
2026-07-20 18:00:00+00:00,Islamabad,24.4,98,1003.5,3.32,36.2,72.2,700.0,19.7,5.9,86.0,92
2026-07-20 19:00:00+00:00,Islamabad,24.2,99,1003.3,3.61,31.8,59.6,573.0,15.9,4.9,86.0,91
2026-07-20 20:00:00+00:00,Islamabad,24.1,99,1003.3,2.64,29.6,59.0,406.0,15.6,4.3,82.0,92
2026-07-20 21:00:00+00:00,Islamabad,24.1,99,1002.2,2.32,29.0,58.6,286.0,15.2,4.0,79.0,93
2026-07-20 22:00:00+00:00,Islamabad,23.4,100,1002.9,1.81,25.9,51.7,236.0,12.7,3.8,83.0,93
2026-07-20 23:00:00+00:00,Islamabad,23.9,98,1002.5,2.82,17.9,37.6,231.0,10.0,3.9,88.0,94
2026-07-21 00:00:00+00:00,Islamabad,24.2,98,1002.6,2.01,17.1,37.1,290.0,7.0,4.4,106.0,94
2026-07-21 01:00:00+00:00,Islamabad,24.1,99,1002.8,1.46,16.2,31.2,468.0,13.0,5.0,97.0,93
2026-07-21 02:00:00+00:00,Islamabad,24.2,98,1003.2,2.1,15.0,28.4,708.0,21.1,5.8,84.0,94
2026-07-21 03:00:00+00:00,Islamabad,23.8,99,1004.0,2.59,15.1,26.2,857.0,26.1,6.4,75.0,93
2026-07-21 04:00:00+00:00,Islamabad,24.0,97,1003.8,1.42,12.4,20.6,825.0,24.9,6.7,75.0,92
2026-07-21 05:00:00+00:00,Islamabad,24.4,97,1004.2,2.75,9.3,15.0,702.0,20.6,6.8,80.0,91
2026-07-21 06:00:00+00:00,Islamabad,23.7,96,1005.0,3.42,8.9,14.2,603.0,17.2,6.7,83.0,89
2026-07-21 07:00:00+00:00,Islamabad,23.5,98,1005.2,4.27,7.7,15.1,572.0,16.2,6.2,81.0,87
2026-07-21 08:00:00+00:00,Islamabad,23.5,98,1005.2,4.85,9.2,20.2,565.0,16.2,5.5,76.0,85
2026-07-21 09:00:00+00:00,Islamabad,23.7,98,1004.8,4.84,11.5,20.7,569.0,16.6,4.8,74.0,83
2026-07-21 10:00:00+00:00,Islamabad,24.2,96,1004.4,4.85,14.7,21.2,574.0,16.8,4.3,77.0,81
2026-07-21 11:00:00+00:00,Islamabad,24.2,96,1003.9,4.59,12.5,21.7,590.0,17.5,3.9,81.0,79
2026-07-21 12:00:00+00:00,Islamabad,23.9,94,1004.1,3.87,15.7,28.5,634.0,16.6,5.0,81.0,78
2026-07-21 13:00:00+00:00,Islamabad,23.7,97,1004.3,4.43,14.1,22.7,739.0,22.6,5.2,71.0,76
2026-07-21 14:00:00+00:00,Islamabad,23.6,97,1004.9,3.76,15.0,20.4,872.0,31.0,5.4,57.0,74
2026-07-21 15:00:00+00:00,Islamabad,23.5,96,1004.9,3.26,15.4,19.9,945.0,38.5,5.6,44.0,71
2026-07-21 16:00:00+00:00,Islamabad,23.8,92,1005.4,2.8,17.1,21.1,906.0,44.9,5.8,33.0,69
2026-07-21 17:00:00+00:00,Islamabad,23.7,90,1005.5,2.06,20.3,24.4,808.0,50.3,5.9,24.0,67
2026-07-21 18:00:00+00:00,Islamabad,24.1,93,1005.1,1.41,20.4,24.3,725.0,51.8,5.8,19.0,66
2026-07-21 19:00:00+00:00,Islamabad,23.8,93,1004.7,1.53,18.8,22.5,698.0,46.6,5.2,22.0,65
2026-07-21 20:00:00+00:00,Islamabad,23.7,93,1004.1,1.37,15.8,19.5,686.0,37.4,4.4,30.0,64
2026-07-21 21:00:00+00:00,Islamabad,23.8,92,1003.6,1.33,15.1,18.9,644.0,30.0,3.8,36.0,63
2026-07-21 22:00:00+00:00,Islamabad,23.8,90,1003.7,1.35,17.5,21.9,514.0,26.6,3.6,38.0,61
2026-07-21 23:00:00+00:00,Islamabad,24.0,90,1004.2,1.11,18.6,22.8,355.0,25.0,3.7,38.0,61
2026-07-22 00:00:00+00:00,Islamabad,23.8,96,1003.5,0.29,26.5,31.9,291.0,49.4,5.0,2.0,61
2026-07-22 01:00:00+00:00,Islamabad,23.9,96,1004.1,0.5,28.9,35.7,432.0,41.3,5.7,21.0,62
2026-07-22 02:00:00+00:00,Islamabad,24.3,93,1004.2,1.08,20.0,31.8,670.0,29.9,6.7,47.0,63
2026-07-22 03:00:00+00:00,Islamabad,25.3,87,1004.2,1.75,16.7,27.2,803.0,20.5,7.3,69.0,63
2026-07-22 04:00:00+00:00,Islamabad,26.6,78,1004.2,3.78,12.9,18.9,710.0,15.1,7.0,84.0,63
2026-07-22 05:00:00+00:00,Islamabad,27.2,75,1004.2,3.94,8.7,11.2,513.0,11.6,6.2,96.0,63
2026-07-22 06:00:00+00:00,Islamabad,25.5,81,1005.2,2.76,7.0,8.0,373.0,9.3,5.8,103.0,63
2026-07-22 07:00:00+00:00,Islamabad,27.4,71,1004.4,3.8,7.3,7.8,364.0,7.6,6.1,106.0,63
2026-07-22 08:00:00+00:00,Islamabad,27.1,72,1003.4,3.36,7.9,8.1,412.0,7.0,6.8,105.0,63
2026-07-22 09:00:00+00:00,Islamabad,27.3,73,1002.8,2.87,8.1,8.2,455.0,8.6,6.9,101.0,63
2026-07-22 10:00:00+00:00,Islamabad,27.1,72,1002.8,5.06,7.5,7.6,458.0,13.1,6.0,93.0,63
2026-07-22 11:00:00+00:00,Islamabad,26.2,75,1002.8,5.17,9.6,9.7,455.0,19.9,4.5,82.0,62
2026-07-22 12:00:00+00:00,Islamabad,27.2,71,1002.9,5.69,20.4,21.6,491.0,16.9,4.9,87.0,62
2026-07-22 13:00:00+00:00,Islamabad,26.3,76,1002.9,5.3,20.1,21.2,604.0,26.5,5.2,72.0,62
2026-07-22 14:00:00+00:00,Islamabad,25.3,81,1003.4,3.32,22.4,23.3,755.0,39.8,5.6,51.0,63
2026-07-22 15:00:00+00:00,Islamabad,24.8,81,1004.4,2.65,26.1,27.2,873.0,50.7,5.9,34.0,63
2026-07-22 16:00:00+00:00,Islamabad,24.8,79,1004.9,2.6,30.3,31.5,934.0,57.6,6.2,24.0,64
2026-07-22 17:00:00+00:00,Islamabad,24.6,78,1005.0,1.99,32.9,34.2,961.0,62.2,6.4,17.0,65
2026-07-22 18:00:00+00:00,Islamabad,25.1,80,1004.5,1.5,32.1,33.3,956.0,63.1,6.3,14.0,66
2026-07-22 19:00:00+00:00,Islamabad,24.8,80,1004.2,1.14,31.2,32.4,908.0,58.0,5.6,16.0,67
2026-07-22 20:00:00+00:00,Islamabad,24.7,81,1003.8,0.43,28.8,31.0,827.0,49.2,4.6,22.0,68
2026-07-22 21:00:00+00:00,Islamabad,24.3,81,1003.4,0.7,27.5,29.8,742.0,42.8,3.9,25.0,69
2026-07-22 22:00:00+00:00,Islamabad,24.2,81,1002.9,0.32,29.6,31.9,623.0,42.3,3.6,19.0,70
2026-07-22 23:00:00+00:00,Islamabad,24.6,79,1002.9,0.57,29.2,31.3,502.0,44.1,3.7,9.0,71
2026-07-23 00:00:00+00:00,Islamabad,23.8,93,1003.3,1.17,39.0,39.8,498.0,47.5,3.1,1.0,72
2026-07-23 01:00:00+00:00,Islamabad,23.7,93,1003.2,1.98,43.4,44.2,755.0,42.6,4.9,20.0,73
2026-07-23 02:00:00+00:00,Islamabad,24.6,89,1003.0,1.75,39.1,39.8,1130.0,35.6,7.4,46.0,74
2026-07-23 03:00:00+00:00,Islamabad,25.0,87,1003.6,0.81,24.9,25.8,1318.0,28.3,9.4,70.0,75
2026-07-23 04:00:00+00:00,Islamabad,26.5,77,1003.7,1.69,20.5,21.2,1125.0,20.5,10.6,91.0,76
2026-07-23 05:00:00+00:00,Islamabad,27.3,75,1003.6,2.86,19.2,20.0,745.0,12.4,11.4,109.0,77
2026-07-23 06:00:00+00:00,Islamabad,27.5,76,1004.1,4.53,17.8,18.7,452.0,6.5,11.2,121.0,77
2026-07-23 07:00:00+00:00,Islamabad,28.7,68,1003.6,3.71,15.1,16.1,359.0,4.1,9.4,123.0,78
2026-07-23 08:00:00+00:00,Islamabad,28.8,69,1003.2,2.77,12.0,13.1,354.0,4.0,6.7,118.0,79
2026-07-23 09:00:00+00:00,Islamabad,29.5,64,1002.4,4.64,9.8,11.4,372.0,4.8,4.7,113.0,79
2026-07-23 10:00:00+00:00,Islamabad,27.5,74,1002.9,3.31,7.6,8.5,314.0,4.3,4.2,113.0,79
2026-07-23 11:00:00+00:00,Islamabad,28.2,69,1001.9,3.54,7.2,8.0,279.0,4.7,4.4,112.0,79
2026-07-23 12:00:00+00:00,Islamabad,27.6,71,1001.9,3.76,26.3,27.6,503.0,11.7,4.7,98.0,79
2026-07-23 13:00:00+00:00,Islamabad,27.3,74,1001.9,2.67,29.6,30.6,1267.0,25.1,5.0,77.0,80
2026-07-23 14:00:00+00:00,Islamabad,26.4,80,1001.9,1.43,32.6,33.4,2289.0,43.7,5.4,47.0,80
2026-07-23 15:00:00+00:00,Islamabad,26.0,82,1002.8,0.28,38.6,39.3,2960.0,58.0,6.2,24.0,81
2026-07-23 16:00:00+00:00,Islamabad,25.6,83,1003.4,0.1,46.8,47.4,2993.0,63.9,7.7,13.0,82
2026-07-23 17:00:00+00:00,Islamabad,25.3,83,1003.5,0.21,56.7,57.3,2675.0,65.6,9.6,9.0,83
2026-07-23 18:00:00+00:00,Islamabad,25.3,90,1003.7,0.62,64.3,65.0,2255.0,65.4,10.4,6.0,85
2026-07-23 19:00:00+00:00,Islamabad,25.2,88,1003.4,0.29,62.9,63.3,1731.0,63.7,9.4,5.0,88
2026-07-23 20:00:00+00:00,Islamabad,24.9,88,1003.1,0.93,51.8,52.4,1106.0,60.1,7.4,6.0,90
2026-07-23 21:00:00+00:00,Islamabad,24.5,89,1003.1,0.87,47.0,47.5,632.0,56.7,5.8,7.0,92
2026-07-23 22:00:00+00:00,Islamabad,24.2,89,1003.0,0.95,40.4,40.9,428.0,54.6,4.9,4.0,94
2026-07-23 23:00:00+00:00,Islamabad,23.9,90,1002.9,0.27,35.3,35.7,375.0,52.6,4.4,2.0,94
2026-07-24 00:00:00+00:00,Islamabad,24.3,90,1003.2,1.14,44.9,45.4,374.0,48.1,4.5,4.0,95
2026-07-24 01:00:00+00:00,Islamabad,24.8,90,1003.0,1.07,40.5,41.0,420.0,40.3,5.8,24.0,95
2026-07-24 02:00:00+00:00,Islamabad,25.9,84,1003.5,1.56,35.6,36.3,518.0,29.4,7.7,52.0,95
2026-07-24 03:00:00+00:00,Islamabad,26.5,75,1004.4,2.88,26.8,27.9,576.0,19.9,8.9,77.0,95
2026-07-24 04:00:00+00:00,Islamabad,27.2,73,1004.3,2.87,23.2,24.4,547.0,13.5,8.9,95.0,95
2026-07-24 05:00:00+00:00,Islamabad,28.1,71,1004.2,2.87,18.9,20.5,478.0,8.5,8.4,111.0,95
2026-07-24 06:00:00+00:00,Islamabad,28.7,66,1004.8,3.79,16.1,18.0,421.0,5.1,7.7,121.0,95
2026-07-24 07:00:00+00:00,Islamabad,27.7,72,1004.5,2.7,13.0,14.7,387.0,3.6,6.9,125.0,95
2026-07-24 08:00:00+00:00,Islamabad,29.3,65,1003.5,2.33,11.9,13.3,364.0,3.6,6.1,125.0,95
2026-07-24 09:00:00+00:00,Islamabad,29.9,62,1002.4,2.18,11.7,12.6,370.0,4.4,5.7,123.0,95
2026-07-24 10:00:00+00:00,Islamabad,30.2,62,1001.3,1.74,12.4,13.1,371.0,3.1,6.0,125.0,95
2026-07-24 11:00:00+00:00,Islamabad,30.2,61,1000.5,0.8,13.4,14.0,400.0,2.6,6.7,125.0,95
2026-07-24 12:00:00+00:00,Islamabad,30.5,60,1000.2,1.24,11.9,12.0,577.0,10.2,8.1,119.0,96
2026-07-24 13:00:00+00:00,Islamabad,29.8,65,1000.1,0.86,13.7,13.8,1062.0,34.7,10.1,87.0,95
2026-07-24 14:00:00+00:00,Islamabad,28.3,79,1000.3,0.82,31.8,31.8,1695.0,68.4,12.9,43.0,94
2026-07-24 15:00:00+00:00,Islamabad,27.3,82,1000.8,1.0,47.1,47.1,2107.0,92.7,14.8,10.0,94
2026-07-24 16:00:00+00:00,Islamabad,26.8,83,1002.0,0.8,53.4,53.6,2127.0,99.0,15.3,0.0,94
2026-07-24 17:00:00+00:00,Islamabad,26.8,82,1002.5,0.38,56.7,56.8,1926.0,96.0,15.0,1.0,95
2026-07-24 18:00:00+00:00,Islamabad,27.2,83,1002.4,0.43,56.0,56.1,1659.0,91.0,14.0,4.0,95
2026-07-24 19:00:00+00:00,Islamabad,26.5,85,1002.8,0.97,49.5,49.7,1320.0,85.9,12.1,5.0,94
2026-07-24 20:00:00+00:00,Islamabad,26.3,85,1003.0,1.58,44.0,44.2,914.0,78.9,9.6,6.0,93
2026-07-24 21:00:00+00:00,Islamabad,25.7,85,1003.1,1.75,38.4,38.8,605.0,71.6,7.6,8.0,92
2026-07-24 22:00:00+00:00,Islamabad,25.6,85,1002.8,1.28,35.2,35.7,451.0,65.0,6.5,8.0,92
2026-07-24 23:00:00+00:00,Islamabad,25.3,86,1003.1,0.32,33.9,34.5,395.0,58.3,5.9,7.0,91
2026-07-25 00:00:00+00:00,Islamabad,24.2,84,1002.4,2.33,22.4,22.9,430.0,36.9,5.2,32.0,91
2026-07-25 01:00:00+00:00,Islamabad,24.4,86,1002.6,1.78,20.9,21.5,627.0,37.9,5.2,33.0,89
2026-07-25 02:00:00+00:00,Islamabad,26.4,80,1003.3,0.6,22.0,22.6,915.0,39.0,5.2,35.0,88
2026-07-25 03:00:00+00:00,Islamabad,27.3,74,1004.1,1.4,21.2,22.0,1080.0,38.1,5.5,40.0,87
2026-07-25 04:00:00+00:00,Islamabad,26.7,76,1004.9,2.29,20.5,21.5,994.0,33.3,6.1,50.0,86
2026-07-25 05:00:00+00:00,Islamabad,26.6,82,1005.5,3.06,21.7,22.9,784.0,26.5,7.0,63.0,86
2026-07-25 06:00:00+00:00,Islamabad,25.2,94,1005.6,3.27,25.2,26.3,616.0,20.9,7.7,75.0,86
2026-07-25 07:00:00+00:00,Islamabad,24.9,96,1005.6,2.71,27.6,28.8,543.0,17.7,8.1,83.0,87
2026-07-25 08:00:00+00:00,Islamabad,24.9,96,1005.5,1.94,25.8,27.1,512.0,15.7,8.5,89.0,88
2026-07-25 09:00:00+00:00,Islamabad,24.9,97,1005.3,1.98,20.2,21.4,531.0,14.4,8.7,95.0,89
2026-07-25 10:00:00+00:00,Islamabad,25.3,96,1004.7,1.6,17.9,18.7,545.0,10.8,8.6,105.0,90
2026-07-25 11:00:00+00:00,Islamabad,25.6,92,1004.1,1.65,16.9,17.5,609.0,7.8,8.5,115.0,90
2026-07-25 12:00:00+00:00,Islamabad,27.5,78,1003.4,2.6,30.3,31.2,902.0,33.2,5.3,60.0,91
2026-07-25 13:00:00+00:00,Islamabad,27.1,81,1003.4,1.71,29.6,30.5,1647.0,47.8,7.0,44.0,92
2026-07-25 14:00:00+00:00,Islamabad,26.2,88,1003.9,0.78,36.2,37.0,2620.0,67.8,9.3,21.0,93
2026-07-25 15:00:00+00:00,Islamabad,25.6,90,1004.4,1.14,54.5,55.4,3332.0,82.0,10.7,5.0,94
2026-07-25 16:00:00+00:00,Islamabad,25.5,88,1005.0,1.03,67.5,68.5,3614.0,86.3,10.3,0.0,94
2026-07-25 17:00:00+00:00,Islamabad,25.2,88,1005.6,0.71,56.7,57.6,3635.0,84.8,9.0,0.0,95
2026-07-25 18:00:00+00:00,Islamabad,26.1,86,1005.3,0.3,47.0,48.0,3410.0,78.2,7.6,4.0,95
2026-07-25 19:00:00+00:00,Islamabad,25.9,85,1005.4,0.15,43.7,44.8,2821.0,63.6,6.2,16.0,95
2026-07-25 20:00:00+00:00,Islamabad,25.7,85,1005.2,0.35,36.0,37.4,1987.0,43.8,4.7,34.0,94
2026-07-25 21:00:00+00:00,Islamabad,25.0,87,1004.8,0.75,28.6,30.0,1279.0,28.2,3.5,47.0,94
2026-07-25 22:00:00+00:00,Islamabad,24.6,89,1005.1,0.6,27.1,28.7,814.0,20.4,2.8,52.0,93
2026-07-25 23:00:00+00:00,Islamabad,24.5,89,1005.2,0.35,25.9,27.4,474.0,16.7,2.4,53.0,92
2026-07-26 00:00:00+00:00,Islamabad,24.8,95,1005.4,0.98,14.7,15.4,282.0,12.2,2.1,56.0,92
2026-07-26 01:00:00+00:00,Islamabad,25.0,96,1005.5,0.45,15.2,15.9,315.0,13.9,2.3,54.0,91
2026-07-26 02:00:00+00:00,Islamabad,25.0,94,1005.9,1.35,16.9,17.5,495.0,16.1,2.7,53.0,91
2026-07-26 03:00:00+00:00,Islamabad,25.9,92,1005.5,1.38,16.1,17.3,610.0,16.4,3.9,60.0,90
2026-07-26 04:00:00+00:00,Islamabad,28.1,77,1005.7,0.65,16.3,19.4,561.0,13.2,6.7,81.0,90
2026-07-26 05:00:00+00:00,Islamabad,28.3,74,1005.9,1.44,20.0,25.0,447.0,8.1,10.2,110.0,89
2026-07-26 06:00:00+00:00,Islamabad,29.0,69,1006.2,0.72,22.4,27.8,356.0,4.3,12.6,133.0,89
2026-07-26 07:00:00+00:00,Islamabad,29.6,66,1005.6,0.79,23.2,28.3,323.0,3.0,12.6,145.0,89
2026-07-26 08:00:00+00:00,Islamabad,30.4,65,1004.8,1.17,23.5,28.1,314.0,2.9,11.5,151.0,89
2026-07-26 09:00:00+00:00,Islamabad,30.4,66,1003.7,1.74,23.9,28.2,314.0,3.4,10.6,154.0,89
2026-07-26 10:00:00+00:00,Islamabad,31.8,62,1002.7,1.99,24.1,28.1,296.0,2.2,10.5,158.0,89
2026-07-26 11:00:00+00:00,Islamabad,31.5,61,1002.0,2.69,24.1,27.8,288.0,1.6,10.6,159.0,89
2026-07-26 12:00:00+00:00,Islamabad,31.0,63,1001.9,2.06,20.9,23.7,360.0,7.3,9.5,142.0,99
2026-07-26 13:00:00+00:00,Islamabad,29.9,71,1001.6,2.23,23.2,25.4,595.0,25.9,10.0,111.0,112
2026-07-26 14:00:00+00:00,Islamabad,28.4,76,1001.6,1.95,28.4,30.4,908.0,51.7,10.7,69.0,112
2026-07-26 15:00:00+00:00,Islamabad,27.6,78,1001.8,1.8,37.8,39.9,1121.0,71.9,11.5,35.0,98
2026-07-26 16:00:00+00:00,Islamabad,27.2,80,1002.1,1.61,49.1,51.1,1148.0,81.8,12.6,20.0,87
2026-07-26 17:00:00+00:00,Islamabad,26.9,81,1002.6,1.32,54.9,56.9,1074.0,86.0,13.6,13.0,85
2026-07-26 18:00:00+00:00,Islamabad,27.4,79,1001.8,0.99,61.2,62.9,969.0,86.3,13.7,9.0,85
2026-07-26 19:00:00+00:00,Islamabad,27.0,79,1001.6,0.98,65.0,66.4,838.0,81.8,11.8,5.0,86
2026-07-26 20:00:00+00:00,Islamabad,26.7,79,1001.5,0.93,64.7,65.9,678.0,73.3,8.9,4.0,88
2026-07-26 21:00:00+00:00,Islamabad,26.5,79,1001.3,0.86,57.6,58.4,545.0,64.7,6.6,5.0,90
2026-07-26 22:00:00+00:00,Islamabad,26.6,78,1001.2,0.76,44.5,44.9,447.0,57.2,5.5,8.0,92
2026-07-26 23:00:00+00:00,Islamabad,26.6,77,1001.0,0.74,36.3,36.8,376.0,49.7,5.1,13.0,94
2026-07-27 00:00:00+00:00,Islamabad,26.3,79,1000.8,0.27,50.3,50.8,374.0,56.3,5.2,3.0,95
2026-07-27 01:00:00+00:00,Islamabad,26.8,79,1001.1,0.29,54.5,55.1,506.0,50.2,6.8,23.0,97
2026-07-27 02:00:00+00:00,Islamabad,28.2,72,1001.2,0.43,51.5,52.4,705.0,41.4,9.0,51.0,101
2026-07-27 03:00:00+00:00,Islamabad,29.1,69,1001.3,0.68,40.9,42.4,815.0,32.4,11.1,80.0,104
2026-07-27 04:00:00+00:00,Islamabad,30.2,64,1000.9,1.21,26.0,28.1,741.0,23.0,13.3,111.0,107
2026-07-27 05:00:00+00:00,Islamabad,31.1,61,1000.7,1.79,24.3,26.4,576.0,13.3,15.4,144.0,108
2026-07-27 06:00:00+00:00,Islamabad,31.8,59,1000.6,2.04,23.6,25.8,447.0,6.4,16.3,167.0,108
2026-07-27 07:00:00+00:00,Islamabad,32.4,58,1000.1,1.94,22.7,24.7,399.0,3.8,14.9,175.0,108
2026-07-27 08:00:00+00:00,Islamabad,32.9,56,999.4,1.85,22.2,24.2,385.0,3.9,12.1,174.0,108
2026-07-27 09:00:00+00:00,Islamabad,32.9,56,998.6,1.81,21.5,23.5,392.0,4.8,10.2,172.0,108
2026-07-27 10:00:00+00:00,Islamabad,33.0,56,997.8,1.69,20.9,22.9,373.0,2.3,9.8,175.0,108
2026-07-27 11:00:00+00:00,Islamabad,32.9,56,997.0,1.25,20.5,22.5,374.0,0.7,10.1,177.0,121
2026-07-27 12:00:00+00:00,Islamabad,32.7,57,996.8,1.21,11.8,13.3,518.0,10.3,9.4,149.0,142
2026-07-27 13:00:00+00:00,Islamabad,31.8,63,996.8,0.85,16.5,17.9,952.0,41.6,10.9,109.0,150
2026-07-27 14:00:00+00:00,Islamabad,30.5,74,997.1,0.52,27.9,29.3,1529.0,84.3,12.8,53.0,143
2026-07-27 15:00:00+00:00,Islamabad,29.3,75,997.6,0.96,37.8,39.3,1932.0,113.0,14.1,13.0,118
2026-07-27 16:00:00+00:00,Islamabad,28.9,74,998.2,1.24,40.6,42.1,2034.0,115.4,14.1,3.0,106
2026-07-27 17:00:00+00:00,Islamabad,28.5,72,998.5,1.18,41.8,43.3,1962.0,103.8,13.5,9.0,105
2026-07-27 18:00:00+00:00,Islamabad,28.6,75,998.0,0.97,45.3,46.8,1782.0,90.2,12.5,17.0,103
2026-07-27 19:00:00+00:00,Islamabad,28.1,74,998.3,1.26,46.6,48.0,1445.0,77.7,11.0,21.0,102
2026-07-27 20:00:00+00:00,Islamabad,27.9,72,998.6,1.89,44.9,46.1,999.0,63.1,9.2,28.0,100
2026-07-27 21:00:00+00:00,Islamabad,27.1,79,999.0,1.92,40.9,42.1,660.0,49.0,7.8,37.0,98
2026-07-27 22:00:00+00:00,Islamabad,26.7,81,998.9,2.37,33.4,34.8,506.0,34.6,7.0,52.0,97
2026-07-27 23:00:00+00:00,Islamabad,26.0,85,998.9,2.02,22.5,24.0,459.0,20.6,6.6,70.0,96
2026-07-28 00:00:00+00:00,Islamabad,26.3,88,998.1,1.1,32.9,34.5,492.0,22.0,7.1,62.0,95
2026-07-28 01:00:00+00:00,Islamabad,26.6,88,998.7,1.25,32.7,34.6,657.0,21.7,8.0,71.0,94
2026-07-28 02:00:00+00:00,Islamabad,27.9,82,998.8,1.17,35.3,37.5,903.0,21.2,9.3,85.0,92
2026-07-28 03:00:00+00:00,Islamabad,29.0,76,999.2,0.65,33.5,37.1,1053.0,19.5,11.0,102.0,91
2026-07-28 04:00:00+00:00,Islamabad,30.6,69,999.1,0.63,28.6,32.4,1013.0,15.7,13.9,126.0,90
2026-07-28 05:00:00+00:00,Islamabad,31.4,65,999.3,1.6,28.1,31.8,877.0,10.9,17.2,155.0,90
2026-07-28 06:00:00+00:00,Islamabad,31.5,66,999.4,1.92,29.4,32.9,751.0,7.2,19.0,176.0,91
2026-07-28 07:00:00+00:00,Islamabad,30.4,75,999.7,1.14,28.7,31.9,658.0,5.5,18.0,186.0,91
2026-07-28 08:00:00+00:00,Islamabad,32.5,67,998.8,1.22,27.4,30.4,576.0,5.0,15.5,188.0,92
2026-07-28 09:00:00+00:00,Islamabad,31.5,68,998.1,1.92,27.6,30.9,545.0,5.1,13.4,187.0,98
2026-07-28 10:00:00+00:00,Islamabad,31.8,69,997.8,1.37,24.3,27.1,556.0,4.5,12.4,184.0,123
2026-07-28 11:00:00+00:00,Islamabad,32.7,63,997.2,0.67,23.7,26.7,619.0,4.7,11.9,177.0,144
2026-07-28 12:00:00+00:00,Islamabad,33.5,57,996.3,1.39,29.5,36.1,795.0,9.4,9.8,154.0,157
2026-07-28 13:00:00+00:00,Islamabad,32.0,67,996.5,1.72,32.2,38.5,1224.0,22.2,9.7,129.0,162
2026-07-28 14:00:00+00:00,Islamabad,30.3,71,997.0,1.96,42.5,47.7,1766.0,39.7,9.5,95.0,158
2026-07-28 15:00:00+00:00,Islamabad,29.5,73,998.2,2.7,43.3,47.7,2074.0,51.9,9.3,69.0,143
2026-07-28 16:00:00+00:00,Islamabad,28.9,79,999.2,2.11,42.6,45.9,1948.0,54.1,9.1,59.0,118
2026-07-28 17:00:00+00:00,Islamabad,28.6,81,999.8,2.62,43.5,46.7,1586.0,50.9,9.0,58.0,97
2026-07-28 18:00:00+00:00,Islamabad,27.1,83,999.6,4.07,45.3,48.4,1235.0,46.4,8.7,59.0,97
2026-07-28 19:00:00+00:00,Islamabad,25.3,93,1000.2,1.71,45.3,48.4,946.0,41.4,8.3,59.0,97
2026-07-28 20:00:00+00:00,Islamabad,24.3,95,1000.7,3.35,44.5,47.1,668.0,35.1,7.8,61.0,97
2026-07-28 21:00:00+00:00,Islamabad,23.2,96,1001.3,3.29,43.4,46.3,486.0,28.8,7.2,66.0,97
2026-07-28 22:00:00+00:00,Islamabad,23.3,96,1001.0,3.21,41.9,45.9,462.0,21.7,6.1,75.0,98
2026-07-28 23:00:00+00:00,Islamabad,23.4,96,1001.2,2.8,23.1,25.6,535.0,14.6,4.9,86.0,98
2026-07-29 00:00:00+00:00,Islamabad,23.7,99,1001.8,4.12,27.0,32.0,611.0,6.5,2.9,124.0,98
2026-07-29 01:00:00+00:00,Islamabad,23.7,99,1001.7,3.59,25.7,29.8,675.0,10.7,3.2,115.0,98
2026-07-29 02:00:00+00:00,Islamabad,24.5,92,1002.1,3.57,26.8,30.0,743.0,16.3,3.8,104.0,97
2026-07-29 03:00:00+00:00,Islamabad,26.2,83,1002.2,2.93,27.5,31.1,767.0,19.2,4.9,102.0,97
2026-07-29 04:00:00+00:00,Islamabad,27.7,78,1002.4,3.18,25.8,29.7,706.0,16.6,7.0,119.0,96
2026-07-29 05:00:00+00:00,Islamabad,28.6,75,1002.3,3.11,24.9,29.1,602.0,11.2,9.7,146.0,96
2026-07-29 06:00:00+00:00,Islamabad,28.1,76,1003.2,3.51,27.1,32.1,530.0,7.1,11.7,168.0,96
2026-07-29 07:00:00+00:00,Islamabad,27.5,79,1003.0,3.2,29.0,34.2,519.0,5.8,12.6,179.0,95
2026-07-29 08:00:00+00:00,Islamabad,28.0,77,1002.6,3.46,29.5,35.2,541.0,5.6,12.8,184.0,95
2026-07-29 09:00:00+00:00,Islamabad,29.3,71,1001.8,3.33,32.7,39.6,583.0,6.1,13.1,187.0,104
2026-07-29 10:00:00+00:00,Islamabad,29.8,71,1001.0,2.91,32.9,39.7,603.0,3.4,13.7,194.0,119
2026-07-29 11:00:00+00:00,Islamabad,30.0,70,1000.1,2.73,32.8,39.7,644.0,1.2,14.3,199.0,139
2026-07-29 12:00:00+00:00,Islamabad,30.2,68,1000.1,2.62,35.5,41.7,818.0,15.0,13.3,146.0,157
2026-07-29 13:00:00+00:00,Islamabad,29.5,72,999.7,2.14,35.0,40.3,1277.0,31.9,13.4,117.0,161
2026-07-29 14:00:00+00:00,Islamabad,28.3,78,999.9,1.29,38.5,42.3,1870.0,55.3,13.4,76.0,157
2026-07-29 15:00:00+00:00,Islamabad,27.6,82,1000.1,1.23,46.0,49.8,2258.0,74.3,13.3,42.0,139
2026-07-29 16:00:00+00:00,Islamabad,27.1,84,1000.7,0.87,55.1,59.0,2292.0,84.8,13.0,22.0,110
2026-07-29 17:00:00+00:00,Islamabad,26.9,85,1001.0,0.7,64.3,68.2,2121.0,90.8,12.6,9.0,99
2026-07-29 18:00:00+00:00,Islamabad,26.9,90,1001.0,1.07,72.2,75.4,1857.0,93.1,11.8,1.0,101
2026-07-29 19:00:00+00:00,Islamabad,26.5,91,1000.9,1.1,73.3,76.1,1464.0,92.0,10.4,0.0,104
2026-07-29 20:00:00+00:00,Islamabad,26.4,91,1001.0,1.35,70.1,72.6,977.0,87.1,8.6,0.0,107
2026-07-29 21:00:00+00:00,Islamabad,26.1,92,1000.8,1.25,65.7,68.2,611.0,78.2,7.4,5.0,109
2026-07-29 22:00:00+00:00,Islamabad,25.8,93,1000.4,0.96,57.3,60.3,457.0,62.3,7.0,19.0,111
2026-07-29 23:00:00+00:00,Islamabad,25.6,93,1000.4,1.2,47.1,49.9,424.0,42.2,7.2,39.0,113
2026-07-30 00:00:00+00:00,Islamabad,24.9,94,1000.5,1.55,53.9,57.5,457.0,36.3,8.8,51.0,116
2026-07-30 01:00:00+00:00,Islamabad,25.1,94,1000.1,2.06,52.7,56.6,584.0,32.1,10.0,65.0,118
2026-07-30 02:00:00+00:00,Islamabad,26.1,90,1000.3,1.53,45.9,50.3,777.0,26.2,11.8,85.0,121
2026-07-30 03:00:00+00:00,Islamabad,27.3,81,1001.2,1.35,33.3,38.2,898.0,20.4,13.3,108.0,123
2026-07-30 04:00:00+00:00,Islamabad,28.4,76,1001.2,1.82,31.8,36.7,875.0,15.0,14.7,136.0,124
2026-07-30 05:00:00+00:00,Islamabad,29.6,72,1001.0,1.98,32.4,37.1,780.0,9.8,15.8,165.0,124
2026-07-30 06:00:00+00:00,Islamabad,31.0,68,1000.8,2.75,33.5,37.6,692.0,6.2,16.1,185.0,125
2026-07-30 07:00:00+00:00,Islamabad,31.2,68,1000.7,2.57,32.9,37.4,624.0,4.7,14.9,188.0,126
2026-07-30 08:00:00+00:00,Islamabad,31.4,68,1000.3,2.73,34.6,39.5,563.0,5.0,12.8,181.0,126
2026-07-30 09:00:00+00:00,Islamabad,31.1,69,1000.1,2.75,31.2,35.9,547.0,7.1,10.9,170.0,127
2026-07-30 10:00:00+00:00,Islamabad,31.1,68,999.3,2.74,31.1,35.3,591.0,11.5,9.5,157.0,127
2026-07-30 11:00:00+00:00,Islamabad,31.4,65,998.5,3.02,29.3,32.4,679.0,17.9,8.4,140.0,141
2026-07-30 12:00:00+00:00,Islamabad,30.1,75,998.5,3.08,34.3,39.2,803.0,19.0,7.9,147.0,148
2026-07-30 13:00:00+00:00,Islamabad,29.5,78,998.7,3.1,36.4,40.4,1004.0,32.4,8.1,122.0,150
2026-07-30 14:00:00+00:00,Islamabad,28.6,82,999.5,3.68,41.3,44.4,1240.0,50.5,8.3,87.0,141
2026-07-30 15:00:00+00:00,Islamabad,27.8,84,1000.2,3.51,45.9,48.7,1379.0,61.5,8.2,63.0,126
2026-07-30 16:00:00+00:00,Islamabad,27.4,83,1001.1,3.08,46.4,49.2,1352.0,59.0,7.6,58.0,126
2026-07-30 17:00:00+00:00,Islamabad,27.2,82,1001.4,3.05,47.1,49.8,1228.0,49.4,6.8,62.0,126
2026-07-30 18:00:00+00:00,Islamabad,26.6,84,1001.6,2.75,49.0,51.5,1076.0,39.8,6.1,69.0,124
2026-07-30 19:00:00+00:00,Islamabad,24.8,88,1001.4,3.82,46.2,48.0,895.0,32.3,5.6,77.0,121
2026-07-30 20:00:00+00:00,Islamabad,24.7,90,1001.2,3.97,47.0,49.4,687.0,24.9,5.2,87.0,118
2026-07-30 21:00:00+00:00,Islamabad,24.0,93,1002.3,1.89,43.3,46.4,529.0,18.9,4.8,96.0,116
2026-07-30 22:00:00+00:00,Islamabad,24.3,92,1001.8,2.27,34.5,37.6,428.0,14.3,4.2,102.0,114
2026-07-30 23:00:00+00:00,Islamabad,24.2,93,1002.2,2.78,27.9,30.5,377.0,11.2,3.7,106.0,111
2026-07-31 00:00:00+00:00,Islamabad,25.2,95,1002.3,2.2,23.4,25.5,427.0,10.6,3.0,111.0,109
2026-07-31 01:00:00+00:00,Islamabad,25.0,93,1002.4,3.25,22.4,24.3,683.0,14.1,3.4,109.0,106
2026-07-31 02:00:00+00:00,Islamabad,25.4,89,1002.8,3.41,23.7,25.5,1042.0,18.7,3.9,106.0,103
2026-07-31 03:00:00+00:00,Islamabad,26.3,86,1003.1,2.4,21.9,23.8,1241.0,20.6,4.9,111.0,101
2026-07-31 04:00:00+00:00,Islamabad,27.5,80,1003.7,1.95,21.8,23.7,1110.0,17.1,6.7,131.0,100
2026-07-31 05:00:00+00:00,Islamabad,28.1,78,1003.8,2.86,23.7,25.6,820.0,10.8,8.9,158.0,99
2026-07-31 06:00:00+00:00,Islamabad,24.4,96,1005.0,1.57,24.4,25.9,626.0,6.0,10.2,177.0,98
2026-07-31 07:00:00+00:00,Islamabad,25.9,91,1004.3,1.39,23.5,24.5,664.0,4.1,10.0,183.0,97
2026-07-31 08:00:00+00:00,Islamabad,28.1,75,1003.7,3.24,22.2,23.0,797.0,3.6,8.9,181.0,98
2026-07-31 09:00:00+00:00,Islamabad,29.1,74,1002.6,3.92,20.4,21.1,873.0,4.5,8.1,176.0,112
2026-07-31 10:00:00+00:00,Islamabad,28.7,74,1002.1,4.25,19.7,20.3,750.0,5.9,7.9,168.0,127
2026-07-31 11:00:00+00:00,Islamabad,28.5,74,1001.8,3.8,20.3,20.8,570.0,8.6,8.0,157.0,140
2026-07-31 12:00:00+00:00,Islamabad,26.1,88,1002.2,2.75,27.8,28.6,606.0,16.7,6.3,117.0,150
2026-07-31 13:00:00+00:00,Islamabad,26.0,87,1002.0,2.65,26.1,26.8,1086.0,29.8,6.8,95.0,147
2026-07-31 14:00:00+00:00,Islamabad,25.9,85,1002.2,2.21,28.8,29.4,1781.0,48.1,7.6,65.0,133
2026-07-31 15:00:00+00:00,Islamabad,25.9,85,1002.6,1.28,36.0,36.6,2285.0,63.1,8.1,40.0,109
2026-07-31 16:00:00+00:00,Islamabad,25.8,85,1003.2,0.78,40.2,40.7,2425.0,72.2,8.3,25.0,90
2026-07-31 17:00:00+00:00,Islamabad,25.5,87,1003.6,0.72,43.1,43.7,2372.0,77.9,8.3,14.0,90
2026-07-31 18:00:00+00:00,Islamabad,25.9,89,1003.4,0.67,48.9,49.7,2233.0,80.1,8.1,8.0,89
2026-07-31 19:00:00+00:00,Islamabad,25.7,88,1003.4,0.16,51.8,52.6,2006.0,77.1,7.5,7.0,89
2026-07-31 20:00:00+00:00,Islamabad,25.5,88,1003.7,0.27,50.1,50.9,1692.0,70.5,6.6,10.0,90
2026-07-31 21:00:00+00:00,Islamabad,25.4,87,1003.6,0.69,51.0,51.9,1402.0,64.4,5.9,12.0,90
2026-07-31 22:00:00+00:00,Islamabad,25.5,87,1003.7,0.98,52.0,53.1,1161.0,61.2,5.2,7.0,91
2026-07-31 23:00:00+00:00,Islamabad,25.3,88,1003.6,0.85,53.2,54.2,943.0,58.4,4.6,1.0,92
2026-08-01 00:00:00+00:00,Islamabad,25.0,92,1003.7,0.76,48.2,49.4,781.0,47.7,5.7,25.0,94
2026-08-01 01:00:00+00:00,Islamabad,25.0,93,1003.7,1.2,48.8,50.1,706.0,39.5,6.6,44.0,96
2026-08-01 02:00:00+00:00,Islamabad,26.4,89,1003.7,0.76,34.5,35.7,687.0,28.1,7.7,71.0,98
2026-08-01 03:00:00+00:00,Islamabad,27.9,75,1003.9,0.0,24.4,26.1,658.0,18.4,8.6,95.0,99
2026-08-01 04:00:00+00:00,Islamabad,28.4,70,1004.0,0.89,20.7,22.8,586.0,12.3,8.8,111.0,99
2026-08-01 05:00:00+00:00,Islamabad,29.1,67,1003.9,1.35,18.2,20.5,505.0,8.1,8.8,124.0,99
2026-08-01 06:00:00+00:00,Islamabad,30.1,58,1004.0,2.38,16.4,18.5,449.0,5.2,8.6,133.0,99
2026-08-01 07:00:00+00:00,Islamabad,30.1,63,1003.3,2.5,15.3,17.4,428.0,3.9,8.3,138.0,98
2026-08-01 08:00:00+00:00,Islamabad,30.8,63,1002.4,1.87,14.6,16.5,433.0,4.0,8.0,140.0,97
2026-08-01 09:00:00+00:00,Islamabad,31.2,62,1001.2,1.66,15.0,16.8,473.0,4.8,8.0,140.0,97
2026-08-01 10:00:00+00:00,Islamabad,31.3,59,1000.6,1.86,15.6,17.3,460.0,4.1,8.7,142.0,96
2026-08-01 11:00:00+00:00,Islamabad,30.7,65,1000.2,1.43,15.9,17.6,481.0,4.2,9.7,143.0,96
2026-08-01 12:00:00+00:00,Islamabad,31.2,63,999.7,2.02,21.5,23.5,809.0,13.5,9.5,122.0,96
2026-08-01 13:00:00+00:00,Islamabad,30.2,70,1000.0,1.39,25.7,27.0,1810.0,32.0,9.1,90.0,97
2026-08-01 14:00:00+00:00,Islamabad,28.9,80,1000.1,0.45,30.4,31.4,3118.0,57.5,8.6,46.0,95
2026-08-01 15:00:00+00:00,Islamabad,28.1,81,1000.5,0.76,34.2,35.2,3904.0,76.0,8.2,13.0,95
2026-08-01 16:00:00+00:00,Islamabad,27.7,80,1001.4,1.0,37.5,38.3,3724.0,81.2,8.0,1.0,95
2026-08-01 17:00:00+00:00,Islamabad,27.5,77,1001.9,1.25,41.8,42.7,3022.0,79.4,7.8,0.0,95
2026-08-01 18:00:00+00:00,Islamabad,27.5,81,1001.8,1.26,43.7,44.5,2304.0,76.3,7.4,0.0,95
2026-08-01 19:00:00+00:00,Islamabad,27.0,83,1002.0,1.25,44.9,45.9,1680.0,74.1,6.5,0.0,94
2026-08-01 20:00:00+00:00,Islamabad,26.8,83,1002.5,1.48,46.7,47.4,1041.0,70.5,5.4,0.0,94
2026-08-01 21:00:00+00:00,Islamabad,26.5,84,1002.3,1.55,45.6,46.4,563.0,63.9,4.6,2.0,94
2026-08-01 22:00:00+00:00,Islamabad,26.4,84,1002.5,1.59,39.7,40.4,339.0,51.5,4.4,16.0,93
2026-08-01 23:00:00+00:00,Islamabad,25.5,88,1003.4,3.08,29.7,30.4,277.0,36.1,4.4,36.0,92
2026-08-02 00:00:00+00:00,Islamabad,24.5,94,1003.2,1.97,29.3,30.2,277.0,38.1,5.1,29.0,90
2026-08-02 01:00:00+00:00,Islamabad,25.2,92,1003.1,1.72,29.0,29.9,341.0,32.0,5.5,47.0,89
2026-08-02 02:00:00+00:00,Islamabad,26.6,86,1003.1,1.4,28.2,29.2,468.0,23.4,6.1,71.0,87
2026-08-02 03:00:00+00:00,Islamabad,27.7,80,1004.0,1.46,20.5,21.8,547.0,15.9,7.0,94.0,87
2026-08-02 04:00:00+00:00,Islamabad,29.0,72,1003.7,1.84,18.2,19.7,523.0,10.8,8.4,112.0,86
2026-08-02 05:00:00+00:00,Islamabad,30.1,68,1003.2,1.64,20.0,21.9,452.0,6.8,10.2,128.0,86
2026-08-02 06:00:00+00:00,Islamabad,30.8,68,1003.2,1.45,22.6,24.9,395.0,4.1,11.4,141.0,86
2026-08-02 07:00:00+00:00,Islamabad,30.8,70,1002.7,1.5,24.9,27.2,364.0,2.9,11.7,152.0,87
2026-08-02 08:00:00+00:00,Islamabad,31.7,67,1002.4,1.5,26.5,29.0,348.0,3.0,11.5,161.0,88
2026-08-02 09:00:00+00:00,Islamabad,31.6,67,1001.4,1.88,28.0,30.5,372.0,3.7,11.4,166.0,89
2026-08-02 10:00:00+00:00,Islamabad,32.1,65,1000.6,0.78,28.9,31.3,430.0,2.6,11.7,171.0,90
2026-08-02 11:00:00+00:00,Islamabad,31.5,68,1000.5,0.5,29.9,32.4,528.0,2.0,12.2,173.0,106
2026-08-02 12:00:00+00:00,Islamabad,32.3,58,1000.1,1.08,19.3,20.7,713.0,7.8,10.1,148.0,123
2026-08-02 13:00:00+00:00,Islamabad,30.8,67,1000.3,1.0,25.0,26.4,1079.0,25.1,10.6,118.0,130
2026-08-02 14:00:00+00:00,Islamabad,29.1,78,1000.9,1.0,32.4,33.6,1531.0,48.9,11.2,78.0,128
2026-08-02 15:00:00+00:00,Islamabad,28.2,83,1001.9,1.0,38.5,39.9,1832.0,65.7,11.6,47.0,115
2026-08-02 16:00:00+00:00,Islamabad,27.7,86,1002.9,0.91,41.4,42.8,1882.0,69.3,11.7,36.0,92
2026-08-02 17:00:00+00:00,Islamabad,27.6,85,1003.4,1.6,43.5,45.1,1780.0,66.0,11.5,35.0,92
2026-08-02 18:00:00+00:00,Islamabad,27.6,86,1003.3,1.46,48.0,49.5,1590.0,60.7,11.0,36.0,92
2026-08-02 19:00:00+00:00,Islamabad,27.2,85,1003.0,1.63,48.9,50.3,1273.0,54.0,9.8,36.0,93
2026-08-02 20:00:00+00:00,Islamabad,26.9,85,1002.9,1.43,45.3,46.3,867.0,45.4,8.3,37.0,93
2026-08-02 21:00:00+00:00,Islamabad,26.8,84,1002.5,1.32,42.5,43.4,551.0,38.0,7.1,38.0,93
2026-08-02 22:00:00+00:00,Islamabad,26.7,83,1002.0,0.97,41.2,42.1,389.0,33.2,6.4,37.0,93
2026-08-02 23:00:00+00:00,Islamabad,26.8,82,1002.0,0.5,39.9,40.7,318.0,29.7,6.0,35.0,93
2026-08-03 00:00:00+00:00,Islamabad,26.7,92,1001.7,0.25,32.6,34.5,325.0,22.8,5.0,47.0,94
2026-08-03 01:00:00+00:00,Islamabad,26.8,91,1001.3,0.78,34.2,36.0,466.0,23.0,6.1,58.0,94
2026-08-03 02:00:00+00:00,Islamabad,27.4,90,1001.8,0.51,38.2,39.8,686.0,23.1,7.6,75.0,94
2026-08-03 03:00:00+00:00,Islamabad,28.2,85,1001.9,0.93,32.9,35.3,809.0,22.0,9.0,91.0,95
2026-08-03 04:00:00+00:00,Islamabad,28.0,88,1002.8,1.72,27.9,30.2,722.0,18.8,9.9,106.0,96
2026-08-03 05:00:00+00:00,Islamabad,28.8,83,1003.4,1.32,28.2,31.1,539.0,14.5,10.5,121.0,97
2026-08-03 06:00:00+00:00,Islamabad,30.1,74,1003.1,0.87,28.3,30.9,424.0,10.9,11.3,136.0,98
2026-08-03 07:00:00+00:00,Islamabad,30.3,74,1003.2,1.96,26.1,28.1,459.0,8.4,12.6,154.0,98
2026-08-03 08:00:00+00:00,Islamabad,26.3,92,1004.0,2.41,27.2,28.9,563.0,6.7,14.0,172.0,98
2026-08-03 09:00:00+00:00,Islamabad,27.0,90,1002.9,1.11,28.3,29.9,649.0,6.5,14.7,181.0,98
2026-08-03 10:00:00+00:00,Islamabad,29.3,78,1002.2,1.25,28.5,30.3,622.0,5.8,14.1,180.0,98
2026-08-03 11:00:00+00:00,Islamabad,29.8,73,1001.6,1.81,32.6,34.6,578.0,6.6,12.7,170.0,109
2026-08-03 12:00:00+00:00,Islamabad,27.5,87,1002.0,2.41,35.9,39.5,724.0,19.1,6.8,128.0,126
2026-08-03 13:00:00+00:00,Islamabad,27.3,87,1001.9,1.45,36.6,39.1,1255.0,32.4,7.0,103.0,131
2026-08-03 14:00:00+00:00,Islamabad,26.8,89,1002.0,0.94,41.1,42.8,1977.0,50.8,7.3,69.0,127
2026-08-03 15:00:00+00:00,Islamabad,26.5,91,1002.6,0.74,39.8,41.3,2509.0,65.1,7.5,41.0,113
2026-08-03 16:00:00+00:00,Islamabad,26.3,93,1003.3,0.46,41.0,42.4,2686.0,72.8,7.7,23.0,102
2026-08-03 17:00:00+00:00,Islamabad,25.9,95,1003.7,0.34,43.4,44.9,2675.0,76.3,7.8,12.0,102
2026-08-03 18:00:00+00:00,Islamabad,26.0,95,1003.9,1.22,46.2,48.0,2595.0,73.6,7.5,10.0,102
2026-08-03 19:00:00+00:00,Islamabad,25.3,98,1003.7,0.76,40.2,42.6,2484.0,60.6,6.4,24.0,102
2026-08-03 20:00:00+00:00,Islamabad,25.3,97,1003.4,1.32,31.4,33.6,2304.0,41.5,5.0,47.0,101
2026-08-03 21:00:00+00:00,Islamabad,25.2,96,1003.2,0.96,27.6,29.5,2065.0,26.7,3.9,64.0,99
2026-08-03 22:00:00+00:00,Islamabad,24.9,95,1003.8,0.46,27.1,28.9,1707.0,20.8,3.5,68.0,98
2026-08-03 23:00:00+00:00,Islamabad,24.6,96,1003.9,0.4,29.2,31.4,1289.0,19.4,3.5,65.0,97
2026-08-04 00:00:00+00:00,Islamabad,24.3,97,1003.9,1.39,56.5,58.9,996.0,64.4,8.4,8.0,96
2026-08-04 01:00:00+00:00,Islamabad,24.5,96,1004.0,0.3,56.1,58.3,949.0,56.6,9.4,26.0,98
2026-08-04 02:00:00+00:00,Islamabad,24.9,96,1004.1,0.96,56.2,58.2,1026.0,45.6,11.0,52.0,100
2026-08-04 03:00:00+00:00,Islamabad,26.0,90,1004.4,0.85,43.3,46.0,1052.0,35.1,13.4,83.0,102
2026-08-04 04:00:00+00:00,Islamabad,27.7,82,1004.7,1.0,36.1,38.9,936.0,25.8,17.7,121.0,103
2026-08-04 05:00:00+00:00,Islamabad,29.3,75,1004.3,1.35,37.6,40.4,768.0,16.9,22.7,162.0,104
2026-08-04 06:00:00+00:00,Islamabad,30.2,69,1004.7,1.71,42.6,45.5,639.0,10.4,25.9,196.0,105
2026-08-04 07:00:00+00:00,Islamabad,30.5,71,1004.3,2.17,47.4,50.4,577.0,6.8,25.6,219.0,106
2026-08-04 08:00:00+00:00,Islamabad,30.5,71,1004.0,1.32,50.9,54.0,554.0,5.6,23.4,233.0,108
2026-08-04 09:00:00+00:00,Islamabad,31.1,69,1002.8,1.23,53.2,56.5,579.0,6.4,21.0,237.0,111
2026-08-04 10:00:00+00:00,Islamabad,31.0,71,1002.2,0.96,54.5,58.0,635.0,7.7,18.9,228.0,144
2026-08-04 11:00:00+00:00,Islamabad,30.1,76,1001.5,1.64,55.1,58.7,739.0,11.1,16.7,208.0,173
2026-08-04 12:00:00+00:00,Islamabad,31.1,66,1000.7,2.2,48.2,53.0,950.0,29.1,11.8,136.0,193
2026-08-04 13:00:00+00:00,Islamabad,29.8,75,1000.8,1.95,51.0,55.3,1408.0,44.3,12.1,110.0,196
2026-08-04 14:00:00+00:00,Islamabad,28.6,83,1001.3,0.6,53.2,56.8,1972.0,65.4,12.5,73.0,187
2026-08-04 15:00:00+00:00,Islamabad,28.1,83,1002.0,1.27,62.6,66.4,2279.0,82.4,12.8,43.0,168
2026-08-04 16:00:00+00:00,Islamabad,27.9,81,1002.7,1.41,72.2,76.1,2108.0,92.2,13.0,25.0,136
2026-08-04 17:00:00+00:00,Islamabad,27.6,82,1002.9,1.21,80.6,84.8,1679.0,97.9,13.0,12.0,128
2026-08-04 18:00:00+00:00,Islamabad,27.3,85,1001.9,0.67,84.1,87.8,1292.0,98.5,12.4,4.0,132
2026-08-04 19:00:00+00:00,Islamabad,27.1,85,1001.7,0.36,87.8,91.3,1029.0,91.5,10.4,0.0,136
2026-08-04 20:00:00+00:00,Islamabad,27.0,84,1001.4,0.72,83.8,87.1,806.0,79.4,7.7,0.0,141
2026-08-04 21:00:00+00:00,Islamabad,25.3,88,1001.6,2.43,81.7,85.0,674.0,68.4,5.9,3.0,146
2026-08-04 22:00:00+00:00,Islamabad,24.7,94,1001.5,0.78,77.5,80.3,672.0,60.5,5.7,11.0,151
2026-08-04 23:00:00+00:00,Islamabad,24.6,96,1001.4,0.45,60.8,65.4,761.0,53.7,6.4,22.0,152
2026-08-05 00:00:00+00:00,Islamabad,24.5,96,1000.8,0.81,51.5,55.6,869.0,30.1,7.0,40.0,153
2026-08-05 01:00:00+00:00,Islamabad,24.7,94,1000.7,1.1,53.0,59.6,1009.0,29.5,7.3,50.0,153
2026-08-05 02:00:00+00:00,Islamabad,26.1,93,1001.0,0.86,28.5,31.4,1169.0,28.4,7.8,65.0,153
2026-08-05 03:00:00+00:00,Islamabad,27.3,83,1000.9,1.0,34.9,40.7,1236.0,25.9,9.1,85.0,152
2026-08-05 04:00:00+00:00,Islamabad,28.1,80,1001.4,1.42,37.5,44.7,1132.0,20.5,12.2,115.0,152
2026-08-05 05:00:00+00:00,Islamabad,29.0,77,1001.1,1.46,40.7,48.8,935.0,13.6,16.1,150.0,152
2026-08-05 06:00:00+00:00,Islamabad,30.2,70,1001.2,1.75,43.2,51.0,775.0,8.4,18.7,178.0,152
2026-08-05 07:00:00+00:00,Islamabad,30.7,69,1000.6,2.22,46.3,54.0,695.0,6.2,18.7,195.0,152
2026-08-05 08:00:00+00:00,Islamabad,31.0,69,1000.0,2.04,48.4,56.0,651.0,5.6,17.4,204.0,152
2026-08-05 09:00:00+00:00,Islamabad,30.5,71,999.5,2.14,49.9,57.5,642.0,5.9,16.2,208.0,152
2026-08-05 10:00:00+00:00,Islamabad,30.6,72,998.5,1.9,48.9,56.9,659.0,5.9,15.8,207.0,152
2026-08-05 11:00:00+00:00,Islamabad,30.8,71,998.0,1.61,47.6,55.6,711.0,6.7,15.6,201.0,151
2026-08-05 12:00:00+00:00,Islamabad,31.3,68,997.4,2.16,32.9,39.5,826.0,13.7,13.0,172.0,170
2026-08-05 13:00:00+00:00,Islamabad,30.2,72,997.7,2.59,40.0,49.4,1089.0,39.9,13.3,130.0,179
2026-08-05 14:00:00+00:00,Islamabad,28.6,77,998.1,2.56,50.8,58.7,1415.0,75.5,13.6,72.0,176
2026-08-05 15:00:00+00:00,Islamabad,27.7,80,999.1,2.15,57.5,64.7,1573.0,98.6,13.6,31.0,159
2026-08-05 16:00:00+00:00,Islamabad,27.5,81,1000.1,1.91,59.0,65.7,1417.0,98.8,13.2,21.0,150
2026-08-05 17:00:00+00:00,Islamabad,27.3,81,1000.4,1.91,62.4,69.2,1094.0,86.5,12.4,27.0,149
2026-08-05 18:00:00+00:00,Islamabad,27.8,84,999.9,1.97,61.0,66.6,811.0,71.2,11.4,39.0,148
2026-08-05 19:00:00+00:00,Islamabad,27.0,86,1000.1,2.02,47.0,51.6,631.0,53.2,9.8,57.0,145
2026-08-05 20:00:00+00:00,Islamabad,26.2,89,999.9,1.99,37.3,41.8,492.0,32.2,8.0,80.0,141
2026-08-05 21:00:00+00:00,Islamabad,23.3,97,1000.3,3.23,28.3,31.9,414.0,16.9,6.6,95.0,136
2026-08-05 22:00:00+00:00,Islamabad,22.1,96,1000.8,3.32,27.1,31.1,416.0,11.6,5.9,95.0,131
2026-08-05 23:00:00+00:00,Islamabad,23.0,95,999.8,2.1,15.5,17.7,478.0,12.0,5.7,88.0,125
2026-08-06 00:00:00+00:00,Islamabad,24.0,94,999.8,1.11,16.4,18.6,563.0,18.2,7.5,73.0,121
2026-08-06 01:00:00+00:00,Islamabad,24.6,92,999.8,1.03,26.7,30.5,677.0,20.9,8.1,78.0,117
2026-08-06 02:00:00+00:00,Islamabad,25.6,90,1000.1,0.96,32.2,36.0,814.0,24.5,9.0,85.0,114
2026-08-06 03:00:00+00:00,Islamabad,27.2,84,1000.3,0.57,35.0,41.3,914.0,25.6,10.3,98.0,115
2026-08-06 04:00:00+00:00,Islamabad,29.0,73,1000.8,1.02,33.3,40.2,956.0,22.0,12.4,121.0,115
2026-08-06 05:00:00+00:00,Islamabad,30.1,69,1000.9,1.43,33.3,40.7,960.0,15.8,14.9,149.0,114
2026-08-06 06:00:00+00:00,Islamabad,30.9,62,1001.3,1.83,35.7,42.8,931.0,10.9,17.0,175.0,113
2026-08-06 07:00:00+00:00,Islamabad,31.6,59,1001.0,1.03,38.6,46.9,839.0,8.3,18.3,198.0,113
2026-08-06 08:00:00+00:00,Islamabad,31.7,60,1000.6,2.26,39.8,49.0,713.0,6.8,19.2,219.0,112
2026-08-06 09:00:00+00:00,Islamabad,31.0,64,1000.3,1.36,40.6,50.3,646.0,6.6,19.7,231.0,111
2026-08-06 10:00:00+00:00,Islamabad,30.1,68,1000.2,2.44,41.6,51.7,605.0,6.4,19.8,235.0,138
2026-08-06 11:00:00+00:00,Islamabad,28.6,76,1000.3,2.63,40.9,51.1,623.0,7.4,19.4,230.0,165
2026-08-06 12:00:00+00:00,Islamabad,31.1,61,999.4,2.26,36.4,51.8,895.0,11.3,16.0,177.0,186
2026-08-06 13:00:00+00:00,Islamabad,29.9,69,999.9,1.93,37.1,50.3,1741.0,39.4,15.1,130.0,195
2026-08-06 14:00:00+00:00,Islamabad,28.1,72,1000.3,1.72,46.1,57.7,2842.0,77.5,13.7,66.0,192
2026-08-06 15:00:00+00:00,Islamabad,27.3,69,1001.1,1.72,55.4,66.8,3428.0,102.1,12.5,22.0,174
2026-08-06 16:00:00+00:00,Islamabad,27.2,69,1002.0,1.68,57.6,68.2,3024.0,100.7,11.6,18.0,145
2026-08-06 17:00:00+00:00,Islamabad,27.1,73,1002.5,1.81,55.3,64.7,2106.0,85.7,10.8,34.0,108
2026-08-06 18:00:00+00:00,Islamabad,27.2,78,1002.3,2.43,48.5,56.8,1335.0,70.6,10.0,48.0,107
2026-08-06 19:00:00+00:00,Islamabad,24.2,93,1003.0,3.54,48.1,55.6,956.0,59.6,9.0,53.0,106
2026-08-06 20:00:00+00:00,Islamabad,23.3,95,1003.4,3.06,47.6,54.4,725.0,48.5,8.0,57.0,106
2026-08-06 21:00:00+00:00,Islamabad,23.2,94,1003.3,3.16,28.6,32.1,569.0,38.7,7.3,61.0,107
2026-08-06 22:00:00+00:00,Islamabad,22.9,97,1003.7,2.51,31.2,37.3,468.0,30.1,7.0,64.0,107
2026-08-06 23:00:00+00:00,Islamabad,23.2,94,1003.1,2.4,18.5,23.0,442.0,22.8,7.1,67.0,107
2026-08-07 00:00:00+00:00,Islamabad,23.6,99,1003.2,2.6,20.1,24.5,480.0,12.3,7.4,104.0,108
2026-08-07 01:00:00+00:00,Islamabad,23.3,98,1003.4,3.04,21.9,26.1,625.0,16.3,7.7,100.0,108
2026-08-07 02:00:00+00:00,Islamabad,24.8,91,1003.0,2.23,24.1,28.5,835.0,21.5,8.2,95.0,107
2026-08-07 03:00:00+00:00,Islamabad,26.5,84,1003.0,0.46,22.4,27.6,967.0,23.8,9.4,102.0,107
2026-08-07 04:00:00+00:00,Islamabad,28.0,79,1003.0,0.85,21.0,26.5,947.0,20.2,11.9,131.0,105
2026-08-07 05:00:00+00:00,Islamabad,29.6,72,1002.7,1.32,21.5,27.1,849.0,13.6,15.0,172.0,104
2026-08-07 06:00:00+00:00,Islamabad,29.6,73,1003.6,1.99,23.9,30.0,759.0,8.4,17.1,204.0,103
2026-08-07 07:00:00+00:00,Islamabad,29.9,73,1003.2,2.37,25.2,31.5,692.0,6.3,17.2,218.0,102
2026-08-07 08:00:00+00:00,Islamabad,29.7,73,1002.8,1.05,26.5,33.2,633.0,5.6,16.2,223.0,106
2026-08-07 09:00:00+00:00,Islamabad,31.0,68,1001.8,1.06,27.1,34.5,617.0,5.9,15.3,222.0,131
2026-08-07 10:00:00+00:00,Islamabad,31.2,66,1001.2,1.62,28.4,37.1,604.0,4.7,14.9,219.0,155
2026-08-07 11:00:00+00:00,Islamabad,30.1,72,1001.0,1.25,26.7,35.5,634.0,4.4,14.5,210.0,175
2026-08-07 12:00:00+00:00,Islamabad,29.8,67,1000.8,2.26,14.9,19.3,867.0,13.5,10.6,156.0,192
2026-08-07 13:00:00+00:00,Islamabad,28.9,72,1001.2,1.3,17.6,23.1,1550.0,27.8,10.2,126.0,196
2026-08-07 14:00:00+00:00,Islamabad,27.9,77,1001.6,1.79,26.7,31.0,2435.0,47.4,9.5,84.0,189
2026-08-07 15:00:00+00:00,Islamabad,27.0,80,1002.3,1.46,27.8,31.1,2937.0,62.1,8.9,51.0,170
2026-08-07 16:00:00+00:00,Islamabad,26.4,82,1002.9,1.42,29.0,31.5,2705.0,66.9,8.4,36.0,141
2026-08-07 17:00:00+00:00,Islamabad,26.0,84,1003.3,1.05,32.6,34.6,2091.0,66.8,7.8,30.0,101
2026-08-07 18:00:00+00:00,Islamabad,26.6,85,1003.0,0.38,36.8,38.5,1564.0,65.9,7.3,26.0,85
2026-08-07 19:00:00+00:00,Islamabad,26.2,85,1003.0,0.27,39.7,41.6,1294.0,65.8,6.8,20.0,84
2026-08-07 20:00:00+00:00,Islamabad,26.0,85,1003.0,0.39,41.4,43.3,1111.0,65.0,6.3,16.0,83
2026-08-07 21:00:00+00:00,Islamabad,25.8,85,1002.8,0.34,41.9,43.8,971.0,62.8,5.9,14.0,83
2026-08-07 22:00:00+00:00,Islamabad,25.9,83,1003.0,0.34,41.9,43.5,846.0,58.8,5.2,10.0,84
2026-08-07 23:00:00+00:00,Islamabad,25.7,84,1002.9,0.36,40.6,42.1,763.0,53.5,4.5,7.0,85
2026-08-08 00:00:00+00:00,Islamabad,22.7,94,1003.5,1.54,43.1,45.9,765.0,52.7,5.7,14.0,86
2026-08-08 01:00:00+00:00,Islamabad,23.7,94,1002.9,2.19,41.1,43.7,922.0,44.2,7.1,48.0,88
2026-08-08 02:00:00+00:00,Islamabad,25.0,91,1003.2,1.23,28.8,31.2,1163.0,32.3,9.2,95.0,90
2026-08-08 03:00:00+00:00,Islamabad,26.9,80,1003.5,0.65,20.7,23.8,1314.0,22.1,11.7,138.0,90
2026-08-08 04:00:00+00:00,Islamabad,29.0,69,1003.7,0.55,20.1,23.9,1289.0,15.4,15.2,174.0,90
2026-08-08 05:00:00+00:00,Islamabad,29.7,69,1003.9,1.75,21.8,26.4,1174.0,10.4,19.1,206.0,90
2026-08-08 06:00:00+00:00,Islamabad,30.2,66,1004.8,1.3,24.2,29.0,1047.0,6.8,21.0,225.0,90
2026-08-08 07:00:00+00:00,Islamabad,30.0,68,1005.1,1.59,24.2,28.3,915.0,4.7,19.2,224.0,90
2026-08-08 08:00:00+00:00,Islamabad,30.6,65,1004.5,2.87,23.5,26.7,771.0,4.2,15.4,209.0,106
2026-08-08 09:00:00+00:00,Islamabad,29.6,70,1004.2,3.98,23.3,26.4,678.0,4.6,12.1,193.0,147
2026-08-08 10:00:00+00:00,Islamabad,29.5,72,1003.9,3.29,21.6,23.5,581.0,3.7,10.3,182.0,171
2026-08-08 11:00:00+00:00,Islamabad,29.7,70,1003.3,3.0,20.6,22.1,535.0,3.7,9.0,170.0,185
2026-08-08 12:00:00+00:00,Islamabad,29.4,73,1003.3,2.94,13.3,13.5,768.0,10.4,6.3,144.0,190
2026-08-08 13:00:00+00:00,Islamabad,28.9,74,1003.5,2.36,14.3,14.4,1582.0,34.4,7.0,109.0,185
2026-08-08 14:00:00+00:00,Islamabad,27.8,81,1004.0,1.38,20.3,20.4,2675.0,67.5,8.0,60.0,170
2026-08-08 15:00:00+00:00,Islamabad,26.9,84,1004.4,0.76,33.6,33.8,3370.0,93.0,9.2,23.0,141
2026-08-08 16:00:00+00:00,Islamabad,26.3,85,1004.9,0.27,46.1,46.2,3286.0,104.2,10.8,10.0,98
2026-08-08 17:00:00+00:00,Islamabad,25.9,84,1005.1,0.1,54.0,54.1,2805.0,107.7,12.6,8.0,89
2026-08-08 18:00:00+00:00,Islamabad,26.8,85,1004.9,0.4,58.0,58.2,2396.0,106.9,13.2,8.0,91
2026-08-08 19:00:00+00:00,Islamabad,26.4,87,1005.1,0.27,62.9,63.1,2244.0,101.5,11.9,6.0,93
2026-08-08 20:00:00+00:00,Islamabad,26.2,87,1005.0,0.59,65.2,65.7,2165.0,91.8,9.4,4.0,94
2026-08-08 21:00:00+00:00,Islamabad,25.9,89,1005.2,0.59,60.5,61.0,2076.0,82.2,7.4,4.0,96
2026-08-08 22:00:00+00:00,Islamabad,25.7,89,1005.3,0.69,57.7,58.1,1958.0,74.2,6.1,2.0,98
2026-08-08 23:00:00+00:00,Islamabad,25.6,88,1005.5,0.47,55.8,56.1,1830.0,66.2,5.2,1.0,99
2026-08-09 00:00:00+00:00,Islamabad,25.8,94,1005.2,0.7,69.6,70.5,1670.0,92.1,12.6,5.0,100
2026-08-09 01:00:00+00:00,Islamabad,26.1,93,1005.2,0.34,60.1,61.2,1441.0,76.3,12.0,23.0,103
2026-08-09 02:00:00+00:00,Islamabad,26.9,89,1005.4,0.53,52.9,53.4,1181.0,54.2,11.1,49.0,105
2026-08-09 03:00:00+00:00,Islamabad,28.3,82,1005.7,0.22,36.6,37.8,977.0,35.1,10.9,79.0,108
2026-08-09 04:00:00+00:00,Islamabad,28.9,80,1005.9,1.15,24.1,25.5,878.0,22.2,11.9,117.0,109
2026-08-09 05:00:00+00:00,Islamabad,29.5,76,1006.0,1.11,22.1,23.2,836.0,12.4,13.6,158.0,110
2026-08-09 06:00:00+00:00,Islamabad,30.8,69,1005.6,1.11,22.5,23.5,798.0,5.7,14.6,187.0,110
2026-08-09 07:00:00+00:00,Islamabad,30.9,71,1005.3,1.27,23.4,24.4,741.0,3.1,14.3,194.0,109
2026-08-09 08:00:00+00:00,Islamabad,30.8,72,1005.0,0.11,24.4,25.3,689.0,3.6,13.5,189.0,109
2026-08-09 09:00:00+00:00,Islamabad,31.2,69,1004.4,0.36,25.1,26.1,654.0,4.7,12.8,183.0,109
2026-08-09 10:00:00+00:00,Islamabad,31.7,67,1003.5,0.86,26.0,27.3,612.0,3.9,12.7,182.0,112
2026-08-09 11:00:00+00:00,Islamabad,31.3,67,1002.8,0.82,25.7,27.0,588.0,3.6,12.9,181.0,141
2026-08-09 12:00:00+00:00,Islamabad,30.9,70,1002.5,1.73,14.8,15.5,670.0,8.4,11.8,155.0,159
2026-08-09 13:00:00+00:00,Islamabad,30.1,74,1002.2,1.19,19.3,19.9,969.0,28.4,12.2,121.0,165
2026-08-09 14:00:00+00:00,Islamabad,28.7,85,1002.2,0.22,28.8,29.3,1374.0,55.8,12.8,75.0,159
2026-08-09 15:00:00+00:00,Islamabad,28.5,84,1002.4,0.07,37.4,38.1,1640.0,74.8,13.1,41.0,139
2026-08-09 16:00:00+00:00,Islamabad,28.7,79,1003.0,0.22,39.8,40.4,1639.0,77.5,13.1,32.0,113
2026-08-09 17:00:00+00:00,Islamabad,28.0,81,1003.2,0.41,43.1,43.7,1498.0,71.9,12.8,34.0,112
2026-08-09 18:00:00+00:00,Islamabad,27.7,87,1002.9,1.15,46.8,47.4,1354.0,66.1,12.0,35.0,111
2026-08-09 19:00:00+00:00,Islamabad,27.0,89,1003.2,1.61,50.8,51.5,1254.0,63.2,10.3,28.0,110
2026-08-09 20:00:00+00:00,Islamabad,26.9,88,1003.1,1.52,55.5,56.1,1151.0,60.2,8.0,19.0,108
2026-08-09 21:00:00+00:00,Islamabad,26.6,89,1003.1,1.97,56.0,56.5,1045.0,55.8,6.3,14.0,107
2026-08-09 22:00:00+00:00,Islamabad,26.3,89,1003.2,1.96,54.0,54.5,913.0,49.1,5.4,13.0,107
2026-08-09 23:00:00+00:00,Islamabad,26.1,89,1003.3,2.25,51.5,51.8,778.0,41.0,5.0,16.0,107
2026-08-10 00:00:00+00:00,Islamabad,25.8,95,1003.5,2.87,46.8,47.3,710.0,31.0,6.9,37.0,106
2026-08-10 01:00:00+00:00,Islamabad,25.2,95,1003.8,2.19,47.0,47.6,782.0,27.1,9.0,55.0,104
2026-08-10 02:00:00+00:00,Islamabad,25.7,91,1003.8,1.87,37.7,38.4,920.0,21.6,12.0,82.0,102
2026-08-10 03:00:00+00:00,Islamabad,27.7,83,1003.5,0.78,31.2,32.0,973.0,16.6,14.8,108.0,101
2026-08-10 04:00:00+00:00,Islamabad,29.3,75,1003.3,0.35,28.1,28.8,846.0,12.8,17.4,134.0,100
2026-08-10 05:00:00+00:00,Islamabad,30.7,68,1002.8,1.85,27.9,28.8,634.0,9.6,19.8,161.0,101
2026-08-10 06:00:00+00:00,Islamabad,31.5,64,1002.8,2.33,28.6,29.7,472.0,7.2,20.7,181.0,101
2026-08-10 07:00:00+00:00,Islamabad,32.2,62,1002.4,2.56,28.4,29.9,417.0,5.7,18.8,191.0,102
2026-08-10 08:00:00+00:00,Islamabad,32.7,60,1001.6,2.56,27.5,29.9,412.0,5.1,15.4,195.0,102
2026-08-10 09:00:00+00:00,Islamabad,33.1,58,1000.7,2.47,26.9,30.4,427.0,5.4,12.7,195.0,103
2026-08-10 10:00:00+00:00,Islamabad,33.3,57,1000.1,2.31,26.5,31.1,379.0,4.5,11.6,195.0,132
2026-08-10 11:00:00+00:00,Islamabad,33.0,59,999.4,2.16,26.7,32.2,352.0,4.4,11.3,191.0,154
2026-08-10 12:00:00+00:00,Islamabad,33.1,57,999.3,1.79,17.0,21.0,563.0,11.4,10.9,169.0,168
2026-08-10 13:00:00+00:00,Islamabad,31.9,67,999.5,1.2,21.1,24.5,1315.0,27.6,11.2,138.0,173
2026-08-10 14:00:00+00:00,Islamabad,30.4,74,999.9,0.82,28.3,31.4,2305.0,49.7,11.7,95.0,169
2026-08-10 15:00:00+00:00,Islamabad,29.6,76,1000.9,1.11,31.9,34.8,2845.0,65.0,11.9,63.0,156
2026-08-10 16:00:00+00:00,Islamabad,28.7,79,1002.2,2.34,34.8,37.4,2510.0,67.5,11.7,51.0,130
2026-08-10 17:00:00+00:00,Islamabad,27.9,82,1002.7,2.72,37.0,39.2,1726.0,63.3,11.4,51.0,102
2026-08-10 18:00:00+00:00,Islamabad,28.5,81,1001.8,2.65,38.9,41.0,1078.0,57.0,10.9,53.0,102
2026-08-10 19:00:00+00:00,Islamabad,28.1,82,1001.8,2.07,39.2,41.2,793.0,49.4,10.3,57.0,101
2026-08-10 20:00:00+00:00,Islamabad,27.8,83,1001.4,1.73,38.6,40.5,644.0,39.9,9.6,64.0,100
2026-08-10 21:00:00+00:00,Islamabad,25.4,90,1002.0,3.18,37.0,38.6,543.0,31.4,9.2,72.0,98
2026-08-10 22:00:00+00:00,Islamabad,24.1,99,1001.7,2.23,34.3,36.1,455.0,24.7,8.9,80.0,97
2026-08-10 23:00:00+00:00,Islamabad,24.9,94,1001.9,1.5,33.3,35.5,414.0,19.2,8.9,88.0,95
2026-08-11 00:00:00+00:00,Islamabad,24.9,91,1002.1,2.53,29.5,32.7,437.0,17.5,6.9,81.0,94
2026-08-11 01:00:00+00:00,Islamabad,25.8,88,1002.1,1.48,29.3,32.7,573.0,19.2,8.0,88.0,93
2026-08-11 02:00:00+00:00,Islamabad,27.0,88,1002.5,1.17,29.8,32.7,773.0,21.3,9.6,98.0,91
2026-08-11 03:00:00+00:00,Islamabad,28.0,81,1003.1,2.18,25.0,29.2,903.0,21.4,11.4,113.0,91
2026-08-11 04:00:00+00:00,Islamabad,29.2,76,1003.1,1.97,24.0,28.0,892.0,17.5,13.8,136.0,90
2026-08-11 05:00:00+00:00,Islamabad,29.5,77,1003.6,0.63,25.7,29.0,811.0,11.5,16.5,164.0,90
2026-08-11 06:00:00+00:00,Islamabad,31.3,70,1003.3,2.11,29.4,33.1,736.0,7.0,18.2,187.0,90
2026-08-11 07:00:00+00:00,Islamabad,31.7,70,1002.9,1.96,45.2,51.0,680.0,5.5,18.1,201.0,90
2026-08-11 08:00:00+00:00,Islamabad,32.2,66,1002.1,1.17,34.3,39.0,630.0,5.5,16.9,210.0,94
2026-08-11 09:00:00+00:00,Islamabad,32.3,64,1001.6,1.27,35.5,40.7,618.0,6.1,15.9,214.0,121
2026-08-11 10:00:00+00:00,Islamabad,32.1,64,1001.0,1.78,37.1,43.7,636.0,6.0,15.6,215.0,148
2026-08-11 11:00:00+00:00,Islamabad,31.4,70,1000.6,1.83,37.5,45.1,693.0,6.5,15.5,211.0,167
2026-08-11 12:00:00+00:00,Islamabad,31.6,67,1000.4,1.38,58.9,68.2,844.0,13.6,13.7,181.0,183
2026-08-11 13:00:00+00:00,Islamabad,30.3,76,1000.8,2.22,61.9,68.9,1220.0,26.5,13.1,149.0,190
2026-08-11 14:00:00+00:00,Islamabad,29.2,81,1001.0,2.47,66.4,72.4,1691.0,44.1,12.2,105.0,188
2026-08-11 15:00:00+00:00,Islamabad,25.9,93,1003.0,2.85,66.8,71.9,1926.0,54.8,11.3,74.0,174
2026-08-11 16:00:00+00:00,Islamabad,26.1,94,1003.1,2.97,64.5,69.4,1713.0,52.8,10.6,67.0,154
2026-08-11 17:00:00+00:00,Islamabad,25.6,97,1004.1,3.44,63.3,68.7,1263.0,44.0,9.9,74.0,125
2026-08-11 18:00:00+00:00,Islamabad,26.3,97,1003.8,4.27,63.8,69.4,878.0,34.9,9.4,83.0,114
2026-08-11 19:00:00+00:00,Islamabad,25.8,93,1004.5,2.3,62.9,68.2,662.0,26.7,9.1,94.0,116
2026-08-11 20:00:00+00:00,Islamabad,24.7,99,1004.2,3.06,64.0,69.6,512.0,18.1,8.9,108.0,119
2026-08-11 21:00:00+00:00,Islamabad,25.0,98,1004.2,3.61,60.5,66.6,419.0,11.7,8.6,118.0,122
2026-08-11 22:00:00+00:00,Islamabad,24.0,99,1005.0,1.69,53.3,58.7,387.0,8.5,7.8,122.0,124
2026-08-11 23:00:00+00:00,Islamabad,23.7,99,1005.7,1.86,49.6,55.6,412.0,7.5,6.9,123.0,126
2026-08-12 00:00:00+00:00,Islamabad,24.5,96,1005.1,2.42,52.3,58.3,475.0,9.4,7.5,124.0,128
2026-08-12 01:00:00+00:00,Islamabad,24.7,97,1005.8,2.25,23.3,25.6,601.0,15.0,8.3,118.0,130
2026-08-12 02:00:00+00:00,Islamabad,25.1,97,1006.9,1.0,31.0,33.9,765.0,22.5,9.4,110.0,129
2026-08-12 03:00:00+00:00,Islamabad,25.4,95,1006.9,2.42,33.3,36.8,873.0,26.4,10.8,112.0,130
2026-08-12 04:00:00+00:00,Islamabad,26.7,87,1006.5,1.56,28.9,31.9,879.0,23.3,12.8,132.0,130
2026-08-12 05:00:00+00:00,Islamabad,28.3,80,1006.4,1.1,27.6,30.6,828.0,16.7,15.2,161.0,131
2026-08-12 06:00:00+00:00,Islamabad,29.3,74,1006.5,1.08,31.1,35.3,767.0,11.2,16.7,187.0,131
2026-08-12 07:00:00+00:00,Islamabad,30.8,69,1005.2,1.85,36.0,41.1,695.0,8.4,16.9,207.0,131
2026-08-12 08:00:00+00:00,Islamabad,31.9,64,1003.8,3.25,39.1,45.1,613.0,6.7,16.3,223.0,130
2026-08-12 09:00:00+00:00,Islamabad,31.5,67,1003.0,3.88,39.2,45.5,566.0,6.5,15.6,231.0,132
2026-08-12 10:00:00+00:00,Islamabad,31.3,66,1002.3,3.83,38.3,44.8,529.0,3.7,14.6,232.0,155
2026-08-12 11:00:00+00:00,Islamabad,31.2,67,1001.5,3.42,37.3,44.1,527.0,2.2,13.5,224.0,174
2026-08-12 12:00:00+00:00,Islamabad,31.1,67,1001.5,2.58,29.9,35.4,678.0,14.4,10.7,181.0,192
2026-08-12 13:00:00+00:00,Islamabad,30.1,74,1001.8,2.0,37.1,42.5,1144.0,48.2,11.9,131.0,200
2026-08-12 14:00:00+00:00,Islamabad,28.4,81,1002.4,1.46,48.8,54.2,1763.0,94.6,13.7,62.0,195
2026-08-12 15:00:00+00:00,Islamabad,27.5,84,1003.0,0.97,61.9,67.5,2172.0,128.8,15.3,12.0,175
2026-08-12 16:00:00+00:00,Islamabad,27.0,87,1003.9,0.72,71.7,77.5,2207.0,140.1,16.9,0.0,142
2026-08-12 17:00:00+00:00,Islamabad,26.8,87,1004.9,0.41,77.3,83.4,2032.0,139.1,18.4,2.0,124
2026-08-12 18:00:00+00:00,Islamabad,27.2,86,1005.0,0.46,82.7,88.7,1771.0,132.4,18.7,8.0,126
2026-08-12 19:00:00+00:00,Islamabad,26.7,87,1005.3,0.97,84.1,89.6,1395.0,120.3,16.7,10.0,128
2026-08-12 20:00:00+00:00,Islamabad,26.7,86,1005.4,1.13,77.5,82.2,934.0,102.5,13.5,14.0,130
2026-08-12 21:00:00+00:00,Islamabad,26.8,83,1005.2,1.06,72.2,76.4,601.0,85.1,11.0,19.0,131
2026-08-12 22:00:00+00:00,Islamabad,26.8,81,1004.9,0.92,66.6,70.5,486.0,69.2,9.6,22.0,132
2026-08-12 23:00:00+00:00,Islamabad,27.0,79,1004.7,0.61,59.8,63.8,500.0,53.7,8.9,26.0,134
2026-08-13 00:00:00+00:00,Islamabad,27.1,83,1004.9,0.81,65.4,69.8,586.0,45.4,10.2,40.0,135
2026-08-13 01:00:00+00:00,Islamabad,27.1,83,1005.0,0.75,66.8,71.5,797.0,40.8,12.8,67.0,136
2026-08-13 02:00:00+00:00,Islamabad,28.5,77,1005.0,0.41,62.9,66.6,1081.0,34.2,16.4,104.0,141
2026-08-13 03:00:00+00:00,Islamabad,29.4,77,1004.7,0.47,40.5,46.6,1224.0,27.4,19.5,140.0,144
2026-08-13 04:00:00+00:00,Islamabad,30.7,71,1004.2,1.55,39.1,47.0,1085.0,20.3,22.0,171.0,145
2026-08-13 05:00:00+00:00,Islamabad,31.6,67,1003.8,2.58,39.0,49.1,805.0,13.0,24.1,201.0,146
2026-08-13 06:00:00+00:00,Islamabad,32.3,64,1004.1,2.77,39.2,49.8,593.0,7.7,24.6,222.0,147
2026-08-13 07:00:00+00:00,Islamabad,32.7,64,1003.3,2.72,39.0,50.2,532.0,5.4,22.4,231.0,148
2026-08-13 08:00:00+00:00,Islamabad,33.1,63,1002.7,2.25,38.9,50.9,540.0,5.1,18.7,231.0,148
2026-08-13 09:00:00+00:00,Islamabad,33.2,62,1002.0,2.22,39.1,52.2,575.0,6.0,15.9,228.0,155
2026-08-13 10:00:00+00:00,Islamabad,33.5,60,1001.1,2.14,39.2,53.6,542.0,3.9,14.9,228.0,181
2026-08-13 11:00:00+00:00,Islamabad,33.1,62,1000.9,1.87,39.6,55.3,536.0,3.0,14.9,224.0,200
2026-08-13 12:00:00+00:00,Islamabad,33.1,62,1000.5,1.17,47.1,67.8,803.0,15.3,15.1,197.0,206
2026-08-13 13:00:00+00:00,Islamabad,31.9,73,1000.5,0.89,56.2,73.8,1689.0,47.2,15.7,149.0,208
2026-08-13 14:00:00+00:00,Islamabad,30.5,80,1000.8,0.41,65.4,82.4,2847.0,90.5,16.5,83.0,204
2026-08-13 15:00:00+00:00,Islamabad,29.9,80,1001.5,0.72,70.1,85.2,3487.0,118.2,16.7,36.0,188
2026-08-13 16:00:00+00:00,Islamabad,29.2,81,1002.4,1.32,67.8,79.9,3129.0,115.8,15.9,25.0,157
2026-08-13 17:00:00+00:00,Islamabad,28.6,83,1002.8,1.37,65.2,75.0,2253.0,97.7,14.5,33.0,151
2026-08-13 18:00:00+00:00,Islamabad,28.9,86,1002.4,1.66,64.5,71.5,1502.0,80.3,13.0,40.0,151
2026-08-13 19:00:00+00:00,Islamabad,28.6,86,1002.6,2.66,60.8,65.2,1108.0,68.6,11.3,40.0,150
2026-08-13 20:00:00+00:00,Islamabad,28.0,90,1002.4,3.02,58.2,61.5,839.0,57.6,9.4,40.0,149
2026-08-13 21:00:00+00:00,Islamabad,26.5,97,1002.7,2.53,55.3,58.2,651.0,48.8,7.9,39.0,147
2026-08-13 22:00:00+00:00,Islamabad,24.5,96,1003.2,3.32,51.7,54.5,538.0,43.5,6.9,33.0,145
2026-08-13 23:00:00+00:00,Islamabad,24.6,96,1002.5,1.65,51.0,53.3,505.0,40.4,6.2,26.0,144
2026-08-14 00:00:00+00:00,Islamabad,26.1,95,1002.0,0.98,43.0,47.7,518.0,19.5,6.4,72.0,143
2026-08-14 01:00:00+00:00,Islamabad,24.7,99,1003.1,3.11,41.7,48.5,595.0,20.0,6.3,81.0,140
2026-08-14 02:00:00+00:00,Islamabad,24.9,97,1003.0,2.39,39.5,46.7,718.0,20.5,6.4,93.0,138
2026-08-14 03:00:00+00:00,Islamabad,25.9,93,1003.4,1.89,22.1,25.9,799.0,19.9,7.2,108.0,135
2026-08-14 04:00:00+00:00,Islamabad,25.4,96,1004.5,3.36,19.2,23.5,793.0,17.2,9.6,126.0,133
2026-08-14 05:00:00+00:00,Islamabad,26.5,89,1004.5,1.75,23.6,29.1,747.0,13.5,12.8,145.0,131
2026-08-14 06:00:00+00:00,Islamabad,28.3,75,1004.1,1.9,23.7,28.3,707.0,10.3,15.2,164.0,130
2026-08-14 07:00:00+00:00,Islamabad,29.2,75,1004.0,2.08,29.9,36.1,681.0,8.1,16.1,183.0,128
2026-08-14 08:00:00+00:00,Islamabad,30.0,74,1003.4,1.52,32.4,39.0,662.0,6.6,16.2,201.0,127
2026-08-14 09:00:00+00:00,Islamabad,30.7,72,1003.2,1.1,35.9,43.0,682.0,6.3,16.2,211.0,126
2026-08-14 10:00:00+00:00,Islamabad,30.8,72,1002.7,1.14,38.4,45.8,736.0,6.3,16.5,212.0,128
2026-08-14 11:00:00+00:00,Islamabad,30.0,76,1003.0,1.48,39.3,46.8,829.0,7.5,16.7,206.0,153
2026-08-14 12:00:00+00:00,Islamabad,27.9,91,1002.7,2.91,32.7,39.3,1009.0,18.2,11.6,144.0,168
2026-08-14 13:00:00+00:00,Islamabad,27.9,88,1002.8,2.95,34.3,40.3,1390.0,40.5,11.2,107.0,171
2026-08-14 14:00:00+00:00,Islamabad,26.8,92,1003.1,1.25,39.1,44.1,1858.0,71.0,10.7,56.0,165
2026-08-14 15:00:00+00:00,Islamabad,26.0,96,1003.5,2.0,47.4,51.2,2112.0,92.6,10.2,18.0,147
2026-08-14 16:00:00+00:00,Islamabad,25.0,96,1005.0,1.17,53.9,57.9,1969.0,98.5,9.9,3.0,117
2026-08-14 17:00:00+00:00,Islamabad,25.2,98,1004.1,1.2,55.2,59.1,1613.0,95.4,9.7,1.0,116
2026-08-14 18:00:00+00:00,Islamabad,25.3,98,1004.0,1.77,53.7,56.8,1291.0,86.2,9.2,8.0,115
2026-08-14 19:00:00+00:00,Islamabad,25.3,97,1003.9,1.29,54.7,58.3,1086.0,67.9,8.2,26.0,114
2026-08-14 20:00:00+00:00,Islamabad,25.3,96,1003.5,1.14,38.0,40.3,915.0,43.5,6.8,53.0,113
2026-08-14 21:00:00+00:00,Islamabad,25.3,94,1003.3,0.83,31.5,34.5,783.0,24.7,5.7,74.0,111
2026-08-14 22:00:00+00:00,Islamabad,24.5,95,1003.6,0.51,27.9,31.7,691.0,16.4,4.8,82.0,108
2026-08-14 23:00:00+00:00,Islamabad,23.9,96,1003.6,0.87,10.1,11.4,637.0,13.6,4.1,85.0,106
2026-08-15 00:00:00+00:00,Islamabad,24.1,98,1004.1,1.32,29.1,33.2,621.0,23.1,8.2,66.0,102
2026-08-15 01:00:00+00:00,Islamabad,24.2,99,1004.7,1.44,28.8,32.1,665.0,24.3,8.1,67.0,100
2026-08-15 02:00:00+00:00,Islamabad,24.8,96,1004.9,1.85,28.3,31.3,747.0,25.8,8.0,70.0,99
2026-08-15 03:00:00+00:00,Islamabad,26.1,89,1005.7,1.25,26.2,29.5,804.0,25.2,8.8,84.0,98
2026-08-15 04:00:00+00:00,Islamabad,27.6,81,1005.6,1.32,24.9,28.8,810.0,20.7,11.3,119.0,99
2026-08-15 05:00:00+00:00,Islamabad,29.2,74,1005.5,0.9,28.9,34.6,791.0,14.2,14.6,165.0,99
2026-08-15 06:00:00+00:00,Islamabad,30.4,70,1005.0,1.27,35.2,42.7,754.0,9.1,16.9,201.0,99
2026-08-15 07:00:00+00:00,Islamabad,31.0,68,1004.4,2.15,40.9,50.1,686.0,6.5,17.0,218.0,100
2026-08-15 08:00:00+00:00,Islamabad,31.6,65,1003.8,2.44,43.1,53.2,600.0,5.3,16.0,224.0,102
2026-08-15 09:00:00+00:00,Islamabad,32.2,62,1003.0,2.82,44.0,54.5,550.0,5.5,15.2,225.0,111
2026-08-15 10:00:00+00:00,Islamabad,32.1,61,1001.9,2.75,42.8,53.0,483.0,3.2,14.8,225.0,144
2026-08-15 11:00:00+00:00,Islamabad,31.9,61,1001.3,2.09,42.1,52.5,452.0,2.3,14.5,219.0,170
2026-08-15 12:00:00+00:00,Islamabad,31.5,63,1001.0,2.08,41.8,52.9,666.0,13.2,12.7,182.0,192
2026-08-15 13:00:00+00:00,Islamabad,30.0,74,1001.0,1.71,45.4,55.5,1406.0,42.9,13.5,138.0,201
2026-08-15 14:00:00+00:00,Islamabad,28.5,83,1001.1,0.85,55.8,66.1,2391.0,83.5,14.6,78.0,198
2026-08-15 15:00:00+00:00,Islamabad,28.1,84,1001.6,0.43,63.3,73.6,2985.0,112.4,15.4,33.0,178
2026-08-15 16:00:00+00:00,Islamabad,27.8,83,1002.3,0.51,66.4,76.4,2830.0,119.7,16.0,17.0,148
2026-08-15 17:00:00+00:00,Islamabad,27.8,83,1002.7,0.21,73.1,83.4,2285.0,115.1,16.4,16.0,111
2026-08-15 18:00:00+00:00,Islamabad,27.0,82,1002.2,2.06,81.0,91.3,1783.0,105.2,16.0,20.0,113
2026-08-15 19:00:00+00:00,Islamabad,26.7,84,1001.9,0.54,85.4,95.0,1464.0,89.5,14.4,26.0,116
2026-08-15 20:00:00+00:00,Islamabad,26.9,81,1001.5,0.85,78.9,85.7,1189.0,68.5,11.9,36.0,119
2026-08-15 21:00:00+00:00,Islamabad,26.2,84,1001.7,1.95,64.3,69.6,979.0,49.7,9.8,47.0,123
2026-08-15 22:00:00+00:00,Islamabad,24.8,88,1001.9,1.92,50.1,55.6,849.0,35.1,8.0,60.0,127
2026-08-15 23:00:00+00:00,Islamabad,24.4,91,1001.7,2.34,30.6,34.9,785.0,22.8,6.4,74.0,129
2026-08-16 00:00:00+00:00,Islamabad,24.0,92,1001.3,2.58,60.5,65.4,758.0,39.7,8.6,34.0,131
2026-08-16 01:00:00+00:00,Islamabad,24.4,92,1001.0,1.49,70.5,76.4,787.0,33.1,10.2,59.0,134
2026-08-16 02:00:00+00:00,Islamabad,26.2,90,1001.1,1.11,60.1,68.2,853.0,23.8,12.6,94.0,139
2026-08-16 03:00:00+00:00,Islamabad,27.9,79,1001.5,0.96,47.1,58.1,881.0,16.0,14.9,126.0,142
2026-08-16 04:00:00+00:00,Islamabad,28.8,74,1002.0,1.5,43.7,54.9,829.0,11.3,17.4,153.0,144
2026-08-16 05:00:00+00:00,Islamabad,29.5,74,1001.9,1.84,43.0,54.2,738.0,8.1,19.9,177.0,146
2026-08-16 06:00:00+00:00,Islamabad,29.2,72,1002.3,2.39,41.2,52.6,653.0,5.9,21.0,193.0,148
2026-08-16 07:00:00+00:00,Islamabad,30.3,72,1002.2,2.22,38.8,50.3,573.0,4.2,19.9,200.0,148
2026-08-16 08:00:00+00:00,Islamabad,31.0,71,1001.4,2.12,38.9,51.0,498.0,3.5,17.5,200.0,148
2026-08-16 09:00:00+00:00,Islamabad,31.4,70,1000.7,2.0,38.4,50.9,476.0,4.1,15.2,193.0,148
2026-08-16 10:00:00+00:00,Islamabad,29.3,80,1000.4,2.86,38.0,51.2,537.0,6.0,13.4,179.0,151
2026-08-16 11:00:00+00:00,Islamabad,27.6,87,1001.0,1.38,37.1,50.4,651.0,9.3,11.6,159.0,164
2026-08-16 12:00:00+00:00,Islamabad,30.7,72,1000.2,2.01,38.2,53.0,769.0,10.6,13.2,151.0,169
2026-08-16 13:00:00+00:00,Islamabad,29.7,74,1000.3,3.01,39.9,52.2,903.0,22.6,12.5,123.0,169
2026-08-16 14:00:00+00:00,Islamabad,28.4,78,1000.5,2.11,46.8,58.3,1043.0,39.1,11.6,86.0,160
2026-08-16 15:00:00+00:00,Islamabad,28.0,81,1001.3,2.65,49.6,61.7,1103.0,50.2,10.7,57.0,144
2026-08-16 16:00:00+00:00,Islamabad,27.7,85,1002.4,2.4,50.3,62.2,1027.0,51.6,10.0,47.0,143
2026-08-16 17:00:00+00:00,Islamabad,27.4,85,1003.0,1.96,48.8,60.3,872.0,47.6,9.3,45.0,141
2026-08-16 18:00:00+00:00,Islamabad,28.1,85,1002.5,2.21,50.3,61.0,730.0,42.2,8.6,48.0,138
2026-08-16 19:00:00+00:00,Islamabad,27.8,84,1002.1,2.67,49.2,59.1,629.0,35.6,8.0,53.0,135
2026-08-16 20:00:00+00:00,Islamabad,27.1,86,1001.8,1.66,43.8,51.6,541.0,27.4,7.3,62.0,131
2026-08-16 21:00:00+00:00,Islamabad,26.9,87,1001.2,2.0,36.4,42.7,468.0,20.6,6.7,71.0,128
2026-08-16 22:00:00+00:00,Islamabad,25.9,88,1001.8,0.79,34.5,40.3,388.0,16.0,5.8,79.0,125
2026-08-16 23:00:00+00:00,Islamabad,23.4,99,1002.7,2.71,30.6,35.7,322.0,12.7,4.8,86.0,123
2026-08-17 00:00:00+00:00,Islamabad,23.9,97,1001.3,2.66,28.2,33.1,340.0,16.4,4.0,63.0,123
2026-08-17 01:00:00+00:00,Islamabad,24.4,95,1001.5,1.81,14.2,16.1,525.0,18.1,4.6,70.0,120
2026-08-17 02:00:00+00:00,Islamabad,26.0,92,1001.6,1.81,17.3,19.9,793.0,20.4,5.5,82.0,114
2026-08-17 03:00:00+00:00,Islamabad,27.6,83,1001.8,0.92,25.0,30.6,958.0,20.5,6.9,98.0,110
2026-08-17 04:00:00+00:00,Islamabad,28.7,77,1002.5,1.56,28.5,36.2,916.0,16.6,9.5,124.0,107
2026-08-17 05:00:00+00:00,Islamabad,26.9,87,1003.4,1.38,30.7,39.6,771.0,10.6,12.6,155.0,106
2026-08-17 06:00:00+00:00,Islamabad,28.8,72,1003.4,2.79,31.9,41.0,649.0,6.1,14.6,178.0,104
2026-08-17 07:00:00+00:00,Islamabad,30.0,73,1002.6,2.38,32.8,41.8,589.0,4.2,14.7,188.0,103
2026-08-17 08:00:00+00:00,Islamabad,30.6,73,1002.2,2.33,33.1,42.1,551.0,3.9,13.8,189.0,103
2026-08-17 09:00:00+00:00,Islamabad,31.2,70,1001.7,2.09,31.9,40.9,543.0,5.3,12.8,184.0,102
2026-08-17 10:00:00+00:00,Islamabad,29.1,81,1001.6,2.62,29.5,38.0,566.0,8.8,12.1,172.0,121
2026-08-17 11:00:00+00:00,Islamabad,28.5,84,1001.3,1.86,29.4,38.1,620.0,14.1,11.3,153.0,140
2026-08-17 12:00:00+00:00,Islamabad,28.8,81,1001.3,2.57,40.0,55.5,710.0,18.7,8.6,130.0,152
2026-08-17 13:00:00+00:00,Islamabad,28.4,81,1001.2,2.23,42.3,54.8,875.0,33.1,8.8,105.0,153
2026-08-17 14:00:00+00:00,Islamabad,27.2,85,1001.8,2.24,48.0,57.4,1077.0,52.7,9.0,70.0,143
2026-08-17 15:00:00+00:00,Islamabad,26.8,85,1002.5,1.9,48.5,56.7,1202.0,66.3,9.0,43.0,120
2026-08-17 16:00:00+00:00,Islamabad,26.9,85,1003.2,1.68,51.7,60.1,1199.0,69.0,8.5,31.0,100
2026-08-17 17:00:00+00:00,Islamabad,26.9,85,1003.6,1.64,55.5,63.8,1121.0,65.6,7.7,28.0,100
2026-08-17 18:00:00+00:00,Islamabad,27.2,84,1003.4,2.45,58.7,66.6,1011.0,59.0,6.9,31.0,101
2026-08-17 19:00:00+00:00,Islamabad,26.4,88,1003.4,1.81,54.5,62.4,856.0,48.2,5.9,41.0,102
2026-08-17 20:00:00+00:00,Islamabad,26.2,86,1003.4,1.79,49.7,58.3,671.0,34.1,4.9,57.0,103
2026-08-17 21:00:00+00:00,Islamabad,26.2,84,1002.8,1.43,26.5,32.1,540.0,22.6,4.2,72.0,103
2026-08-17 22:00:00+00:00,Islamabad,26.0,83,1002.8,1.31,29.7,37.3,492.0,15.6,4.1,85.0,102
2026-08-17 23:00:00+00:00,Islamabad,25.9,83,1002.7,1.31,30.5,39.7,498.0,11.1,4.3,98.0,102
2026-08-18 00:00:00+00:00,Islamabad,24.4,94,1002.9,2.96,22.2,30.0,564.0,10.3,6.0,104.0,102
2026-08-18 01:00:00+00:00,Islamabad,24.3,94,1002.7,2.05,25.3,31.9,751.0,15.8,6.2,96.0,101
2026-08-18 02:00:00+00:00,Islamabad,25.9,92,1003.1,1.87,29.6,36.9,997.0,23.1,6.5,85.0,102
2026-08-18 03:00:00+00:00,Islamabad,27.5,83,1003.6,0.96,29.2,37.7,1119.0,26.5,7.4,86.0,103
2026-08-18 04:00:00+00:00,Islamabad,27.2,85,1004.5,0.92,27.0,37.4,997.0,22.2,9.6,108.0,104
2026-08-18 05:00:00+00:00,Islamabad,27.6,83,1004.5,1.15,26.7,40.3,751.0,13.9,12.3,140.0,104
2026-08-18 06:00:00+00:00,Islamabad,26.8,90,1005.2,1.71,27.1,39.9,563.0,7.6,14.1,167.0,103
2026-08-18 07:00:00+00:00,Islamabad,28.7,77,1004.6,2.59,27.9,39.8,491.0,5.3,14.0,182.0,103
2026-08-18 08:00:00+00:00,Islamabad,29.4,75,1004.2,2.62,29.0,40.9,477.0,4.9,13.0,190.0,102
2026-08-18 09:00:00+00:00,Islamabad,29.7,78,1003.5,2.55,30.2,42.4,532.0,5.6,12.3,194.0,102
2026-08-18 10:00:00+00:00,Islamabad,29.0,82,1002.9,2.06,30.9,43.5,697.0,4.8,12.3,195.0,112
2026-08-18 11:00:00+00:00,Islamabad,28.4,85,1002.5,2.25,31.2,44.6,931.0,5.1,12.7,191.0,135
2026-08-18 12:00:00+00:00,Islamabad,27.6,88,1002.3,1.84,46.7,65.2,1124.0,15.4,13.7,165.0,155
2026-08-18 13:00:00+00:00,Islamabad,27.7,88,1002.3,2.18,54.1,70.3,1255.0,35.3,13.4,130.0,165
2026-08-18 14:00:00+00:00,Islamabad,27.1,90,1002.9,1.86,63.1,79.4,1346.0,62.5,13.0,81.0,163
2026-08-18 15:00:00+00:00,Islamabad,26.6,90,1003.7,2.33,61.5,75.7,1347.0,80.9,12.4,45.0,149
2026-08-18 16:00:00+00:00,Islamabad,26.2,92,1004.2,2.12,61.9,75.7,1209.0,82.4,11.6,33.0,120
2026-08-18 17:00:00+00:00,Islamabad,25.9,93,1004.8,2.41,62.9,75.2,981.0,75.1,10.6,33.0,108
2026-08-18 18:00:00+00:00,Islamabad,25.8,89,1004.3,2.38,61.7,73.8,766.0,66.8,9.7,35.0,109
2026-08-18 19:00:00+00:00,Islamabad,25.5,88,1003.7,2.55,60.1,72.6,583.0,59.3,8.8,37.0,109
2026-08-18 20:00:00+00:00,Islamabad,24.7,93,1004.2,0.91,58.6,71.0,413.0,50.8,8.1,42.0,110
2026-08-18 21:00:00+00:00,Islamabad,23.4,99,1005.1,2.64,58.1,71.0,296.0,43.3,7.5,46.0,111
2026-08-18 22:00:00+00:00,Islamabad,23.4,99,1004.4,2.16,58.9,72.4,246.0,37.6,7.1,48.0,114
2026-08-18 23:00:00+00:00,Islamabad,23.5,98,1004.5,1.83,58.9,72.4,250.0,32.8,7.0,50.0,117
2026-08-19 00:00:00+00:00,Islamabad,23.7,97,1003.7,3.03,36.4,46.7,307.0,17.9,6.0,73.0,120
2026-08-19 01:00:00+00:00,Islamabad,24.0,95,1004.1,2.3,35.6,43.0,464.0,17.7,6.9,79.0,121
2026-08-19 02:00:00+00:00,Islamabad,24.8,94,1004.7,2.04,28.7,36.3,674.0,17.3,8.3,88.0,122
2026-08-19 03:00:00+00:00,Islamabad,25.4,92,1005.3,2.62,22.3,32.9,802.0,16.2,9.9,100.0,122
2026-08-19 04:00:00+00:00,Islamabad,26.2,88,1006.0,2.25,23.1,35.0,766.0,13.9,11.9,115.0,122
2026-08-19 05:00:00+00:00,Islamabad,27.6,80,1005.9,2.41,27.5,44.0,648.0,10.8,14.1,133.0,121
2026-08-19 06:00:00+00:00,Islamabad,24.5,98,1006.6,1.53,29.0,46.4,555.0,8.4,15.5,148.0,121
2026-08-19 07:00:00+00:00,Islamabad,24.8,97,1006.4,2.31,32.8,53.4,520.0,6.5,15.8,162.0,121
2026-08-19 08:00:00+00:00,Islamabad,25.4,94,1006.0,2.28,33.9,56.3,509.0,5.3,15.3,173.0,122
2026-08-19 09:00:00+00:00,Islamabad,26.6,90,1005.5,3.02,36.0,61.5,529.0,5.8,14.4,175.0,123
2026-08-19 10:00:00+00:00,Islamabad,27.5,84,1004.7,3.02,37.0,65.0,581.0,8.1,12.7,164.0,123
2026-08-19 11:00:00+00:00,Islamabad,27.9,81,1004.1,3.0,34.7,58.9,664.0,12.2,10.5,145.0,124
2026-08-19 12:00:00+00:00,Islamabad,27.5,86,1004.2,3.45,41.4,64.7,779.0,20.4,8.1,101.0,125
2026-08-19 13:00:00+00:00,Islamabad,26.7,89,1004.4,3.75,42.5,65.4,972.0,33.6,8.4,80.0,124
2026-08-19 14:00:00+00:00,Islamabad,26.1,90,1004.6,3.13,45.3,63.8,1198.0,51.8,8.8,51.0,122
2026-08-19 15:00:00+00:00,Islamabad,25.9,90,1005.4,2.83,48.3,62.9,1320.0,65.9,9.1,27.0,121
2026-08-19 16:00:00+00:00,Islamabad,25.6,91,1006.8,1.38,51.1,64.7,1266.0,73.2,9.2,13.0,119
2026-08-19 17:00:00+00:00,Islamabad,25.0,94,1007.0,2.49,55.3,68.9,1108.0,76.5,9.2,5.0,118
2026-08-19 18:00:00+00:00,Islamabad,25.6,90,1006.1,2.9,60.1,73.6,932.0,74.6,8.7,4.0,117
2026-08-19 19:00:00+00:00,Islamabad,25.0,93,1006.1,1.9,54.6,65.9,743.0,64.8,7.2,13.0,117
2026-08-19 20:00:00+00:00,Islamabad,24.4,97,1006.7,1.31,48.7,60.8,535.0,49.9,5.2,29.0,116
2026-08-19 21:00:00+00:00,Islamabad,23.9,99,1006.7,2.62,27.8,35.9,381.0,37.1,3.8,44.0,115
2026-08-19 22:00:00+00:00,Islamabad,23.7,97,1005.9,2.82,17.9,24.5,305.0,28.5,3.5,54.0,112
2026-08-19 23:00:00+00:00,Islamabad,23.3,97,1006.2,2.62,19.4,25.5,282.0,21.9,3.7,62.0,108
2026-05-21 00:00:00+00:00,Lahore,31.2,31,1000.4,4.54,24.9,37.1,341.0,19.8,9.4,62.0,101
2026-05-21 01:00:00+00:00,Lahore,30.8,30,1001.0,3.95,25.5,39.7,368.0,20.9,9.4,67.0,98
2026-05-21 02:00:00+00:00,Lahore,31.5,33,1001.3,3.26,28.0,42.8,402.0,22.1,9.4,75.0,96
2026-05-21 03:00:00+00:00,Lahore,33.5,26,1002.5,3.81,29.0,48.9,407.0,21.3,9.2,88.0,94
2026-05-21 04:00:00+00:00,Lahore,35.7,24,1002.4,3.0,26.3,49.2,352.0,16.3,8.7,112.0,91
2026-05-21 05:00:00+00:00,Lahore,38.2,21,1002.1,3.15,23.4,47.5,267.0,9.2,7.9,141.0,89
2026-05-21 06:00:00+00:00,Lahore,38.7,19,1002.7,4.55,23.9,53.6,204.0,4.0,7.1,159.0,88
2026-05-21 07:00:00+00:00,Lahore,39.5,18,1002.1,4.18,23.5,54.0,186.0,2.4,6.2,156.0,86
2026-05-21 08:00:00+00:00,Lahore,40.3,17,1001.6,3.73,21.4,49.5,191.0,2.8,5.2,142.0,85
2026-05-21 09:00:00+00:00,Lahore,41.0,15,1000.7,4.07,19.2,44.6,199.0,3.5,4.5,130.0,85
2026-05-21 10:00:00+00:00,Lahore,40.0,16,1000.0,4.11,18.5,43.5,204.0,2.2,4.0,127.0,84
2026-05-21 11:00:00+00:00,Lahore,40.3,16,999.8,3.7,18.6,46.6,213.0,1.2,3.9,126.0,91
2026-05-21 12:00:00+00:00,Lahore,40.9,13,998.8,2.5,19.0,47.5,230.0,6.9,4.9,118.0,99
2026-05-21 13:00:00+00:00,Lahore,39.3,16,999.0,3.4,25.4,48.1,264.0,24.5,6.6,92.0,100
2026-05-21 14:00:00+00:00,Lahore,37.8,17,999.5,3.11,34.7,56.1,306.0,48.1,8.9,57.0,90
2026-05-21 15:00:00+00:00,Lahore,36.6,19,1000.2,2.9,34.6,54.7,333.0,60.4,10.4,37.0,83
2026-05-21 16:00:00+00:00,Lahore,35.2,24,1001.2,4.07,28.2,49.7,335.0,50.1,10.2,47.0,83
2026-05-21 17:00:00+00:00,Lahore,34.2,25,1001.9,3.22,25.6,48.3,322.0,28.6,9.1,72.0,83
2026-05-21 18:00:00+00:00,Lahore,33.1,32,1002.5,4.85,25.3,47.1,306.0,12.2,8.3,91.0,83
2026-05-21 19:00:00+00:00,Lahore,31.5,38,1003.0,5.88,25.4,46.8,287.0,8.1,8.1,96.0,82
2026-05-21 20:00:00+00:00,Lahore,28.6,45,1004.1,4.35,25.9,48.2,264.0,9.2,8.2,95.0,82
2026-05-21 21:00:00+00:00,Lahore,27.8,48,1003.5,4.0,26.9,51.7,245.0,10.7,8.3,92.0,82
2026-05-21 22:00:00+00:00,Lahore,27.8,48,1004.0,3.78,28.3,56.7,228.0,11.0,8.4,88.0,81
2026-05-21 23:00:00+00:00,Lahore,27.6,48,1004.0,3.2,29.7,61.5,215.0,11.8,8.6,83.0,81
2026-05-22 00:00:00+00:00,Lahore,26.8,57,1004.6,2.69,29.0,65.7,217.0,14.2,7.6,73.0,81
2026-05-22 01:00:00+00:00,Lahore,27.2,54,1004.2,2.93,26.7,54.7,249.0,15.7,7.6,75.0,81
2026-05-22 02:00:00+00:00,Lahore,28.5,50,1004.9,2.78,26.1,55.4,296.0,17.6,7.6,78.0,81
2026-05-22 03:00:00+00:00,Lahore,30.5,44,1005.8,2.17,27.1,59.6,320.0,17.6,7.4,86.0,81
2026-05-22 04:00:00+00:00,Lahore,34.0,32,1005.7,2.59,28.2,68.7,294.0,13.9,7.0,105.0,81
2026-05-22 05:00:00+00:00,Lahore,36.4,24,1006.0,2.61,28.1,71.2,245.0,8.4,6.5,130.0,81
2026-05-22 06:00:00+00:00,Lahore,37.5,20,1006.0,2.6,26.1,70.5,219.0,4.2,6.0,148.0,82
2026-05-22 07:00:00+00:00,Lahore,38.6,19,1005.5,1.49,26.6,81.5,241.0,2.8,5.6,154.0,82
2026-05-22 08:00:00+00:00,Lahore,39.3,18,1004.9,0.63,28.9,96.2,285.0,2.8,5.3,154.0,82
2026-05-22 09:00:00+00:00,Lahore,39.3,18,1003.8,0.56,30.3,102.0,318.0,3.3,5.4,153.0,83
2026-05-22 10:00:00+00:00,Lahore,39.3,19,1003.3,1.07,31.2,104.1,287.0,2.4,5.9,156.0,84
2026-05-22 11:00:00+00:00,Lahore,38.2,20,1003.5,2.26,31.7,103.6,245.0,2.1,6.8,157.0,98
2026-05-22 12:00:00+00:00,Lahore,38.3,18,1002.8,2.21,24.2,64.3,315.0,6.5,8.3,149.0,113
2026-05-22 13:00:00+00:00,Lahore,37.6,19,1002.7,1.98,26.3,69.4,638.0,18.4,9.4,126.0,122
2026-05-22 14:00:00+00:00,Lahore,36.1,24,1003.1,0.9,30.7,59.6,1073.0,34.9,10.8,95.0,121
2026-05-22 15:00:00+00:00,Lahore,35.0,27,1003.6,0.05,36.2,61.0,1321.0,48.8,12.0,68.0,110
2026-05-22 16:00:00+00:00,Lahore,34.4,28,1004.0,0.25,39.0,60.8,1199.0,58.0,12.7,51.0,92
2026-05-22 17:00:00+00:00,Lahore,33.5,29,1004.0,0.78,43.7,64.7,889.0,64.5,13.1,39.0,87
2026-05-22 18:00:00+00:00,Lahore,32.8,32,1003.6,2.5,46.3,67.1,641.0,66.7,13.0,31.0,88
2026-05-22 19:00:00+00:00,Lahore,31.4,35,1003.4,2.52,43.4,63.3,558.0,61.6,11.9,30.0,90
2026-05-22 20:00:00+00:00,Lahore,30.6,37,1003.5,2.29,40.9,60.8,537.0,52.3,10.4,33.0,91
2026-05-22 21:00:00+00:00,Lahore,30.2,37,1003.4,1.82,41.0,61.0,518.0,46.4,9.3,33.0,92
2026-05-22 22:00:00+00:00,Lahore,29.8,38,1003.3,1.36,42.7,63.6,459.0,49.1,9.4,24.0,94
2026-05-22 23:00:00+00:00,Lahore,29.3,40,1004.5,3.49,46.9,69.6,403.0,55.1,10.0,12.0,95
2026-05-23 00:00:00+00:00,Lahore,29.7,46,1004.0,2.16,43.4,64.7,412.0,40.3,9.5,29.0,96
2026-05-23 01:00:00+00:00,Lahore,28.0,61,1004.2,1.42,47.7,71.9,570.0,36.9,10.5,47.0,97
2026-05-23 02:00:00+00:00,Lahore,29.6,55,1004.4,1.48,50.8,78.9,794.0,32.0,11.9,73.0,99
2026-05-23 03:00:00+00:00,Lahore,32.7,43,1004.7,0.29,48.4,93.1,899.0,26.3,12.9,100.0,101
2026-05-23 04:00:00+00:00,Lahore,34.7,35,1005.6,2.58,45.9,98.0,766.0,19.1,13.1,131.0,103
2026-05-23 05:00:00+00:00,Lahore,35.3,33,1005.5,1.95,41.9,99.7,514.0,11.1,12.8,163.0,105
2026-05-23 06:00:00+00:00,Lahore,37.5,26,1005.2,0.46,38.3,102.4,319.0,5.2,12.2,184.0,106
2026-05-23 07:00:00+00:00,Lahore,38.9,20,1004.6,0.98,35.2,96.2,255.0,2.9,11.2,186.0,108
2026-05-23 08:00:00+00:00,Lahore,39.3,19,1003.9,1.49,32.7,89.2,247.0,2.7,10.0,176.0,109
2026-05-23 09:00:00+00:00,Lahore,39.7,18,1003.0,2.81,29.7,80.3,251.0,3.1,9.0,167.0,109
2026-05-23 10:00:00+00:00,Lahore,39.7,16,1002.5,3.67,27.5,72.6,249.0,3.2,8.5,162.0,118
2026-05-23 11:00:00+00:00,Lahore,39.1,17,1002.3,3.74,25.8,66.1,257.0,3.8,8.2,158.0,136
2026-05-23 12:00:00+00:00,Lahore,39.6,13,1001.8,2.27,23.5,60.8,283.0,6.1,9.1,154.0,149
2026-05-23 13:00:00+00:00,Lahore,38.7,15,1002.1,2.34,23.7,49.6,335.0,14.8,9.6,134.0,153
2026-05-23 14:00:00+00:00,Lahore,36.5,20,1002.5,2.93,27.4,47.0,403.0,27.0,10.3,105.0,147
2026-05-23 15:00:00+00:00,Lahore,34.6,24,1002.4,2.2,29.9,48.2,470.0,36.8,10.8,81.0,131
2026-05-23 16:00:00+00:00,Lahore,33.2,26,1002.8,2.27,29.6,47.1,539.0,42.5,10.9,65.0,108
2026-05-23 17:00:00+00:00,Lahore,32.7,27,1003.0,1.85,31.8,48.7,605.0,45.8,10.8,53.0,106
2026-05-23 18:00:00+00:00,Lahore,33.2,30,1003.0,2.4,36.1,52.5,639.0,46.3,10.5,45.0,104
2026-05-23 19:00:00+00:00,Lahore,32.0,33,1002.6,2.57,37.3,52.9,616.0,42.7,9.8,44.0,103
2026-05-23 20:00:00+00:00,Lahore,31.2,34,1002.3,1.59,35.0,49.1,560.0,36.4,8.8,47.0,103
2026-05-23 21:00:00+00:00,Lahore,29.9,37,1002.3,2.12,32.2,45.5,511.0,30.9,8.0,50.0,102
2026-05-23 22:00:00+00:00,Lahore,29.9,36,1002.1,2.91,30.5,43.1,488.0,27.7,7.4,49.0,101
2026-05-23 23:00:00+00:00,Lahore,29.2,36,1002.1,2.79,29.3,41.4,472.0,25.4,6.9,48.0,100
2026-05-24 00:00:00+00:00,Lahore,29.3,42,1002.5,2.21,27.0,46.2,448.0,12.9,6.8,89.0,99
2026-05-24 01:00:00+00:00,Lahore,29.1,40,1002.9,2.33,27.2,45.1,409.0,14.4,7.3,91.0,97
2026-05-24 02:00:00+00:00,Lahore,30.5,38,1003.5,2.42,29.1,44.7,362.0,16.4,7.9,95.0,96
2026-05-24 03:00:00+00:00,Lahore,31.2,37,1004.7,2.26,29.2,50.4,318.0,16.4,8.1,102.0,94
2026-05-24 04:00:00+00:00,Lahore,34.5,28,1004.1,0.68,27.6,53.4,277.0,12.7,7.4,117.0,92
2026-05-24 05:00:00+00:00,Lahore,36.6,23,1004.0,1.79,24.5,55.1,239.0,7.2,6.3,135.0,91
2026-05-24 06:00:00+00:00,Lahore,38.1,19,1004.5,2.3,22.5,59.1,212.0,3.0,5.4,149.0,90
2026-05-24 07:00:00+00:00,Lahore,39.5,16,1003.9,2.88,21.7,59.4,200.0,1.7,4.9,153.0,88
2026-05-24 08:00:00+00:00,Lahore,37.5,23,1003.6,5.27,21.8,60.3,199.0,1.8,4.7,152.0,87
2026-05-24 09:00:00+00:00,Lahore,38.3,20,1002.5,3.78,22.3,61.2,201.0,2.3,4.7,151.0,86
2026-05-24 10:00:00+00:00,Lahore,38.7,19,1001.9,2.97,23.2,62.9,199.0,0.5,4.8,155.0,91
2026-05-24 11:00:00+00:00,Lahore,38.5,19,1001.2,3.0,24.3,65.2,202.0,0.0,5.1,159.0,103
2026-05-24 12:00:00+00:00,Lahore,37.3,20,1001.3,3.12,19.4,46.9,225.0,4.8,6.2,139.0,116
2026-05-24 13:00:00+00:00,Lahore,36.1,22,1001.4,2.88,22.2,42.3,292.0,13.6,7.2,119.0,120
2026-05-24 14:00:00+00:00,Lahore,34.8,26,1001.5,2.83,28.9,45.9,380.0,25.5,8.5,91.0,117
2026-05-24 15:00:00+00:00,Lahore,33.5,27,1001.8,3.31,29.7,45.9,439.0,33.7,9.4,69.0,105
2026-05-24 16:00:00+00:00,Lahore,32.6,29,1002.1,2.65,29.6,46.7,445.0,34.3,9.4,60.0,87
2026-05-24 17:00:00+00:00,Lahore,31.8,31,1002.5,1.48,31.1,48.3,422.0,31.0,8.9,56.0,85
2026-05-24 18:00:00+00:00,Lahore,32.1,31,1002.2,1.23,33.1,49.7,397.0,28.4,8.3,53.0,85
2026-05-24 19:00:00+00:00,Lahore,31.1,35,1001.9,0.87,34.2,49.8,371.0,27.8,7.7,48.0,85
2026-05-24 20:00:00+00:00,Lahore,30.8,35,1001.1,1.02,34.8,49.5,342.0,27.8,6.9,43.0,85
2026-05-24 21:00:00+00:00,Lahore,30.2,35,1000.5,2.33,34.7,49.6,332.0,28.3,6.5,39.0,85
2026-05-24 22:00:00+00:00,Lahore,29.3,37,1000.6,2.97,34.8,51.0,357.0,29.7,6.5,35.0,85
2026-05-24 23:00:00+00:00,Lahore,28.4,41,1000.9,1.03,36.2,54.5,401.0,31.5,6.7,31.0,85
2026-05-25 00:00:00+00:00,Lahore,29.4,41,1001.7,0.92,43.2,67.5,438.0,37.0,8.6,34.0,86
2026-05-25 01:00:00+00:00,Lahore,29.2,41,1002.4,2.28,42.6,65.4,468.0,34.4,9.3,50.0,87
2026-05-25 02:00:00+00:00,Lahore,30.9,38,1002.7,2.3,42.3,63.3,491.0,30.4,10.2,74.0,88
2026-05-25 03:00:00+00:00,Lahore,32.9,33,1002.8,1.66,38.9,65.7,484.0,25.4,10.3,97.0,89
2026-05-25 04:00:00+00:00,Lahore,34.6,28,1002.9,1.01,32.5,63.3,423.0,18.2,9.0,121.0,90
2026-05-25 05:00:00+00:00,Lahore,36.6,25,1002.7,1.13,27.8,59.8,332.0,9.8,6.9,145.0,90
2026-05-25 06:00:00+00:00,Lahore,38.8,17,1002.9,2.56,23.7,53.7,261.0,3.8,5.4,162.0,91
2026-05-25 07:00:00+00:00,Lahore,39.4,15,1002.3,2.29,21.0,47.8,230.0,2.0,5.0,168.0,91
2026-05-25 08:00:00+00:00,Lahore,40.0,14,1001.5,2.09,19.6,44.8,219.0,2.5,5.1,168.0,91
2026-05-25 09:00:00+00:00,Lahore,40.3,14,1000.7,2.13,19.0,43.3,217.0,3.5,5.5,167.0,90
2026-05-25 10:00:00+00:00,Lahore,40.2,15,1000.3,3.06,18.6,42.0,209.0,3.1,6.2,169.0,101
2026-05-25 11:00:00+00:00,Lahore,39.6,15,1000.0,4.03,18.7,41.4,211.0,3.0,7.1,171.0,121
2026-05-25 12:00:00+00:00,Lahore,40.2,11,999.3,3.94,18.0,35.6,258.0,6.3,8.0,158.0,137
2026-05-25 13:00:00+00:00,Lahore,38.4,15,999.7,3.88,21.4,35.2,396.0,15.6,8.7,138.0,145
2026-05-25 14:00:00+00:00,Lahore,36.3,19,1000.6,3.75,27.3,38.2,579.0,28.2,9.7,109.0,143
2026-05-25 15:00:00+00:00,Lahore,34.8,22,1001.3,2.93,28.9,38.9,710.0,36.5,10.4,88.0,132
2026-05-25 16:00:00+00:00,Lahore,33.5,24,1001.7,2.92,27.2,36.6,747.0,36.3,10.5,81.0,115
2026-05-25 17:00:00+00:00,Lahore,32.6,23,1002.0,2.31,26.0,35.0,731.0,31.8,10.2,82.0,96
2026-05-25 18:00:00+00:00,Lahore,32.8,25,1001.4,1.45,25.6,34.3,689.0,28.1,9.9,80.0,88
2026-05-25 19:00:00+00:00,Lahore,31.2,28,1001.5,1.29,26.5,34.0,609.0,27.0,9.5,72.0,88
2026-05-25 20:00:00+00:00,Lahore,30.2,29,1001.2,1.92,28.1,34.1,503.0,26.8,9.1,62.0,87
2026-05-25 21:00:00+00:00,Lahore,29.0,30,1001.6,2.3,29.3,34.8,433.0,27.4,8.7,53.0,87
2026-05-25 22:00:00+00:00,Lahore,27.9,32,1001.6,2.03,30.4,36.4,429.0,29.5,8.4,43.0,86
2026-05-25 23:00:00+00:00,Lahore,27.0,36,1001.7,1.76,31.9,38.6,461.0,32.5,8.2,33.0,86
2026-05-26 00:00:00+00:00,Lahore,26.8,40,1002.2,1.37,36.3,43.2,502.0,34.2,8.5,36.0,86
2026-05-26 01:00:00+00:00,Lahore,26.4,42,1002.6,2.13,41.7,49.1,564.0,33.0,9.6,56.0,85
2026-05-26 02:00:00+00:00,Lahore,28.3,40,1003.1,1.82,44.2,51.1,635.0,31.0,11.1,83.0,85
2026-05-26 03:00:00+00:00,Lahore,31.4,34,1003.4,1.54,33.1,43.4,646.0,27.3,11.6,110.0,85
2026-05-26 04:00:00+00:00,Lahore,35.0,26,1003.7,1.91,24.0,32.5,543.0,20.0,10.3,134.0,85
2026-05-26 05:00:00+00:00,Lahore,37.7,19,1003.5,2.28,17.2,24.3,382.0,11.0,8.2,157.0,84
2026-05-26 06:00:00+00:00,Lahore,39.6,13,1003.7,2.87,11.1,20.7,259.0,4.4,6.6,173.0,83
2026-05-26 07:00:00+00:00,Lahore,40.3,11,1003.6,3.47,10.4,20.7,217.0,2.4,6.3,180.0,82
2026-05-26 08:00:00+00:00,Lahore,40.8,11,1002.8,3.57,10.5,19.7,214.0,2.9,6.6,181.0,81
2026-05-26 09:00:00+00:00,Lahore,40.9,11,1002.1,3.78,11.1,19.4,221.0,3.7,6.9,180.0,95
2026-05-26 10:00:00+00:00,Lahore,40.7,11,1001.4,3.8,11.9,20.6,205.0,2.1,6.9,180.0,121
2026-05-26 11:00:00+00:00,Lahore,40.2,12,1001.0,3.36,12.7,22.1,200.0,0.8,7.0,179.0,142
2026-05-26 12:00:00+00:00,Lahore,40.6,12,1000.8,3.58,15.7,26.3,277.0,6.4,6.1,158.0,155
2026-05-26 13:00:00+00:00,Lahore,38.6,17,1001.1,3.33,17.2,26.7,521.0,17.0,7.3,137.0,159
2026-05-26 14:00:00+00:00,Lahore,36.8,20,1001.5,2.26,24.4,31.4,848.0,31.7,8.9,107.0,156
2026-05-26 15:00:00+00:00,Lahore,35.3,22,1001.8,1.52,29.2,36.4,1069.0,43.4,10.4,83.0,143
2026-05-26 16:00:00+00:00,Lahore,34.2,24,1002.0,1.54,31.4,38.9,1101.0,49.3,11.6,72.0,123
2026-05-26 17:00:00+00:00,Lahore,33.3,24,1002.3,1.73,33.4,40.7,1029.0,52.2,12.7,68.0,100
2026-05-26 18:00:00+00:00,Lahore,33.4,25,1002.3,1.42,34.8,42.0,917.0,54.0,13.3,63.0,79
2026-05-26 19:00:00+00:00,Lahore,32.3,26,1002.4,2.53,35.7,42.5,750.0,55.0,13.0,56.0,80
2026-05-26 20:00:00+00:00,Lahore,31.5,28,1002.2,2.7,37.4,43.7,544.0,54.9,12.1,48.0,81
2026-05-26 21:00:00+00:00,Lahore,30.7,31,1001.6,2.23,38.2,43.8,408.0,54.5,11.4,42.0,81
2026-05-26 22:00:00+00:00,Lahore,29.8,33,1001.4,2.42,38.8,43.5,391.0,54.5,10.9,34.0,82
2026-05-26 23:00:00+00:00,Lahore,29.4,34,1001.5,2.3,39.1,43.5,443.0,54.1,10.5,27.0,83
2026-05-27 00:00:00+00:00,Lahore,29.3,37,1001.5,1.85,37.3,41.3,529.0,51.9,11.2,35.0,83
2026-05-27 01:00:00+00:00,Lahore,29.2,38,1002.1,2.38,40.0,44.2,687.0,47.3,12.0,59.0,83
2026-05-27 02:00:00+00:00,Lahore,31.1,34,1002.3,1.35,35.9,38.8,878.0,40.7,13.0,93.0,83
2026-05-27 03:00:00+00:00,Lahore,34.0,29,1002.9,1.41,28.2,31.0,950.0,33.0,13.6,124.0,83
2026-05-27 04:00:00+00:00,Lahore,37.1,24,1003.0,1.63,21.0,25.1,788.0,23.4,13.5,151.0,82
2026-05-27 05:00:00+00:00,Lahore,39.5,19,1002.5,2.28,16.4,24.5,507.0,12.8,12.9,176.0,82
2026-05-27 06:00:00+00:00,Lahore,41.3,14,1002.7,2.91,14.4,29.9,299.0,5.1,12.0,191.0,82
2026-05-27 07:00:00+00:00,Lahore,42.2,13,1002.2,3.19,16.4,38.8,251.0,2.4,10.6,190.0,82
2026-05-27 08:00:00+00:00,Lahore,42.7,13,1001.2,3.05,17.6,42.4,276.0,2.7,9.0,180.0,83
2026-05-27 09:00:00+00:00,Lahore,43.1,12,1000.4,3.02,16.5,38.6,300.0,3.5,7.8,172.0,114
2026-05-27 10:00:00+00:00,Lahore,42.9,12,999.8,3.12,16.0,36.0,275.0,2.4,7.4,174.0,138
2026-05-27 11:00:00+00:00,Lahore,42.4,12,999.5,3.49,16.1,35.4,249.0,1.8,7.5,179.0,154
2026-05-27 12:00:00+00:00,Lahore,42.0,13,999.3,4.24,18.7,42.4,300.0,6.9,7.4,165.0,163
2026-05-27 13:00:00+00:00,Lahore,40.8,13,999.9,4.41,20.2,38.0,491.0,22.3,8.8,139.0,165
2026-05-27 14:00:00+00:00,Lahore,39.6,15,999.9,3.01,29.2,44.4,759.0,44.0,10.9,103.0,159
2026-05-27 15:00:00+00:00,Lahore,38.7,16,1000.3,2.37,39.0,55.2,989.0,64.0,13.1,71.0,143
2026-05-27 16:00:00+00:00,Lahore,37.3,18,1000.5,1.56,47.6,65.7,1150.0,81.8,15.7,48.0,118
2026-05-27 17:00:00+00:00,Lahore,35.5,22,1000.6,1.71,58.4,78.0,1274.0,97.9,18.4,30.0,90
2026-05-27 18:00:00+00:00,Lahore,35.1,26,1000.5,0.55,68.2,88.9,1343.0,105.9,19.8,19.0,89
2026-05-27 19:00:00+00:00,Lahore,33.9,27,1000.3,1.27,68.5,89.6,1346.0,100.3,19.0,19.0,92
2026-05-27 20:00:00+00:00,Lahore,33.4,28,1000.1,1.73,62.6,82.9,1295.0,86.6,17.0,27.0,94
2026-05-27 21:00:00+00:00,Lahore,33.0,29,999.9,1.65,59.1,78.2,1203.0,75.5,15.3,31.0,96
2026-05-27 22:00:00+00:00,Lahore,32.2,32,999.5,1.16,59.0,75.7,1035.0,71.7,14.3,23.0,98
2026-05-27 23:00:00+00:00,Lahore,30.9,34,999.9,1.47,59.0,73.6,827.0,70.3,13.7,13.0,99
2026-05-28 00:00:00+00:00,Lahore,29.0,42,1000.0,1.84,75.4,97.1,701.0,98.6,19.7,8.0,101
2026-05-28 01:00:00+00:00,Lahore,28.1,47,1001.4,2.7,71.2,92.4,755.0,85.0,20.3,39.0,105
2026-05-28 02:00:00+00:00,Lahore,30.4,40,1001.9,1.03,67.3,82.7,891.0,65.6,21.0,83.0,109
2026-05-28 03:00:00+00:00,Lahore,33.1,33,1002.3,0.7,52.2,69.4,941.0,47.3,20.4,121.0,112
2026-05-28 04:00:00+00:00,Lahore,36.8,25,1002.1,1.4,39.1,56.9,805.0,31.0,17.2,150.0,114
2026-05-28 05:00:00+00:00,Lahore,39.6,19,1002.0,2.27,31.5,50.1,583.0,15.8,12.6,174.0,116
2026-05-28 06:00:00+00:00,Lahore,39.8,19,1002.1,4.03,21.9,48.0,408.0,5.0,8.9,188.0,118
2026-05-28 07:00:00+00:00,Lahore,40.4,16,1001.8,3.62,19.4,45.4,336.0,1.3,7.0,188.0,119
2026-05-28 08:00:00+00:00,Lahore,39.8,17,1001.8,3.44,19.4,46.7,312.0,2.0,6.0,179.0,119
2026-05-28 09:00:00+00:00,Lahore,40.5,14,1000.9,4.2,20.0,49.0,304.0,3.4,5.3,169.0,119
2026-05-28 10:00:00+00:00,Lahore,39.2,17,1001.1,3.7,20.4,51.1,303.0,2.3,4.7,166.0,133
2026-05-28 11:00:00+00:00,Lahore,39.3,15,1000.7,3.79,20.3,51.6,319.0,1.7,4.5,162.0,150
2026-05-28 12:00:00+00:00,Lahore,40.4,10,999.6,4.1,16.5,48.8,348.0,6.8,4.1,146.0,157
2026-05-28 13:00:00+00:00,Lahore,37.9,15,999.9,4.08,18.1,39.5,394.0,14.5,5.0,126.0,156
2026-05-28 14:00:00+00:00,Lahore,35.8,17,999.8,3.72,23.0,37.8,452.0,25.3,6.2,98.0,148
2026-05-28 15:00:00+00:00,Lahore,34.8,18,1000.4,2.58,25.7,37.7,511.0,34.2,7.3,76.0,129
2026-05-28 16:00:00+00:00,Lahore,33.9,22,1001.0,0.39,27.0,37.4,579.0,39.9,8.1,64.0,118
2026-05-28 17:00:00+00:00,Lahore,33.2,21,1001.2,0.41,30.9,40.9,646.0,43.7,8.8,58.0,116
2026-05-28 18:00:00+00:00,Lahore,33.6,27,1000.7,0.22,36.0,46.4,673.0,44.7,9.1,55.0,113
2026-05-28 19:00:00+00:00,Lahore,32.5,27,1000.3,0.32,38.4,48.2,624.0,41.4,8.8,54.0,110
2026-05-28 20:00:00+00:00,Lahore,32.4,26,999.6,0.43,38.0,49.4,535.0,35.2,8.2,56.0,106
2026-05-28 21:00:00+00:00,Lahore,31.8,26,999.5,1.25,48.7,107.1,466.0,29.6,8.2,60.0,104
2026-05-28 22:00:00+00:00,Lahore,31.5,25,999.5,2.38,71.2,201.6,442.0,25.7,9.4,67.0,103
2026-05-28 23:00:00+00:00,Lahore,30.4,29,1000.1,1.4,89.6,262.6,439.0,22.4,11.2,76.0,104
2026-05-29 00:00:00+00:00,Lahore,29.8,32,1000.4,2.22,94.1,353.0,447.0,31.4,11.0,63.0,107
2026-05-29 01:00:00+00:00,Lahore,28.4,39,1001.5,3.58,106.2,372.5,475.0,27.6,12.9,76.0,109
2026-05-29 02:00:00+00:00,Lahore,29.2,43,1002.2,3.65,120.6,444.2,514.0,22.2,15.4,96.0,113
2026-05-29 03:00:00+00:00,Lahore,30.7,46,1003.0,3.29,143.9,506.6,529.0,17.0,17.2,118.0,118
2026-05-29 04:00:00+00:00,Lahore,32.2,45,1003.3,3.29,152.7,521.5,497.0,12.3,17.5,146.0,128
2026-05-29 05:00:00+00:00,Lahore,34.0,41,1003.3,3.9,143.9,478.7,441.0,7.8,17.1,176.0,140
2026-05-29 06:00:00+00:00,Lahore,35.4,35,1003.6,4.17,131.3,432.1,395.0,4.7,16.4,198.0,150
2026-05-29 07:00:00+00:00,Lahore,36.8,30,1002.8,3.83,123.4,419.1,366.0,3.6,15.5,204.0,154
2026-05-29 08:00:00+00:00,Lahore,38.3,26,1002.0,3.36,117.6,425.6,347.0,3.9,14.4,201.0,157
2026-05-29 09:00:00+00:00,Lahore,39.1,22,1000.8,2.83,109.2,412.6,348.0,4.6,13.6,198.0,160
2026-05-29 10:00:00+00:00,Lahore,39.4,21,1000.2,2.62,101.0,377.2,372.0,2.9,13.1,201.0,162
2026-05-29 11:00:00+00:00,Lahore,34.9,29,1001.6,5.89,94.8,342.7,416.0,1.6,12.8,204.0,167
2026-05-29 12:00:00+00:00,Lahore,37.7,20,999.7,4.12,105.0,417.2,476.0,9.3,14.4,189.0,181
2026-05-29 13:00:00+00:00,Lahore,35.9,24,1000.8,3.4,98.7,355.8,578.0,17.9,14.8,164.0,188
2026-05-29 14:00:00+00:00,Lahore,34.3,29,1001.6,3.39,101.0,324.1,697.0,29.5,15.3,131.0,186
2026-05-29 15:00:00+00:00,Lahore,33.5,30,1002.3,4.04,106.4,330.6,753.0,35.8,15.4,108.0,175
2026-05-29 16:00:00+00:00,Lahore,32.6,31,1002.9,4.1,107.1,352.0,694.0,31.7,14.9,108.0,177
2026-05-29 17:00:00+00:00,Lahore,31.6,34,1003.2,3.74,106.2,363.2,572.0,22.4,14.0,119.0,181
2026-05-29 18:00:00+00:00,Lahore,28.1,50,1002.6,4.35,109.4,383.7,468.0,15.1,13.4,127.0,188
2026-05-29 19:00:00+00:00,Lahore,27.6,51,1002.3,3.62,112.9,399.5,411.0,13.0,13.4,126.0,195
2026-05-29 20:00:00+00:00,Lahore,27.7,53,1002.5,3.43,111.3,388.4,372.0,12.9,13.8,122.0,207
2026-05-29 21:00:00+00:00,Lahore,28.2,55,1002.6,3.49,103.8,357.6,346.0,12.6,14.1,118.0,227
2026-05-29 22:00:00+00:00,Lahore,28.4,58,1003.1,2.95,96.6,332.5,317.0,11.1,14.3,116.0,242
2026-05-29 23:00:00+00:00,Lahore,27.9,59,1003.7,3.0,106.9,391.2,301.0,9.4,14.5,114.0,250
2026-05-30 00:00:00+00:00,Lahore,22.7,83,1005.6,5.5,154.1,571.8,343.0,9.0,15.6,112.0,257
2026-05-30 01:00:00+00:00,Lahore,23.3,87,1007.7,2.22,186.3,713.4,517.0,9.5,15.5,112.0,270
2026-05-30 02:00:00+00:00,Lahore,23.3,92,1009.1,2.24,187.7,709.7,749.0,10.1,15.4,112.0,291
2026-05-30 03:00:00+00:00,Lahore,23.7,94,1007.9,4.49,134.6,454.5,865.0,10.1,14.7,117.0,306
2026-05-30 04:00:00+00:00,Lahore,24.4,89,1007.2,4.54,57.2,145.3,752.0,9.1,13.0,129.0,303
2026-05-30 05:00:00+00:00,Lahore,27.7,67,1007.7,4.24,23.3,41.2,523.0,7.4,10.9,145.0,281
2026-05-30 06:00:00+00:00,Lahore,23.9,74,1010.5,6.27,22.9,55.8,345.0,6.0,9.2,158.0,255
2026-05-30 07:00:00+00:00,Lahore,25.6,65,1008.7,4.34,31.0,96.9,285.0,4.9,8.5,166.0,232
2026-05-30 08:00:00+00:00,Lahore,27.6,52,1007.3,3.58,34.5,112.0,275.0,4.0,8.3,172.0,213
2026-05-30 09:00:00+00:00,Lahore,27.5,50,1006.9,4.91,34.9,112.2,282.0,3.7,8.2,175.0,198
2026-05-30 10:00:00+00:00,Lahore,27.7,47,1006.7,3.55,36.4,119.0,269.0,3.7,8.1,177.0,192
2026-05-30 11:00:00+00:00,Lahore,27.6,46,1006.2,3.33,39.2,136.4,273.0,4.4,8.1,176.0,186
2026-05-30 12:00:00+00:00,Lahore,28.1,62,1005.4,2.95,9.8,9.8,369.0,7.5,4.2,163.0,182
2026-05-30 13:00:00+00:00,Lahore,27.2,64,1004.7,2.96,11.1,14.0,670.0,13.3,4.8,147.0,174
2026-05-30 14:00:00+00:00,Lahore,26.6,64,1004.8,2.46,14.8,17.9,1062.0,21.3,5.5,124.0,171
2026-05-30 15:00:00+00:00,Lahore,25.9,68,1005.3,1.77,17.9,20.8,1284.0,26.9,6.3,106.0,168
2026-05-30 16:00:00+00:00,Lahore,25.4,71,1006.3,1.52,18.9,21.7,1164.0,27.9,6.9,99.0,165
2026-05-30 17:00:00+00:00,Lahore,25.1,72,1007.0,1.49,19.6,21.8,872.0,26.6,7.6,97.0,163
2026-05-30 18:00:00+00:00,Lahore,24.3,72,1006.4,2.69,20.0,21.7,661.0,25.3,8.1,94.0,160
2026-05-30 19:00:00+00:00,Lahore,23.5,76,1006.2,1.96,19.7,20.8,647.0,24.7,8.5,89.0,158
2026-05-30 20:00:00+00:00,Lahore,23.1,79,1006.4,1.25,19.0,20.2,713.0,24.0,8.9,84.0,155
2026-05-30 21:00:00+00:00,Lahore,22.7,82,1007.1,1.22,19.8,21.4,758.0,23.7,9.2,79.0,152
2026-05-30 22:00:00+00:00,Lahore,22.5,83,1006.9,1.9,22.1,24.2,748.0,24.3,9.4,73.0,148
2026-05-30 23:00:00+00:00,Lahore,22.3,84,1007.1,2.01,23.2,26.5,718.0,25.3,9.6,67.0,141
2026-05-31 00:00:00+00:00,Lahore,22.8,84,1007.6,2.21,20.1,47.6,669.0,14.9,13.2,95.0,132
2026-05-31 01:00:00+00:00,Lahore,22.9,82,1007.8,2.4,21.8,59.4,591.0,13.9,13.8,101.0,118
2026-05-31 02:00:00+00:00,Lahore,24.2,76,1008.4,2.5,28.9,99.2,494.0,12.4,14.6,111.0,101
2026-05-31 03:00:00+00:00,Lahore,26.3,65,1009.0,3.21,39.8,157.9,412.0,10.6,15.0,123.0,88
2026-05-31 04:00:00+00:00,Lahore,28.0,57,1009.1,3.43,49.0,201.2,355.0,8.1,14.7,142.0,81
2026-05-31 05:00:00+00:00,Lahore,29.7,52,1009.1,3.43,55.9,236.1,313.0,5.2,14.0,164.0,80
2026-05-31 06:00:00+00:00,Lahore,31.2,43,1009.1,4.37,57.9,244.9,284.0,3.1,13.1,179.0,83
2026-05-31 07:00:00+00:00,Lahore,32.0,40,1008.6,3.91,56.8,239.3,272.0,2.3,11.8,182.0,85
2026-05-31 08:00:00+00:00,Lahore,32.8,37,1008.1,3.37,56.2,239.3,274.0,2.3,10.3,178.0,100
2026-05-31 09:00:00+00:00,Lahore,33.3,35,1007.5,3.0,56.5,245.9,280.0,2.7,9.1,173.0,118
2026-05-31 10:00:00+00:00,Lahore,33.3,35,1006.7,3.04,56.9,251.5,278.0,2.6,8.5,171.0,133
2026-05-31 11:00:00+00:00,Lahore,32.9,35,1006.3,3.14,57.5,257.0,280.0,2.8,8.2,168.0,146
2026-05-31 12:00:00+00:00,Lahore,32.5,34,1006.2,1.78,43.5,191.9,315.0,5.3,7.5,163.0,154
2026-05-31 13:00:00+00:00,Lahore,31.3,40,1006.2,1.57,44.4,169.5,422.0,13.3,8.3,141.0,157
2026-05-31 14:00:00+00:00,Lahore,29.5,47,1006.7,1.37,47.0,139.7,561.0,24.1,9.4,111.0,154
2026-05-31 15:00:00+00:00,Lahore,29.2,47,1007.0,2.64,47.7,129.0,641.0,31.1,10.1,89.0,140
2026-05-31 16:00:00+00:00,Lahore,28.5,51,1007.2,2.45,46.9,127.1,605.0,30.5,10.1,83.0,120
2026-05-31 17:00:00+00:00,Lahore,27.9,54,1007.7,2.34,46.9,128.5,510.0,26.0,9.7,85.0,108
2026-05-31 18:00:00+00:00,Lahore,27.9,58,1008.0,2.12,49.2,139.7,435.0,22.4,9.3,85.0,111
2026-05-31 19:00:00+00:00,Lahore,27.0,64,1007.5,1.33,52.9,158.3,411.0,21.2,9.0,81.0,114
2026-05-31 20:00:00+00:00,Lahore,26.5,66,1007.2,1.45,57.6,177.4,407.0,20.8,8.6,75.0,117
2026-05-31 21:00:00+00:00,Lahore,25.9,68,1006.9,1.79,61.9,192.3,407.0,21.2,8.4,68.0,122
2026-05-31 22:00:00+00:00,Lahore,25.6,68,1006.7,2.11,66.6,213.3,400.0,23.2,8.2,57.0,126
2026-05-31 23:00:00+00:00,Lahore,25.4,67,1006.6,2.2,70.5,229.6,398.0,26.1,8.2,46.0,131
2026-06-01 00:00:00+00:00,Lahore,25.5,63,1007.1,2.23,41.6,98.0,421.0,21.3,9.1,64.0,135
2026-06-01 01:00:00+00:00,Lahore,25.6,64,1007.4,2.05,43.5,95.9,505.0,21.1,10.4,76.0,138
2026-06-01 02:00:00+00:00,Lahore,27.1,60,1008.0,1.74,48.8,135.0,613.0,20.6,12.0,95.0,140
2026-06-01 03:00:00+00:00,Lahore,29.1,54,1008.2,1.84,61.5,248.7,656.0,18.8,12.8,114.0,142
2026-06-01 04:00:00+00:00,Lahore,31.1,46,1008.4,2.68,58.8,239.3,569.0,14.2,11.8,136.0,144
2026-06-01 05:00:00+00:00,Lahore,32.6,41,1008.7,2.46,48.1,164.4,416.0,8.2,10.0,160.0,145
2026-06-01 06:00:00+00:00,Lahore,33.8,35,1008.5,1.52,39.8,123.4,305.0,3.9,8.4,177.0,145
2026-06-01 07:00:00+00:00,Lahore,34.3,34,1008.1,1.1,36.4,105.0,284.0,2.6,7.5,182.0,143
2026-06-01 08:00:00+00:00,Lahore,35.0,32,1007.5,1.47,34.7,94.8,303.0,2.9,7.0,180.0,140
2026-06-01 09:00:00+00:00,Lahore,35.3,31,1006.6,1.84,32.6,85.0,324.0,3.8,6.7,178.0,138
2026-06-01 10:00:00+00:00,Lahore,35.0,31,1006.0,1.7,31.3,79.2,314.0,1.6,6.6,182.0,136
2026-06-01 11:00:00+00:00,Lahore,35.0,31,1005.5,1.68,31.4,77.8,305.0,0.0,6.7,186.0,145
2026-06-01 12:00:00+00:00,Lahore,34.9,30,1004.7,1.12,27.2,39.2,353.0,7.2,5.8,161.0,158
2026-06-01 13:00:00+00:00,Lahore,34.3,32,1004.6,0.72,31.4,42.6,508.0,30.6,8.4,127.0,162
2026-06-01 14:00:00+00:00,Lahore,33.0,44,1004.9,0.5,44.2,53.6,721.0,62.6,12.1,80.0,156
2026-06-01 15:00:00+00:00,Lahore,32.4,44,1005.0,0.84,59.3,70.1,895.0,84.8,15.0,45.0,138
2026-06-01 16:00:00+00:00,Lahore,31.8,46,1005.8,0.73,69.8,82.4,1009.0,87.7,16.6,33.0,128
2026-06-01 17:00:00+00:00,Lahore,31.1,52,1006.5,0.18,73.1,87.1,1085.0,80.7,17.3,33.0,131
2026-06-01 18:00:00+00:00,Lahore,30.8,52,1006.6,0.4,73.8,87.8,1091.0,73.8,17.3,34.0,133
2026-06-01 19:00:00+00:00,Lahore,29.3,56,1006.5,1.1,72.6,85.0,985.0,70.6,16.0,31.0,136
2026-06-01 20:00:00+00:00,Lahore,28.9,54,1006.3,2.06,67.3,78.5,810.0,67.4,13.9,28.0,138
2026-06-01 21:00:00+00:00,Lahore,28.7,51,1006.2,2.55,61.2,88.7,664.0,63.1,12.2,27.0,139
2026-06-01 22:00:00+00:00,Lahore,28.2,51,1006.4,2.33,63.8,139.2,575.0,56.5,11.3,28.0,139
2026-06-01 23:00:00+00:00,Lahore,27.8,51,1006.5,1.75,75.7,215.6,514.0,48.8,11.0,32.0,139
2026-06-02 00:00:00+00:00,Lahore,27.8,56,1006.7,2.03,106.4,347.4,495.0,22.4,12.0,76.0,139
2026-06-02 01:00:00+00:00,Lahore,27.5,59,1007.1,1.81,105.2,312.9,555.0,21.6,13.9,83.0,146
2026-06-02 02:00:00+00:00,Lahore,29.1,54,1007.8,1.54,106.9,339.0,657.0,20.3,16.4,93.0,151
2026-06-02 03:00:00+00:00,Lahore,31.1,47,1008.4,1.86,102.4,338.1,699.0,18.0,17.9,109.0,152
2026-06-02 04:00:00+00:00,Lahore,33.1,41,1008.1,2.17,88.9,280.3,615.0,13.9,17.7,136.0,154
2026-06-02 05:00:00+00:00,Lahore,34.9,34,1008.0,1.46,75.9,272.9,472.0,8.8,16.6,169.0,155
2026-06-02 06:00:00+00:00,Lahore,36.0,30,1007.8,1.87,72.9,300.8,366.0,5.0,15.1,192.0,155
2026-06-02 07:00:00+00:00,Lahore,36.6,29,1006.6,1.51,61.0,252.4,344.0,3.5,13.0,196.0,156
2026-06-02 08:00:00+00:00,Lahore,37.1,28,1006.0,1.33,53.9,211.4,360.0,3.3,10.5,191.0,157
2026-06-02 09:00:00+00:00,Lahore,37.3,28,1004.9,1.57,49.7,182.1,373.0,3.8,8.9,186.0,158
2026-06-02 10:00:00+00:00,Lahore,37.1,28,1004.3,1.95,48.0,168.1,360.0,2.1,8.6,190.0,158
2026-06-02 11:00:00+00:00,Lahore,36.8,29,1003.8,2.26,48.4,163.9,344.0,1.0,9.1,196.0,159
2026-06-02 12:00:00+00:00,Lahore,38.0,25,1002.2,1.3,58.0,207.2,358.0,8.5,10.3,190.0,170
2026-06-02 13:00:00+00:00,Lahore,36.8,28,1002.6,2.06,59.3,203.5,427.0,40.4,13.2,150.0,178
2026-06-02 14:00:00+00:00,Lahore,35.0,34,1003.2,2.11,76.6,209.1,525.0,84.1,17.3,94.0,175
2026-06-02 15:00:00+00:00,Lahore,34.1,34,1003.4,1.53,96.9,231.4,611.0,115.4,21.1,51.0,162
2026-06-02 16:00:00+00:00,Lahore,33.7,40,1003.5,0.18,111.3,241.2,676.0,122.2,24.3,34.0,163
2026-06-02 17:00:00+00:00,Lahore,32.6,39,1003.9,2.25,121.1,242.1,729.0,116.6,27.1,29.0,164
2026-06-02 18:00:00+00:00,Lahore,30.9,42,1004.6,2.08,126.7,239.3,750.0,110.6,28.6,25.0,166
2026-06-02 19:00:00+00:00,Lahore,29.8,46,1004.6,2.18,125.3,229.1,715.0,108.0,27.9,18.0,167
2026-06-02 20:00:00+00:00,Lahore,28.9,51,1004.3,2.25,122.9,220.7,649.0,105.0,25.9,11.0,169
2026-06-02 21:00:00+00:00,Lahore,28.3,54,1003.8,2.27,120.1,206.8,603.0,101.6,23.9,7.0,170
2026-06-02 22:00:00+00:00,Lahore,28.1,54,1003.6,2.34,114.1,189.5,604.0,98.5,22.2,3.0,172
2026-06-02 23:00:00+00:00,Lahore,27.9,54,1003.9,2.37,103.4,164.4,625.0,95.1,20.6,1.0,174
2026-06-03 00:00:00+00:00,Lahore,27.1,64,1004.2,1.51,64.5,107.3,640.0,46.6,12.1,43.0,175
2026-06-03 01:00:00+00:00,Lahore,26.8,67,1005.0,1.99,60.5,94.5,645.0,40.4,12.0,61.0,173
2026-06-03 02:00:00+00:00,Lahore,26.6,67,1006.1,3.11,58.4,92.4,644.0,31.6,11.8,87.0,172
2026-06-03 03:00:00+00:00,Lahore,27.8,66,1005.4,1.81,52.6,97.3,620.0,23.3,11.7,114.0,170
2026-06-03 04:00:00+00:00,Lahore,30.6,53,1005.2,2.09,50.8,115.3,550.0,16.0,11.7,145.0,169
2026-06-03 05:00:00+00:00,Lahore,32.8,44,1005.1,2.13,53.3,136.0,457.0,9.1,11.8,178.0,168
2026-06-03 06:00:00+00:00,Lahore,31.8,46,1005.3,1.37,50.4,128.5,389.0,4.3,11.7,201.0,167
2026-06-03 07:00:00+00:00,Lahore,34.1,38,1004.4,0.49,48.5,122.0,371.0,2.6,11.3,209.0,167
2026-06-03 08:00:00+00:00,Lahore,35.2,35,1003.2,0.79,47.1,112.5,377.0,3.0,10.8,208.0,166
2026-06-03 09:00:00+00:00,Lahore,36.0,33,1001.8,1.8,46.1,104.3,382.0,3.9,10.6,205.0,166
2026-06-03 10:00:00+00:00,Lahore,36.6,32,1000.9,2.44,45.6,98.5,366.0,3.8,10.7,203.0,166
2026-06-03 11:00:00+00:00,Lahore,36.5,32,1000.1,2.71,45.2,93.4,348.0,4.1,11.1,199.0,171
2026-06-03 12:00:00+00:00,Lahore,37.3,29,999.3,2.42,34.9,68.5,362.0,7.2,10.4,176.0,184
2026-06-03 13:00:00+00:00,Lahore,36.3,31,999.2,2.4,34.3,63.8,420.0,25.7,12.0,145.0,189
2026-06-03 14:00:00+00:00,Lahore,35.4,34,999.5,1.26,44.8,69.4,511.0,51.5,14.2,101.0,184
2026-06-03 15:00:00+00:00,Lahore,34.8,39,999.6,0.25,56.1,80.1,632.0,73.8,16.3,64.0,168
2026-06-03 16:00:00+00:00,Lahore,34.0,38,999.9,0.95,62.2,86.1,809.0,89.1,18.3,41.0,162
2026-06-03 17:00:00+00:00,Lahore,33.3,40,1000.0,1.05,69.4,94.8,1017.0,100.8,20.3,25.0,161
2026-06-03 18:00:00+00:00,Lahore,33.3,40,1000.3,1.3,79.4,106.2,1181.0,108.3,21.5,13.0,159
2026-06-03 19:00:00+00:00,Lahore,32.3,46,999.7,0.78,84.8,112.2,1292.0,111.7,21.4,4.0,158
2026-06-03 20:00:00+00:00,Lahore,32.0,50,999.5,0.14,88.9,116.2,1358.0,111.0,20.6,0.0,156
2026-06-03 21:00:00+00:00,Lahore,30.9,50,999.3,0.46,92.4,116.9,1328.0,105.5,19.6,0.0,155
2026-06-03 22:00:00+00:00,Lahore,29.8,53,999.3,0.85,88.5,109.7,1123.0,92.3,18.5,5.0,155
2026-06-03 23:00:00+00:00,Lahore,29.1,56,999.3,0.83,79.9,97.1,821.0,74.4,17.3,15.0,154
2026-06-04 00:00:00+00:00,Lahore,30.2,52,999.7,1.54,86.4,106.6,615.0,76.1,18.0,14.0,153
2026-06-04 01:00:00+00:00,Lahore,30.0,52,1000.1,2.27,86.1,103.6,604.0,65.8,19.4,40.0,154
2026-06-04 02:00:00+00:00,Lahore,31.4,48,1000.4,1.86,76.6,95.0,688.0,51.1,21.3,76.0,155
2026-06-04 03:00:00+00:00,Lahore,33.6,42,1000.2,2.33,61.5,87.8,753.0,37.3,22.4,114.0,155
2026-06-04 04:00:00+00:00,Lahore,35.6,35,1000.8,0.6,55.8,85.9,757.0,25.1,22.2,154.0,155
2026-06-04 05:00:00+00:00,Lahore,26.1,77,1004.1,3.4,53.2,83.8,741.0,13.7,21.2,194.0,156
2026-06-04 06:00:00+00:00,Lahore,30.6,50,1001.1,2.79,49.1,86.1,719.0,5.6,19.8,221.0,156
2026-06-04 07:00:00+00:00,Lahore,35.1,38,1000.4,1.33,46.1,92.4,691.0,2.5,17.8,226.0,156
2026-06-04 08:00:00+00:00,Lahore,35.3,35,1000.5,2.05,54.0,114.1,656.0,2.7,15.5,218.0,155
2026-06-04 09:00:00+00:00,Lahore,35.0,37,999.9,1.08,46.4,97.1,626.0,4.0,13.9,208.0,156
2026-06-04 10:00:00+00:00,Lahore,36.0,33,999.3,1.81,47.1,97.8,539.0,5.8,13.7,200.0,162
2026-06-04 11:00:00+00:00,Lahore,35.9,32,999.1,1.52,46.7,88.7,456.0,8.6,14.2,189.0,182
2026-06-04 12:00:00+00:00,Lahore,30.5,48,999.9,6.02,56.2,99.9,573.0,11.5,13.8,180.0,194
2026-06-04 13:00:00+00:00,Lahore,28.4,54,1000.0,3.88,54.0,93.1,1071.0,14.9,12.8,162.0,198
2026-06-04 14:00:00+00:00,Lahore,27.6,57,1000.4,2.13,52.4,83.8,1770.0,19.8,11.4,136.0,193
2026-06-04 15:00:00+00:00,Lahore,27.1,59,1000.9,2.18,52.3,77.5,2319.0,23.8,10.3,113.0,180
2026-06-04 16:00:00+00:00,Lahore,26.7,62,1001.2,1.98,51.8,75.2,2610.0,26.2,9.9,97.0,162
2026-06-04 17:00:00+00:00,Lahore,26.4,64,1001.4,1.28,52.0,73.1,2752.0,27.9,9.8,84.0,157
2026-06-04 18:00:00+00:00,Lahore,25.6,59,1000.6,2.04,51.8,71.0,2726.0,29.2,9.8,74.0,156
2026-06-04 19:00:00+00:00,Lahore,24.9,61,1001.0,2.14,51.0,68.5,2451.0,29.9,9.8,68.0,155
2026-06-04 20:00:00+00:00,Lahore,25.3,57,1000.3,3.31,50.4,66.8,2007.0,30.2,10.0,64.0,154
2026-06-04 21:00:00+00:00,Lahore,24.5,61,1000.7,1.2,51.1,66.6,1615.0,31.5,10.2,60.0,153
2026-06-04 22:00:00+00:00,Lahore,23.7,68,1000.9,1.27,54.1,70.1,1355.0,35.6,10.3,50.0,152
2026-06-04 23:00:00+00:00,Lahore,23.3,71,1001.4,1.9,57.2,73.6,1147.0,40.7,10.6,39.0,151
2026-06-05 00:00:00+00:00,Lahore,23.6,73,1002.2,2.01,48.4,59.1,974.0,28.2,10.2,52.0,150
2026-06-05 01:00:00+00:00,Lahore,23.7,75,1002.8,1.93,48.8,61.2,838.0,25.5,11.5,65.0,147
2026-06-05 02:00:00+00:00,Lahore,25.2,68,1003.6,1.77,48.7,72.6,737.0,21.6,13.2,85.0,143
2026-06-05 03:00:00+00:00,Lahore,27.4,58,1003.9,1.93,46.3,75.4,653.0,17.5,14.3,109.0,140
2026-06-05 04:00:00+00:00,Lahore,29.2,51,1004.1,2.25,44.8,75.2,582.0,13.0,14.4,140.0,139
2026-06-05 05:00:00+00:00,Lahore,30.7,49,1003.8,2.21,44.0,75.2,527.0,8.4,13.9,176.0,138
2026-06-05 06:00:00+00:00,Lahore,32.4,44,1004.0,1.55,43.9,76.4,486.0,5.0,13.2,201.0,137
2026-06-05 07:00:00+00:00,Lahore,33.7,40,1003.5,1.15,43.7,77.8,456.0,3.6,12.1,209.0,136
2026-06-05 08:00:00+00:00,Lahore,34.6,37,1002.3,0.86,43.0,77.8,438.0,3.5,10.8,208.0,136
2026-06-05 09:00:00+00:00,Lahore,35.2,34,1001.7,0.46,41.4,75.0,434.0,3.9,9.9,205.0,135
2026-06-05 10:00:00+00:00,Lahore,35.5,32,1001.0,0.3,40.6,72.4,445.0,2.9,9.6,207.0,150
2026-06-05 11:00:00+00:00,Lahore,35.5,30,1000.4,0.62,39.6,69.4,469.0,2.4,9.7,207.0,169
2026-06-05 12:00:00+00:00,Lahore,35.6,29,999.9,0.51,24.7,32.8,505.0,8.1,13.1,222.0,185
2026-06-05 13:00:00+00:00,Lahore,34.8,33,999.9,0.75,25.4,33.9,522.0,18.5,14.7,202.0,198
2026-06-05 14:00:00+00:00,Lahore,32.8,44,1000.1,0.89,30.5,39.0,552.0,33.6,17.1,172.0,201
2026-06-05 15:00:00+00:00,Lahore,32.1,44,1000.5,1.14,41.9,50.2,685.0,49.4,19.3,141.0,198
2026-06-05 16:00:00+00:00,Lahore,31.4,47,1000.9,1.07,53.8,61.7,1047.0,67.9,21.6,107.0,187
2026-06-05 17:00:00+00:00,Lahore,30.1,50,1001.3,0.86,65.9,73.6,1513.0,87.2,23.7,72.0,171
2026-06-05 18:00:00+00:00,Lahore,29.6,51,1001.5,1.35,76.8,84.5,1801.0,98.0,24.5,46.0,149
2026-06-05 19:00:00+00:00,Lahore,29.2,50,1001.4,1.35,79.2,86.8,1761.0,93.8,22.8,36.0,128
2026-06-05 20:00:00+00:00,Lahore,28.6,50,1001.2,1.25,77.3,85.2,1543.0,81.1,19.8,37.0,130
2026-06-05 21:00:00+00:00,Lahore,28.2,50,1000.9,1.27,74.0,82.4,1316.0,70.0,17.3,37.0,133
2026-06-05 22:00:00+00:00,Lahore,27.9,49,1000.8,1.32,71.2,79.9,1107.0,64.5,15.9,32.0,136
2026-06-05 23:00:00+00:00,Lahore,27.5,51,1000.9,1.2,70.1,77.8,889.0,60.6,15.1,27.0,137
2026-06-06 00:00:00+00:00,Lahore,27.6,58,1001.3,0.94,100.4,109.7,756.0,100.3,22.3,8.0,139
2026-06-06 01:00:00+00:00,Lahore,27.6,55,1001.9,1.55,97.3,104.8,795.0,80.5,21.6,40.0,144
2026-06-06 02:00:00+00:00,Lahore,29.4,51,1002.5,0.81,71.9,78.0,919.0,52.9,20.7,86.0,149
2026-06-06 03:00:00+00:00,Lahore,32.1,42,1003.1,0.76,41.3,48.1,959.0,30.3,19.8,128.0,150
2026-06-06 04:00:00+00:00,Lahore,34.8,34,1003.0,1.17,35.5,43.5,815.0,17.6,19.2,165.0,150
2026-06-06 05:00:00+00:00,Lahore,36.5,29,1002.9,1.43,33.3,43.4,588.0,9.9,18.7,198.0,150
2026-06-06 06:00:00+00:00,Lahore,37.6,23,1002.9,0.9,31.0,41.2,413.0,4.9,17.8,221.0,149
2026-06-06 07:00:00+00:00,Lahore,38.5,21,1002.5,0.91,29.2,39.3,348.0,2.6,16.0,227.0,148
2026-06-06 08:00:00+00:00,Lahore,39.1,20,1001.7,0.83,28.6,40.3,336.0,3.0,13.8,223.0,146
2026-06-06 09:00:00+00:00,Lahore,39.6,19,1000.8,1.06,28.5,41.8,342.0,3.9,12.3,218.0,145
2026-06-06 10:00:00+00:00,Lahore,39.8,19,1000.1,1.19,28.5,44.0,321.0,2.1,11.7,220.0,171
2026-06-06 11:00:00+00:00,Lahore,39.7,19,999.7,1.2,28.8,46.1,318.0,0.9,11.8,222.0,193
2026-06-06 12:00:00+00:00,Lahore,39.1,17,999.1,2.31,31.8,44.8,431.0,7.8,13.1,217.0,203
2026-06-06 13:00:00+00:00,Lahore,38.3,18,999.2,1.35,32.2,44.6,794.0,23.0,14.4,186.0,207
2026-06-06 14:00:00+00:00,Lahore,37.0,23,999.9,0.21,42.6,53.3,1273.0,44.3,16.2,142.0,206
2026-06-06 15:00:00+00:00,Lahore,35.4,24,1000.7,0.49,50.4,61.0,1560.0,63.1,17.7,103.0,201
2026-06-06 16:00:00+00:00,Lahore,34.1,27,1001.0,0.94,55.1,65.2,1474.0,76.6,18.6,73.0,182
2026-06-06 17:00:00+00:00,Lahore,33.7,26,1001.0,0.93,61.5,71.5,1195.0,87.6,19.2,47.0,158
2026-06-06 18:00:00+00:00,Lahore,33.6,26,1000.9,1.12,67.5,77.1,959.0,95.5,19.4,27.0,144
2026-06-06 19:00:00+00:00,Lahore,32.4,29,1001.0,2.09,70.3,79.6,858.0,99.8,19.0,15.0,143
2026-06-06 20:00:00+00:00,Lahore,31.2,32,1001.2,2.27,73.8,82.9,800.0,101.1,18.1,9.0,142
2026-06-06 21:00:00+00:00,Lahore,30.1,36,1001.2,2.12,77.1,85.9,742.0,100.0,17.2,5.0,142
2026-06-06 22:00:00+00:00,Lahore,29.0,42,1001.3,2.06,81.3,89.9,659.0,97.4,16.4,0.0,142
2026-06-06 23:00:00+00:00,Lahore,28.4,45,1001.6,0.9,85.0,93.1,576.0,92.5,15.5,0.0,143
2026-06-07 00:00:00+00:00,Lahore,28.4,44,1002.1,0.78,55.2,61.9,527.0,51.6,10.3,32.0,145
2026-06-07 01:00:00+00:00,Lahore,28.6,42,1002.5,1.05,62.4,68.9,545.0,44.1,11.5,56.0,140
2026-06-07 02:00:00+00:00,Lahore,30.9,37,1003.0,0.61,49.2,56.2,597.0,33.6,13.1,89.0,137
2026-06-07 03:00:00+00:00,Lahore,33.6,30,1003.2,0.57,40.0,48.2,614.0,23.9,14.2,123.0,134
2026-06-07 04:00:00+00:00,Lahore,36.0,25,1003.2,0.72,32.9,41.3,557.0,15.9,14.5,156.0,134
2026-06-07 05:00:00+00:00,Lahore,38.1,21,1003.0,0.36,28.2,37.6,464.0,8.6,14.4,188.0,134
2026-06-07 06:00:00+00:00,Lahore,38.7,20,1003.0,0.66,30.6,45.3,386.0,3.6,14.1,212.0,133
2026-06-07 07:00:00+00:00,Lahore,39.9,18,1002.4,1.25,31.2,47.3,339.0,1.9,13.5,222.0,133
2026-06-07 08:00:00+00:00,Lahore,40.4,17,1001.6,2.1,30.6,46.3,306.0,2.3,12.6,222.0,133
2026-06-07 09:00:00+00:00,Lahore,40.6,17,1000.6,2.65,29.9,45.2,287.0,3.1,12.0,220.0,136
2026-06-07 10:00:00+00:00,Lahore,40.6,16,1000.0,2.89,28.8,43.3,274.0,2.8,11.7,219.0,166
2026-06-07 11:00:00+00:00,Lahore,40.2,16,999.8,3.37,27.8,41.7,274.0,2.8,11.6,215.0,187
2026-06-07 12:00:00+00:00,Lahore,39.9,17,999.1,3.65,30.3,49.0,307.0,5.1,10.7,193.0,201
2026-06-07 13:00:00+00:00,Lahore,38.7,19,999.0,3.23,29.6,45.2,406.0,11.3,11.1,169.0,203
2026-06-07 14:00:00+00:00,Lahore,37.0,23,999.6,2.62,34.0,45.6,538.0,20.0,11.6,135.0,202
2026-06-07 15:00:00+00:00,Lahore,35.5,25,1000.2,2.94,36.7,46.3,623.0,27.4,11.8,106.0,192
2026-06-07 16:00:00+00:00,Lahore,34.8,25,1000.5,2.46,38.0,46.1,617.0,31.6,11.5,87.0,173
2026-06-07 17:00:00+00:00,Lahore,33.9,27,1000.5,1.74,39.9,46.9,565.0,34.5,10.9,72.0,152
2026-06-07 18:00:00+00:00,Lahore,33.6,30,1000.1,1.49,42.7,49.2,522.0,38.7,10.6,58.0,127
2026-06-07 19:00:00+00:00,Lahore,32.5,33,999.5,1.23,46.0,52.4,513.0,45.9,10.7,44.0,124
2026-06-07 20:00:00+00:00,Lahore,32.0,33,999.2,1.69,49.6,56.1,513.0,54.4,11.1,32.0,122
2026-06-07 21:00:00+00:00,Lahore,31.4,34,998.9,1.68,53.2,59.8,508.0,61.3,11.4,22.0,119
2026-06-07 22:00:00+00:00,Lahore,30.7,37,999.1,1.62,56.8,63.6,476.0,66.8,11.6,11.0,117
2026-06-07 23:00:00+00:00,Lahore,30.0,39,999.4,1.38,61.2,68.0,437.0,70.8,11.7,3.0,114
2026-06-08 00:00:00+00:00,Lahore,30.3,40,999.7,1.25,56.7,63.6,441.0,62.9,11.5,14.0,112
2026-06-08 01:00:00+00:00,Lahore,30.5,41,1000.0,1.44,64.7,71.9,543.0,53.6,13.3,46.0,112
2026-06-08 02:00:00+00:00,Lahore,32.3,37,1000.6,0.74,53.6,59.6,686.0,40.4,15.8,92.0,112
2026-06-08 03:00:00+00:00,Lahore,35.0,31,1001.0,0.56,38.4,46.9,750.0,28.5,17.1,133.0,113
2026-06-08 04:00:00+00:00,Lahore,37.2,27,1001.0,0.73,32.8,42.8,657.0,19.1,16.5,167.0,112
2026-06-08 05:00:00+00:00,Lahore,38.8,24,1000.8,0.85,30.0,41.0,486.0,11.0,14.7,196.0,112
2026-06-08 06:00:00+00:00,Lahore,40.0,20,1000.5,1.79,25.1,37.0,347.0,5.2,12.9,213.0,113
2026-06-08 07:00:00+00:00,Lahore,41.0,17,1000.1,2.06,20.4,32.6,284.0,2.8,11.1,211.0,112
2026-06-08 08:00:00+00:00,Lahore,41.2,16,999.2,2.39,18.3,31.0,254.0,2.8,9.2,198.0,111
2026-06-08 09:00:00+00:00,Lahore,41.4,16,998.4,2.47,17.3,29.9,243.0,3.3,7.9,185.0,134
2026-06-08 10:00:00+00:00,Lahore,41.5,16,998.0,2.62,16.6,28.9,240.0,2.6,7.3,181.0,160
2026-06-08 11:00:00+00:00,Lahore,41.2,17,997.6,2.83,16.3,28.3,255.0,2.5,7.2,177.0,174
2026-06-08 12:00:00+00:00,Lahore,41.2,16,997.2,3.06,21.8,37.1,306.0,6.2,7.3,170.0,181
2026-06-08 13:00:00+00:00,Lahore,40.1,18,997.1,2.64,23.3,37.6,403.0,15.0,8.3,149.0,182
2026-06-08 14:00:00+00:00,Lahore,38.5,22,997.4,2.43,29.7,41.1,535.0,27.2,9.7,120.0,174
2026-06-08 15:00:00+00:00,Lahore,37.3,23,997.6,2.48,35.6,46.9,684.0,36.1,10.8,97.0,159
2026-06-08 16:00:00+00:00,Lahore,36.6,24,997.7,2.53,39.2,51.8,889.0,38.9,11.2,87.0,138
2026-06-08 17:00:00+00:00,Lahore,35.7,27,997.9,2.08,42.3,56.3,1111.0,38.5,11.2,84.0,115
2026-06-08 18:00:00+00:00,Lahore,35.1,32,997.6,1.63,44.9,60.8,1209.0,37.2,11.1,84.0,104
2026-06-08 19:00:00+00:00,Lahore,34.1,35,997.3,1.29,46.0,64.3,1075.0,34.3,11.0,88.0,104
2026-06-08 20:00:00+00:00,Lahore,33.5,36,997.1,1.95,46.3,67.3,817.0,30.5,10.9,95.0,104
2026-06-08 21:00:00+00:00,Lahore,33.1,38,996.9,2.41,47.0,71.0,617.0,30.6,10.9,94.0,104
2026-06-08 22:00:00+00:00,Lahore,32.5,38,997.0,2.49,51.0,75.0,541.0,39.4,11.0,74.0,103
2026-06-08 23:00:00+00:00,Lahore,32.1,40,997.1,1.3,56.7,78.0,523.0,52.0,11.4,46.0,103
2026-06-09 00:00:00+00:00,Lahore,32.6,38,996.9,1.05,56.9,77.8,552.0,55.3,12.1,46.0,102
2026-06-09 01:00:00+00:00,Lahore,32.1,39,997.5,0.67,61.2,77.8,666.0,48.5,13.9,68.0,102
2026-06-09 02:00:00+00:00,Lahore,33.2,37,997.9,1.19,53.0,67.1,827.0,38.9,16.3,100.0,102
2026-06-09 03:00:00+00:00,Lahore,35.8,32,998.0,0.98,47.3,67.3,905.0,29.5,17.9,133.0,102
2026-06-09 04:00:00+00:00,Lahore,38.2,28,998.1,1.2,43.7,68.9,824.0,20.7,17.9,168.0,103
2026-06-09 05:00:00+00:00,Lahore,40.4,23,998.1,1.48,41.4,69.4,660.0,12.1,16.9,204.0,104
2026-06-09 06:00:00+00:00,Lahore,41.6,14,998.0,2.29,38.1,66.1,518.0,5.9,15.7,228.0,105
2026-06-09 07:00:00+00:00,Lahore,42.4,14,997.7,2.07,35.4,61.5,433.0,3.4,14.2,231.0,106
2026-06-09 08:00:00+00:00,Lahore,43.1,14,996.7,1.84,33.3,58.4,369.0,3.4,12.4,222.0,117
2026-06-09 09:00:00+00:00,Lahore,43.5,14,995.9,2.09,31.1,56.9,325.0,3.9,11.0,210.0,153
2026-06-09 10:00:00+00:00,Lahore,43.3,14,995.5,3.2,29.3,58.0,262.0,3.6,10.0,197.0,176
2026-06-09 11:00:00+00:00,Lahore,42.5,15,995.5,3.93,29.2,63.3,219.0,3.9,9.3,181.0,191
2026-06-09 12:00:00+00:00,Lahore,42.8,13,994.4,2.66,34.9,82.2,308.0,6.7,8.7,171.0,199
2026-06-09 13:00:00+00:00,Lahore,41.8,14,994.6,2.51,36.4,81.0,647.0,11.6,9.2,150.0,200
2026-06-09 14:00:00+00:00,Lahore,40.3,17,995.0,1.74,38.4,80.6,1118.0,18.6,9.9,121.0,191
2026-06-09 15:00:00+00:00,Lahore,39.2,20,995.4,1.1,41.1,85.4,1484.0,26.2,10.8,95.0,174
2026-06-09 16:00:00+00:00,Lahore,38.2,23,995.7,0.63,45.4,96.9,1663.0,34.5,11.9,78.0,152
2026-06-09 17:00:00+00:00,Lahore,37.1,26,996.2,0.87,51.3,108.5,1737.0,43.3,13.2,65.0,122
2026-06-09 18:00:00+00:00,Lahore,37.1,29,996.2,1.08,54.1,114.8,1710.0,50.7,14.3,54.0,120
2026-06-09 19:00:00+00:00,Lahore,36.0,34,996.0,0.96,54.4,119.2,1537.0,56.0,15.0,47.0,120
2026-06-09 20:00:00+00:00,Lahore,34.4,35,995.9,0.92,57.6,125.3,1263.0,59.9,15.5,42.0,121
2026-06-09 21:00:00+00:00,Lahore,33.0,37,995.7,1.17,62.9,129.9,1033.0,62.9,15.7,37.0,123
2026-06-09 22:00:00+00:00,Lahore,31.9,39,995.8,0.64,68.2,127.6,896.0,66.1,15.3,25.0,124
2026-06-09 23:00:00+00:00,Lahore,30.9,41,996.2,1.46,68.5,116.6,803.0,68.4,14.6,12.0,126
2026-06-10 00:00:00+00:00,Lahore,32.1,49,996.9,1.65,54.4,71.2,753.0,55.9,13.6,21.0,127
2026-06-10 01:00:00+00:00,Lahore,31.6,52,997.2,2.01,50.5,63.1,778.0,47.7,13.9,47.0,127
2026-06-10 02:00:00+00:00,Lahore,33.3,48,997.4,1.61,47.1,57.6,846.0,36.2,14.3,85.0,126
2026-06-10 03:00:00+00:00,Lahore,35.9,41,997.7,1.63,42.6,59.1,857.0,25.7,14.6,121.0,125
2026-06-10 04:00:00+00:00,Lahore,38.0,36,997.9,1.9,41.1,65.2,746.0,17.5,14.9,156.0,125
2026-06-10 05:00:00+00:00,Lahore,39.9,30,997.7,1.96,40.3,73.3,578.0,10.4,15.0,189.0,124
2026-06-10 06:00:00+00:00,Lahore,41.2,24,997.6,1.29,38.1,74.3,447.0,5.4,14.7,212.0,124
2026-06-10 07:00:00+00:00,Lahore,42.7,19,997.2,1.13,33.1,64.7,396.0,3.4,13.4,218.0,124
2026-06-10 08:00:00+00:00,Lahore,43.4,17,996.0,0.78,29.4,57.6,382.0,3.5,11.6,214.0,124
2026-06-10 09:00:00+00:00,Lahore,44.0,15,995.3,0.6,27.2,53.2,372.0,4.2,10.4,208.0,131
2026-06-10 10:00:00+00:00,Lahore,43.7,15,994.8,1.46,26.4,51.3,335.0,3.9,10.1,207.0,161
2026-06-10 11:00:00+00:00,Lahore,42.7,18,994.7,3.51,26.5,51.6,302.0,4.2,10.4,205.0,181
2026-06-10 12:00:00+00:00,Lahore,42.6,16,994.4,3.0,29.0,58.8,328.0,7.4,10.9,188.0,194
2026-06-10 13:00:00+00:00,Lahore,41.2,18,994.4,3.5,32.1,58.7,441.0,17.2,11.8,160.0,199
2026-06-10 14:00:00+00:00,Lahore,40.1,17,994.7,2.52,41.1,64.0,614.0,30.9,13.0,121.0,195
2026-06-10 15:00:00+00:00,Lahore,39.0,19,994.9,1.65,47.4,71.9,817.0,41.9,14.0,89.0,180
2026-06-10 16:00:00+00:00,Lahore,37.5,23,995.4,1.21,51.6,78.9,1080.0,46.9,14.7,73.0,159
2026-06-10 17:00:00+00:00,Lahore,36.8,32,995.6,0.2,56.6,88.7,1373.0,49.3,15.3,63.0,133
2026-06-10 18:00:00+00:00,Lahore,35.4,27,995.7,0.63,62.9,100.8,1578.0,52.4,15.7,54.0,124
2026-06-10 19:00:00+00:00,Lahore,34.8,29,995.2,0.22,69.4,106.4,1656.0,59.4,16.0,40.0,125
2026-06-10 20:00:00+00:00,Lahore,33.8,29,995.1,0.92,71.0,102.2,1646.0,67.2,16.0,27.0,126
2026-06-10 21:00:00+00:00,Lahore,32.9,29,995.1,1.33,65.9,88.2,1548.0,69.7,15.7,20.0,128
2026-06-10 22:00:00+00:00,Lahore,31.6,32,995.1,1.6,58.7,72.9,1301.0,62.8,14.6,23.0,128
2026-06-10 23:00:00+00:00,Lahore,30.7,37,995.6,3.05,50.4,57.4,967.0,50.7,13.1,32.0,127
2026-06-11 00:00:00+00:00,Lahore,32.2,43,995.3,3.1,47.0,58.3,732.0,32.9,11.6,52.0,125
2026-06-11 01:00:00+00:00,Lahore,32.0,43,995.7,2.91,42.6,49.4,709.0,30.5,12.1,74.0,124
2026-06-11 02:00:00+00:00,Lahore,33.0,44,995.9,2.3,41.4,51.3,785.0,27.0,12.7,105.0,123
2026-06-11 03:00:00+00:00,Lahore,35.1,42,996.3,2.32,51.8,98.7,807.0,22.7,13.1,136.0,123
2026-06-11 04:00:00+00:00,Lahore,37.4,36,997.0,1.96,71.9,182.5,696.0,16.7,13.2,167.0,124
2026-06-11 05:00:00+00:00,Lahore,39.3,31,996.8,2.49,85.4,239.3,531.0,9.9,13.0,196.0,127
2026-06-11 06:00:00+00:00,Lahore,41.2,22,996.5,2.48,87.3,258.0,401.0,4.9,12.6,214.0,132
2026-06-11 07:00:00+00:00,Lahore,42.5,19,996.1,2.1,87.5,279.4,343.0,3.0,11.6,211.0,137
2026-06-11 08:00:00+00:00,Lahore,42.0,19,995.6,2.05,92.4,321.3,321.0,2.9,10.3,195.0,143
2026-06-11 09:00:00+00:00,Lahore,42.1,18,995.3,2.38,98.3,362.3,313.0,3.5,9.3,181.0,149
2026-06-11 10:00:00+00:00,Lahore,42.0,16,995.3,2.58,103.6,398.6,314.0,4.4,9.1,174.0,162
2026-06-11 11:00:00+00:00,Lahore,41.9,15,995.3,2.66,105.9,417.2,329.0,5.9,9.3,169.0,173
2026-06-11 12:00:00+00:00,Lahore,40.8,17,994.4,3.81,109.4,369.7,352.0,16.3,7.2,140.0,178
2026-06-11 13:00:00+00:00,Lahore,38.5,26,995.3,5.0,114.6,434.0,391.0,16.4,8.5,138.0,173
2026-06-11 14:00:00+00:00,Lahore,35.6,36,996.8,6.25,129.9,516.0,438.0,16.5,10.2,136.0,164
2026-06-11 15:00:00+00:00,Lahore,33.5,41,998.2,6.12,151.8,596.0,466.0,16.3,11.3,134.0,164
2026-06-11 16:00:00+00:00,Lahore,30.9,54,999.6,4.92,154.1,590.5,459.0,15.4,11.1,133.0,167
2026-06-11 17:00:00+00:00,Lahore,30.6,57,999.8,3.96,138.3,501.1,432.0,14.1,10.3,132.0,170
2026-06-11 18:00:00+00:00,Lahore,27.3,67,999.0,3.62,113.6,370.7,405.0,13.0,9.6,129.0,173
2026-06-11 19:00:00+00:00,Lahore,26.9,68,999.4,4.11,88.7,256.1,383.0,12.3,9.1,122.0,174
2026-06-11 20:00:00+00:00,Lahore,26.4,69,999.8,3.74,68.9,183.5,361.0,11.8,8.6,114.0,175
2026-06-11 21:00:00+00:00,Lahore,25.9,71,1000.0,3.73,57.2,152.7,342.0,11.4,8.4,106.0,175
2026-06-11 22:00:00+00:00,Lahore,25.7,72,1000.5,3.37,56.0,170.0,322.0,11.1,8.7,100.0,174
2026-06-11 23:00:00+00:00,Lahore,25.7,70,1001.1,3.19,69.6,250.5,305.0,10.9,9.3,95.0,174
2026-06-12 00:00:00+00:00,Lahore,26.0,68,1001.9,4.05,87.5,344.6,303.0,9.6,5.4,92.0,175
2026-06-12 01:00:00+00:00,Lahore,25.7,72,1003.0,3.33,90.6,348.3,333.0,10.5,5.9,94.0,177
2026-06-12 02:00:00+00:00,Lahore,26.6,71,1003.6,3.81,97.3,400.5,379.0,11.7,6.5,98.0,183
2026-06-12 03:00:00+00:00,Lahore,27.9,67,1004.2,4.09,102.2,421.0,401.0,11.7,7.0,106.0,190
2026-06-12 04:00:00+00:00,Lahore,29.6,61,1004.7,4.75,99.2,390.2,373.0,9.5,7.1,122.0,197
2026-06-12 05:00:00+00:00,Lahore,31.6,53,1004.0,5.38,96.2,366.9,323.0,6.3,7.0,142.0,203
2026-06-12 06:00:00+00:00,Lahore,33.3,46,1005.2,4.69,97.3,391.2,293.0,3.8,6.7,155.0,211
2026-06-12 07:00:00+00:00,Lahore,33.4,45,1006.0,3.35,100.1,423.8,310.0,2.9,6.2,157.0,219
2026-06-12 08:00:00+00:00,Lahore,31.5,49,1005.0,6.64,106.2,466.6,349.0,2.8,5.6,153.0,227
2026-06-12 09:00:00+00:00,Lahore,31.5,49,1004.4,3.9,112.7,517.8,374.0,3.2,5.2,148.0,236
2026-06-12 10:00:00+00:00,Lahore,32.7,45,1004.3,3.91,119.2,571.8,360.0,2.9,5.0,146.0,245
2026-06-12 11:00:00+00:00,Lahore,32.4,46,1003.9,4.55,121.5,597.9,332.0,3.1,5.0,144.0,255
2026-06-12 12:00:00+00:00,Lahore,33.1,47,1002.3,4.34,88.9,627.7,340.0,8.0,4.6,122.0,266
2026-06-12 13:00:00+00:00,Lahore,32.1,51,1002.2,3.12,91.3,610.9,420.0,13.0,5.3,109.0,282
2026-06-12 14:00:00+00:00,Lahore,30.9,57,1003.0,2.12,84.1,497.3,535.0,20.1,6.4,90.0,292
2026-06-12 15:00:00+00:00,Lahore,30.2,60,1003.4,2.28,76.4,367.9,619.0,26.7,7.3,73.0,291
2026-06-12 16:00:00+00:00,Lahore,29.8,60,1004.1,2.65,71.7,302.7,645.0,32.9,7.9,59.0,277
2026-06-12 17:00:00+00:00,Lahore,29.5,60,1004.7,3.07,68.9,244.0,640.0,38.7,8.4,46.0,260
2026-06-12 18:00:00+00:00,Lahore,23.7,87,1007.1,3.29,65.0,197.0,615.0,41.0,8.7,39.0,245
2026-06-12 19:00:00+00:00,Lahore,24.2,85,1004.0,3.83,57.4,156.5,559.0,37.2,8.7,43.0,235
2026-06-12 20:00:00+00:00,Lahore,24.6,84,1002.7,2.49,51.7,133.2,482.0,30.0,8.4,53.0,229
2026-06-12 21:00:00+00:00,Lahore,25.0,79,1005.1,1.39,52.0,143.9,428.0,24.7,8.5,60.0,226
2026-06-12 22:00:00+00:00,Lahore,21.6,93,1006.1,1.37,55.3,172.8,421.0,24.1,9.0,57.0,225
2026-06-12 23:00:00+00:00,Lahore,22.3,95,1006.4,2.16,59.8,197.9,435.0,25.4,9.8,51.0,225
2026-06-13 00:00:00+00:00,Lahore,21.5,88,1005.1,5.13,39.6,143.4,442.0,11.1,6.0,92.0,222
2026-06-13 01:00:00+00:00,Lahore,22.1,89,1005.1,2.24,33.2,109.7,429.0,11.6,5.9,95.0,210
2026-06-13 02:00:00+00:00,Lahore,23.0,90,1005.8,3.21,29.8,96.6,407.0,12.2,5.7,99.0,199
2026-06-13 03:00:00+00:00,Lahore,23.6,89,1006.2,3.56,24.2,67.1,382.0,11.9,5.7,107.0,192
2026-06-13 04:00:00+00:00,Lahore,25.6,81,1006.3,4.02,22.5,66.6,350.0,9.8,6.0,122.0,185
2026-06-13 05:00:00+00:00,Lahore,27.3,74,1006.6,2.6,33.5,130.9,315.0,6.8,6.4,139.0,178
2026-06-13 06:00:00+00:00,Lahore,28.6,64,1007.6,3.22,35.5,142.0,290.0,4.5,6.6,153.0,173
2026-06-13 07:00:00+00:00,Lahore,29.1,61,1007.5,3.49,37.5,152.7,281.0,3.5,6.2,158.0,168
2026-06-13 08:00:00+00:00,Lahore,29.9,58,1006.9,2.98,38.0,153.2,283.0,3.1,5.6,160.0,162
2026-06-13 09:00:00+00:00,Lahore,29.5,59,1006.3,3.51,38.3,153.2,288.0,3.4,5.2,159.0,156
2026-06-13 10:00:00+00:00,Lahore,30.1,58,1005.5,3.48,37.6,147.6,288.0,2.8,5.2,160.0,152
2026-06-13 11:00:00+00:00,Lahore,30.5,55,1004.8,3.33,37.1,142.5,292.0,2.8,5.4,160.0,148
2026-06-13 12:00:00+00:00,Lahore,30.5,53,1004.8,3.93,19.3,36.9,324.0,8.1,4.9,137.0,139
2026-06-13 13:00:00+00:00,Lahore,28.8,61,1004.5,3.09,18.1,35.0,405.0,15.4,5.6,120.0,132
2026-06-13 14:00:00+00:00,Lahore,27.2,70,1004.7,1.9,21.1,33.5,513.0,25.7,6.5,96.0,124
2026-06-13 15:00:00+00:00,Lahore,26.3,75,1004.7,1.31,27.1,37.8,607.0,35.7,7.4,74.0,118
2026-06-13 16:00:00+00:00,Lahore,25.8,78,1004.6,1.25,31.4,41.4,683.0,44.5,8.3,56.0,113
2026-06-13 17:00:00+00:00,Lahore,25.5,80,1004.4,0.25,35.2,44.9,745.0,52.9,9.2,40.0,109
2026-06-13 18:00:00+00:00,Lahore,25.7,73,1004.3,1.96,40.4,51.3,764.0,59.9,9.8,27.0,105
2026-06-13 19:00:00+00:00,Lahore,25.2,75,1004.2,0.67,47.1,59.6,713.0,65.3,9.9,17.0,102
2026-06-13 20:00:00+00:00,Lahore,24.9,77,1004.2,0.35,51.6,65.0,619.0,69.4,9.8,9.0,101
2026-06-13 21:00:00+00:00,Lahore,24.5,79,1003.7,0.68,51.6,65.2,537.0,71.5,9.8,4.0,101
2026-06-13 22:00:00+00:00,Lahore,24.2,79,1003.5,0.93,52.6,67.5,479.0,72.2,9.9,0.0,101
2026-06-13 23:00:00+00:00,Lahore,23.9,79,1003.4,1.1,54.0,71.2,432.0,71.0,10.0,0.0,101
2026-06-14 00:00:00+00:00,Lahore,24.5,83,1003.7,0.81,44.4,63.6,411.0,51.5,8.4,15.0,100
2026-06-14 01:00:00+00:00,Lahore,25.1,80,1004.0,1.12,42.3,59.1,443.0,41.9,9.2,40.0,101
2026-06-14 02:00:00+00:00,Lahore,26.9,73,1004.0,0.41,36.7,64.7,500.0,28.4,10.2,76.0,102
2026-06-14 03:00:00+00:00,Lahore,29.0,59,1004.2,0.68,32.1,65.0,522.0,17.3,10.7,109.0,103
2026-06-14 04:00:00+00:00,Lahore,30.4,49,1004.1,1.28,27.7,57.7,465.0,10.8,10.1,134.0,103
2026-06-14 05:00:00+00:00,Lahore,31.4,47,1003.9,1.15,24.6,53.0,373.0,6.6,8.8,156.0,104
2026-06-14 06:00:00+00:00,Lahore,32.5,43,1003.8,0.56,21.3,46.1,306.0,3.8,7.9,173.0,103
2026-06-14 07:00:00+00:00,Lahore,33.4,44,1003.3,0.59,18.9,40.0,293.0,2.5,7.6,183.0,102
2026-06-14 08:00:00+00:00,Lahore,33.8,43,1002.4,0.9,18.7,38.5,306.0,2.6,7.5,187.0,100
2026-06-14 09:00:00+00:00,Lahore,34.1,42,1001.6,0.95,19.1,38.3,327.0,3.1,7.6,189.0,98
2026-06-14 10:00:00+00:00,Lahore,34.2,41,1001.1,1.05,20.0,39.7,318.0,0.7,7.7,193.0,123
2026-06-14 11:00:00+00:00,Lahore,34.1,40,1000.5,0.92,20.7,40.4,317.0,0.0,8.0,195.0,148
2026-06-14 12:00:00+00:00,Lahore,33.9,33,999.9,0.9,18.5,36.8,421.0,5.8,8.2,175.0,162
2026-06-14 13:00:00+00:00,Lahore,32.3,45,999.8,0.75,19.8,36.6,728.0,32.5,11.0,138.0,169
2026-06-14 14:00:00+00:00,Lahore,30.5,55,999.6,0.91,37.0,49.8,1139.0,69.4,14.9,88.0,166
2026-06-14 15:00:00+00:00,Lahore,29.5,60,999.7,1.32,53.8,67.5,1453.0,98.7,18.3,47.0,152
2026-06-14 16:00:00+00:00,Lahore,29.3,55,1000.3,1.31,70.5,84.8,1607.0,112.9,20.8,27.0,124
2026-06-14 17:00:00+00:00,Lahore,28.8,55,1000.7,1.36,78.7,92.9,1665.0,119.4,22.9,18.0,101
2026-06-14 18:00:00+00:00,Lahore,29.5,55,1000.6,1.57,77.5,92.2,1617.0,122.3,23.9,12.0,105
2026-06-14 19:00:00+00:00,Lahore,29.0,58,1000.3,1.53,75.7,90.6,1398.0,123.2,23.5,6.0,109
2026-06-14 20:00:00+00:00,Lahore,28.6,60,1000.0,1.24,75.9,91.0,1073.0,120.4,22.2,3.0,112
2026-06-14 21:00:00+00:00,Lahore,28.4,61,1000.2,0.71,79.2,93.8,829.0,113.6,20.4,3.0,115
2026-06-14 22:00:00+00:00,Lahore,28.2,62,1000.3,0.29,78.7,91.0,759.0,100.8,18.2,3.0,117
2026-06-14 23:00:00+00:00,Lahore,27.6,62,1000.5,0.47,70.5,80.6,769.0,83.9,15.6,6.0,120
2026-06-15 00:00:00+00:00,Lahore,27.8,66,1000.9,2.18,51.8,61.7,764.0,50.1,17.2,51.0,122
2026-06-15 01:00:00+00:00,Lahore,27.4,68,1001.4,1.95,52.6,60.1,705.0,44.6,18.8,70.0,123
2026-06-15 02:00:00+00:00,Lahore,29.2,63,1002.1,1.43,49.4,56.6,631.0,36.8,21.0,98.0,124
2026-06-15 03:00:00+00:00,Lahore,28.0,62,1003.3,4.78,37.5,45.4,559.0,28.7,21.7,126.0,125
2026-06-15 04:00:00+00:00,Lahore,29.3,59,1004.6,2.33,30.4,35.7,491.0,20.0,19.7,156.0,126
2026-06-15 05:00:00+00:00,Lahore,30.8,55,1004.8,2.8,26.7,32.1,427.0,11.1,16.2,187.0,126
2026-06-15 06:00:00+00:00,Lahore,32.7,50,1003.6,1.91,26.4,38.6,380.0,4.7,13.3,207.0,126
2026-06-15 07:00:00+00:00,Lahore,32.7,50,1003.4,1.59,27.8,49.2,361.0,2.6,11.5,210.0,127
2026-06-15 08:00:00+00:00,Lahore,33.0,47,1002.6,0.85,29.3,56.5,359.0,3.0,10.2,203.0,128
2026-06-15 09:00:00+00:00,Lahore,34.4,42,1002.1,1.12,30.3,58.6,361.0,4.0,9.5,197.0,134
2026-06-15 10:00:00+00:00,Lahore,34.7,40,1001.7,0.35,31.8,61.9,322.0,1.9,9.2,200.0,158
2026-06-15 11:00:00+00:00,Lahore,34.8,39,1001.3,0.15,34.9,70.3,287.0,0.3,9.5,204.0,174
2026-06-15 12:00:00+00:00,Lahore,34.5,37,1000.6,1.45,48.0,102.2,370.0,8.4,12.9,207.0,187
2026-06-15 13:00:00+00:00,Lahore,33.1,51,1000.9,0.36,49.7,96.2,676.0,13.3,12.4,181.0,195
2026-06-15 14:00:00+00:00,Lahore,31.5,60,1001.2,1.21,47.7,74.0,1099.0,19.9,11.6,146.0,194
2026-06-15 15:00:00+00:00,Lahore,30.5,61,1001.3,2.08,45.3,67.8,1444.0,24.9,10.8,116.0,184
2026-06-15 16:00:00+00:00,Lahore,29.5,63,1002.2,2.15,44.1,65.9,1644.0,26.4,10.0,100.0,169
2026-06-15 17:00:00+00:00,Lahore,28.7,65,1002.5,1.99,44.4,66.4,1765.0,26.1,9.3,90.0,153
2026-06-15 18:00:00+00:00,Lahore,29.0,66,1002.9,1.9,45.3,68.0,1805.0,25.8,8.8,81.0,133
2026-06-15 19:00:00+00:00,Lahore,28.2,68,1002.3,1.59,46.2,69.8,1757.0,26.1,8.6,72.0,129
2026-06-15 20:00:00+00:00,Lahore,27.6,68,1002.0,1.6,47.0,71.2,1628.0,26.4,8.7,65.0,126
2026-06-15 21:00:00+00:00,Lahore,27.2,70,1001.9,1.53,47.5,70.3,1443.0,26.7,8.9,60.0,123
2026-06-15 22:00:00+00:00,Lahore,26.9,72,1002.4,1.4,46.9,66.8,1142.0,27.1,9.1,55.0,120
2026-06-15 23:00:00+00:00,Lahore,26.5,74,1003.0,1.76,45.9,62.4,784.0,27.5,9.5,51.0,117
2026-06-16 00:00:00+00:00,Lahore,27.1,79,1003.7,3.23,40.7,53.4,572.0,18.2,10.4,79.0,114
2026-06-16 01:00:00+00:00,Lahore,25.4,72,1005.0,2.78,40.4,53.4,664.0,18.8,11.7,82.0,113
2026-06-16 02:00:00+00:00,Lahore,24.3,85,1005.3,0.85,43.4,66.6,903.0,19.4,13.3,88.0,112
2026-06-16 03:00:00+00:00,Lahore,24.9,89,1005.4,2.25,47.1,85.0,1019.0,18.5,14.1,101.0,111
2026-06-16 04:00:00+00:00,Lahore,25.6,85,1005.3,3.38,47.5,91.0,858.0,14.7,13.1,127.0,112
2026-06-16 05:00:00+00:00,Lahore,28.4,70,1005.5,2.8,46.6,90.3,576.0,9.3,11.3,161.0,114
2026-06-16 06:00:00+00:00,Lahore,30.0,54,1006.0,3.33,47.3,94.3,367.0,5.3,9.9,186.0,116
2026-06-16 07:00:00+00:00,Lahore,30.7,52,1006.1,1.72,47.0,95.9,314.0,3.8,9.6,196.0,118
2026-06-16 08:00:00+00:00,Lahore,31.7,50,1005.1,1.86,46.3,95.2,335.0,3.7,9.9,198.0,120
2026-06-16 09:00:00+00:00,Lahore,32.4,51,1003.8,1.6,48.5,99.9,380.0,4.2,10.2,199.0,122
2026-06-16 10:00:00+00:00,Lahore,32.8,51,1003.6,1.05,46.3,91.7,382.0,2.5,10.3,206.0,134
2026-06-16 11:00:00+00:00,Lahore,32.9,49,1003.4,1.0,47.5,92.7,407.0,1.3,10.5,212.0,157
2026-06-16 12:00:00+00:00,Lahore,32.8,44,1002.2,2.12,39.1,65.0,605.0,8.6,8.8,157.0,174
2026-06-16 13:00:00+00:00,Lahore,31.9,51,1002.5,1.25,40.5,64.3,1144.0,21.8,10.2,131.0,179
2026-06-16 14:00:00+00:00,Lahore,30.8,58,1002.9,0.93,45.2,61.7,1856.0,40.2,12.2,95.0,174
2026-06-16 15:00:00+00:00,Lahore,30.3,63,1003.1,0.46,48.1,62.6,2390.0,54.7,13.9,66.0,160
2026-06-16 16:00:00+00:00,Lahore,29.8,64,1003.7,1.11,51.7,63.6,2619.0,61.2,14.9,51.0,135
2026-06-16 17:00:00+00:00,Lahore,29.1,67,1003.9,1.23,54.6,65.0,2669.0,63.8,15.6,42.0,125
2026-06-16 18:00:00+00:00,Lahore,29.4,73,1004.1,0.98,52.6,65.9,2571.0,66.3,15.9,34.0,127
2026-06-16 19:00:00+00:00,Lahore,29.1,72,1003.6,0.71,55.1,68.2,2268.0,70.0,15.6,25.0,127
2026-06-16 20:00:00+00:00,Lahore,28.7,74,1003.5,0.22,59.1,72.2,1816.0,73.5,15.1,18.0,128
2026-06-16 21:00:00+00:00,Lahore,27.7,78,1003.7,1.5,64.7,79.4,1417.0,76.6,15.0,12.0,129
2026-06-16 22:00:00+00:00,Lahore,27.2,80,1004.1,1.52,68.7,85.4,1120.0,81.1,15.9,4.0,131
2026-06-16 23:00:00+00:00,Lahore,26.7,82,1004.3,1.41,72.6,90.3,876.0,85.3,17.3,0.0,134
2026-06-17 00:00:00+00:00,Lahore,27.0,84,1004.2,1.41,62.4,75.9,738.0,59.0,15.7,23.0,136
2026-06-17 01:00:00+00:00,Lahore,27.2,84,1004.7,1.1,62.6,76.1,783.0,50.5,18.5,39.0,139
2026-06-17 02:00:00+00:00,Lahore,28.5,79,1005.1,0.81,55.9,83.4,933.0,38.6,22.3,63.0,141
2026-06-17 03:00:00+00:00,Lahore,30.2,70,1005.5,1.1,52.6,93.6,1009.0,27.7,24.2,91.0,142
2026-06-17 04:00:00+00:00,Lahore,31.8,61,1005.5,1.36,50.4,92.4,918.0,19.0,22.7,128.0,143
2026-06-17 05:00:00+00:00,Lahore,32.9,56,1005.2,1.57,47.5,81.7,754.0,11.4,19.5,170.0,143
2026-06-17 06:00:00+00:00,Lahore,34.1,44,1005.4,1.23,47.7,77.1,616.0,6.0,16.5,201.0,143
2026-06-17 07:00:00+00:00,Lahore,34.7,41,1004.8,1.42,47.6,74.7,538.0,3.8,14.4,215.0,143
2026-06-17 08:00:00+00:00,Lahore,34.9,40,1004.1,1.31,47.5,73.3,486.0,3.9,12.7,218.0,143
2026-06-17 09:00:00+00:00,Lahore,34.9,39,1003.3,1.0,47.4,71.9,463.0,4.6,11.7,220.0,143
2026-06-17 10:00:00+00:00,Lahore,35.0,39,1002.9,0.87,47.5,70.3,443.0,2.8,11.6,227.0,144
2026-06-17 11:00:00+00:00,Lahore,34.9,38,1002.2,0.71,47.5,69.2,453.0,1.6,12.2,232.0,172
2026-06-17 12:00:00+00:00,Lahore,35.6,36,1000.9,1.27,49.6,76.4,569.0,8.9,14.9,212.0,194
2026-06-17 13:00:00+00:00,Lahore,34.6,43,1001.0,1.01,49.2,74.3,879.0,32.1,16.9,174.0,203
2026-06-17 14:00:00+00:00,Lahore,32.7,55,1001.5,0.8,57.7,75.4,1296.0,64.3,19.7,120.0,204
2026-06-17 15:00:00+00:00,Lahore,32.0,61,1001.9,0.8,71.9,92.0,1641.0,89.2,21.9,76.0,195
2026-06-17 16:00:00+00:00,Lahore,31.4,64,1002.2,1.13,85.2,105.5,1874.0,100.2,23.3,51.0,173
2026-06-17 17:00:00+00:00,Lahore,30.8,68,1002.5,1.13,90.6,109.2,2035.0,103.9,24.1,36.0,151
2026-06-17 18:00:00+00:00,Lahore,30.6,62,1003.6,1.52,83.8,100.4,2060.0,104.7,24.0,25.0,152
2026-06-17 19:00:00+00:00,Lahore,29.9,62,1003.0,1.42,79.9,95.5,1873.0,103.2,22.5,16.0,153
2026-06-17 20:00:00+00:00,Lahore,29.3,63,1002.6,1.56,80.6,97.1,1551.0,98.8,20.2,12.0,154
2026-06-17 21:00:00+00:00,Lahore,28.6,65,1002.1,1.5,82.7,99.2,1263.0,93.6,18.2,9.0,154
2026-06-17 22:00:00+00:00,Lahore,27.9,68,1002.4,1.42,80.1,94.1,1056.0,88.6,16.9,4.0,155
2026-06-17 23:00:00+00:00,Lahore,27.5,69,1002.6,1.43,78.2,90.1,883.0,82.9,16.0,1.0,155
2026-06-18 00:00:00+00:00,Lahore,27.5,71,1003.1,1.31,83.4,92.2,779.0,59.5,17.5,32.0,155
2026-06-18 01:00:00+00:00,Lahore,27.7,70,1003.5,1.15,84.3,92.2,793.0,51.1,20.6,61.0,156
2026-06-18 02:00:00+00:00,Lahore,29.0,67,1003.8,0.76,72.6,84.5,875.0,39.2,24.7,103.0,156
2026-06-18 03:00:00+00:00,Lahore,30.7,59,1004.1,0.85,57.3,71.2,908.0,28.3,26.8,142.0,157
2026-06-18 04:00:00+00:00,Lahore,32.2,54,1004.3,0.85,53.7,67.5,828.0,19.3,25.0,176.0,157
2026-06-18 05:00:00+00:00,Lahore,33.8,48,1004.2,0.89,50.4,65.2,699.0,11.3,21.2,207.0,157
2026-06-18 06:00:00+00:00,Lahore,34.8,42,1004.3,0.42,45.3,61.9,602.0,5.6,17.8,227.0,157
2026-06-18 07:00:00+00:00,Lahore,35.9,40,1003.7,0.21,41.9,59.1,571.0,3.3,15.4,229.0,157
2026-06-18 08:00:00+00:00,Lahore,36.6,36,1002.7,0.07,40.4,58.1,571.0,3.4,13.4,220.0,157
2026-06-18 09:00:00+00:00,Lahore,36.8,35,1002.1,0.1,39.7,57.9,582.0,4.0,12.0,210.0,157
2026-06-18 10:00:00+00:00,Lahore,36.7,35,1001.5,1.13,38.9,57.4,611.0,3.7,11.3,203.0,179
2026-06-18 11:00:00+00:00,Lahore,36.8,34,1001.2,1.95,37.5,55.6,650.0,4.0,11.2,195.0,195
2026-06-18 12:00:00+00:00,Lahore,37.5,30,999.7,0.86,42.8,64.7,658.0,7.7,11.2,185.0,201
2026-06-18 13:00:00+00:00,Lahore,36.1,37,999.7,0.86,42.0,60.8,589.0,17.4,12.0,156.0,202
2026-06-18 14:00:00+00:00,Lahore,34.5,48,1000.3,0.51,45.4,62.6,488.0,30.6,13.1,117.0,197
2026-06-18 15:00:00+00:00,Lahore,33.2,46,1001.0,1.9,49.8,65.4,453.0,38.4,13.6,89.0,179
2026-06-18 16:00:00+00:00,Lahore,32.2,49,1001.6,1.45,51.1,66.8,564.0,35.5,12.9,85.0,157
2026-06-18 17:00:00+00:00,Lahore,31.3,54,1001.9,1.04,48.8,64.5,741.0,27.4,11.5,94.0,154
2026-06-18 18:00:00+00:00,Lahore,30.6,52,1002.8,3.86,41.1,56.3,841.0,21.1,10.4,98.0,152
2026-06-18 19:00:00+00:00,Lahore,29.5,54,1002.1,2.1,37.1,49.2,778.0,19.6,9.8,92.0,151
2026-06-18 20:00:00+00:00,Lahore,28.7,58,1001.7,1.31,36.2,48.0,639.0,20.1,9.5,82.0,149
2026-06-18 21:00:00+00:00,Lahore,28.5,61,1001.6,1.03,36.1,47.1,534.0,21.1,9.3,73.0,145
2026-06-18 22:00:00+00:00,Lahore,28.1,62,1002.0,1.2,35.6,46.4,508.0,22.7,9.2,64.0,140
2026-06-18 23:00:00+00:00,Lahore,27.5,65,1002.8,1.34,35.7,46.4,516.0,24.8,9.2,56.0,135
2026-06-19 00:00:00+00:00,Lahore,26.7,73,1002.6,2.48,40.2,53.7,545.0,19.1,10.9,76.0,131
2026-06-19 01:00:00+00:00,Lahore,26.9,70,1002.7,1.94,42.1,54.4,611.0,20.0,11.9,83.0,126
2026-06-19 02:00:00+00:00,Lahore,27.8,67,1003.4,1.76,43.5,58.4,696.0,21.0,13.2,93.0,122
2026-06-19 03:00:00+00:00,Lahore,26.8,70,1004.7,2.61,44.0,62.2,734.0,20.2,13.9,109.0,119
2026-06-19 04:00:00+00:00,Lahore,28.7,63,1004.5,1.72,42.5,64.3,683.0,15.7,13.5,135.0,117
2026-06-19 05:00:00+00:00,Lahore,31.4,51,1004.8,1.43,41.8,65.9,585.0,9.5,12.6,166.0,116
2026-06-19 06:00:00+00:00,Lahore,32.5,46,1004.7,1.19,41.2,66.6,498.0,4.8,11.8,190.0,115
2026-06-19 07:00:00+00:00,Lahore,33.7,42,1004.3,1.36,41.2,68.0,439.0,3.3,11.4,201.0,115
2026-06-19 08:00:00+00:00,Lahore,34.7,40,1003.9,1.02,41.8,70.3,392.0,3.5,11.2,205.0,115
2026-06-19 09:00:00+00:00,Lahore,35.4,37,1003.2,1.17,41.2,71.2,363.0,4.1,11.2,205.0,118
2026-06-19 10:00:00+00:00,Lahore,34.9,38,1003.0,1.32,40.4,71.5,348.0,4.2,11.3,202.0,144
2026-06-19 11:00:00+00:00,Lahore,34.0,40,1002.4,1.64,39.6,70.5,351.0,4.6,11.6,193.0,163
2026-06-19 12:00:00+00:00,Lahore,31.6,52,1003.0,0.49,42.4,63.6,398.0,7.9,11.2,200.0,176
2026-06-19 13:00:00+00:00,Lahore,32.4,49,1003.0,1.41,42.6,62.6,524.0,27.6,12.6,165.0,187
2026-06-19 14:00:00+00:00,Lahore,31.7,53,1003.1,0.91,50.5,65.7,694.0,55.3,14.6,115.0,186
2026-06-19 15:00:00+00:00,Lahore,31.1,57,1003.3,0.74,65.0,81.0,824.0,79.5,16.8,74.0,174
2026-06-19 16:00:00+00:00,Lahore,30.8,59,1003.8,0.78,78.9,95.5,879.0,97.0,19.6,49.0,154
2026-06-19 17:00:00+00:00,Lahore,30.1,64,1003.9,0.42,94.3,110.6,895.0,111.1,22.6,32.0,122
2026-06-19 18:00:00+00:00,Lahore,30.3,60,1004.1,1.77,105.2,121.5,894.0,120.0,24.4,19.0,125
2026-06-19 19:00:00+00:00,Lahore,29.2,63,1003.7,1.71,109.4,125.7,874.0,121.3,23.8,12.0,132
2026-06-19 20:00:00+00:00,Lahore,28.6,64,1003.5,1.88,107.3,122.9,837.0,117.5,22.0,9.0,140
2026-06-19 21:00:00+00:00,Lahore,28.3,65,1003.5,1.66,109.2,125.3,809.0,114.2,20.7,7.0,147
2026-06-19 22:00:00+00:00,Lahore,27.9,67,1003.1,1.3,113.9,129.9,792.0,116.2,20.7,0.0,151
2026-06-19 23:00:00+00:00,Lahore,27.4,69,1003.3,0.91,117.6,134.1,784.0,118.8,21.2,0.0,154
2026-06-20 00:00:00+00:00,Lahore,27.1,78,1003.2,0.15,81.3,92.4,800.0,68.4,13.5,15.0,156
2026-06-20 01:00:00+00:00,Lahore,27.4,77,1003.5,0.8,81.7,92.2,883.0,57.5,14.4,43.0,157
2026-06-20 02:00:00+00:00,Lahore,29.8,59,1003.9,0.82,69.4,80.1,991.0,42.1,15.5,83.0,158
2026-06-20 03:00:00+00:00,Lahore,31.7,49,1004.5,0.79,46.9,59.5,1016.0,28.5,15.8,119.0,159
2026-06-20 04:00:00+00:00,Lahore,33.5,43,1004.6,0.95,40.2,53.7,878.0,18.5,14.5,148.0,159
2026-06-20 05:00:00+00:00,Lahore,35.0,39,1004.5,1.46,36.6,51.5,657.0,10.2,12.4,174.0,159
2026-06-20 06:00:00+00:00,Lahore,35.9,34,1004.6,1.74,35.4,50.6,483.0,4.5,10.7,191.0,159
2026-06-20 07:00:00+00:00,Lahore,36.4,33,1004.1,1.65,34.7,49.8,412.0,2.4,10.0,196.0,159
2026-06-20 08:00:00+00:00,Lahore,37.1,31,1003.3,1.66,34.0,49.4,388.0,2.8,9.8,193.0,159
2026-06-20 09:00:00+00:00,Lahore,37.5,29,1002.7,1.95,33.2,49.6,379.0,3.7,9.7,187.0,159
2026-06-20 10:00:00+00:00,Lahore,36.8,29,1002.1,2.1,32.1,49.8,351.0,3.5,9.5,182.0,158
2026-06-20 11:00:00+00:00,Lahore,37.3,29,1001.6,1.79,31.3,50.5,338.0,3.9,9.4,175.0,159
2026-06-20 12:00:00+00:00,Lahore,37.8,26,1001.0,2.55,27.8,47.7,407.0,7.5,9.3,165.0,168
2026-06-20 13:00:00+00:00,Lahore,36.8,28,1001.0,2.55,29.2,47.5,642.0,18.4,10.0,140.0,171
2026-06-20 14:00:00+00:00,Lahore,35.7,31,1001.5,2.33,36.0,51.1,959.0,33.3,11.1,104.0,165
2026-06-20 15:00:00+00:00,Lahore,34.2,34,1001.8,2.86,40.2,55.8,1178.0,44.4,11.7,76.0,157
2026-06-20 16:00:00+00:00,Lahore,33.1,37,1002.3,2.44,42.0,61.0,1222.0,48.3,11.7,62.0,156
2026-06-20 17:00:00+00:00,Lahore,32.3,40,1002.2,2.4,46.0,68.7,1168.0,48.3,11.2,56.0,155
2026-06-20 18:00:00+00:00,Lahore,32.1,44,1002.3,2.43,50.5,75.7,1058.0,46.6,10.7,52.0,153
2026-06-20 19:00:00+00:00,Lahore,31.7,47,1001.8,2.45,52.3,79.2,860.0,42.7,10.0,51.0,152
2026-06-20 20:00:00+00:00,Lahore,31.0,50,1001.8,2.59,52.7,81.5,608.0,37.1,9.2,54.0,150
2026-06-20 21:00:00+00:00,Lahore,30.4,55,1001.4,2.35,53.4,83.1,440.0,33.3,8.6,54.0,144
2026-06-20 22:00:00+00:00,Lahore,29.9,58,1001.2,2.05,54.1,83.4,434.0,33.7,8.4,47.0,138
2026-06-20 23:00:00+00:00,Lahore,29.5,59,1001.5,1.76,54.8,83.6,513.0,35.9,8.4,37.0,132
2026-06-21 00:00:00+00:00,Lahore,29.9,61,1001.6,1.32,51.9,89.9,590.0,30.5,7.7,38.0,125
2026-06-21 01:00:00+00:00,Lahore,29.7,64,1001.9,1.22,53.9,90.3,652.0,26.9,8.9,53.0,122
2026-06-21 02:00:00+00:00,Lahore,31.2,59,1002.3,0.47,53.4,93.1,713.0,21.8,10.6,74.0,119
2026-06-21 03:00:00+00:00,Lahore,33.3,50,1002.6,0.67,51.6,98.5,724.0,16.7,11.6,96.0,118
2026-06-21 04:00:00+00:00,Lahore,35.0,41,1002.3,1.32,47.8,96.4,644.0,11.7,11.2,119.0,118
2026-06-21 05:00:00+00:00,Lahore,34.9,39,1002.6,2.96,42.6,91.3,514.0,6.7,10.2,144.0,119
2026-06-21 06:00:00+00:00,Lahore,37.4,28,1001.6,1.71,43.8,97.3,411.0,3.2,9.4,161.0,120
2026-06-21 07:00:00+00:00,Lahore,37.8,27,1001.3,1.3,44.9,100.8,367.0,2.0,9.2,168.0,121
2026-06-21 08:00:00+00:00,Lahore,38.2,27,1000.8,2.31,45.3,102.0,351.0,2.2,9.3,167.0,122
2026-06-21 09:00:00+00:00,Lahore,37.1,29,1000.3,2.08,42.0,93.8,341.0,2.8,9.4,165.0,123
2026-06-21 10:00:00+00:00,Lahore,37.4,27,1000.0,2.25,39.3,87.1,315.0,2.7,9.3,163.0,124
2026-06-21 11:00:00+00:00,Lahore,37.9,24,999.9,2.61,37.6,82.2,297.0,2.9,9.1,159.0,124
2026-06-21 12:00:00+00:00,Lahore,34.9,33,999.7,5.21,35.9,76.1,335.0,5.5,9.0,147.0,132
2026-06-21 13:00:00+00:00,Lahore,32.4,43,1000.1,1.17,35.5,68.0,489.0,10.1,9.7,133.0,138
2026-06-21 14:00:00+00:00,Lahore,31.8,47,1000.4,1.55,36.7,66.8,699.0,16.5,10.6,113.0,135
2026-06-21 15:00:00+00:00,Lahore,31.4,50,1000.5,0.36,39.1,65.7,841.0,22.3,11.3,94.0,127
2026-06-21 16:00:00+00:00,Lahore,31.1,53,1000.9,1.31,40.4,64.7,857.0,26.7,11.6,79.0,127
2026-06-21 17:00:00+00:00,Lahore,30.8,56,1001.2,1.73,41.4,61.5,804.0,30.4,11.6,66.0,126
2026-06-21 18:00:00+00:00,Lahore,27.4,61,1002.2,3.2,42.7,60.3,732.0,33.5,11.5,55.0,126
2026-06-21 19:00:00+00:00,Lahore,27.4,61,1001.6,2.76,42.3,58.7,636.0,35.7,11.2,47.0,125
2026-06-21 20:00:00+00:00,Lahore,27.3,63,1001.4,2.58,42.3,57.6,519.0,37.3,10.7,40.0,124
2026-06-21 21:00:00+00:00,Lahore,27.6,65,1001.2,0.85,43.1,56.6,443.0,38.8,10.4,35.0,123
2026-06-21 22:00:00+00:00,Lahore,26.8,65,1001.6,3.0,44.8,59.3,436.0,41.2,10.5,29.0,122
2026-06-21 23:00:00+00:00,Lahore,26.3,65,1001.9,2.65,45.6,59.5,469.0,43.5,10.7,24.0,121
2026-06-22 00:00:00+00:00,Lahore,26.1,71,1002.8,0.85,34.3,46.3,512.0,24.8,14.1,58.0,120
2026-06-22 01:00:00+00:00,Lahore,25.7,73,1003.0,0.94,36.4,48.1,569.0,23.4,15.8,68.0,118
2026-06-22 02:00:00+00:00,Lahore,26.7,67,1004.1,0.47,38.5,54.1,636.0,21.3,18.1,83.0,116
2026-06-22 03:00:00+00:00,Lahore,28.8,58,1004.3,1.85,38.8,58.4,672.0,18.4,19.4,103.0,115
2026-06-22 04:00:00+00:00,Lahore,30.6,51,1004.6,1.44,37.5,59.6,651.0,14.1,18.7,132.0,113
2026-06-22 05:00:00+00:00,Lahore,32.0,47,1004.6,1.2,37.6,61.0,598.0,9.1,17.0,165.0,112
2026-06-22 06:00:00+00:00,Lahore,33.6,42,1004.3,0.92,37.8,62.6,547.0,5.4,15.5,191.0,112
2026-06-22 07:00:00+00:00,Lahore,34.8,39,1003.9,1.27,38.5,64.3,502.0,4.0,14.5,205.0,111
2026-06-22 08:00:00+00:00,Lahore,34.0,41,1003.6,1.39,39.0,65.7,458.0,3.9,13.7,211.0,111
2026-06-22 09:00:00+00:00,Lahore,34.2,38,1002.8,1.68,41.1,69.6,433.0,4.2,13.1,212.0,113
2026-06-22 10:00:00+00:00,Lahore,34.3,37,1002.3,0.39,38.3,64.3,438.0,4.6,12.7,208.0,143
2026-06-22 11:00:00+00:00,Lahore,34.1,37,1001.7,0.05,36.6,62.6,462.0,5.5,12.5,199.0,165
2026-06-22 12:00:00+00:00,Lahore,34.9,35,1000.5,2.32,27.3,39.6,486.0,7.9,13.5,208.0,180
2026-06-22 13:00:00+00:00,Lahore,34.4,36,1000.5,1.68,26.5,38.6,501.0,18.8,14.2,177.0,192
2026-06-22 14:00:00+00:00,Lahore,33.8,38,1000.9,1.32,32.0,41.9,516.0,33.8,15.2,134.0,194
2026-06-22 15:00:00+00:00,Lahore,33.1,42,1001.1,1.35,37.6,46.3,537.0,45.9,15.9,98.0,185
2026-06-22 16:00:00+00:00,Lahore,32.3,46,1001.5,0.85,39.0,48.3,579.0,52.3,16.2,75.0,168
2026-06-22 17:00:00+00:00,Lahore,31.7,52,1001.6,0.6,39.9,51.1,628.0,55.8,16.2,60.0,145
2026-06-22 18:00:00+00:00,Lahore,32.1,48,1001.3,1.24,42.8,56.2,647.0,56.8,15.8,48.0,113
2026-06-22 19:00:00+00:00,Lahore,31.2,55,1000.9,0.71,45.8,61.0,606.0,54.1,14.7,42.0,107
2026-06-22 20:00:00+00:00,Lahore,30.8,59,1000.8,0.42,45.6,61.2,536.0,48.9,13.1,40.0,107
2026-06-22 21:00:00+00:00,Lahore,29.9,61,1000.8,0.11,46.3,63.3,485.0,45.9,12.0,37.0,108
2026-06-22 22:00:00+00:00,Lahore,29.3,63,1000.8,0.16,48.5,66.8,475.0,48.5,11.5,27.0,108
2026-06-22 23:00:00+00:00,Lahore,28.9,65,1000.7,0.34,51.7,70.3,485.0,53.3,11.4,16.0,108
2026-06-23 00:00:00+00:00,Lahore,29.0,62,1000.6,0.61,72.6,94.8,506.0,75.6,17.4,6.0,109
2026-06-23 01:00:00+00:00,Lahore,28.7,64,1000.8,1.17,76.1,95.5,549.0,63.0,18.7,37.0,113
2026-06-23 02:00:00+00:00,Lahore,30.7,57,1001.0,0.8,60.8,79.4,603.0,45.3,20.4,81.0,117
2026-06-23 03:00:00+00:00,Lahore,33.0,44,1001.2,1.25,42.6,58.6,629.0,29.9,20.7,120.0,119
2026-06-23 04:00:00+00:00,Lahore,34.7,37,1001.1,1.66,32.6,45.9,604.0,19.0,18.1,151.0,120
2026-06-23 05:00:00+00:00,Lahore,35.9,35,1000.9,1.86,28.1,43.9,550.0,10.5,14.0,177.0,119
2026-06-23 06:00:00+00:00,Lahore,33.6,42,1001.6,2.9,28.1,48.1,494.0,4.6,11.1,196.0,118
2026-06-23 07:00:00+00:00,Lahore,35.7,34,1000.6,2.0,29.3,54.2,438.0,2.4,10.5,204.0,117
2026-06-23 08:00:00+00:00,Lahore,36.9,30,999.6,1.66,31.0,60.3,379.0,3.0,11.0,204.0,116
2026-06-23 09:00:00+00:00,Lahore,37.5,28,998.6,1.9,31.7,62.6,338.0,3.9,11.5,201.0,115
2026-06-23 10:00:00+00:00,Lahore,37.9,27,997.9,2.03,31.8,62.6,311.0,3.5,11.4,196.0,150
2026-06-23 11:00:00+00:00,Lahore,37.6,28,997.4,2.53,31.3,61.7,301.0,3.5,11.3,188.0,169
2026-06-23 12:00:00+00:00,Lahore,37.3,28,996.7,2.3,36.9,82.4,339.0,6.6,11.3,164.0,179
2026-06-23 13:00:00+00:00,Lahore,36.5,31,996.8,2.53,37.5,77.1,441.0,16.9,11.7,139.0,181
2026-06-23 14:00:00+00:00,Lahore,35.6,33,997.2,2.66,40.3,78.5,591.0,31.2,12.3,103.0,175
2026-06-23 15:00:00+00:00,Lahore,35.1,34,997.5,2.46,47.6,81.3,770.0,43.1,13.0,74.0,161
2026-06-23 16:00:00+00:00,Lahore,34.7,35,998.0,2.06,54.0,88.0,1026.0,50.5,13.8,56.0,136
2026-06-23 17:00:00+00:00,Lahore,34.5,35,998.4,1.61,55.9,87.5,1311.0,55.5,14.7,44.0,119
2026-06-23 18:00:00+00:00,Lahore,35.4,34,998.3,1.25,55.3,87.3,1458.0,57.8,15.1,36.0,121
2026-06-23 19:00:00+00:00,Lahore,33.7,40,998.6,2.2,54.1,85.7,1354.0,55.8,14.4,32.0,122
2026-06-23 20:00:00+00:00,Lahore,32.5,48,998.8,2.24,53.6,85.2,1112.0,51.2,13.2,33.0,123
2026-06-23 21:00:00+00:00,Lahore,32.0,50,998.8,1.82,53.3,85.2,902.0,48.5,12.4,32.0,124
2026-06-23 22:00:00+00:00,Lahore,29.2,56,1000.1,3.79,53.9,88.2,786.0,51.0,12.2,25.0,124
2026-06-23 23:00:00+00:00,Lahore,28.9,59,1000.4,2.44,56.0,92.7,702.0,55.4,12.3,17.0,125
2026-06-24 00:00:00+00:00,Lahore,31.3,55,999.7,2.26,41.8,63.6,635.0,29.1,9.8,48.0,125
2026-06-24 01:00:00+00:00,Lahore,28.4,62,1000.4,2.94,41.2,58.4,588.0,28.1,11.4,57.0,122
2026-06-24 02:00:00+00:00,Lahore,30.1,58,1000.3,1.5,43.1,65.9,558.0,26.6,13.7,72.0,118
2026-06-24 03:00:00+00:00,Lahore,32.8,47,1000.7,1.74,44.8,80.8,520.0,23.7,15.4,93.0,117
2026-06-24 04:00:00+00:00,Lahore,34.9,40,1000.9,1.79,46.8,92.0,455.0,18.3,16.3,127.0,117
2026-06-24 05:00:00+00:00,Lahore,36.5,34,1000.9,1.51,50.2,105.2,381.0,11.5,16.6,168.0,118
2026-06-24 06:00:00+00:00,Lahore,37.9,27,1000.3,1.7,51.9,114.6,328.0,6.4,16.4,199.0,121
2026-06-24 07:00:00+00:00,Lahore,38.9,25,999.7,1.41,50.3,113.9,305.0,4.3,15.3,211.0,123
2026-06-24 08:00:00+00:00,Lahore,39.4,24,998.9,1.01,46.8,105.5,302.0,3.9,13.5,212.0,125
2026-06-24 09:00:00+00:00,Lahore,39.7,24,998.1,0.75,43.3,96.4,317.0,4.2,12.2,211.0,127
2026-06-24 10:00:00+00:00,Lahore,39.8,25,997.8,0.3,41.0,90.6,341.0,3.8,11.6,211.0,142
2026-06-24 11:00:00+00:00,Lahore,39.1,27,997.4,1.04,40.2,88.7,382.0,4.1,11.3,208.0,166
2026-06-24 12:00:00+00:00,Lahore,37.0,33,997.2,2.41,40.3,88.5,464.0,7.9,11.5,196.0,184
2026-06-24 13:00:00+00:00,Lahore,37.0,32,997.4,2.24,42.4,87.3,637.0,18.4,12.3,167.0,195
2026-06-24 14:00:00+00:00,Lahore,35.7,35,997.5,3.11,46.6,88.7,851.0,32.4,13.5,129.0,195
2026-06-24 15:00:00+00:00,Lahore,34.0,44,998.1,3.04,54.1,91.5,979.0,43.3,14.3,97.0,184
2026-06-24 16:00:00+00:00,Lahore,33.2,47,999.0,2.9,59.5,97.1,948.0,48.7,14.4,75.0,166
2026-06-24 17:00:00+00:00,Lahore,32.6,49,999.8,3.25,63.1,102.2,830.0,51.0,14.2,58.0,142
2026-06-24 18:00:00+00:00,Lahore,32.2,50,1000.1,3.01,60.5,100.4,720.0,50.8,13.7,47.0,133
2026-06-24 19:00:00+00:00,Lahore,31.4,54,1000.2,2.9,55.3,95.5,647.0,46.7,12.9,43.0,134
2026-06-24 20:00:00+00:00,Lahore,30.9,56,1000.1,3.04,52.6,92.0,581.0,40.1,11.9,45.0,134
2026-06-24 21:00:00+00:00,Lahore,30.5,57,1000.1,3.04,51.9,92.9,526.0,35.5,11.4,47.0,134
2026-06-24 22:00:00+00:00,Lahore,30.0,59,999.9,2.97,52.2,94.1,483.0,35.7,11.5,45.0,134
2026-06-24 23:00:00+00:00,Lahore,29.5,62,1000.5,2.38,52.0,94.3,450.0,38.0,12.0,42.0,134
2026-06-25 00:00:00+00:00,Lahore,24.7,93,1003.4,5.14,53.4,96.9,425.0,38.6,12.9,45.0,133
2026-06-25 01:00:00+00:00,Lahore,24.5,94,1003.7,4.66,54.4,89.6,406.0,36.2,14.5,55.0,135
2026-06-25 02:00:00+00:00,Lahore,25.1,89,1004.3,4.05,53.7,85.4,394.0,32.1,16.5,72.0,136
2026-06-25 03:00:00+00:00,Lahore,26.1,80,1004.5,4.05,51.9,93.8,390.0,26.9,17.5,94.0,137
2026-06-25 04:00:00+00:00,Lahore,26.5,77,1005.4,3.61,47.7,90.1,400.0,19.6,16.6,128.0,138
2026-06-25 05:00:00+00:00,Lahore,26.5,80,1005.0,3.31,43.4,81.7,418.0,11.3,14.6,169.0,138
2026-06-25 06:00:00+00:00,Lahore,27.5,70,1005.0,3.4,41.0,73.8,428.0,5.2,12.9,200.0,137
2026-06-25 07:00:00+00:00,Lahore,26.3,77,1004.5,2.92,39.8,69.4,411.0,3.2,11.9,213.0,136
2026-06-25 08:00:00+00:00,Lahore,27.7,72,1003.9,2.49,39.7,67.8,385.0,3.5,11.2,216.0,135
2026-06-25 09:00:00+00:00,Lahore,29.2,68,1003.0,1.64,40.3,67.3,387.0,4.3,10.8,217.0,134
2026-06-25 10:00:00+00:00,Lahore,29.9,66,1002.3,1.21,40.2,65.9,401.0,4.2,10.8,220.0,145
2026-06-25 11:00:00+00:00,Lahore,30.4,64,1001.5,1.27,40.5,65.7,444.0,4.7,11.3,221.0,170
2026-06-25 12:00:00+00:00,Lahore,32.2,55,1001.0,0.99,52.5,125.3,598.0,9.1,10.7,163.0,190
2026-06-25 13:00:00+00:00,Lahore,31.9,56,1001.1,1.13,53.2,125.7,999.0,27.8,12.5,134.0,196
2026-06-25 14:00:00+00:00,Lahore,31.0,63,1001.4,1.13,57.7,109.9,1513.0,53.3,15.0,94.0,190
2026-06-25 15:00:00+00:00,Lahore,30.3,66,1001.4,1.22,66.6,110.1,1817.0,71.1,16.7,62.0,173
2026-06-25 16:00:00+00:00,Lahore,29.6,69,1001.9,0.99,69.8,109.9,1728.0,74.0,17.0,48.0,149
2026-06-25 17:00:00+00:00,Lahore,28.9,72,1002.1,1.2,68.7,103.6,1431.0,69.0,16.4,43.0,140
2026-06-25 18:00:00+00:00,Lahore,29.2,74,1002.0,1.79,66.6,99.0,1153.0,62.9,15.7,40.0,140
2026-06-25 19:00:00+00:00,Lahore,28.7,76,1001.9,1.31,62.9,94.5,958.0,56.7,14.8,39.0,141
2026-06-25 20:00:00+00:00,Lahore,28.6,76,1001.9,1.1,60.3,91.3,783.0,49.4,13.6,41.0,142
2026-06-25 21:00:00+00:00,Lahore,28.3,78,1001.8,0.93,59.8,89.4,672.0,44.0,12.6,41.0,143
2026-06-25 22:00:00+00:00,Lahore,27.9,80,1002.0,0.68,60.1,88.5,663.0,42.9,12.0,36.0,143
2026-06-25 23:00:00+00:00,Lahore,27.5,83,1002.6,0.68,59.8,86.1,717.0,43.9,11.7,29.0,144
2026-06-26 00:00:00+00:00,Lahore,27.9,82,1002.8,1.41,56.6,75.9,765.0,40.4,11.9,34.0,145
2026-06-26 01:00:00+00:00,Lahore,28.1,80,1003.2,0.61,57.3,75.9,790.0,36.7,12.4,50.0,145
2026-06-26 02:00:00+00:00,Lahore,29.2,73,1003.9,0.84,55.9,80.1,808.0,31.2,13.2,73.0,146
2026-06-26 03:00:00+00:00,Lahore,30.5,67,1004.3,1.32,52.3,89.4,797.0,25.3,14.1,101.0,146
2026-06-26 04:00:00+00:00,Lahore,31.8,62,1004.2,0.99,53.8,105.9,740.0,18.4,15.4,137.0,146
2026-06-26 05:00:00+00:00,Lahore,33.0,59,1004.2,1.11,55.4,114.6,654.0,11.0,16.9,178.0,147
2026-06-26 06:00:00+00:00,Lahore,33.5,54,1004.4,0.78,53.3,105.9,570.0,5.7,17.7,210.0,148
2026-06-26 07:00:00+00:00,Lahore,34.5,52,1003.8,1.49,53.6,102.0,486.0,3.8,17.1,225.0,149
2026-06-26 08:00:00+00:00,Lahore,35.4,46,1003.0,2.37,53.6,98.7,403.0,3.9,15.7,231.0,150
2026-06-26 09:00:00+00:00,Lahore,35.3,46,1002.3,2.75,52.6,93.8,361.0,4.6,14.7,234.0,151
2026-06-26 10:00:00+00:00,Lahore,35.3,46,1001.6,2.3,52.9,91.3,344.0,3.7,14.5,240.0,159
2026-06-26 11:00:00+00:00,Lahore,35.3,46,1001.0,1.95,51.9,86.8,366.0,3.5,14.7,242.0,186
2026-06-26 12:00:00+00:00,Lahore,35.8,40,1000.2,1.25,60.5,91.0,513.0,9.3,15.4,226.0,203
2026-06-26 13:00:00+00:00,Lahore,34.9,44,1000.5,0.73,60.8,88.2,927.0,38.1,17.4,181.0,209
2026-06-26 14:00:00+00:00,Lahore,33.2,53,1000.9,0.68,77.1,99.2,1464.0,77.7,20.0,120.0,210
2026-06-26 15:00:00+00:00,Lahore,32.0,63,1001.4,0.47,92.0,114.3,1781.0,105.6,21.9,72.0,204
2026-06-26 16:00:00+00:00,Lahore,31.4,68,1001.8,0.71,98.0,118.5,1671.0,111.7,22.4,51.0,184
2026-06-26 17:00:00+00:00,Lahore,31.0,70,1002.2,0.72,104.8,125.3,1341.0,106.3,22.1,45.0,155
2026-06-26 18:00:00+00:00,Lahore,31.3,75,1002.2,0.4,106.9,128.1,1060.0,97.3,21.2,42.0,155
2026-06-26 19:00:00+00:00,Lahore,30.4,78,1002.0,0.4,98.5,120.6,930.0,84.7,19.4,43.0,157
2026-06-26 20:00:00+00:00,Lahore,29.8,79,1001.8,1.24,94.5,119.0,850.0,68.5,17.1,48.0,158
2026-06-26 21:00:00+00:00,Lahore,29.7,77,1001.7,1.17,94.8,122.0,788.0,57.8,15.4,49.0,159
2026-06-26 22:00:00+00:00,Lahore,29.5,78,1001.9,0.85,97.3,128.5,733.0,58.9,14.9,38.0,160
2026-06-26 23:00:00+00:00,Lahore,29.1,80,1002.1,0.78,102.9,139.2,696.0,65.3,15.2,24.0,161
2026-06-27 00:00:00+00:00,Lahore,29.0,85,1001.9,0.16,106.4,130.9,684.0,59.9,13.5,25.0,162
2026-06-27 01:00:00+00:00,Lahore,28.9,87,1002.4,1.3,106.4,130.4,727.0,50.7,14.9,51.0,164
2026-06-27 02:00:00+00:00,Lahore,30.6,77,1002.8,1.42,96.4,126.7,795.0,37.7,16.8,89.0,165
2026-06-27 03:00:00+00:00,Lahore,32.6,65,1003.0,1.41,77.5,124.3,805.0,26.1,18.1,127.0,166
2026-06-27 04:00:00+00:00,Lahore,34.5,52,1002.9,1.6,72.9,124.3,697.0,17.4,18.4,165.0,167
2026-06-27 05:00:00+00:00,Lahore,35.7,46,1002.8,1.46,71.5,118.7,531.0,10.2,18.1,203.0,168
2026-06-27 06:00:00+00:00,Lahore,36.5,45,1002.7,1.41,68.2,109.7,408.0,5.2,17.4,230.0,168
2026-06-27 07:00:00+00:00,Lahore,37.0,44,1002.3,1.22,65.4,103.8,374.0,3.3,16.1,240.0,168
2026-06-27 08:00:00+00:00,Lahore,37.4,42,1001.4,0.9,62.4,99.0,383.0,3.6,14.3,238.0,169
2026-06-27 09:00:00+00:00,Lahore,37.8,41,1000.6,0.62,59.5,94.1,399.0,4.4,12.9,234.0,169
2026-06-27 10:00:00+00:00,Lahore,37.9,41,999.8,0.68,57.0,88.0,383.0,4.0,12.1,231.0,181
2026-06-27 11:00:00+00:00,Lahore,37.8,41,998.7,0.56,54.1,81.3,375.0,4.1,11.8,226.0,201
2026-06-27 12:00:00+00:00,Lahore,38.2,38,998.0,1.33,57.0,85.0,451.0,8.4,12.6,213.0,208
2026-06-27 13:00:00+00:00,Lahore,37.3,41,998.0,1.2,57.9,80.6,696.0,29.5,14.0,173.0,211
2026-06-27 14:00:00+00:00,Lahore,35.4,53,998.1,0.52,65.0,85.0,1025.0,59.0,16.0,118.0,209
2026-06-27 15:00:00+00:00,Lahore,34.1,62,998.1,0.79,79.9,99.9,1269.0,83.8,17.8,72.0,202
2026-06-27 16:00:00+00:00,Lahore,33.6,61,998.6,1.98,90.1,110.8,1353.0,100.5,19.4,45.0,177
2026-06-27 17:00:00+00:00,Lahore,33.3,56,998.8,1.86,100.8,121.1,1352.0,112.4,20.9,27.0,168
2026-06-27 18:00:00+00:00,Lahore,33.7,56,998.6,2.2,99.0,116.4,1314.0,116.6,21.6,17.0,168
2026-06-27 19:00:00+00:00,Lahore,33.0,59,998.7,2.04,95.2,111.1,1253.0,109.0,20.9,16.0,168
2026-06-27 20:00:00+00:00,Lahore,32.7,58,998.7,2.02,92.0,107.3,1155.0,93.7,19.4,23.0,168
2026-06-27 21:00:00+00:00,Lahore,32.4,58,998.7,2.15,88.7,103.8,1033.0,79.5,18.0,30.0,168
2026-06-27 22:00:00+00:00,Lahore,32.0,59,998.5,2.3,85.2,99.9,861.0,70.0,16.9,31.0,168
2026-06-27 23:00:00+00:00,Lahore,27.1,82,1000.6,5.12,82.9,97.8,664.0,61.7,16.0,32.0,167
2026-06-28 00:00:00+00:00,Lahore,32.4,60,997.8,3.0,77.5,92.0,533.0,47.7,16.3,48.0,167
2026-06-28 01:00:00+00:00,Lahore,26.5,85,1000.4,6.82,74.5,88.5,530.0,40.9,16.5,71.0,166
2026-06-28 02:00:00+00:00,Lahore,27.3,85,999.7,2.09,72.6,87.3,593.0,31.4,16.8,103.0,165
2026-06-28 03:00:00+00:00,Lahore,30.1,73,1000.3,2.51,67.8,87.3,624.0,22.7,17.1,136.0,164
2026-06-28 04:00:00+00:00,Lahore,32.4,65,1000.2,2.79,64.7,85.4,573.0,15.7,17.5,169.0,164
2026-06-28 05:00:00+00:00,Lahore,34.6,57,1000.1,2.67,61.9,83.6,489.0,9.5,17.9,202.0,164
2026-06-28 06:00:00+00:00,Lahore,36.2,51,999.9,2.52,58.2,80.3,422.0,5.1,17.6,223.0,163
2026-06-28 07:00:00+00:00,Lahore,37.6,44,999.3,2.22,52.4,75.2,393.0,3.2,16.0,225.0,163
2026-06-28 08:00:00+00:00,Lahore,38.7,40,998.6,1.85,47.3,70.8,382.0,3.0,13.8,214.0,163
2026-06-28 09:00:00+00:00,Lahore,39.3,37,997.4,1.77,44.5,67.8,374.0,3.3,11.9,202.0,162
2026-06-28 10:00:00+00:00,Lahore,39.7,35,996.6,1.81,40.7,63.3,331.0,2.5,10.7,192.0,173
2026-06-28 11:00:00+00:00,Lahore,39.6,35,996.0,1.73,36.1,58.3,292.0,2.0,9.9,181.0,187
2026-06-28 12:00:00+00:00,Lahore,39.0,36,995.7,1.7,32.1,54.6,361.0,5.2,9.7,164.0,194
2026-06-28 13:00:00+00:00,Lahore,38.2,39,995.6,1.45,32.4,53.1,659.0,15.4,10.5,137.0,193
2026-06-28 14:00:00+00:00,Lahore,36.5,53,995.6,0.68,37.5,56.6,1066.0,29.1,11.9,104.0,183
2026-06-28 15:00:00+00:00,Lahore,35.6,53,995.9,1.0,46.8,66.6,1322.0,39.5,12.9,77.0,164
2026-06-28 16:00:00+00:00,Lahore,34.9,54,996.3,2.1,53.6,73.1,1289.0,43.8,13.1,59.0,157
2026-06-28 17:00:00+00:00,Lahore,34.7,53,996.6,2.25,54.6,74.3,1105.0,44.7,12.9,46.0,156
2026-06-28 18:00:00+00:00,Lahore,35.9,47,996.7,3.0,52.6,74.5,926.0,43.6,12.4,38.0,155
2026-06-28 19:00:00+00:00,Lahore,35.1,48,996.5,3.0,48.2,75.0,788.0,39.5,11.5,37.0,154
2026-06-28 20:00:00+00:00,Lahore,34.5,49,996.2,2.9,45.3,80.1,654.0,33.3,10.3,41.0,152
2026-06-28 21:00:00+00:00,Lahore,33.8,50,996.0,2.8,43.4,82.2,570.0,29.6,9.4,43.0,151
2026-06-28 22:00:00+00:00,Lahore,33.2,52,996.3,1.81,44.7,86.8,567.0,31.5,9.1,36.0,148
2026-06-28 23:00:00+00:00,Lahore,32.2,56,996.8,0.89,47.8,93.6,613.0,35.9,9.2,28.0,144
2026-06-29 00:00:00+00:00,Lahore,32.8,60,996.2,1.4,40.3,49.4,660.0,33.0,9.2,37.0,140
2026-06-29 01:00:00+00:00,Lahore,32.6,61,996.5,1.74,46.3,54.8,706.0,30.0,10.4,55.0,136
2026-06-29 02:00:00+00:00,Lahore,33.6,57,996.5,0.63,52.7,62.2,752.0,25.6,12.0,82.0,133
2026-06-29 03:00:00+00:00,Lahore,35.2,50,996.9,1.0,53.3,67.8,757.0,20.9,13.3,111.0,131
2026-06-29 04:00:00+00:00,Lahore,36.4,47,997.3,1.85,50.3,66.1,689.0,15.6,13.9,147.0,130
2026-06-29 05:00:00+00:00,Lahore,37.6,43,997.4,2.29,45.6,61.7,580.0,9.9,14.1,186.0,128
2026-06-29 06:00:00+00:00,Lahore,38.3,39,997.7,1.79,42.1,59.4,484.0,5.7,13.9,212.0,127
2026-06-29 07:00:00+00:00,Lahore,38.9,38,997.4,1.88,39.2,59.4,416.0,4.0,13.2,217.0,125
2026-06-29 08:00:00+00:00,Lahore,39.7,36,996.8,2.06,37.3,62.2,361.0,3.8,12.0,209.0,123
2026-06-29 09:00:00+00:00,Lahore,40.1,35,996.1,2.27,34.6,63.3,328.0,4.1,10.9,197.0,126
2026-06-29 10:00:00+00:00,Lahore,40.3,34,995.5,2.2,32.0,64.7,313.0,4.0,9.8,183.0,154
2026-06-29 11:00:00+00:00,Lahore,40.1,35,994.7,1.9,32.7,71.2,320.0,4.4,8.8,164.0,171
2026-06-29 12:00:00+00:00,Lahore,40.2,32,994.5,2.58,34.2,77.3,367.0,7.6,9.3,154.0,179
2026-06-29 13:00:00+00:00,Lahore,39.6,34,994.2,2.16,35.5,75.7,494.0,18.9,10.3,129.0,180
2026-06-29 14:00:00+00:00,Lahore,39.0,36,994.1,2.27,41.6,82.2,662.0,34.7,11.7,93.0,171
2026-06-29 15:00:00+00:00,Lahore,37.9,41,994.5,1.45,47.7,86.8,771.0,47.1,12.9,64.0,152
2026-06-29 16:00:00+00:00,Lahore,36.8,46,995.2,0.56,51.2,96.9,765.0,53.0,13.6,47.0,121
2026-06-29 17:00:00+00:00,Lahore,35.9,48,995.8,0.4,57.3,109.2,701.0,55.6,14.0,37.0,121
2026-06-29 18:00:00+00:00,Lahore,37.0,44,995.5,2.32,62.9,117.1,648.0,57.1,14.1,29.0,121
2026-06-29 19:00:00+00:00,Lahore,35.9,47,995.5,1.86,65.7,121.5,646.0,58.2,13.7,22.0,122
2026-06-29 20:00:00+00:00,Lahore,35.1,49,995.6,1.5,69.2,124.3,656.0,58.3,13.0,17.0,124
2026-06-29 21:00:00+00:00,Lahore,34.4,51,995.2,1.41,70.8,123.9,633.0,57.3,12.4,15.0,127
2026-06-29 22:00:00+00:00,Lahore,33.2,56,995.7,1.54,70.8,117.6,534.0,55.1,11.8,12.0,129
2026-06-29 23:00:00+00:00,Lahore,31.6,70,995.9,2.57,68.9,110.6,402.0,51.8,11.4,12.0,132
2026-06-30 00:00:00+00:00,Lahore,33.7,57,995.5,1.03,68.9,128.1,319.0,48.7,12.3,16.0,134
2026-06-30 01:00:00+00:00,Lahore,32.8,63,996.3,1.71,68.9,128.1,332.0,43.4,13.3,35.0,137
2026-06-30 02:00:00+00:00,Lahore,31.7,69,996.9,2.91,68.2,132.2,395.0,35.8,14.6,64.0,140
2026-06-30 03:00:00+00:00,Lahore,33.3,63,997.3,2.05,65.2,133.6,453.0,28.1,15.5,97.0,141
2026-06-30 04:00:00+00:00,Lahore,35.3,55,997.5,1.68,63.1,127.1,497.0,20.4,15.7,140.0,143
2026-06-30 05:00:00+00:00,Lahore,37.5,46,997.6,1.08,62.6,123.4,537.0,12.7,15.5,189.0,144
2026-06-30 06:00:00+00:00,Lahore,38.3,41,997.9,1.78,61.5,121.5,542.0,7.0,14.9,220.0,146
2026-06-30 07:00:00+00:00,Lahore,38.9,39,997.7,2.11,61.0,123.4,484.0,4.5,13.8,222.0,148
2026-06-30 08:00:00+00:00,Lahore,39.4,38,997.3,2.37,57.0,119.0,391.0,4.0,12.4,208.0,150
2026-06-30 09:00:00+00:00,Lahore,39.5,34,996.8,2.47,54.9,118.7,326.0,4.3,11.2,192.0,151
2026-06-30 10:00:00+00:00,Lahore,38.9,38,996.1,2.61,53.7,119.7,318.0,4.9,10.4,179.0,151
2026-06-30 11:00:00+00:00,Lahore,39.1,38,995.4,1.92,53.4,122.5,337.0,6.3,9.8,164.0,168
2026-06-30 12:00:00+00:00,Lahore,39.4,35,995.2,1.75,57.6,135.0,355.0,9.4,8.8,141.0,179
2026-06-30 13:00:00+00:00,Lahore,38.8,36,995.3,2.5,58.7,127.1,360.0,14.3,9.1,124.0,179
2026-06-30 14:00:00+00:00,Lahore,38.0,36,995.4,3.1,59.5,122.0,365.0,21.0,9.5,100.0,169
2026-06-30 15:00:00+00:00,Lahore,37.2,38,996.0,2.61,59.8,111.5,378.0,26.3,9.9,81.0,154
2026-06-30 16:00:00+00:00,Lahore,36.8,40,996.1,2.35,60.5,103.8,408.0,29.2,10.2,71.0,155
2026-06-30 17:00:00+00:00,Lahore,33.9,55,997.1,3.75,62.4,99.0,446.0,30.6,10.5,65.0,155
2026-06-30 18:00:00+00:00,Lahore,35.6,47,997.1,2.28,62.9,92.9,472.0,30.3,11.2,64.0,155
2026-06-30 19:00:00+00:00,Lahore,34.0,56,997.0,2.34,61.0,87.8,472.0,27.2,12.6,69.0,155
2026-06-30 20:00:00+00:00,Lahore,33.1,61,996.7,2.38,65.4,120.1,459.0,22.3,14.4,78.0,155
2026-06-30 21:00:00+00:00,Lahore,32.6,63,996.8,3.12,78.2,207.2,455.0,18.1,15.5,86.0,155
2026-06-30 22:00:00+00:00,Lahore,32.3,65,996.9,2.86,98.5,328.8,473.0,15.3,15.3,90.0,155
2026-06-30 23:00:00+00:00,Lahore,31.8,72,997.7,2.26,107.6,375.3,500.0,13.2,14.6,92.0,156
2026-07-01 00:00:00+00:00,Lahore,31.3,76,997.2,2.92,119.2,395.8,520.0,13.9,13.0,87.0,157
2026-07-01 01:00:00+00:00,Lahore,31.0,79,997.4,3.05,111.5,374.4,531.0,14.5,13.3,87.0,159
2026-07-01 02:00:00+00:00,Lahore,30.3,80,998.2,3.51,123.9,476.8,537.0,15.1,13.7,88.0,160
2026-07-01 03:00:00+00:00,Lahore,31.3,75,999.0,4.65,128.5,499.2,528.0,14.7,14.0,96.0,162
2026-07-01 04:00:00+00:00,Lahore,33.5,66,999.2,4.47,140.6,540.2,496.0,12.1,14.2,120.0,163
2026-07-01 05:00:00+00:00,Lahore,34.6,61,999.4,4.34,156.9,597.9,449.0,8.4,14.4,151.0,166
2026-07-01 06:00:00+00:00,Lahore,34.2,61,999.7,3.57,168.1,653.8,412.0,5.8,14.1,173.0,169
2026-07-01 07:00:00+00:00,Lahore,35.5,57,999.2,2.67,172.3,665.0,389.0,5.2,13.1,178.0,172
2026-07-01 08:00:00+00:00,Lahore,36.9,52,998.2,2.25,158.8,597.9,375.0,5.7,11.6,174.0,175
2026-07-01 09:00:00+00:00,Lahore,36.5,51,997.6,2.88,153.2,558.8,374.0,6.4,10.6,171.0,178
2026-07-01 10:00:00+00:00,Lahore,34.0,61,997.7,3.2,163.4,594.2,392.0,7.0,10.3,173.0,181
2026-07-01 11:00:00+00:00,Lahore,34.5,59,996.9,2.4,163.9,594.2,423.0,7.8,10.4,176.0,189
2026-07-01 12:00:00+00:00,Lahore,35.7,52,996.1,3.44,153.2,467.5,460.0,9.1,10.4,164.0,199
2026-07-01 13:00:00+00:00,Lahore,35.5,52,996.2,3.6,132.7,349.2,511.0,18.7,10.3,139.0,216
2026-07-01 14:00:00+00:00,Lahore,34.3,58,996.8,3.73,127.1,297.1,568.0,31.7,10.2,104.0,229
2026-07-01 15:00:00+00:00,Lahore,32.8,65,997.8,3.62,133.2,321.3,595.0,39.8,10.1,78.0,240
2026-07-01 16:00:00+00:00,Lahore,29.7,80,1000.3,3.71,137.4,345.5,572.0,38.2,10.1,72.0,252
2026-07-01 17:00:00+00:00,Lahore,28.2,88,999.7,3.55,137.4,377.2,519.0,31.6,10.2,75.0,267
2026-07-01 18:00:00+00:00,Lahore,28.3,77,1001.4,4.63,142.0,451.7,469.0,25.9,10.3,76.0,283
2026-07-01 19:00:00+00:00,Lahore,27.2,81,1000.2,2.76,148.5,510.4,428.0,23.2,10.5,69.0,304
2026-07-01 20:00:00+00:00,Lahore,27.1,83,999.4,3.67,149.5,516.0,389.0,21.5,10.8,60.0,326
2026-07-01 21:00:00+00:00,Lahore,27.0,86,999.4,3.29,143.0,486.2,360.0,20.4,11.0,53.0,347
2026-07-01 22:00:00+00:00,Lahore,27.0,85,1000.0,2.86,122.9,388.4,342.0,20.2,11.1,48.0,361
2026-07-01 23:00:00+00:00,Lahore,26.8,86,1000.5,2.55,102.0,296.2,334.0,20.7,11.1,44.0,364
2026-07-02 00:00:00+00:00,Lahore,25.7,91,999.8,3.21,106.6,366.0,348.0,19.2,12.9,57.0,360
2026-07-02 01:00:00+00:00,Lahore,25.5,90,1002.1,3.95,111.8,394.9,410.0,20.2,14.0,61.0,359
2026-07-02 02:00:00+00:00,Lahore,25.2,95,1000.9,3.71,119.0,460.1,493.0,21.3,15.6,68.0,360
2026-07-02 03:00:00+00:00,Lahore,26.3,91,1001.1,2.71,121.1,471.2,532.0,20.7,16.4,83.0,359
2026-07-02 04:00:00+00:00,Lahore,28.2,81,1001.3,1.71,117.6,442.4,480.0,16.7,16.0,114.0,357
2026-07-02 05:00:00+00:00,Lahore,30.0,73,1001.1,2.05,114.6,416.3,384.0,10.9,14.9,154.0,352
2026-07-02 06:00:00+00:00,Lahore,30.8,70,1002.2,1.58,114.8,413.5,313.0,6.4,13.7,183.0,343
2026-07-02 07:00:00+00:00,Lahore,32.0,64,1001.7,1.05,113.4,399.5,298.0,4.5,12.3,194.0,330
2026-07-02 08:00:00+00:00,Lahore,33.0,61,1001.0,1.14,107.3,357.6,309.0,4.0,10.7,194.0,316
2026-07-02 09:00:00+00:00,Lahore,33.6,59,1000.1,1.39,100.8,317.6,322.0,4.2,9.6,193.0,304
2026-07-02 10:00:00+00:00,Lahore,33.8,59,999.3,1.53,95.2,286.8,288.0,4.0,9.3,195.0,290
2026-07-02 11:00:00+00:00,Lahore,33.6,59,998.6,1.81,90.8,262.6,256.0,4.6,9.4,196.0,272
2026-07-02 12:00:00+00:00,Lahore,33.5,59,999.0,2.18,73.6,205.4,356.0,7.8,8.1,168.0,252
2026-07-02 13:00:00+00:00,Lahore,33.3,60,998.7,1.95,74.7,188.6,755.0,17.4,8.8,144.0,236
2026-07-02 14:00:00+00:00,Lahore,32.5,64,998.6,1.9,76.8,158.8,1285.0,30.8,9.7,110.0,227
2026-07-02 15:00:00+00:00,Lahore,31.9,67,999.2,1.46,79.9,155.5,1572.0,41.4,10.6,82.0,219
2026-07-02 16:00:00+00:00,Lahore,31.3,73,1000.3,1.6,83.6,152.3,1376.0,47.3,11.4,66.0,209
2026-07-02 17:00:00+00:00,Lahore,30.8,76,1001.1,2.06,86.1,150.4,937.0,50.4,12.1,56.0,199
2026-07-02 18:00:00+00:00,Lahore,31.2,72,1001.4,2.66,86.1,148.1,595.0,50.3,12.5,51.0,194
2026-07-02 19:00:00+00:00,Lahore,30.6,74,1001.4,2.81,83.1,140.6,494.0,44.9,12.4,53.0,188
2026-07-02 20:00:00+00:00,Lahore,30.1,76,1001.1,2.32,78.7,130.4,490.0,36.2,11.9,60.0,184
2026-07-02 21:00:00+00:00,Lahore,29.7,79,1001.2,2.2,73.3,117.6,494.0,29.7,11.8,65.0,182
2026-07-02 22:00:00+00:00,Lahore,29.4,81,1001.4,2.4,67.1,102.0,474.0,28.1,12.3,61.0,180
2026-07-02 23:00:00+00:00,Lahore,29.1,82,1001.5,2.41,60.3,84.8,463.0,28.5,13.0,54.0,178
2026-07-03 00:00:00+00:00,Lahore,29.4,83,1001.9,1.55,48.0,56.3,467.0,21.4,10.2,76.0,177
2026-07-03 01:00:00+00:00,Lahore,29.4,83,1002.4,1.42,47.6,53.2,506.0,20.5,12.1,89.0,175
2026-07-03 02:00:00+00:00,Lahore,30.7,76,1002.3,1.25,38.5,41.8,560.0,19.0,14.7,107.0,173
2026-07-03 03:00:00+00:00,Lahore,32.1,69,1001.9,2.89,27.1,28.1,582.0,16.8,16.0,126.0,171
2026-07-03 04:00:00+00:00,Lahore,33.6,61,1001.5,3.73,22.8,23.2,536.0,13.1,14.9,147.0,168
2026-07-03 05:00:00+00:00,Lahore,34.5,56,1001.1,3.72,21.5,24.0,456.0,8.6,12.7,169.0,165
2026-07-03 06:00:00+00:00,Lahore,35.6,51,1002.2,1.49,22.1,28.1,400.0,5.3,10.8,187.0,162
2026-07-03 07:00:00+00:00,Lahore,35.7,52,1001.9,1.66,23.3,32.1,394.0,4.1,9.9,198.0,160
2026-07-03 08:00:00+00:00,Lahore,35.9,50,1001.1,1.63,23.9,33.6,412.0,4.1,9.4,204.0,157
2026-07-03 09:00:00+00:00,Lahore,36.3,48,999.9,0.97,24.3,34.3,425.0,4.7,9.2,208.0,155
2026-07-03 10:00:00+00:00,Lahore,36.6,47,999.0,0.92,24.7,35.4,414.0,5.0,9.2,211.0,152
2026-07-03 11:00:00+00:00,Lahore,36.6,47,998.3,0.86,25.2,35.7,399.0,5.9,9.4,212.0,169
2026-07-03 12:00:00+00:00,Lahore,37.2,42,997.4,1.81,49.2,82.4,411.0,9.0,11.4,204.0,182
2026-07-03 13:00:00+00:00,Lahore,36.2,45,997.9,2.45,50.8,82.0,476.0,20.6,12.2,175.0,191
2026-07-03 14:00:00+00:00,Lahore,35.1,49,998.2,2.72,57.2,78.5,569.0,36.2,13.3,135.0,192
2026-07-03 15:00:00+00:00,Lahore,34.7,49,998.6,2.26,59.6,75.7,645.0,46.2,13.7,104.0,184
2026-07-03 16:00:00+00:00,Lahore,34.5,50,999.4,1.94,58.6,72.6,689.0,45.1,12.7,91.0,169
2026-07-03 17:00:00+00:00,Lahore,33.6,55,999.8,2.41,55.2,67.5,717.0,38.3,11.0,88.0,151
2026-07-03 18:00:00+00:00,Lahore,33.6,57,999.2,2.34,51.3,61.0,731.0,31.9,9.5,85.0,129
2026-07-03 19:00:00+00:00,Lahore,32.6,62,999.3,1.98,46.9,53.8,729.0,27.7,8.3,81.0,125
2026-07-03 20:00:00+00:00,Lahore,32.3,64,999.5,1.77,43.8,48.9,714.0,23.9,7.2,77.0,121
2026-07-03 21:00:00+00:00,Lahore,32.0,65,999.7,1.79,42.5,47.1,693.0,21.9,6.7,73.0,118
2026-07-03 22:00:00+00:00,Lahore,31.7,66,999.6,1.46,42.4,47.3,667.0,22.9,6.8,64.0,115
2026-07-03 23:00:00+00:00,Lahore,31.4,67,999.5,1.7,43.0,47.8,635.0,25.6,7.5,53.0,112
2026-07-04 00:00:00+00:00,Lahore,27.8,85,1000.6,2.72,46.9,53.8,606.0,25.2,8.7,58.0,110
2026-07-04 01:00:00+00:00,Lahore,28.2,87,1000.2,1.22,47.0,52.7,584.0,23.6,9.6,71.0,110
2026-07-04 02:00:00+00:00,Lahore,30.6,73,1000.6,0.99,46.0,52.5,564.0,21.2,10.9,89.0,110
2026-07-04 03:00:00+00:00,Lahore,32.9,60,1000.6,1.36,43.5,50.4,541.0,18.1,11.5,111.0,111
2026-07-04 04:00:00+00:00,Lahore,34.2,57,1000.2,2.11,41.7,48.5,508.0,13.8,11.0,140.0,112
2026-07-04 05:00:00+00:00,Lahore,35.5,52,1000.0,1.86,41.3,48.9,471.0,8.9,10.0,172.0,114
2026-07-04 06:00:00+00:00,Lahore,36.5,49,1000.4,2.26,41.1,51.3,451.0,5.3,9.0,195.0,117
2026-07-04 07:00:00+00:00,Lahore,37.0,48,999.5,1.71,39.0,49.6,457.0,3.9,8.3,203.0,118
2026-07-04 08:00:00+00:00,Lahore,37.2,47,998.4,1.37,37.5,48.2,480.0,3.8,7.8,201.0,120
2026-07-04 09:00:00+00:00,Lahore,37.8,44,997.6,1.35,35.9,46.1,505.0,4.3,7.5,199.0,122
2026-07-04 10:00:00+00:00,Lahore,37.9,42,996.8,1.28,35.3,45.3,528.0,4.5,7.6,201.0,145
2026-07-04 11:00:00+00:00,Lahore,37.8,41,996.0,1.05,38.5,51.3,553.0,5.4,8.0,203.0,164
2026-07-04 12:00:00+00:00,Lahore,37.3,46,995.7,1.38,75.9,103.6,583.0,9.7,10.4,202.0,179
2026-07-04 13:00:00+00:00,Lahore,36.9,47,995.2,1.6,77.3,102.7,626.0,24.0,11.5,170.0,189
2026-07-04 14:00:00+00:00,Lahore,36.3,48,995.5,1.01,83.4,106.4,674.0,43.5,13.1,125.0,188
2026-07-04 15:00:00+00:00,Lahore,34.6,56,995.9,2.77,89.6,107.6,704.0,55.9,14.3,92.0,177
2026-07-04 16:00:00+00:00,Lahore,34.1,59,996.4,2.39,87.5,103.6,701.0,54.9,14.7,82.0,160
2026-07-04 17:00:00+00:00,Lahore,33.4,63,996.9,2.62,84.5,99.4,679.0,46.8,14.6,85.0,140
2026-07-04 18:00:00+00:00,Lahore,33.8,64,996.8,2.76,80.1,93.8,659.0,38.8,14.7,89.0,143
2026-07-04 19:00:00+00:00,Lahore,33.4,64,997.2,2.55,74.7,87.1,649.0,32.6,15.1,94.0,146
2026-07-04 20:00:00+00:00,Lahore,33.0,65,997.1,2.4,70.1,81.3,639.0,26.4,15.5,101.0,149
2026-07-04 21:00:00+00:00,Lahore,32.7,66,996.8,2.51,67.5,77.3,624.0,22.5,16.0,104.0,150
2026-07-04 22:00:00+00:00,Lahore,32.2,69,997.0,2.04,66.6,75.9,590.0,22.6,16.3,95.0,151
2026-07-04 23:00:00+00:00,Lahore,29.2,76,998.4,5.6,67.1,76.6,550.0,25.0,16.7,82.0,152
2026-07-05 00:00:00+00:00,Lahore,28.7,78,998.7,3.45,66.4,84.8,534.0,21.6,18.7,93.0,153
2026-07-05 01:00:00+00:00,Lahore,28.1,88,998.4,1.95,66.1,87.8,573.0,20.9,19.4,100.0,153
2026-07-05 02:00:00+00:00,Lahore,30.5,74,998.8,2.06,66.8,93.6,635.0,19.9,20.3,111.0,154
2026-07-05 03:00:00+00:00,Lahore,31.9,69,999.1,1.31,65.2,94.3,660.0,17.9,21.0,128.0,154
2026-07-05 04:00:00+00:00,Lahore,33.9,62,999.0,1.53,64.7,90.6,607.0,14.2,21.2,157.0,155
2026-07-05 05:00:00+00:00,Lahore,35.7,55,998.6,1.59,66.8,94.8,516.0,9.6,21.2,191.0,156
2026-07-05 06:00:00+00:00,Lahore,35.5,54,999.3,1.75,68.5,99.2,448.0,6.0,20.6,217.0,156
2026-07-05 07:00:00+00:00,Lahore,36.4,50,998.5,1.46,70.1,102.2,430.0,4.3,19.1,226.0,157
2026-07-05 08:00:00+00:00,Lahore,37.2,46,997.8,1.25,71.0,103.8,436.0,3.8,17.1,226.0,158
2026-07-05 09:00:00+00:00,Lahore,37.6,44,997.1,0.89,70.3,103.1,442.0,3.8,15.5,223.0,159
2026-07-05 10:00:00+00:00,Lahore,38.1,42,996.3,0.2,68.5,100.8,439.0,3.1,14.6,224.0,173
2026-07-05 11:00:00+00:00,Lahore,38.1,41,995.4,0.65,67.1,98.7,437.0,3.0,14.2,222.0,191
2026-07-05 12:00:00+00:00,Lahore,37.2,46,995.1,0.32,91.3,132.7,445.0,7.5,16.0,210.0,203
2026-07-05 13:00:00+00:00,Lahore,37.1,45,994.5,0.78,90.8,131.8,471.0,21.1,17.2,179.0,206
2026-07-05 14:00:00+00:00,Lahore,36.4,47,994.9,1.03,98.3,135.5,507.0,39.6,18.8,136.0,205
2026-07-05 15:00:00+00:00,Lahore,35.5,53,995.4,1.61,110.8,143.9,536.0,51.7,19.7,103.0,200
2026-07-05 16:00:00+00:00,Lahore,34.9,55,996.5,2.33,113.2,138.8,555.0,51.7,19.4,88.0,180
2026-07-05 17:00:00+00:00,Lahore,34.4,58,997.1,2.64,111.1,131.8,568.0,45.3,18.4,83.0,165
2026-07-05 18:00:00+00:00,Lahore,34.8,59,997.0,2.64,105.5,122.5,569.0,38.4,17.5,81.0,166
2026-07-05 19:00:00+00:00,Lahore,34.2,61,996.8,2.48,99.2,113.4,546.0,32.4,17.1,83.0,166
2026-07-05 20:00:00+00:00,Lahore,33.6,61,996.8,2.49,94.1,106.4,512.0,26.0,16.8,89.0,167
2026-07-05 21:00:00+00:00,Lahore,33.1,64,996.9,2.23,90.3,101.7,497.0,20.9,16.1,94.0,168
2026-07-05 22:00:00+00:00,Lahore,32.5,68,996.7,2.13,87.5,97.8,525.0,17.5,14.5,95.0,168
2026-07-05 23:00:00+00:00,Lahore,32.0,72,997.1,2.39,82.7,91.3,572.0,15.4,12.5,95.0,169
2026-07-06 00:00:00+00:00,Lahore,31.0,73,997.7,3.08,67.3,72.4,598.0,14.6,7.3,95.0,169
2026-07-06 01:00:00+00:00,Lahore,29.7,79,998.9,3.47,57.4,62.9,583.0,15.9,7.4,98.0,170
2026-07-06 02:00:00+00:00,Lahore,30.0,77,999.5,2.75,49.5,53.6,549.0,17.6,7.4,102.0,169
2026-07-06 03:00:00+00:00,Lahore,31.4,69,999.6,2.75,35.2,38.5,515.0,17.7,7.6,111.0,169
2026-07-06 04:00:00+00:00,Lahore,33.0,62,999.6,3.02,30.0,34.0,487.0,14.7,7.9,129.0,168
2026-07-06 05:00:00+00:00,Lahore,34.5,56,999.4,3.01,29.0,33.4,460.0,10.1,8.3,152.0,167
2026-07-06 06:00:00+00:00,Lahore,33.0,58,1000.0,2.87,29.7,34.1,445.0,6.6,8.5,170.0,166
2026-07-06 07:00:00+00:00,Lahore,33.4,59,999.3,2.25,30.2,35.2,448.0,5.3,8.3,179.0,165
2026-07-06 08:00:00+00:00,Lahore,34.7,56,998.3,2.26,30.5,35.4,463.0,5.1,7.9,182.0,163
2026-07-06 09:00:00+00:00,Lahore,35.4,54,997.5,2.1,30.9,35.7,478.0,5.6,7.6,181.0,162
2026-07-06 10:00:00+00:00,Lahore,35.8,53,996.8,1.73,30.9,35.7,481.0,5.8,7.4,177.0,161
2026-07-06 11:00:00+00:00,Lahore,35.9,52,996.1,1.5,30.3,34.9,484.0,6.8,7.4,170.0,160
2026-07-06 12:00:00+00:00,Lahore,36.0,50,995.8,1.2,67.8,83.8,516.0,10.2,8.7,170.0,159
2026-07-06 13:00:00+00:00,Lahore,35.2,54,995.9,1.77,69.2,84.1,609.0,23.3,9.6,141.0,158
2026-07-06 14:00:00+00:00,Lahore,34.3,58,996.4,2.36,75.7,85.7,730.0,41.2,10.9,101.0,157
2026-07-06 15:00:00+00:00,Lahore,33.3,62,996.9,2.31,78.0,85.7,809.0,53.4,11.7,70.0,157
2026-07-06 16:00:00+00:00,Lahore,32.6,66,997.8,2.22,75.7,82.7,805.0,55.1,11.8,58.0,156
2026-07-06 17:00:00+00:00,Lahore,32.2,68,998.4,2.29,74.7,81.5,758.0,51.2,11.5,55.0,155
2026-07-06 18:00:00+00:00,Lahore,32.8,65,998.9,0.93,73.8,80.8,717.0,45.8,11.1,55.0,154
2026-07-06 19:00:00+00:00,Lahore,31.5,74,998.2,1.74,71.0,79.6,699.0,38.5,10.4,60.0,153
2026-07-06 20:00:00+00:00,Lahore,31.0,78,997.9,1.71,68.2,80.3,687.0,29.8,9.6,68.0,152
2026-07-06 21:00:00+00:00,Lahore,30.4,80,998.0,2.48,67.3,84.1,675.0,24.9,9.2,71.0,151
2026-07-06 22:00:00+00:00,Lahore,30.1,82,997.7,1.98,73.1,94.5,659.0,28.0,9.6,60.0,150
2026-07-06 23:00:00+00:00,Lahore,29.9,83,998.4,2.12,78.5,99.2,643.0,34.9,10.4,43.0,150
2026-07-07 00:00:00+00:00,Lahore,31.2,81,997.8,2.06,68.0,77.3,640.0,29.7,12.1,53.0,149
2026-07-07 01:00:00+00:00,Lahore,28.8,86,998.9,1.7,67.1,75.0,665.0,28.8,13.6,64.0,149
2026-07-07 02:00:00+00:00,Lahore,26.0,91,999.6,0.65,65.9,79.9,702.0,27.4,15.6,80.0,150
2026-07-07 03:00:00+00:00,Lahore,26.6,93,999.9,2.55,65.0,97.6,719.0,24.6,16.9,103.0,151
2026-07-07 04:00:00+00:00,Lahore,28.2,84,999.9,1.74,65.4,116.4,698.0,19.1,17.0,139.0,151
2026-07-07 05:00:00+00:00,Lahore,30.6,74,999.2,0.5,67.3,122.0,658.0,12.2,16.3,182.0,152
2026-07-07 06:00:00+00:00,Lahore,34.0,64,997.8,1.41,67.1,115.0,617.0,7.1,15.4,215.0,154
2026-07-07 07:00:00+00:00,Lahore,36.5,50,997.4,1.68,66.8,110.1,578.0,5.1,14.1,229.0,155
2026-07-07 08:00:00+00:00,Lahore,37.3,46,996.3,1.69,65.9,105.5,538.0,4.9,12.6,232.0,156
2026-07-07 09:00:00+00:00,Lahore,37.9,42,995.8,1.76,69.4,109.4,515.0,5.3,11.6,233.0,157
2026-07-07 10:00:00+00:00,Lahore,37.7,43,994.9,1.71,64.7,100.1,498.0,5.2,11.6,238.0,163
2026-07-07 11:00:00+00:00,Lahore,37.7,42,994.4,1.85,64.0,96.4,498.0,5.8,12.0,241.0,188
2026-07-07 12:00:00+00:00,Lahore,37.5,46,994.2,2.39,99.4,139.2,560.0,10.5,13.7,232.0,204
2026-07-07 13:00:00+00:00,Lahore,36.6,48,994.3,1.99,102.9,139.7,749.0,20.0,14.2,201.0,210
2026-07-07 14:00:00+00:00,Lahore,36.3,48,994.7,2.19,111.3,146.7,1001.0,33.3,15.0,158.0,212
2026-07-07 15:00:00+00:00,Lahore,35.0,52,995.5,2.86,113.6,144.4,1167.0,44.6,15.5,119.0,208
2026-07-07 16:00:00+00:00,Lahore,34.1,55,996.5,2.87,116.4,145.3,1170.0,52.8,15.7,89.0,201
2026-07-07 17:00:00+00:00,Lahore,33.7,59,996.7,2.76,119.0,144.4,1087.0,59.1,15.7,63.0,178
2026-07-07 18:00:00+00:00,Lahore,33.2,63,996.6,2.83,122.0,154.6,998.0,61.3,15.5,46.0,167
2026-07-07 19:00:00+00:00,Lahore,32.7,66,996.3,2.37,121.5,153.7,924.0,57.0,14.9,41.0,168
2026-07-07 20:00:00+00:00,Lahore,32.3,69,996.3,2.16,113.9,146.2,845.0,48.5,14.1,43.0,170
2026-07-07 21:00:00+00:00,Lahore,31.9,71,996.7,2.39,107.6,143.4,782.0,41.2,13.7,46.0,171
2026-07-07 22:00:00+00:00,Lahore,30.5,77,997.4,1.86,103.1,144.4,744.0,36.7,13.9,45.0,172
2026-07-07 23:00:00+00:00,Lahore,29.9,83,997.3,2.08,99.4,152.3,722.0,33.3,14.6,44.0,173
2026-07-08 00:00:00+00:00,Lahore,27.3,81,997.3,1.49,94.3,170.9,710.0,20.8,19.2,75.0,174
2026-07-08 01:00:00+00:00,Lahore,28.5,79,997.3,2.55,99.9,202.1,718.0,22.3,20.4,79.0,174
2026-07-08 02:00:00+00:00,Lahore,29.5,78,997.4,2.57,105.9,244.9,737.0,24.2,22.1,86.0,175
2026-07-08 03:00:00+00:00,Lahore,31.3,72,997.5,2.53,111.8,271.0,733.0,23.9,23.2,102.0,177
2026-07-08 04:00:00+00:00,Lahore,32.9,67,997.7,2.77,112.2,271.9,683.0,19.2,23.3,136.0,178
2026-07-08 05:00:00+00:00,Lahore,34.2,63,998.1,2.5,109.9,259.8,609.0,12.2,22.9,180.0,179
2026-07-08 06:00:00+00:00,Lahore,35.3,56,998.0,3.15,104.8,239.3,547.0,7.0,22.1,214.0,181
2026-07-08 07:00:00+00:00,Lahore,36.0,50,997.4,3.19,101.5,223.5,504.0,5.1,20.8,229.0,182
2026-07-08 08:00:00+00:00,Lahore,36.3,47,996.8,3.22,100.8,215.6,473.0,5.0,19.2,234.0,183
2026-07-08 09:00:00+00:00,Lahore,35.7,50,996.5,2.97,100.6,209.5,460.0,5.7,17.9,233.0,184
2026-07-08 10:00:00+00:00,Lahore,32.1,67,997.0,2.8,99.4,204.9,474.0,6.5,17.3,229.0,185
2026-07-08 11:00:00+00:00,Lahore,34.6,57,995.9,2.32,129.5,264.5,508.0,8.1,16.9,220.0,186
2026-07-08 12:00:00+00:00,Lahore,35.4,46,995.7,0.76,91.7,204.9,544.0,13.8,16.4,183.0,202
2026-07-08 13:00:00+00:00,Lahore,34.9,48,996.0,1.58,81.3,170.0,585.0,15.2,15.7,170.0,205
2026-07-08 14:00:00+00:00,Lahore,33.5,55,996.4,3.0,67.5,123.9,629.0,17.2,14.6,152.0,204
2026-07-08 15:00:00+00:00,Lahore,32.9,59,997.0,2.66,62.2,95.7,656.0,19.0,13.8,134.0,200
2026-07-08 16:00:00+00:00,Lahore,31.9,66,997.8,2.68,55.6,72.4,654.0,20.2,13.4,119.0,185
2026-07-08 17:00:00+00:00,Lahore,30.9,72,998.1,2.48,52.9,63.1,634.0,21.2,13.3,105.0,182
2026-07-08 18:00:00+00:00,Lahore,29.8,77,998.3,2.42,50.6,58.9,614.0,22.0,13.2,92.0,180
2026-07-08 19:00:00+00:00,Lahore,28.9,80,998.1,2.01,49.5,57.5,598.0,22.5,13.2,81.0,178
2026-07-08 20:00:00+00:00,Lahore,28.5,80,997.9,1.24,49.0,56.9,581.0,22.8,13.2,72.0,176
2026-07-08 21:00:00+00:00,Lahore,28.3,79,997.8,0.79,49.8,57.4,567.0,23.5,13.4,63.0,174
2026-07-08 22:00:00+00:00,Lahore,28.1,79,997.4,0.85,52.9,59.6,552.0,25.4,13.4,53.0,172
2026-07-08 23:00:00+00:00,Lahore,27.8,80,997.7,1.15,56.6,62.2,540.0,27.8,13.6,44.0,171
2026-07-09 00:00:00+00:00,Lahore,28.4,84,997.9,0.64,54.0,65.2,550.0,23.6,19.0,64.0,170
2026-07-09 01:00:00+00:00,Lahore,28.6,84,997.9,0.43,56.8,71.7,607.0,24.2,20.7,69.0,168
2026-07-09 02:00:00+00:00,Lahore,29.7,78,998.2,0.56,56.5,84.8,686.0,24.9,23.1,77.0,167
2026-07-09 03:00:00+00:00,Lahore,31.2,70,998.4,0.54,59.8,113.2,730.0,23.8,24.8,97.0,166
2026-07-09 04:00:00+00:00,Lahore,32.4,63,998.1,0.9,63.6,149.5,706.0,19.2,25.3,139.0,164
2026-07-09 05:00:00+00:00,Lahore,34.4,55,997.8,0.86,71.5,173.2,646.0,12.9,25.0,193.0,163
2026-07-09 06:00:00+00:00,Lahore,34.3,51,998.4,0.3,74.7,173.2,591.0,8.1,24.3,236.0,162
2026-07-09 07:00:00+00:00,Lahore,36.7,44,998.3,0.11,77.3,171.8,550.0,6.1,22.9,259.0,161
2026-07-09 08:00:00+00:00,Lahore,37.7,41,997.5,0.6,76.1,162.5,513.0,5.7,21.1,271.0,160
2026-07-09 09:00:00+00:00,Lahore,38.1,41,996.9,0.98,78.0,158.8,495.0,5.9,19.5,277.0,159
2026-07-09 10:00:00+00:00,Lahore,38.0,42,996.6,0.97,75.7,147.6,504.0,5.9,18.6,279.0,184
2026-07-09 11:00:00+00:00,Lahore,37.5,43,996.1,1.04,73.8,139.2,531.0,6.6,18.0,275.0,207
2026-07-09 12:00:00+00:00,Lahore,35.9,49,996.4,3.63,81.3,153.2,561.0,9.7,16.6,243.0,219
2026-07-09 13:00:00+00:00,Lahore,35.1,51,996.8,3.21,83.4,144.4,596.0,15.9,16.1,213.0,226
2026-07-09 14:00:00+00:00,Lahore,35.0,50,997.0,2.66,87.5,136.0,634.0,24.2,15.4,171.0,227
2026-07-09 15:00:00+00:00,Lahore,33.2,59,997.8,4.34,85.9,124.3,654.0,29.5,14.7,138.0,223
2026-07-09 16:00:00+00:00,Lahore,31.3,69,999.0,4.48,79.9,109.9,641.0,28.7,14.1,122.0,215
2026-07-09 17:00:00+00:00,Lahore,30.0,73,999.5,3.97,73.6,96.6,610.0,24.8,13.6,115.0,205
2026-07-09 18:00:00+00:00,Lahore,30.1,73,999.5,3.84,70.3,91.7,579.0,21.8,13.5,108.0,186
2026-07-09 19:00:00+00:00,Lahore,29.7,67,999.5,3.41,68.9,92.4,553.0,21.4,14.0,99.0,159
2026-07-09 20:00:00+00:00,Lahore,29.2,66,999.1,2.84,68.9,97.3,529.0,21.9,14.8,92.0,160
2026-07-09 21:00:00+00:00,Lahore,28.8,68,998.8,2.56,69.6,102.0,512.0,22.2,15.4,85.0,160
2026-07-09 22:00:00+00:00,Lahore,28.4,70,998.8,2.22,70.8,109.4,505.0,22.0,15.6,78.0,161
2026-07-09 23:00:00+00:00,Lahore,28.0,72,999.1,1.43,72.2,111.3,506.0,21.7,15.5,72.0,161
2026-07-10 00:00:00+00:00,Lahore,28.1,72,999.0,2.02,69.8,97.3,518.0,13.9,15.1,94.0,162
2026-07-10 01:00:00+00:00,Lahore,27.4,77,999.4,2.01,69.8,95.5,555.0,15.7,15.2,91.0,162
2026-07-10 02:00:00+00:00,Lahore,28.1,75,999.2,2.8,64.5,86.4,603.0,18.0,15.3,88.0,163
2026-07-10 03:00:00+00:00,Lahore,30.1,69,999.5,2.41,59.5,78.9,629.0,18.5,15.4,98.0,163
2026-07-10 04:00:00+00:00,Lahore,32.1,62,999.3,2.37,59.3,80.1,611.0,15.6,15.6,133.0,163
2026-07-10 05:00:00+00:00,Lahore,34.3,54,999.1,1.91,62.6,89.4,571.0,10.9,15.9,180.0,163
2026-07-10 06:00:00+00:00,Lahore,35.5,48,999.2,1.86,67.3,101.3,537.0,7.3,16.0,216.0,163
2026-07-10 07:00:00+00:00,Lahore,35.7,50,998.8,2.16,68.9,110.8,517.0,5.7,15.8,230.0,162
2026-07-10 08:00:00+00:00,Lahore,36.1,51,997.9,2.44,66.4,109.4,503.0,5.1,15.4,234.0,162
2026-07-10 09:00:00+00:00,Lahore,36.2,49,997.5,2.36,62.6,106.6,502.0,5.2,15.0,231.0,162
2026-07-10 10:00:00+00:00,Lahore,36.3,47,997.1,2.41,58.7,103.6,524.0,5.3,14.5,225.0,162
2026-07-10 11:00:00+00:00,Lahore,36.8,46,996.4,2.08,57.6,105.9,558.0,6.1,14.0,214.0,184
2026-07-10 12:00:00+00:00,Lahore,36.5,45,995.8,2.61,60.3,102.4,578.0,9.6,13.3,201.0,201
2026-07-10 13:00:00+00:00,Lahore,34.7,53,996.9,2.88,61.2,103.4,563.0,18.8,13.6,172.0,206
2026-07-10 14:00:00+00:00,Lahore,30.9,69,997.2,1.9,66.1,100.4,533.0,31.5,14.1,132.0,205
2026-07-10 15:00:00+00:00,Lahore,30.2,73,997.3,2.14,69.8,99.9,526.0,40.0,14.5,102.0,199
2026-07-10 16:00:00+00:00,Lahore,29.6,76,997.8,2.03,72.2,103.8,571.0,40.7,15.1,91.0,178
2026-07-10 17:00:00+00:00,Lahore,29.7,76,998.2,1.88,74.7,114.3,638.0,37.4,15.6,90.0,158
2026-07-10 18:00:00+00:00,Lahore,29.7,72,998.8,1.36,77.5,133.2,679.0,33.8,15.4,89.0,158
2026-07-10 19:00:00+00:00,Lahore,28.0,84,997.9,3.12,73.1,134.6,673.0,31.2,13.7,85.0,158
2026-07-10 20:00:00+00:00,Lahore,28.5,84,997.1,3.36,68.5,128.5,641.0,28.4,11.3,82.0,158
2026-07-10 21:00:00+00:00,Lahore,27.8,86,996.5,2.5,71.9,140.6,591.0,25.5,9.4,81.0,158
2026-07-10 22:00:00+00:00,Lahore,27.2,88,996.4,2.31,75.0,180.2,507.0,22.3,8.7,82.0,158
2026-07-10 23:00:00+00:00,Lahore,26.7,88,996.5,2.52,75.0,191.9,407.0,18.9,8.6,86.0,158
2026-07-11 00:00:00+00:00,Lahore,27.0,88,996.8,2.95,51.1,74.5,350.0,13.4,7.0,105.0,158
2026-07-11 01:00:00+00:00,Lahore,27.0,84,996.8,2.05,49.8,75.4,383.0,14.7,7.1,107.0,158
2026-07-11 02:00:00+00:00,Lahore,27.6,81,997.5,2.52,47.5,82.0,460.0,16.2,7.4,110.0,157
2026-07-11 03:00:00+00:00,Lahore,28.7,77,997.8,2.24,49.0,96.2,502.0,16.3,7.6,117.0,157
2026-07-11 04:00:00+00:00,Lahore,30.6,71,997.8,3.04,51.7,119.2,463.0,13.3,7.9,132.0,156
2026-07-11 05:00:00+00:00,Lahore,31.5,68,997.8,3.95,56.7,138.8,388.0,8.9,8.2,152.0,156
2026-07-11 06:00:00+00:00,Lahore,32.8,61,997.9,2.66,65.4,172.3,337.0,5.5,8.5,168.0,156
2026-07-11 07:00:00+00:00,Lahore,32.6,62,997.6,2.15,78.0,228.6,336.0,4.3,8.7,176.0,156
2026-07-11 08:00:00+00:00,Lahore,33.5,59,996.7,1.52,85.4,258.9,358.0,4.2,8.8,180.0,156
2026-07-11 09:00:00+00:00,Lahore,34.0,58,995.9,1.27,89.6,272.9,382.0,4.8,9.0,182.0,157
2026-07-11 10:00:00+00:00,Lahore,34.8,56,995.2,1.38,90.8,271.0,407.0,4.4,9.2,184.0,158
2026-07-11 11:00:00+00:00,Lahore,34.9,55,994.7,1.44,90.8,263.6,434.0,4.7,9.5,184.0,159
2026-07-11 12:00:00+00:00,Lahore,32.1,69,995.2,1.66,106.6,317.6,449.0,10.0,8.3,142.0,159
2026-07-11 13:00:00+00:00,Lahore,32.2,69,995.1,0.57,126.2,329.7,442.0,19.6,8.7,121.0,161
2026-07-11 14:00:00+00:00,Lahore,31.5,74,995.7,1.84,128.5,282.2,424.0,32.6,9.3,93.0,163
2026-07-11 15:00:00+00:00,Lahore,30.8,79,996.4,2.91,122.5,249.6,412.0,40.4,9.6,72.0,165
2026-07-11 16:00:00+00:00,Lahore,30.2,82,996.4,2.67,114.6,227.7,419.0,38.0,9.4,67.0,166
2026-07-11 17:00:00+00:00,Lahore,29.9,81,996.8,2.16,106.6,208.6,433.0,30.5,8.9,70.0,167
2026-07-11 18:00:00+00:00,Lahore,29.8,83,996.8,2.69,99.9,191.9,431.0,24.5,8.4,72.0,168
2026-07-11 19:00:00+00:00,Lahore,29.6,84,996.0,2.57,93.6,176.5,397.0,22.6,8.0,69.0,169
2026-07-11 20:00:00+00:00,Lahore,25.1,88,996.8,6.45,87.5,159.7,349.0,22.2,7.7,66.0,170
2026-07-11 21:00:00+00:00,Lahore,24.2,99,994.6,3.69,81.3,142.0,311.0,21.8,7.6,63.0,170
2026-07-11 22:00:00+00:00,Lahore,24.7,95,994.6,3.89,75.2,126.2,286.0,21.1,8.0,61.0,171
2026-07-11 23:00:00+00:00,Lahore,25.0,95,994.3,3.7,70.5,117.1,271.0,20.5,8.6,60.0,171
2026-07-12 00:00:00+00:00,Lahore,25.1,94,994.7,2.22,70.3,123.4,294.0,22.4,6.8,59.0,170
2026-07-12 01:00:00+00:00,Lahore,25.9,91,994.5,0.96,65.4,108.7,397.0,20.6,7.7,70.0,171
2026-07-12 02:00:00+00:00,Lahore,26.1,93,995.4,1.51,63.6,105.9,537.0,17.9,8.8,86.0,171
2026-07-12 03:00:00+00:00,Lahore,26.0,94,996.1,1.0,65.0,124.8,606.0,15.2,9.6,103.0,172
2026-07-12 04:00:00+00:00,Lahore,26.3,92,996.0,2.36,68.2,150.9,532.0,12.3,9.6,119.0,172
2026-07-12 05:00:00+00:00,Lahore,28.7,79,996.1,1.99,67.1,160.2,388.0,9.3,9.1,135.0,173
2026-07-12 06:00:00+00:00,Lahore,25.7,86,997.6,1.88,59.1,140.2,282.0,6.9,8.9,150.0,173
2026-07-12 07:00:00+00:00,Lahore,27.3,80,997.2,2.31,62.6,148.5,262.0,5.3,9.2,164.0,173
2026-07-12 08:00:00+00:00,Lahore,29.2,71,996.7,1.93,72.4,189.5,280.0,4.3,9.6,176.0,173
2026-07-12 09:00:00+00:00,Lahore,31.8,60,996.4,1.65,82.9,244.9,303.0,4.2,9.9,182.0,172
2026-07-12 10:00:00+00:00,Lahore,32.1,58,996.2,1.4,91.0,281.3,310.0,3.6,9.8,180.0,172
2026-07-12 11:00:00+00:00,Lahore,32.3,58,995.6,1.5,98.7,310.1,321.0,3.8,9.5,172.0,172
2026-07-12 12:00:00+00:00,Lahore,29.7,72,996.4,1.56,73.1,201.2,367.0,7.5,8.8,143.0,172
2026-07-12 13:00:00+00:00,Lahore,29.0,74,996.9,1.81,76.8,198.8,484.0,29.7,10.8,110.0,171
2026-07-12 14:00:00+00:00,Lahore,28.2,81,996.3,1.23,89.2,182.5,636.0,60.1,13.6,64.0,170
2026-07-12 15:00:00+00:00,Lahore,27.6,87,997.1,1.38,105.5,197.9,744.0,81.6,15.8,30.0,169
2026-07-12 16:00:00+00:00,Lahore,27.7,86,997.4,0.87,114.3,203.5,769.0,85.4,16.9,19.0,168
2026-07-12 17:00:00+00:00,Lahore,27.4,88,997.4,1.38,116.2,201.2,751.0,80.2,17.5,19.0,168
2026-07-12 18:00:00+00:00,Lahore,27.8,88,997.7,1.67,115.7,198.4,732.0,74.9,17.2,20.0,168
2026-07-12 19:00:00+00:00,Lahore,27.4,88,997.4,1.43,113.9,187.2,719.0,72.5,15.6,17.0,169
2026-07-12 20:00:00+00:00,Lahore,27.0,88,997.0,1.53,109.2,171.8,704.0,70.1,13.3,15.0,169
2026-07-12 21:00:00+00:00,Lahore,26.8,89,996.7,0.94,102.9,158.3,708.0,67.6,11.6,14.0,170
2026-07-12 22:00:00+00:00,Lahore,26.1,92,997.1,2.67,98.7,151.8,729.0,65.2,11.1,13.0,171
2026-07-12 23:00:00+00:00,Lahore,25.8,92,996.6,0.71,101.7,162.5,768.0,62.8,11.1,12.0,171
2026-07-13 00:00:00+00:00,Lahore,27.1,88,996.9,1.76,82.7,139.7,846.0,34.9,11.0,44.0,172
2026-07-13 01:00:00+00:00,Lahore,27.2,88,996.5,1.0,78.7,136.9,1027.0,34.2,13.0,51.0,173
2026-07-13 02:00:00+00:00,Lahore,27.8,86,996.9,0.57,75.7,140.2,1247.0,33.2,15.9,61.0,173
2026-07-13 03:00:00+00:00,Lahore,28.1,85,997.8,0.0,71.0,130.4,1335.0,32.1,18.5,73.0,173
2026-07-13 04:00:00+00:00,Lahore,28.9,82,997.9,0.56,68.9,128.1,1163.0,31.2,20.7,85.0,174
2026-07-13 05:00:00+00:00,Lahore,31.1,70,997.8,1.23,68.9,132.2,858.0,30.2,22.6,99.0,174
2026-07-13 06:00:00+00:00,Lahore,31.8,66,998.1,0.6,71.0,140.6,632.0,28.2,24.2,115.0,174
2026-07-13 07:00:00+00:00,Lahore,31.7,66,997.9,0.76,73.6,149.0,571.0,24.2,25.2,135.0,174
2026-07-13 08:00:00+00:00,Lahore,32.7,63,997.5,1.03,75.2,155.1,589.0,19.3,25.8,158.0,174
2026-07-13 09:00:00+00:00,Lahore,32.8,63,997.1,1.44,76.4,158.8,636.0,15.7,26.1,178.0,175
2026-07-13 10:00:00+00:00,Lahore,33.6,60,996.7,0.84,78.7,165.3,648.0,11.2,25.9,201.0,174
2026-07-13 11:00:00+00:00,Lahore,34.4,56,996.3,0.59,80.6,170.9,691.0,8.0,25.5,221.0,174
2026-07-13 12:00:00+00:00,Lahore,33.7,56,996.0,0.11,59.6,132.2,908.0,10.8,16.3,193.0,173
2026-07-13 13:00:00+00:00,Lahore,33.4,58,996.4,0.2,60.1,129.0,1483.0,40.5,18.8,155.0,173
2026-07-13 14:00:00+00:00,Lahore,31.7,70,996.9,1.06,72.2,140.2,2233.0,81.2,22.2,103.0,173
2026-07-13 15:00:00+00:00,Lahore,30.6,73,997.2,1.86,96.4,165.8,2755.0,110.6,24.8,60.0,172
2026-07-13 16:00:00+00:00,Lahore,29.9,75,997.8,1.49,118.7,188.6,2871.0,118.2,25.8,38.0,172
2026-07-13 17:00:00+00:00,Lahore,29.2,78,997.8,1.94,130.4,201.6,2760.0,114.5,26.0,25.0,172
2026-07-13 18:00:00+00:00,Lahore,29.8,80,998.5,1.67,128.5,199.8,2553.0,108.1,25.3,18.0,172
2026-07-13 19:00:00+00:00,Lahore,29.0,83,998.5,1.42,114.8,184.9,2247.0,100.7,23.3,17.0,173
2026-07-13 20:00:00+00:00,Lahore,28.9,83,998.2,1.38,106.4,178.3,1846.0,90.7,20.4,20.0,173
2026-07-13 21:00:00+00:00,Lahore,28.4,86,998.0,1.03,105.7,182.5,1495.0,82.2,18.2,23.0,173
2026-07-13 22:00:00+00:00,Lahore,27.9,88,997.7,0.9,107.6,188.6,1233.0,77.7,17.2,19.0,173
2026-07-13 23:00:00+00:00,Lahore,27.7,89,997.8,1.23,109.0,191.9,1021.0,74.7,16.9,13.0,173
2026-07-14 00:00:00+00:00,Lahore,28.1,91,997.9,0.96,92.7,168.1,882.0,40.5,14.1,32.0,173
2026-07-14 01:00:00+00:00,Lahore,27.9,93,998.2,1.01,96.9,168.1,867.0,39.6,15.4,37.0,173
2026-07-14 02:00:00+00:00,Lahore,29.0,88,998.8,0.97,98.3,195.1,925.0,37.9,17.2,46.0,174
2026-07-14 03:00:00+00:00,Lahore,30.4,78,999.0,1.43,102.2,222.6,930.0,34.1,19.0,67.0,175
2026-07-14 04:00:00+00:00,Lahore,31.3,72,999.4,1.2,107.1,255.2,800.0,26.1,20.9,111.0,176
2026-07-14 05:00:00+00:00,Lahore,33.2,63,999.5,0.8,105.5,250.5,616.0,15.9,22.7,168.0,177
2026-07-14 06:00:00+00:00,Lahore,34.4,55,999.8,0.41,100.4,226.8,500.0,8.2,23.2,210.0,178
2026-07-14 07:00:00+00:00,Lahore,34.8,53,999.4,0.6,93.1,204.4,521.0,5.1,21.1,226.0,179
2026-07-14 08:00:00+00:00,Lahore,35.0,51,999.1,0.89,81.3,175.1,611.0,4.6,17.7,228.0,179
2026-07-14 09:00:00+00:00,Lahore,35.7,49,998.7,0.86,72.2,152.7,679.0,4.8,15.0,226.0,179
2026-07-14 10:00:00+00:00,Lahore,35.9,48,998.3,1.11,66.8,138.8,634.0,4.1,13.9,225.0,179
2026-07-14 11:00:00+00:00,Lahore,35.7,49,998.3,1.25,63.3,129.5,568.0,4.3,13.5,220.0,179
2026-07-14 12:00:00+00:00,Lahore,35.0,51,998.2,1.03,74.3,144.8,672.0,8.8,12.0,189.0,195
2026-07-14 13:00:00+00:00,Lahore,34.3,52,998.3,1.71,72.9,133.2,1088.0,15.6,12.2,165.0,203
2026-07-14 14:00:00+00:00,Lahore,32.8,60,998.8,1.38,75.0,129.9,1673.0,25.4,12.4,131.0,203
2026-07-14 15:00:00+00:00,Lahore,32.2,64,999.2,0.67,78.7,127.6,2188.0,35.4,13.1,101.0,194
2026-07-14 16:00:00+00:00,Lahore,31.2,70,999.7,0.96,81.7,129.5,2601.0,45.2,14.4,80.0,179
2026-07-14 17:00:00+00:00,Lahore,30.6,71,1000.0,1.1,88.0,138.8,2943.0,55.3,16.2,63.0,178
2026-07-14 18:00:00+00:00,Lahore,29.9,68,1000.2,2.09,95.5,148.1,3071.0,63.8,17.6,49.0,177
2026-07-14 19:00:00+00:00,Lahore,29.2,71,1000.2,1.63,103.8,156.9,2848.0,70.4,18.4,36.0,176
2026-07-14 20:00:00+00:00,Lahore,28.8,72,1000.5,1.65,111.5,160.7,2411.0,75.4,18.9,26.0,175
2026-07-14 21:00:00+00:00,Lahore,28.4,74,1000.3,1.52,117.1,163.9,2023.0,78.3,19.4,19.0,175
2026-07-14 22:00:00+00:00,Lahore,28.0,75,999.9,1.68,120.1,166.2,1755.0,79.5,20.5,13.0,176
2026-07-14 23:00:00+00:00,Lahore,27.6,77,999.8,1.74,123.9,169.5,1535.0,78.7,21.7,10.0,176
2026-07-15 00:00:00+00:00,Lahore,28.3,69,1000.7,2.14,89.4,114.6,1416.0,39.2,16.1,47.0,176
2026-07-15 01:00:00+00:00,Lahore,27.9,69,1000.9,2.0,79.6,101.3,1494.0,36.3,17.0,55.0,176
2026-07-15 02:00:00+00:00,Lahore,28.0,70,1001.2,0.43,70.3,99.2,1673.0,32.0,18.3,68.0,176
2026-07-15 03:00:00+00:00,Lahore,29.1,67,1001.6,1.08,72.6,122.9,1712.0,26.8,19.3,90.0,175
2026-07-15 04:00:00+00:00,Lahore,30.0,64,1001.5,0.8,79.4,154.6,1458.0,20.0,20.0,130.0,174
2026-07-15 05:00:00+00:00,Lahore,33.1,51,1001.6,0.59,84.5,178.8,1065.0,12.4,20.5,178.0,173
2026-07-15 06:00:00+00:00,Lahore,32.6,57,1002.4,1.0,84.3,181.1,747.0,6.8,20.0,213.0,173
2026-07-15 07:00:00+00:00,Lahore,33.2,56,1002.1,1.3,79.9,171.8,596.0,4.5,17.9,223.0,172
2026-07-15 08:00:00+00:00,Lahore,34.1,53,1001.4,1.72,74.0,161.1,521.0,4.2,15.0,219.0,172
2026-07-15 09:00:00+00:00,Lahore,34.8,51,1001.0,1.52,69.4,151.8,468.0,4.5,12.7,212.0,172
2026-07-15 10:00:00+00:00,Lahore,35.0,52,1000.5,1.48,65.9,143.9,404.0,4.6,11.7,206.0,172
2026-07-15 11:00:00+00:00,Lahore,34.9,52,1000.2,1.77,62.9,136.0,362.0,5.3,11.3,197.0,172
2026-07-15 12:00:00+00:00,Lahore,34.9,45,1000.0,1.57,58.1,129.0,385.0,7.9,9.4,159.0,189
2026-07-15 13:00:00+00:00,Lahore,34.2,47,1000.1,1.55,57.9,119.2,496.0,14.1,9.9,140.0,194
2026-07-15 14:00:00+00:00,Lahore,32.9,58,1000.4,0.84,59.6,114.8,672.0,22.9,10.7,114.0,188
2026-07-15 15:00:00+00:00,Lahore,32.1,63,1001.1,0.86,62.4,106.9,893.0,31.5,11.6,91.0,172
2026-07-15 16:00:00+00:00,Lahore,31.4,67,1001.7,0.98,64.7,102.2,1222.0,39.5,12.9,75.0,170
2026-07-15 17:00:00+00:00,Lahore,31.1,70,1002.0,0.74,69.4,103.6,1595.0,47.3,14.4,63.0,169
2026-07-15 18:00:00+00:00,Lahore,30.5,73,1001.8,0.86,73.1,105.2,1802.0,52.6,15.6,54.0,169
2026-07-15 19:00:00+00:00,Lahore,29.7,79,1001.8,0.96,75.2,105.0,1697.0,53.8,16.1,49.0,168
2026-07-15 20:00:00+00:00,Lahore,29.4,81,1001.8,0.76,76.4,103.1,1425.0,52.6,16.2,47.0,167
2026-07-15 21:00:00+00:00,Lahore,29.1,83,1001.9,0.69,77.3,100.8,1218.0,51.8,16.4,44.0,166
2026-07-15 22:00:00+00:00,Lahore,28.8,86,1001.7,0.55,78.7,99.7,1176.0,53.5,16.6,36.0,165
2026-07-15 23:00:00+00:00,Lahore,28.6,87,1001.3,0.21,80.6,99.4,1198.0,55.6,16.9,27.0,164
2026-07-16 00:00:00+00:00,Lahore,28.3,91,1001.6,0.35,76.8,100.1,1209.0,34.9,17.9,63.0,162
2026-07-16 01:00:00+00:00,Lahore,28.2,92,1002.1,0.57,82.4,104.8,1198.0,32.5,20.3,84.0,162
2026-07-16 02:00:00+00:00,Lahore,30.4,77,1002.2,0.46,74.7,99.2,1176.0,28.9,23.5,114.0,162
2026-07-16 03:00:00+00:00,Lahore,32.1,62,1002.2,0.41,67.3,100.8,1107.0,24.5,25.1,145.0,162
2026-07-16 04:00:00+00:00,Lahore,33.4,55,1002.2,0.68,65.0,103.6,949.0,18.3,23.9,178.0,162
2026-07-16 05:00:00+00:00,Lahore,34.5,51,1002.2,0.85,63.6,102.7,744.0,11.3,21.1,212.0,162
2026-07-16 06:00:00+00:00,Lahore,35.6,48,1002.5,0.87,60.5,96.4,582.0,6.1,18.5,234.0,161
2026-07-16 07:00:00+00:00,Lahore,36.1,46,1002.2,1.43,58.6,92.7,505.0,4.1,16.5,236.0,160
2026-07-16 08:00:00+00:00,Lahore,36.3,44,1001.4,1.73,55.3,87.1,472.0,4.1,14.7,227.0,160
2026-07-16 09:00:00+00:00,Lahore,36.6,42,1000.9,2.05,53.2,84.1,446.0,4.5,13.2,215.0,165
2026-07-16 10:00:00+00:00,Lahore,36.5,42,1000.2,2.2,50.6,81.3,406.0,4.2,12.0,206.0,186
2026-07-16 11:00:00+00:00,Lahore,36.2,43,999.7,2.35,50.5,82.9,374.0,4.4,11.1,195.0,200
2026-07-16 12:00:00+00:00,Lahore,36.5,41,999.4,2.28,46.7,80.8,383.0,7.8,10.5,182.0,204
2026-07-16 13:00:00+00:00,Lahore,35.6,45,999.3,1.65,49.2,81.7,452.0,16.3,11.2,160.0,204
2026-07-16 14:00:00+00:00,Lahore,34.4,55,999.4,0.96,53.7,86.4,561.0,28.5,12.2,128.0,201
2026-07-16 15:00:00+00:00,Lahore,33.7,58,999.6,1.08,61.5,92.7,685.0,40.0,13.4,100.0,184
2026-07-16 16:00:00+00:00,Lahore,33.4,60,1000.0,0.99,70.3,102.7,855.0,50.4,15.1,80.0,163
2026-07-16 17:00:00+00:00,Lahore,32.9,63,1000.3,1.24,77.3,110.8,1039.0,60.2,17.1,63.0,157
2026-07-16 18:00:00+00:00,Lahore,33.6,56,999.6,1.84,79.4,110.1,1123.0,66.8,18.4,50.0,157
2026-07-16 19:00:00+00:00,Lahore,33.0,60,999.5,1.17,79.2,107.8,1016.0,68.4,18.4,41.0,158
2026-07-16 20:00:00+00:00,Lahore,32.1,65,999.4,1.59,79.2,107.8,808.0,66.9,17.8,34.0,158
2026-07-16 21:00:00+00:00,Lahore,31.4,69,999.4,1.75,80.6,111.3,652.0,65.4,17.2,29.0,158
2026-07-16 22:00:00+00:00,Lahore,31.0,72,999.3,1.53,81.7,116.9,602.0,65.8,16.8,20.0,158
2026-07-16 23:00:00+00:00,Lahore,30.7,74,999.4,1.48,82.9,122.5,604.0,66.1,16.5,12.0,158
2026-07-17 00:00:00+00:00,Lahore,31.1,71,999.6,1.55,80.1,135.0,647.0,58.1,16.5,21.0,158
2026-07-17 01:00:00+00:00,Lahore,30.5,74,1000.2,1.55,83.4,137.4,782.0,52.5,17.2,42.0,158
2026-07-17 02:00:00+00:00,Lahore,31.5,72,1000.6,0.81,81.5,130.9,959.0,44.4,18.1,73.0,158
2026-07-17 03:00:00+00:00,Lahore,33.2,63,1001.0,0.34,76.6,129.9,1017.0,35.6,18.4,108.0,158
2026-07-17 04:00:00+00:00,Lahore,34.8,54,1001.1,0.79,71.2,129.5,841.0,25.5,17.5,150.0,159
2026-07-17 05:00:00+00:00,Lahore,36.5,44,1001.1,2.35,67.5,129.9,547.0,14.6,15.9,196.0,159
2026-07-17 06:00:00+00:00,Lahore,37.3,40,1001.2,2.8,63.3,126.7,323.0,6.7,14.3,226.0,159
2026-07-17 07:00:00+00:00,Lahore,37.6,40,1000.9,2.55,58.9,119.0,252.0,3.7,13.0,230.0,159
2026-07-17 08:00:00+00:00,Lahore,38.0,38,1000.2,2.37,53.9,108.7,252.0,3.6,11.7,218.0,159
2026-07-17 09:00:00+00:00,Lahore,38.3,38,999.3,2.53,49.4,99.7,264.0,4.2,10.6,202.0,159
2026-07-17 10:00:00+00:00,Lahore,38.3,37,998.7,3.0,45.1,91.7,243.0,4.0,9.5,184.0,161
2026-07-17 11:00:00+00:00,Lahore,37.9,38,998.3,3.36,42.0,88.5,234.0,4.4,8.4,161.0,179
2026-07-17 12:00:00+00:00,Lahore,37.7,38,998.0,3.28,39.1,94.8,320.0,7.1,6.5,117.0,187
2026-07-17 13:00:00+00:00,Lahore,36.8,41,998.1,2.83,42.8,104.1,605.0,16.4,7.3,99.0,182
2026-07-17 14:00:00+00:00,Lahore,35.6,46,998.4,1.94,49.1,113.4,985.0,29.2,8.4,73.0,167
2026-07-17 15:00:00+00:00,Lahore,34.9,50,998.8,1.93,55.4,120.1,1225.0,38.9,9.3,53.0,158
2026-07-17 16:00:00+00:00,Lahore,34.3,51,999.6,2.0,59.0,128.1,1196.0,42.3,9.9,43.0,158
2026-07-17 17:00:00+00:00,Lahore,33.6,53,999.8,2.04,62.4,140.6,1028.0,42.6,10.3,38.0,157
2026-07-17 18:00:00+00:00,Lahore,33.9,52,999.5,2.33,65.4,153.2,875.0,42.6,10.6,34.0,157
2026-07-17 19:00:00+00:00,Lahore,33.7,51,999.4,1.89,67.5,163.9,794.0,42.4,10.7,32.0,156
2026-07-17 20:00:00+00:00,Lahore,33.2,53,999.2,1.61,69.8,177.4,729.0,41.8,10.6,31.0,156
2026-07-17 21:00:00+00:00,Lahore,32.7,55,999.1,1.25,73.1,192.8,668.0,43.5,10.7,28.0,156
2026-07-17 22:00:00+00:00,Lahore,32.4,56,999.1,1.59,77.3,206.8,593.0,50.8,11.2,17.0,156
2026-07-17 23:00:00+00:00,Lahore,32.0,58,999.2,1.74,83.1,216.5,522.0,60.3,12.0,5.0,155
2026-07-18 00:00:00+00:00,Lahore,32.4,60,999.1,2.26,74.3,188.6,502.0,37.6,10.9,30.0,156
2026-07-18 01:00:00+00:00,Lahore,32.1,63,999.5,2.12,79.4,194.2,597.0,34.9,11.6,46.0,155
2026-07-18 02:00:00+00:00,Lahore,33.3,59,999.8,1.6,79.6,195.1,743.0,31.0,12.5,70.0,155
2026-07-18 03:00:00+00:00,Lahore,35.0,50,999.8,1.75,79.9,219.3,798.0,26.0,13.1,98.0,155
2026-07-18 04:00:00+00:00,Lahore,36.7,41,999.6,1.77,77.3,220.7,665.0,19.1,13.1,135.0,155
2026-07-18 05:00:00+00:00,Lahore,37.8,38,999.3,2.01,71.5,190.5,442.0,11.3,12.7,175.0,155
2026-07-18 06:00:00+00:00,Lahore,38.1,38,999.6,2.26,65.4,162.5,278.0,5.5,12.2,202.0,156
2026-07-18 07:00:00+00:00,Lahore,38.2,39,999.4,2.23,60.5,143.4,244.0,3.4,11.4,206.0,156
2026-07-18 08:00:00+00:00,Lahore,38.8,39,998.6,2.42,55.5,125.3,270.0,3.5,10.5,197.0,156
2026-07-18 09:00:00+00:00,Lahore,38.9,39,998.0,2.64,50.9,109.0,298.0,4.0,9.6,184.0,156
2026-07-18 10:00:00+00:00,Lahore,38.6,39,997.6,2.94,48.1,100.4,302.0,4.0,8.6,169.0,156
2026-07-18 11:00:00+00:00,Lahore,38.4,39,997.3,2.65,43.1,91.5,309.0,4.6,7.7,150.0,156
2026-07-18 12:00:00+00:00,Lahore,38.3,38,997.1,2.74,48.0,120.1,333.0,7.2,7.1,125.0,164
2026-07-18 13:00:00+00:00,Lahore,37.7,40,997.4,2.46,51.3,126.7,383.0,14.8,7.9,110.0,162
2026-07-18 14:00:00+00:00,Lahore,36.9,42,997.6,1.84,57.6,136.4,452.0,25.4,9.1,88.0,156
2026-07-18 15:00:00+00:00,Lahore,36.6,43,998.3,1.27,63.1,143.0,532.0,34.0,10.1,70.0,157
2026-07-18 16:00:00+00:00,Lahore,36.1,45,999.0,1.22,67.8,147.1,635.0,38.4,10.9,59.0,157
2026-07-18 17:00:00+00:00,Lahore,35.7,47,999.6,1.61,71.7,150.9,748.0,40.8,11.6,51.0,157
2026-07-18 18:00:00+00:00,Lahore,36.1,44,999.4,2.16,75.9,158.8,834.0,43.1,12.1,44.0,157
2026-07-18 19:00:00+00:00,Lahore,35.0,50,999.0,1.49,79.6,167.2,877.0,46.6,12.2,36.0,158
2026-07-18 20:00:00+00:00,Lahore,34.1,55,998.8,1.41,83.1,161.1,891.0,50.1,12.0,29.0,158
2026-07-18 21:00:00+00:00,Lahore,33.5,58,999.1,0.96,84.5,146.7,880.0,51.6,11.7,25.0,158
2026-07-18 22:00:00+00:00,Lahore,33.3,58,998.6,1.66,84.5,136.0,829.0,50.3,11.3,22.0,159
2026-07-18 23:00:00+00:00,Lahore,32.6,60,998.5,1.27,83.4,127.1,752.0,47.0,10.8,22.0,159
2026-07-19 00:00:00+00:00,Lahore,32.7,60,999.2,1.91,82.0,165.8,695.0,35.3,10.6,33.0,159
2026-07-19 01:00:00+00:00,Lahore,32.1,65,999.2,1.77,81.0,146.7,687.0,33.3,11.1,43.0,159
2026-07-19 02:00:00+00:00,Lahore,32.9,63,1000.0,1.5,82.0,149.0,700.0,30.3,11.8,58.0,159
2026-07-19 03:00:00+00:00,Lahore,34.1,58,1000.0,1.71,83.4,162.5,694.0,26.5,12.5,79.0,159
2026-07-19 04:00:00+00:00,Lahore,35.1,55,1000.5,1.6,86.8,184.4,645.0,21.2,13.1,109.0,160
2026-07-19 05:00:00+00:00,Lahore,35.6,56,1000.9,2.05,90.6,204.4,577.0,15.1,13.6,145.0,160
2026-07-19 06:00:00+00:00,Lahore,36.8,43,1000.9,0.56,90.8,215.1,523.0,10.3,13.9,175.0,160
2026-07-19 07:00:00+00:00,Lahore,36.8,43,1000.4,0.73,90.1,219.3,497.0,7.6,13.9,196.0,161
2026-07-19 08:00:00+00:00,Lahore,37.6,41,999.6,0.64,92.9,227.7,485.0,6.2,13.6,211.0,162
2026-07-19 09:00:00+00:00,Lahore,37.7,40,998.9,0.52,93.1,229.6,480.0,5.6,13.3,218.0,163
2026-07-19 10:00:00+00:00,Lahore,38.4,38,998.1,0.25,87.8,220.3,481.0,5.6,12.8,214.0,164
2026-07-19 11:00:00+00:00,Lahore,37.9,39,997.8,0.49,85.2,220.7,488.0,6.5,12.2,201.0,166
2026-07-19 12:00:00+00:00,Lahore,37.1,41,998.3,1.42,79.6,217.5,500.0,7.5,9.6,156.0,172
2026-07-19 13:00:00+00:00,Lahore,34.8,58,998.5,2.77,77.8,200.7,514.0,11.3,9.8,137.0,179
2026-07-19 14:00:00+00:00,Lahore,33.7,64,998.8,3.26,77.5,190.0,532.0,16.6,10.1,110.0,178
2026-07-19 15:00:00+00:00,Lahore,32.9,64,999.3,2.85,81.7,186.7,556.0,21.8,10.4,87.0,169
2026-07-19 16:00:00+00:00,Lahore,32.4,67,999.7,2.44,85.7,177.4,593.0,26.9,10.9,70.0,170
2026-07-19 17:00:00+00:00,Lahore,32.0,70,1000.1,2.46,88.7,172.8,637.0,31.8,11.5,57.0,170
2026-07-19 18:00:00+00:00,Lahore,32.1,73,1000.1,2.85,90.8,165.8,667.0,34.6,11.8,48.0,171
2026-07-19 19:00:00+00:00,Lahore,31.4,75,999.8,2.48,91.7,158.3,680.0,34.0,11.6,45.0,171
2026-07-19 20:00:00+00:00,Lahore,31.3,75,999.3,2.38,92.7,155.5,679.0,31.2,11.3,46.0,172
2026-07-19 21:00:00+00:00,Lahore,31.2,74,999.1,2.63,97.8,167.6,660.0,28.2,11.2,48.0,172
2026-07-19 22:00:00+00:00,Lahore,30.9,74,999.0,2.51,94.3,156.5,602.0,25.0,11.7,51.0,172
2026-07-19 23:00:00+00:00,Lahore,30.5,74,999.8,1.84,93.4,169.5,525.0,21.5,12.6,55.0,172
2026-07-20 00:00:00+00:00,Lahore,31.1,76,999.3,2.3,80.3,153.7,488.0,16.0,11.0,67.0,173
2026-07-20 01:00:00+00:00,Lahore,31.0,76,999.3,1.05,78.5,149.9,537.0,17.5,12.7,69.0,173
2026-07-20 02:00:00+00:00,Lahore,31.3,76,1000.2,2.75,86.4,179.3,625.0,19.4,14.9,73.0,173
2026-07-20 03:00:00+00:00,Lahore,31.7,74,1000.1,2.44,101.3,246.8,672.0,19.6,16.6,85.0,173
2026-07-20 04:00:00+00:00,Lahore,33.3,67,1000.0,2.78,112.9,299.0,629.0,16.3,17.3,115.0,173
2026-07-20 05:00:00+00:00,Lahore,33.9,64,1000.3,2.6,119.0,323.2,545.0,11.4,17.5,154.0,174
2026-07-20 06:00:00+00:00,Lahore,33.9,60,1000.8,2.69,116.9,318.5,485.0,8.3,16.8,178.0,175
2026-07-20 07:00:00+00:00,Lahore,30.0,82,1001.0,3.4,101.5,270.1,484.0,8.7,14.7,173.0,176
2026-07-20 08:00:00+00:00,Lahore,32.0,75,1000.4,2.55,91.0,229.1,508.0,10.8,11.7,154.0,176
2026-07-20 09:00:00+00:00,Lahore,32.4,75,999.7,2.87,79.4,182.5,516.0,13.2,9.8,138.0,176
2026-07-20 10:00:00+00:00,Lahore,32.8,72,999.0,2.55,72.4,150.4,484.0,15.0,9.9,134.0,176
2026-07-20 11:00:00+00:00,Lahore,32.8,73,998.8,2.26,69.4,139.2,437.0,17.1,11.1,133.0,175
2026-07-20 12:00:00+00:00,Lahore,31.8,74,999.3,3.23,83.8,203.5,407.0,14.3,10.2,154.0,175
2026-07-20 13:00:00+00:00,Lahore,31.3,75,999.9,2.8,79.4,154.6,410.0,19.3,9.9,135.0,175
2026-07-20 14:00:00+00:00,Lahore,29.5,82,1000.4,2.72,75.4,136.4,429.0,26.0,9.6,110.0,175
2026-07-20 15:00:00+00:00,Lahore,29.4,83,1000.8,2.43,68.2,122.5,452.0,30.1,9.1,90.0,175
2026-07-20 16:00:00+00:00,Lahore,29.2,86,1001.4,3.11,58.2,102.0,480.0,28.9,8.4,84.0,174
2026-07-20 17:00:00+00:00,Lahore,29.1,88,1001.6,3.13,51.7,86.6,512.0,25.1,7.7,84.0,174
2026-07-20 18:00:00+00:00,Lahore,29.6,86,1001.3,3.16,47.5,72.4,524.0,21.9,7.3,82.0,172
2026-07-20 19:00:00+00:00,Lahore,29.5,86,1001.1,2.96,44.2,60.5,504.0,20.6,7.6,76.0,171
2026-07-20 20:00:00+00:00,Lahore,28.9,89,1000.9,1.19,41.2,56.2,464.0,20.1,8.2,68.0,170
2026-07-20 21:00:00+00:00,Lahore,26.9,97,1001.2,1.84,42.0,63.6,423.0,19.9,8.9,61.0,168
2026-07-20 22:00:00+00:00,Lahore,27.3,96,1000.3,2.37,41.6,70.1,376.0,20.1,9.5,54.0,167
2026-07-20 23:00:00+00:00,Lahore,27.0,97,1000.4,3.49,43.0,78.7,328.0,20.6,10.2,48.0,165
2026-07-21 00:00:00+00:00,Lahore,26.9,93,1000.7,3.0,47.7,130.4,309.0,17.0,11.0,58.0,163
2026-07-21 01:00:00+00:00,Lahore,27.1,90,1001.0,1.27,43.9,104.3,348.0,18.9,11.9,57.0,163
2026-07-21 02:00:00+00:00,Lahore,26.8,92,1001.6,3.34,40.3,87.3,417.0,21.4,13.2,55.0,161
2026-07-21 03:00:00+00:00,Lahore,26.5,93,1002.6,3.6,37.4,75.9,457.0,22.1,13.7,60.0,160
2026-07-21 04:00:00+00:00,Lahore,27.1,94,1003.0,2.53,39.0,80.6,439.0,19.3,13.0,75.0,158
2026-07-21 05:00:00+00:00,Lahore,28.1,93,1002.3,3.13,31.5,60.8,394.0,14.7,11.6,96.0,156
2026-07-21 06:00:00+00:00,Lahore,28.9,79,1002.8,3.75,29.3,55.2,354.0,10.8,10.3,114.0,153
2026-07-21 07:00:00+00:00,Lahore,29.4,78,1002.6,3.65,27.9,52.4,306.0,8.2,9.2,128.0,151
2026-07-21 08:00:00+00:00,Lahore,29.1,80,1002.5,3.55,25.7,47.0,263.0,6.3,8.1,141.0,145
2026-07-21 09:00:00+00:00,Lahore,28.5,86,1002.2,4.32,23.4,41.9,302.0,6.2,7.3,146.0,138
2026-07-21 10:00:00+00:00,Lahore,28.5,84,1001.6,4.05,21.4,36.8,506.0,8.1,6.8,143.0,133
2026-07-21 11:00:00+00:00,Lahore,29.1,80,1001.3,3.97,20.7,33.5,792.0,11.9,6.6,133.0,127
2026-07-21 12:00:00+00:00,Lahore,29.4,75,1001.2,3.3,22.6,26.4,981.0,15.5,5.6,103.0,122
2026-07-21 13:00:00+00:00,Lahore,28.9,79,1001.1,3.04,22.8,24.3,982.0,19.7,6.3,95.0,116
2026-07-21 14:00:00+00:00,Lahore,27.9,84,1001.3,2.96,24.3,24.7,887.0,25.5,7.3,83.0,110
2026-07-21 15:00:00+00:00,Lahore,27.4,86,1001.7,2.43,25.7,25.8,791.0,29.8,8.1,72.0,105
2026-07-21 16:00:00+00:00,Lahore,27.2,85,1002.3,2.01,25.8,26.0,720.0,31.5,8.5,64.0,100
2026-07-21 17:00:00+00:00,Lahore,27.0,85,1002.8,1.96,27.3,27.6,648.0,31.8,8.7,57.0,98
2026-07-21 18:00:00+00:00,Lahore,27.3,86,1002.7,1.9,27.2,27.7,591.0,30.8,8.8,53.0,96
2026-07-21 19:00:00+00:00,Lahore,27.1,86,1001.9,2.1,25.6,26.2,560.0,28.0,8.7,54.0,94
2026-07-21 20:00:00+00:00,Lahore,27.0,86,1001.5,2.58,24.4,25.0,544.0,23.9,8.4,59.0,93
2026-07-21 21:00:00+00:00,Lahore,26.8,84,1001.4,3.76,24.0,24.6,525.0,20.5,8.1,63.0,91
2026-07-21 22:00:00+00:00,Lahore,25.6,88,1001.3,3.25,23.5,24.2,483.0,18.4,7.7,65.0,90
2026-07-21 23:00:00+00:00,Lahore,25.3,89,1002.2,2.21,23.7,24.3,438.0,17.1,7.2,67.0,88
2026-07-22 00:00:00+00:00,Lahore,24.5,97,1002.5,3.61,14.4,14.8,429.0,10.2,4.9,89.0,87
2026-07-22 01:00:00+00:00,Lahore,24.6,99,1002.3,1.96,13.2,13.6,499.0,13.3,5.6,83.0,84
2026-07-22 02:00:00+00:00,Lahore,25.0,96,1002.4,2.79,13.9,14.1,605.0,17.5,6.5,74.0,82
2026-07-22 03:00:00+00:00,Lahore,25.9,95,1001.8,3.48,17.0,17.1,661.0,19.4,7.3,73.0,80
2026-07-22 04:00:00+00:00,Lahore,27.2,90,1002.3,3.6,18.7,18.7,612.0,16.4,7.9,86.0,78
2026-07-22 05:00:00+00:00,Lahore,28.7,81,1002.2,4.68,16.7,16.8,512.0,11.1,8.3,106.0,77
2026-07-22 06:00:00+00:00,Lahore,29.3,79,1002.6,3.75,17.2,17.3,439.0,8.3,8.4,118.0,75
2026-07-22 07:00:00+00:00,Lahore,30.3,74,1002.1,4.18,19.9,20.1,429.0,10.4,7.9,115.0,74
2026-07-22 08:00:00+00:00,Lahore,30.8,71,1001.3,3.9,21.9,22.1,445.0,14.8,7.0,105.0,74
2026-07-22 09:00:00+00:00,Lahore,28.2,85,1001.3,2.34,24.4,24.6,457.0,18.9,6.6,96.0,74
2026-07-22 10:00:00+00:00,Lahore,28.3,84,1000.8,2.35,25.6,25.8,442.0,21.4,7.1,93.0,74
2026-07-22 11:00:00+00:00,Lahore,29.7,78,1000.1,2.75,29.2,29.5,423.0,23.4,8.0,92.0,74
2026-07-22 12:00:00+00:00,Lahore,29.6,77,1000.1,2.68,49.1,49.4,430.0,14.7,7.8,146.0,75
2026-07-22 13:00:00+00:00,Lahore,28.4,80,1000.5,2.66,45.4,45.9,491.0,20.5,7.4,123.0,77
2026-07-22 14:00:00+00:00,Lahore,26.9,92,1001.0,2.44,44.6,44.9,579.0,28.6,6.8,91.0,78
2026-07-22 15:00:00+00:00,Lahore,27.2,91,1001.7,2.8,44.9,45.1,642.0,35.1,6.5,65.0,80
2026-07-22 16:00:00+00:00,Lahore,26.9,91,1001.7,3.2,46.4,46.6,661.0,38.9,6.9,50.0,82
2026-07-22 17:00:00+00:00,Lahore,26.9,88,1001.8,2.89,48.8,48.9,655.0,41.1,7.6,40.0,83
2026-07-22 18:00:00+00:00,Lahore,27.1,86,1001.9,2.2,48.1,48.2,633.0,40.6,8.1,35.0,85
2026-07-22 19:00:00+00:00,Lahore,26.9,86,1001.8,1.75,44.9,44.9,590.0,35.8,8.3,36.0,87
2026-07-22 20:00:00+00:00,Lahore,26.8,85,1001.1,1.68,40.4,40.6,532.0,28.4,8.2,43.0,88
2026-07-22 21:00:00+00:00,Lahore,26.6,86,1000.8,1.84,34.7,35.0,477.0,22.0,7.9,50.0,89
2026-07-22 22:00:00+00:00,Lahore,26.2,89,1000.3,2.25,28.4,30.0,425.0,17.3,6.9,58.0,90
2026-07-22 23:00:00+00:00,Lahore,24.5,96,1001.2,3.55,22.7,24.1,377.0,13.6,5.7,67.0,91
2026-07-23 00:00:00+00:00,Lahore,26.1,91,1000.7,3.35,11.6,16.7,359.0,11.5,2.8,78.0,90
2026-07-23 01:00:00+00:00,Lahore,26.0,92,1001.1,3.61,9.3,11.4,393.0,14.8,3.4,73.0,90
2026-07-23 02:00:00+00:00,Lahore,25.8,95,1001.4,1.68,10.3,11.4,457.0,19.2,4.2,66.0,90
2026-07-23 03:00:00+00:00,Lahore,25.7,94,1001.9,3.77,11.2,11.6,507.0,22.1,4.9,62.0,90
2026-07-23 04:00:00+00:00,Lahore,25.1,97,1002.2,3.9,12.6,12.9,527.0,22.2,5.3,61.0,89
2026-07-23 05:00:00+00:00,Lahore,25.1,98,1002.2,2.12,14.2,14.5,532.0,20.7,5.6,62.0,89
2026-07-23 06:00:00+00:00,Lahore,25.8,95,1002.5,2.84,16.8,17.2,525.0,18.8,6.4,67.0,89
2026-07-23 07:00:00+00:00,Lahore,25.9,94,1001.9,2.83,19.2,19.7,496.0,16.2,8.2,80.0,88
2026-07-23 08:00:00+00:00,Lahore,26.8,88,1001.5,3.27,19.5,20.1,455.0,13.2,10.4,98.0,88
2026-07-23 09:00:00+00:00,Lahore,27.0,87,1001.0,3.36,20.7,21.1,429.0,11.4,11.9,111.0,88
2026-07-23 10:00:00+00:00,Lahore,28.1,81,1000.4,3.38,23.5,23.9,415.0,10.3,12.0,117.0,88
2026-07-23 11:00:00+00:00,Lahore,28.2,82,999.4,2.36,23.1,23.4,417.0,10.4,11.4,118.0,88
2026-07-23 12:00:00+00:00,Lahore,28.1,84,999.6,2.51,48.5,49.4,473.0,21.4,9.6,74.0,87
2026-07-23 13:00:00+00:00,Lahore,27.8,85,999.1,2.13,46.1,46.7,647.0,26.6,9.5,62.0,87
2026-07-23 14:00:00+00:00,Lahore,27.4,85,999.5,1.83,44.5,44.9,876.0,33.7,9.2,46.0,87
2026-07-23 15:00:00+00:00,Lahore,27.3,85,1000.2,1.76,41.9,42.3,1002.0,39.2,9.1,33.0,87
2026-07-23 16:00:00+00:00,Lahore,26.9,85,1000.7,1.94,40.4,40.7,929.0,41.7,9.1,25.0,87
2026-07-23 17:00:00+00:00,Lahore,26.8,84,1000.9,1.92,40.7,41.1,754.0,42.5,9.2,21.0,87
2026-07-23 18:00:00+00:00,Lahore,27.4,83,1000.8,2.33,39.1,39.5,613.0,41.7,9.1,19.0,86
2026-07-23 19:00:00+00:00,Lahore,27.2,83,1001.1,2.4,37.0,37.4,568.0,38.9,8.7,21.0,85
2026-07-23 20:00:00+00:00,Lahore,27.2,82,1000.7,2.35,34.2,34.7,558.0,34.6,8.1,25.0,85
2026-07-23 21:00:00+00:00,Lahore,27.0,83,1000.5,2.4,31.8,32.2,535.0,30.4,7.4,30.0,84
2026-07-23 22:00:00+00:00,Lahore,25.9,91,1000.5,1.95,27.9,28.5,469.0,26.3,6.3,36.0,84
2026-07-23 23:00:00+00:00,Lahore,25.7,92,1000.7,2.1,26.0,26.7,389.0,22.3,5.0,44.0,84
2026-07-24 00:00:00+00:00,Lahore,25.8,97,1000.6,1.95,18.0,18.3,343.0,16.8,4.8,52.0,84
2026-07-24 01:00:00+00:00,Lahore,25.3,97,1001.1,2.56,18.4,18.6,360.0,19.2,5.2,47.0,85
2026-07-24 02:00:00+00:00,Lahore,25.8,96,1001.1,2.45,19.8,20.0,410.0,22.2,5.8,42.0,85
2026-07-24 03:00:00+00:00,Lahore,26.6,92,1001.8,2.6,21.0,21.3,446.0,22.7,6.5,48.0,86
2026-07-24 04:00:00+00:00,Lahore,27.7,86,1002.2,2.13,22.0,22.3,446.0,18.4,7.5,76.0,87
2026-07-24 05:00:00+00:00,Lahore,29.3,81,1001.8,1.83,22.6,22.9,432.0,11.6,8.7,116.0,88
2026-07-24 06:00:00+00:00,Lahore,30.6,76,1002.0,2.25,24.3,24.7,419.0,6.4,9.5,149.0,88
2026-07-24 07:00:00+00:00,Lahore,31.6,70,1001.3,2.33,27.2,27.5,406.0,4.4,9.8,167.0,89
2026-07-24 08:00:00+00:00,Lahore,32.1,66,1000.3,1.91,28.6,28.8,395.0,3.9,9.8,178.0,89
2026-07-24 09:00:00+00:00,Lahore,32.4,63,999.3,1.69,29.4,29.6,398.0,4.6,9.6,182.0,90
2026-07-24 10:00:00+00:00,Lahore,31.2,71,998.6,1.35,28.7,28.9,408.0,4.9,9.2,179.0,91
2026-07-24 11:00:00+00:00,Lahore,31.3,71,998.0,1.1,27.2,27.4,433.0,6.2,8.6,169.0,99
2026-07-24 12:00:00+00:00,Lahore,32.1,67,997.7,1.61,43.2,43.5,515.0,12.5,8.6,150.0,125
2026-07-24 13:00:00+00:00,Lahore,31.4,70,997.6,1.25,45.5,45.9,710.0,25.8,9.1,121.0,141
2026-07-24 14:00:00+00:00,Lahore,30.4,77,997.9,1.1,52.3,52.5,961.0,44.3,9.8,81.0,142
2026-07-24 15:00:00+00:00,Lahore,29.8,80,999.0,1.12,55.4,55.5,1137.0,58.7,10.6,50.0,128
2026-07-24 16:00:00+00:00,Lahore,29.5,81,1000.3,1.3,58.3,58.6,1186.0,66.6,11.7,35.0,103
2026-07-24 17:00:00+00:00,Lahore,29.3,81,1000.5,1.31,64.3,64.3,1160.0,70.4,13.0,30.0,94
2026-07-24 18:00:00+00:00,Lahore,29.0,83,1000.6,2.41,67.5,67.8,1083.0,68.5,13.4,30.0,96
2026-07-24 19:00:00+00:00,Lahore,28.6,83,1000.5,2.1,66.4,66.6,936.0,57.1,12.3,39.0,98
2026-07-24 20:00:00+00:00,Lahore,28.6,82,1000.5,2.1,62.2,62.4,740.0,39.9,10.4,54.0,101
2026-07-24 21:00:00+00:00,Lahore,28.3,83,1000.3,2.06,50.8,50.9,577.0,26.4,8.8,65.0,104
2026-07-24 22:00:00+00:00,Lahore,27.2,87,1000.3,2.35,43.5,43.5,477.0,20.4,7.8,68.0,106
2026-07-24 23:00:00+00:00,Lahore,25.6,96,1000.9,2.71,37.8,38.0,412.0,18.0,7.2,67.0,107
2026-07-25 00:00:00+00:00,Lahore,25.4,97,1001.4,2.65,16.8,16.8,378.0,11.7,5.3,77.0,109
2026-07-25 01:00:00+00:00,Lahore,25.5,96,1001.9,2.79,16.9,16.9,393.0,15.6,5.8,68.0,108
2026-07-25 02:00:00+00:00,Lahore,25.0,94,1002.2,4.21,17.6,17.6,440.0,20.8,6.5,57.0,108
2026-07-25 03:00:00+00:00,Lahore,25.6,93,1002.9,3.86,16.1,16.1,466.0,23.0,7.1,54.0,108
2026-07-25 04:00:00+00:00,Lahore,26.6,88,1003.0,3.44,15.4,15.5,441.0,19.3,7.6,67.0,108
2026-07-25 05:00:00+00:00,Lahore,28.2,83,1002.8,3.45,14.8,15.4,395.0,12.7,8.1,88.0,107
2026-07-25 06:00:00+00:00,Lahore,27.8,88,1002.4,3.23,14.2,15.3,364.0,7.6,8.4,107.0,106
2026-07-25 07:00:00+00:00,Lahore,28.0,89,1002.4,1.2,15.7,17.1,368.0,5.7,8.4,121.0,105
2026-07-25 08:00:00+00:00,Lahore,29.5,81,1001.8,2.45,17.8,19.4,387.0,5.3,8.3,132.0,104
2026-07-25 09:00:00+00:00,Lahore,31.2,75,1001.0,2.5,19.7,21.5,404.0,5.6,8.1,139.0,103
2026-07-25 10:00:00+00:00,Lahore,31.8,72,1000.5,2.34,20.5,22.4,400.0,5.4,8.0,141.0,102
2026-07-25 11:00:00+00:00,Lahore,30.0,81,1000.5,2.42,25.7,28.2,393.0,6.0,7.9,139.0,101
2026-07-25 12:00:00+00:00,Lahore,30.3,75,1000.5,2.79,36.4,45.3,424.0,10.1,7.2,138.0,101
2026-07-25 13:00:00+00:00,Lahore,29.3,83,1000.8,2.7,40.4,45.8,536.0,18.0,7.7,119.0,100
2026-07-25 14:00:00+00:00,Lahore,28.6,86,1001.2,2.21,41.1,45.8,684.0,28.8,8.3,93.0,100
2026-07-25 15:00:00+00:00,Lahore,28.2,88,1001.7,2.5,41.9,46.1,777.0,36.3,8.8,73.0,99
2026-07-25 16:00:00+00:00,Lahore,28.0,89,1002.4,2.5,42.5,46.4,764.0,37.6,9.1,64.0,98
2026-07-25 17:00:00+00:00,Lahore,27.9,91,1003.0,2.26,42.5,46.1,696.0,35.5,9.3,60.0,96
2026-07-25 18:00:00+00:00,Lahore,27.6,92,1002.7,1.9,41.7,44.5,628.0,33.0,9.3,58.0,95
2026-07-25 19:00:00+00:00,Lahore,27.2,93,1002.7,1.86,39.5,41.4,572.0,30.4,9.1,56.0,93
2026-07-25 20:00:00+00:00,Lahore,26.9,94,1002.7,1.83,37.7,38.9,516.0,27.4,8.8,55.0,91
2026-07-25 21:00:00+00:00,Lahore,26.8,94,1002.5,1.81,37.6,38.3,480.0,25.1,8.6,53.0,89
2026-07-25 22:00:00+00:00,Lahore,26.7,94,1002.6,1.93,39.8,40.3,473.0,24.6,8.6,48.0,88
2026-07-25 23:00:00+00:00,Lahore,26.6,93,1002.7,1.9,42.4,42.5,485.0,24.8,8.7,43.0,87
2026-07-26 00:00:00+00:00,Lahore,27.6,93,1002.2,2.36,51.8,52.5,506.0,25.9,10.0,41.0,88
2026-07-26 01:00:00+00:00,Lahore,27.4,93,1002.6,2.07,54.8,55.4,544.0,24.0,11.2,52.0,90
2026-07-26 02:00:00+00:00,Lahore,27.7,93,1002.7,1.95,55.5,56.1,591.0,21.2,12.8,67.0,93
2026-07-26 03:00:00+00:00,Lahore,28.8,90,1003.0,0.85,52.3,52.6,607.0,18.4,14.0,83.0,96
2026-07-26 04:00:00+00:00,Lahore,30.1,85,1002.9,0.99,46.6,46.7,564.0,15.8,14.5,99.0,99
2026-07-26 05:00:00+00:00,Lahore,31.1,79,1002.9,1.1,42.7,43.0,491.0,13.1,14.7,116.0,102
2026-07-26 06:00:00+00:00,Lahore,31.8,75,1003.0,0.45,39.0,39.1,431.0,10.6,14.5,134.0,105
2026-07-26 07:00:00+00:00,Lahore,32.6,71,1002.6,0.7,38.3,38.4,400.0,8.0,13.8,155.0,108
2026-07-26 08:00:00+00:00,Lahore,33.1,65,1002.0,0.65,36.4,36.7,383.0,5.6,12.9,177.0,110
2026-07-26 09:00:00+00:00,Lahore,33.6,63,1001.2,0.5,38.1,38.3,376.0,4.3,12.3,193.0,112
2026-07-26 10:00:00+00:00,Lahore,33.9,61,1000.4,0.47,39.6,39.8,337.0,2.3,12.4,203.0,114
2026-07-26 11:00:00+00:00,Lahore,33.8,61,999.6,0.5,40.5,40.7,308.0,1.4,12.9,207.0,116
2026-07-26 12:00:00+00:00,Lahore,33.2,63,999.5,1.88,40.2,40.6,416.0,7.4,14.7,209.0,140
2026-07-26 13:00:00+00:00,Lahore,31.8,75,999.4,2.1,41.2,41.7,797.0,23.8,15.2,168.0,160
2026-07-26 14:00:00+00:00,Lahore,30.8,84,999.5,0.67,52.5,53.0,1315.0,46.7,15.8,111.0,168
2026-07-26 15:00:00+00:00,Lahore,30.4,87,1000.0,0.5,64.5,65.0,1688.0,65.7,16.8,65.0,164
2026-07-26 16:00:00+00:00,Lahore,30.1,89,1000.5,0.97,79.2,79.6,1759.0,77.1,18.3,42.0,150
2026-07-26 17:00:00+00:00,Lahore,29.7,90,1000.7,1.08,93.4,94.1,1686.0,84.5,20.1,31.0,125
2026-07-26 18:00:00+00:00,Lahore,30.2,89,999.9,1.15,101.5,102.2,1662.0,89.1,21.4,25.0,131
2026-07-26 19:00:00+00:00,Lahore,29.6,91,999.7,0.84,105.5,106.2,1808.0,91.0,21.8,22.0,137
2026-07-26 20:00:00+00:00,Lahore,29.3,92,999.4,0.92,108.5,109.2,2003.0,90.0,21.7,23.0,144
2026-07-26 21:00:00+00:00,Lahore,29.1,93,999.2,0.93,112.9,113.9,2076.0,86.4,21.6,26.0,150
2026-07-26 22:00:00+00:00,Lahore,28.9,93,999.1,1.21,117.3,118.3,1917.0,79.7,21.5,28.0,153
2026-07-26 23:00:00+00:00,Lahore,27.7,93,999.6,2.3,115.3,116.2,1637.0,70.3,21.3,31.0,155
2026-07-27 00:00:00+00:00,Lahore,29.3,90,998.9,0.25,90.1,91.3,1398.0,40.7,21.9,60.0,157
2026-07-27 01:00:00+00:00,Lahore,29.2,91,999.2,0.68,90.1,91.3,1267.0,36.8,23.0,78.0,158
2026-07-27 02:00:00+00:00,Lahore,30.4,84,999.3,0.32,78.7,79.9,1176.0,31.1,24.6,103.0,159
2026-07-27 03:00:00+00:00,Lahore,31.5,74,999.3,0.29,59.6,61.0,1085.0,25.1,26.1,134.0,160
2026-07-27 04:00:00+00:00,Lahore,32.4,70,999.0,0.3,51.7,53.1,978.0,18.5,27.7,174.0,160
2026-07-27 05:00:00+00:00,Lahore,33.0,67,999.1,0.54,50.2,51.5,870.0,11.5,29.3,220.0,160
2026-07-27 06:00:00+00:00,Lahore,33.5,63,998.7,1.1,54.1,55.6,767.0,6.6,29.6,252.0,160
2026-07-27 07:00:00+00:00,Lahore,34.3,61,998.7,1.12,57.4,59.1,663.0,4.9,27.7,262.0,161
2026-07-27 08:00:00+00:00,Lahore,34.8,59,997.8,1.36,56.0,58.3,563.0,5.2,24.4,259.0,162
2026-07-27 09:00:00+00:00,Lahore,35.1,58,997.1,1.77,54.5,57.5,495.0,6.3,21.7,251.0,174
2026-07-27 10:00:00+00:00,Lahore,35.1,57,996.0,1.97,53.4,57.4,410.0,4.4,19.8,244.0,201
2026-07-27 11:00:00+00:00,Lahore,34.9,57,995.4,1.81,52.0,56.8,355.0,3.2,18.3,233.0,210
2026-07-27 12:00:00+00:00,Lahore,34.9,58,995.2,2.0,54.5,62.6,500.0,13.1,17.0,203.0,217
2026-07-27 13:00:00+00:00,Lahore,34.0,65,995.3,1.3,61.9,68.5,1038.0,43.2,19.0,158.0,219
2026-07-27 14:00:00+00:00,Lahore,33.0,72,995.5,0.97,75.0,82.7,1775.0,84.7,21.9,96.0,214
2026-07-27 15:00:00+00:00,Lahore,32.4,74,996.0,1.15,93.8,102.0,2302.0,116.5,24.7,47.0,204
2026-07-27 16:00:00+00:00,Lahore,32.1,76,996.5,0.91,116.2,124.8,2449.0,130.1,27.7,24.0,175
2026-07-27 17:00:00+00:00,Lahore,32.0,77,996.8,0.11,137.8,146.7,2385.0,133.9,30.5,15.0,167
2026-07-27 18:00:00+00:00,Lahore,32.8,73,996.5,0.38,137.8,146.2,2210.0,131.8,31.4,10.0,168
2026-07-27 19:00:00+00:00,Lahore,31.9,77,996.6,0.6,125.3,132.2,1906.0,124.2,29.1,8.0,169
2026-07-27 20:00:00+00:00,Lahore,31.1,82,996.6,1.06,111.5,117.3,1492.0,110.7,24.8,11.0,170
2026-07-27 21:00:00+00:00,Lahore,30.5,82,996.4,2.45,102.0,107.1,1119.0,93.6,20.6,19.0,170
2026-07-27 22:00:00+00:00,Lahore,28.9,83,996.5,1.01,90.8,94.5,812.0,70.1,17.0,36.0,170
2026-07-27 23:00:00+00:00,Lahore,27.1,94,997.1,1.04,70.1,72.2,547.0,43.1,13.4,58.0,169
2026-07-28 00:00:00+00:00,Lahore,29.3,86,996.6,0.73,74.3,84.5,408.0,35.4,13.9,59.0,168
2026-07-28 01:00:00+00:00,Lahore,29.4,85,996.7,0.71,72.9,78.7,491.0,34.0,13.9,65.0,167
2026-07-28 02:00:00+00:00,Lahore,29.3,87,997.3,2.12,69.6,73.6,701.0,31.9,14.0,74.0,167
2026-07-28 03:00:00+00:00,Lahore,30.7,82,997.4,1.11,62.9,67.3,827.0,28.2,14.1,92.0,166
2026-07-28 04:00:00+00:00,Lahore,31.9,74,997.6,1.43,59.3,65.9,760.0,21.6,14.5,127.0,166
2026-07-28 05:00:00+00:00,Lahore,33.0,70,997.6,1.61,58.0,66.8,611.0,13.6,15.1,171.0,167
2026-07-28 06:00:00+00:00,Lahore,34.2,59,997.9,0.91,59.6,70.8,503.0,7.7,15.2,204.0,167
2026-07-28 07:00:00+00:00,Lahore,32.8,66,998.0,1.39,59.5,71.9,489.0,5.5,14.6,219.0,167
2026-07-28 08:00:00+00:00,Lahore,33.7,66,997.5,1.6,55.2,67.3,517.0,5.5,13.6,223.0,167
2026-07-28 09:00:00+00:00,Lahore,33.1,70,997.2,2.73,54.6,66.6,548.0,6.4,12.9,223.0,167
2026-07-28 10:00:00+00:00,Lahore,33.5,69,996.4,2.15,53.8,66.8,565.0,6.7,12.8,224.0,167
2026-07-28 11:00:00+00:00,Lahore,33.8,66,995.7,1.68,54.7,68.5,586.0,8.0,13.0,221.0,174
2026-07-28 12:00:00+00:00,Lahore,33.8,63,995.3,1.01,66.4,82.0,628.0,24.3,13.0,174.0,195
2026-07-28 13:00:00+00:00,Lahore,32.9,69,995.3,1.33,72.4,87.8,722.0,28.3,12.7,155.0,201
2026-07-28 14:00:00+00:00,Lahore,31.6,78,995.9,1.91,75.0,86.1,837.0,33.7,12.3,129.0,199
2026-07-28 15:00:00+00:00,Lahore,30.9,80,997.0,2.58,61.9,68.9,897.0,36.3,11.8,109.0,188
2026-07-28 16:00:00+00:00,Lahore,30.5,82,997.9,2.82,55.1,59.8,857.0,33.3,11.2,101.0,170
2026-07-28 17:00:00+00:00,Lahore,30.0,84,998.4,2.95,52.5,57.4,761.0,27.6,10.5,98.0,165
2026-07-28 18:00:00+00:00,Lahore,30.1,87,998.3,3.4,51.6,56.7,669.0,23.6,10.1,94.0,163
2026-07-28 19:00:00+00:00,Lahore,29.4,90,998.6,3.36,52.6,57.9,592.0,24.1,10.3,83.0,160
2026-07-28 20:00:00+00:00,Lahore,28.9,91,998.5,3.15,53.0,59.3,518.0,26.3,10.8,70.0,158
2026-07-28 21:00:00+00:00,Lahore,28.0,92,998.9,2.63,50.8,62.2,467.0,26.7,11.1,63.0,156
2026-07-28 22:00:00+00:00,Lahore,27.8,95,998.5,3.19,45.2,58.3,454.0,22.8,10.8,67.0,155
2026-07-28 23:00:00+00:00,Lahore,27.7,95,998.3,2.9,41.0,54.0,465.0,16.9,10.2,77.0,153
2026-07-29 00:00:00+00:00,Lahore,26.8,97,999.5,2.32,31.4,46.8,476.0,13.5,8.6,83.0,152
2026-07-29 01:00:00+00:00,Lahore,26.5,97,999.6,1.8,30.0,41.6,480.0,15.0,8.6,82.0,151
2026-07-29 02:00:00+00:00,Lahore,27.2,93,1000.0,2.27,27.8,39.0,484.0,16.8,8.7,82.0,149
2026-07-29 03:00:00+00:00,Lahore,28.4,87,1000.3,2.7,24.9,34.6,483.0,17.4,8.9,86.0,145
2026-07-29 04:00:00+00:00,Lahore,29.7,82,1000.4,2.75,23.3,32.5,471.0,15.5,9.3,96.0,141
2026-07-29 05:00:00+00:00,Lahore,31.0,75,1000.1,3.04,22.9,32.5,455.0,12.2,9.9,111.0,137
2026-07-29 06:00:00+00:00,Lahore,28.6,78,1001.6,1.31,22.1,33.4,450.0,9.4,10.4,128.0,134
2026-07-29 07:00:00+00:00,Lahore,29.9,74,1001.2,0.65,24.5,38.1,461.0,7.4,10.8,149.0,130
2026-07-29 08:00:00+00:00,Lahore,30.8,72,1000.4,1.16,27.2,44.8,484.0,5.9,11.2,172.0,126
2026-07-29 09:00:00+00:00,Lahore,31.7,70,999.5,0.96,29.0,47.1,518.0,5.7,11.7,189.0,123
2026-07-29 10:00:00+00:00,Lahore,32.3,68,998.6,0.99,30.6,48.7,521.0,4.2,12.1,199.0,121
2026-07-29 11:00:00+00:00,Lahore,32.3,68,997.9,1.34,31.5,49.1,536.0,4.0,12.5,203.0,118
2026-07-29 12:00:00+00:00,Lahore,32.4,65,997.6,0.67,40.5,59.6,690.0,13.3,12.1,175.0,132
2026-07-29 13:00:00+00:00,Lahore,31.8,68,997.5,0.79,44.9,60.8,1162.0,34.4,12.9,138.0,149
2026-07-29 14:00:00+00:00,Lahore,30.9,75,997.8,0.81,56.5,68.7,1773.0,63.0,14.1,86.0,153
2026-07-29 15:00:00+00:00,Lahore,30.0,81,998.2,0.87,58.4,67.8,2111.0,81.4,14.8,48.0,145
2026-07-29 16:00:00+00:00,Lahore,29.4,83,998.8,1.42,56.2,64.3,1933.0,79.9,14.7,37.0,124
2026-07-29 17:00:00+00:00,Lahore,28.9,83,999.2,1.66,56.2,63.6,1482.0,68.2,14.2,39.0,108
2026-07-29 18:00:00+00:00,Lahore,29.2,86,999.0,1.65,55.9,62.9,1078.0,56.9,13.5,42.0,108
2026-07-29 19:00:00+00:00,Lahore,28.5,87,998.9,1.56,54.1,61.2,822.0,49.4,12.6,43.0,109
2026-07-29 20:00:00+00:00,Lahore,28.3,86,999.0,1.35,53.2,60.1,613.0,42.5,11.7,46.0,109
2026-07-29 21:00:00+00:00,Lahore,28.0,88,998.6,1.08,53.2,59.6,469.0,36.9,10.9,47.0,109
2026-07-29 22:00:00+00:00,Lahore,27.8,88,998.0,1.75,54.0,60.1,401.0,33.3,10.6,45.0,109
2026-07-29 23:00:00+00:00,Lahore,27.6,89,997.9,1.7,55.6,61.5,397.0,31.1,10.5,42.0,110
2026-07-30 00:00:00+00:00,Lahore,27.1,94,997.8,2.05,54.4,56.8,439.0,34.8,11.0,37.0,112
2026-07-30 01:00:00+00:00,Lahore,27.1,95,998.7,1.52,59.6,62.4,557.0,33.1,11.5,46.0,114
2026-07-30 02:00:00+00:00,Lahore,27.6,91,998.9,1.79,62.6,66.1,720.0,30.5,12.2,60.0,117
2026-07-30 03:00:00+00:00,Lahore,28.6,84,999.2,1.75,57.4,63.1,815.0,26.7,12.7,82.0,121
2026-07-30 04:00:00+00:00,Lahore,30.0,77,998.9,2.5,52.2,61.0,772.0,20.4,12.9,121.0,124
2026-07-30 05:00:00+00:00,Lahore,31.3,71,999.1,1.86,50.2,61.7,660.0,12.9,12.9,168.0,127
2026-07-30 06:00:00+00:00,Lahore,33.0,66,999.2,1.08,49.7,65.4,572.0,7.4,12.8,205.0,130
2026-07-30 07:00:00+00:00,Lahore,34.0,63,999.0,1.01,49.8,68.5,541.0,5.2,12.6,223.0,133
2026-07-30 08:00:00+00:00,Lahore,34.3,63,998.6,1.2,50.1,69.6,534.0,5.0,12.4,231.0,136
2026-07-30 09:00:00+00:00,Lahore,33.1,68,998.0,2.05,49.5,68.5,550.0,5.8,12.2,233.0,138
2026-07-30 10:00:00+00:00,Lahore,32.1,76,997.3,2.33,46.8,63.1,566.0,6.2,12.1,235.0,148
2026-07-30 11:00:00+00:00,Lahore,33.0,72,997.0,0.32,46.1,60.8,603.0,7.7,12.1,231.0,176
2026-07-30 12:00:00+00:00,Lahore,32.5,71,996.8,1.95,50.2,64.0,729.0,15.5,14.1,213.0,200
2026-07-30 13:00:00+00:00,Lahore,31.5,76,997.0,1.8,50.8,61.0,1068.0,31.8,13.7,171.0,206
2026-07-30 14:00:00+00:00,Lahore,30.0,84,998.0,2.2,55.4,61.0,1494.0,53.7,13.1,112.0,206
2026-07-30 15:00:00+00:00,Lahore,28.0,91,998.4,0.72,61.7,66.1,1698.0,66.0,12.4,71.0,200
2026-07-30 16:00:00+00:00,Lahore,28.1,92,998.9,1.03,67.1,70.3,1465.0,59.4,11.6,63.0,176
2026-07-30 17:00:00+00:00,Lahore,28.6,90,999.2,2.24,59.8,63.1,1009.0,43.2,10.8,71.0,149
2026-07-30 18:00:00+00:00,Lahore,28.9,88,999.3,2.75,55.8,57.4,661.0,29.8,10.3,79.0,147
2026-07-30 19:00:00+00:00,Lahore,28.4,90,999.2,2.83,53.3,54.1,562.0,24.0,10.2,82.0,147
2026-07-30 20:00:00+00:00,Lahore,28.2,93,999.1,2.66,52.2,52.6,570.0,21.1,10.5,84.0,147
2026-07-30 21:00:00+00:00,Lahore,28.0,93,999.1,2.37,51.8,52.2,589.0,19.3,11.0,85.0,146
2026-07-30 22:00:00+00:00,Lahore,27.9,93,999.0,2.02,51.8,52.3,594.0,18.4,12.1,82.0,146
2026-07-30 23:00:00+00:00,Lahore,26.5,95,999.6,2.75,52.0,52.4,609.0,18.6,13.4,78.0,146
2026-07-31 00:00:00+00:00,Lahore,26.6,88,999.9,3.75,46.1,46.7,613.0,15.5,12.6,92.0,146
2026-07-31 01:00:00+00:00,Lahore,26.0,90,999.8,1.78,38.9,39.8,595.0,17.0,11.6,90.0,145
2026-07-31 02:00:00+00:00,Lahore,26.6,88,1000.7,2.94,31.0,32.4,566.0,18.8,10.3,89.0,143
2026-07-31 03:00:00+00:00,Lahore,25.4,93,1001.9,3.01,30.4,31.1,534.0,18.9,9.7,96.0,139
2026-07-31 04:00:00+00:00,Lahore,25.9,93,1001.7,2.77,29.2,29.6,498.0,15.6,10.6,120.0,137
2026-07-31 05:00:00+00:00,Lahore,28.8,83,1001.9,2.72,30.0,30.4,459.0,10.6,12.3,152.0,134
2026-07-31 06:00:00+00:00,Lahore,30.8,79,1001.2,2.76,32.5,33.2,434.0,6.8,13.4,177.0,132
2026-07-31 07:00:00+00:00,Lahore,28.5,86,1001.9,2.83,32.9,34.7,432.0,5.1,13.2,188.0,130
2026-07-31 08:00:00+00:00,Lahore,29.9,83,1001.3,1.16,32.6,34.5,443.0,4.7,12.5,192.0,128
2026-07-31 09:00:00+00:00,Lahore,31.2,79,1000.1,1.92,33.2,34.2,451.0,5.4,11.7,191.0,127
2026-07-31 10:00:00+00:00,Lahore,31.5,77,999.2,1.7,32.6,33.2,440.0,7.1,11.2,188.0,125
2026-07-31 11:00:00+00:00,Lahore,30.1,80,998.8,2.02,32.4,32.7,425.0,10.1,10.6,181.0,144
2026-07-31 12:00:00+00:00,Lahore,30.3,81,999.0,1.65,32.7,33.4,442.0,18.1,8.3,134.0,159
2026-07-31 13:00:00+00:00,Lahore,29.8,82,998.9,2.42,33.9,34.3,526.0,26.1,8.9,111.0,161
2026-07-31 14:00:00+00:00,Lahore,29.4,84,999.1,2.67,38.5,38.8,640.0,37.1,9.6,79.0,155
2026-07-31 15:00:00+00:00,Lahore,29.2,85,999.6,2.75,39.1,39.3,714.0,44.1,10.2,54.0,135
2026-07-31 16:00:00+00:00,Lahore,28.9,87,1000.2,2.56,38.0,38.2,712.0,43.4,10.3,45.0,114
2026-07-31 17:00:00+00:00,Lahore,28.4,88,1000.7,2.3,37.8,38.2,669.0,38.8,10.3,43.0,111
2026-07-31 18:00:00+00:00,Lahore,28.0,87,1000.9,2.55,38.5,39.0,616.0,35.2,10.1,41.0,109
2026-07-31 19:00:00+00:00,Lahore,27.7,88,1000.8,2.21,39.3,39.8,550.0,34.6,9.8,36.0,107
2026-07-31 20:00:00+00:00,Lahore,27.6,88,1001.0,1.88,40.9,41.3,473.0,35.0,9.3,30.0,106
2026-07-31 21:00:00+00:00,Lahore,27.5,88,1000.7,1.87,42.3,42.8,423.0,34.8,9.1,27.0,105
2026-07-31 22:00:00+00:00,Lahore,27.4,88,1000.6,1.96,42.5,43.1,423.0,33.1,9.3,27.0,104
2026-07-31 23:00:00+00:00,Lahore,27.4,87,1000.5,2.28,42.6,43.1,451.0,30.8,9.7,29.0,103
2026-08-01 00:00:00+00:00,Lahore,27.8,87,1000.4,2.21,46.3,46.8,475.0,27.4,13.4,42.0,102
2026-08-01 01:00:00+00:00,Lahore,27.8,87,1000.7,2.04,46.2,46.6,489.0,26.6,13.8,50.0,102
2026-08-01 02:00:00+00:00,Lahore,28.4,83,1001.3,2.45,46.0,46.3,500.0,25.2,14.3,61.0,102
2026-08-01 03:00:00+00:00,Lahore,28.8,79,1001.8,4.08,38.2,38.9,497.0,22.5,14.3,77.0,104
2026-08-01 04:00:00+00:00,Lahore,28.4,80,1001.5,3.4,32.2,33.3,470.0,17.3,13.2,102.0,105
2026-08-01 05:00:00+00:00,Lahore,29.7,79,1001.3,2.26,29.2,30.3,429.0,10.8,11.5,131.0,105
2026-08-01 06:00:00+00:00,Lahore,31.2,73,1001.4,2.02,26.0,27.1,391.0,6.0,10.1,154.0,105
2026-08-01 07:00:00+00:00,Lahore,32.2,67,1000.4,1.97,24.0,25.3,357.0,4.2,9.4,165.0,104
2026-08-01 08:00:00+00:00,Lahore,33.0,62,999.7,2.11,23.6,25.0,325.0,4.0,9.0,170.0,103
2026-08-01 09:00:00+00:00,Lahore,33.4,60,998.9,1.75,24.4,25.8,314.0,4.6,9.0,173.0,102
2026-08-01 10:00:00+00:00,Lahore,33.4,61,998.0,1.39,25.6,27.1,313.0,3.2,9.3,180.0,102
2026-08-01 11:00:00+00:00,Lahore,33.3,61,997.5,1.34,26.7,28.2,332.0,2.7,9.9,184.0,112
2026-08-01 12:00:00+00:00,Lahore,32.6,65,997.8,0.5,33.1,35.6,416.0,12.6,9.0,152.0,134
2026-08-01 13:00:00+00:00,Lahore,32.3,67,997.8,0.51,39.5,41.7,643.0,29.6,9.7,120.0,145
2026-08-01 14:00:00+00:00,Lahore,31.2,77,998.1,0.38,47.0,49.1,935.0,53.0,10.8,76.0,143
2026-08-01 15:00:00+00:00,Lahore,30.5,79,998.7,1.52,51.6,53.6,1107.0,69.4,11.5,42.0,126
2026-08-01 16:00:00+00:00,Lahore,29.9,82,999.5,1.44,55.6,57.5,1047.0,72.9,11.7,28.0,103
2026-08-01 17:00:00+00:00,Lahore,29.4,85,999.8,1.59,57.0,58.8,867.0,69.5,11.7,23.0,105
2026-08-01 18:00:00+00:00,Lahore,29.6,85,999.6,1.78,58.6,60.3,710.0,63.8,11.4,23.0,107
2026-08-01 19:00:00+00:00,Lahore,29.3,85,999.6,1.66,56.1,57.9,631.0,56.0,10.7,26.0,109
2026-08-01 20:00:00+00:00,Lahore,29.2,84,999.9,1.95,54.4,56.1,576.0,46.0,9.7,33.0,111
2026-08-01 21:00:00+00:00,Lahore,29.0,84,1000.1,2.29,53.8,55.6,524.0,38.0,9.0,38.0,112
2026-08-01 22:00:00+00:00,Lahore,28.7,86,1000.2,2.1,54.5,56.1,458.0,34.2,8.8,37.0,113
2026-08-01 23:00:00+00:00,Lahore,28.4,88,1000.0,1.71,54.9,56.5,397.0,32.4,9.0,35.0,115
2026-08-02 00:00:00+00:00,Lahore,28.6,83,1000.5,2.08,50.2,51.6,373.0,27.3,8.4,47.0,116
2026-08-02 01:00:00+00:00,Lahore,27.8,85,1000.9,2.21,47.1,48.4,425.0,24.5,8.7,57.0,116
2026-08-02 02:00:00+00:00,Lahore,28.1,89,1001.5,1.25,46.2,47.3,515.0,20.5,9.1,72.0,116
2026-08-02 03:00:00+00:00,Lahore,29.2,85,1001.8,0.92,43.8,44.7,562.0,16.4,9.8,92.0,116
2026-08-02 04:00:00+00:00,Lahore,30.5,79,1001.7,1.32,41.3,42.8,519.0,12.2,11.2,121.0,117
2026-08-02 05:00:00+00:00,Lahore,31.5,72,1001.3,1.98,39.2,41.4,433.0,7.9,12.8,156.0,118
2026-08-02 06:00:00+00:00,Lahore,31.8,69,1001.1,1.19,38.2,40.7,364.0,4.9,13.8,182.0,119
2026-08-02 07:00:00+00:00,Lahore,33.2,63,1000.8,1.91,38.1,40.9,336.0,3.7,13.5,195.0,120
2026-08-02 08:00:00+00:00,Lahore,33.7,62,1000.2,0.88,37.5,40.5,326.0,3.7,12.7,199.0,122
2026-08-02 09:00:00+00:00,Lahore,34.1,60,999.5,1.45,36.2,39.5,325.0,4.4,12.0,201.0,123
2026-08-02 10:00:00+00:00,Lahore,34.2,60,998.6,1.28,35.7,39.3,320.0,4.1,11.8,204.0,126
2026-08-02 11:00:00+00:00,Lahore,34.1,61,998.1,1.16,35.3,39.0,324.0,4.4,11.9,204.0,153
2026-08-02 12:00:00+00:00,Lahore,34.4,57,998.1,1.4,28.9,33.8,371.0,9.1,11.7,174.0,171
2026-08-02 13:00:00+00:00,Lahore,33.6,61,998.4,0.92,36.0,40.0,507.0,22.7,12.3,143.0,179
2026-08-02 14:00:00+00:00,Lahore,32.3,71,999.1,1.32,42.5,46.1,686.0,41.2,13.2,101.0,177
2026-08-02 15:00:00+00:00,Lahore,31.6,76,999.8,1.86,46.9,49.8,798.0,53.3,13.6,69.0,164
2026-08-02 16:00:00+00:00,Lahore,30.9,78,1000.8,2.75,48.3,50.8,780.0,53.4,13.4,57.0,142
2026-08-02 17:00:00+00:00,Lahore,29.9,82,1000.9,2.4,47.5,49.7,695.0,47.1,12.8,54.0,124
2026-08-02 18:00:00+00:00,Lahore,30.1,85,1000.8,2.14,45.9,48.0,621.0,40.2,12.0,55.0,123
2026-08-02 19:00:00+00:00,Lahore,29.7,83,1000.5,2.01,43.3,45.1,588.0,33.7,10.9,58.0,122
2026-08-02 20:00:00+00:00,Lahore,29.4,83,1000.0,1.68,40.5,42.0,566.0,26.6,9.5,63.0,120
2026-08-02 21:00:00+00:00,Lahore,29.2,86,999.7,1.91,38.3,39.5,550.0,21.6,8.6,66.0,119
2026-08-02 22:00:00+00:00,Lahore,28.9,88,999.8,2.02,36.8,37.6,533.0,20.3,8.3,62.0,117
2026-08-02 23:00:00+00:00,Lahore,28.7,88,1000.0,1.39,36.8,37.4,521.0,21.0,8.4,56.0,115
2026-08-03 00:00:00+00:00,Lahore,29.4,86,999.5,0.9,25.1,25.4,531.0,15.1,6.4,75.0,113
2026-08-03 01:00:00+00:00,Lahore,29.2,86,1000.0,1.25,24.4,24.7,591.0,16.1,7.3,79.0,111
2026-08-03 02:00:00+00:00,Lahore,29.6,83,1000.2,2.44,23.1,23.5,674.0,17.4,8.6,85.0,108
2026-08-03 03:00:00+00:00,Lahore,30.7,75,1000.3,2.09,22.9,23.3,708.0,17.4,9.5,96.0,106
2026-08-03 04:00:00+00:00,Lahore,32.6,67,1000.6,1.6,23.0,23.3,643.0,14.8,9.8,117.0,104
2026-08-03 05:00:00+00:00,Lahore,33.8,63,1001.2,1.5,23.6,24.0,530.0,10.9,9.8,142.0,102
2026-08-03 06:00:00+00:00,Lahore,35.8,49,1000.9,1.35,25.0,25.5,455.0,7.7,9.6,163.0,100
2026-08-03 07:00:00+00:00,Lahore,36.8,46,1000.3,0.86,25.9,26.4,463.0,5.9,9.0,174.0,99
2026-08-03 08:00:00+00:00,Lahore,35.0,55,1000.5,2.44,25.2,25.7,509.0,4.9,8.1,180.0,98
2026-08-03 09:00:00+00:00,Lahore,34.8,58,1000.4,2.4,25.4,26.0,537.0,4.9,7.7,183.0,97
2026-08-03 10:00:00+00:00,Lahore,33.8,62,999.7,2.11,26.0,26.6,488.0,4.8,7.9,186.0,109
2026-08-03 11:00:00+00:00,Lahore,32.4,67,999.5,1.7,26.2,26.8,422.0,5.6,8.6,186.0,130
2026-08-03 12:00:00+00:00,Lahore,29.1,79,1000.2,1.4,41.2,42.1,460.0,17.3,11.3,195.0,150
2026-08-03 13:00:00+00:00,Lahore,28.6,82,1000.2,1.17,42.5,43.5,714.0,20.9,10.9,173.0,162
2026-08-03 14:00:00+00:00,Lahore,28.1,84,1000.6,1.32,45.1,46.1,1072.0,25.9,10.4,141.0,167
2026-08-03 15:00:00+00:00,Lahore,28.0,85,1001.0,0.99,42.7,43.5,1327.0,30.4,10.2,115.0,164
2026-08-03 16:00:00+00:00,Lahore,27.8,87,1001.8,0.76,41.9,42.5,1384.0,34.5,10.9,99.0,154
2026-08-03 17:00:00+00:00,Lahore,27.6,88,1001.8,0.91,44.4,44.8,1336.0,38.1,12.1,87.0,138
2026-08-03 18:00:00+00:00,Lahore,27.9,90,1001.9,1.52,46.2,46.4,1260.0,39.1,12.5,79.0,118
2026-08-03 19:00:00+00:00,Lahore,27.6,90,1001.6,1.8,44.2,44.4,1164.0,35.3,11.5,74.0,96
2026-08-03 20:00:00+00:00,Lahore,27.5,90,1001.5,1.66,43.7,43.7,1039.0,28.9,9.9,71.0,96
2026-08-03 21:00:00+00:00,Lahore,27.4,91,1001.7,1.22,43.7,43.8,929.0,23.7,8.5,69.0,96
2026-08-03 22:00:00+00:00,Lahore,27.3,92,1001.7,0.66,43.7,43.8,840.0,21.2,7.8,67.0,96
2026-08-03 23:00:00+00:00,Lahore,27.0,93,1001.8,0.71,44.0,44.4,766.0,19.9,7.4,65.0,97
2026-08-04 00:00:00+00:00,Lahore,27.6,95,1001.7,0.68,44.9,45.2,741.0,19.4,17.5,84.0,97
2026-08-04 01:00:00+00:00,Lahore,27.5,95,1001.6,0.25,51.1,51.3,813.0,21.4,16.8,83.0,99
2026-08-04 02:00:00+00:00,Lahore,28.2,91,1002.3,0.63,56.1,56.3,934.0,24.1,15.9,83.0,101
2026-08-04 03:00:00+00:00,Lahore,29.4,84,1002.5,0.46,51.6,51.9,989.0,24.7,15.7,92.0,105
2026-08-04 04:00:00+00:00,Lahore,30.4,78,1003.1,1.63,48.1,48.9,903.0,21.5,16.8,119.0,108
2026-08-04 05:00:00+00:00,Lahore,31.2,73,1003.2,1.07,47.5,48.9,751.0,16.3,18.5,156.0,110
2026-08-04 06:00:00+00:00,Lahore,32.4,65,1003.4,0.45,48.4,50.2,645.0,12.2,19.6,186.0,113
2026-08-04 07:00:00+00:00,Lahore,33.1,65,1003.1,0.57,50.1,51.9,637.0,10.2,19.4,204.0,115
2026-08-04 08:00:00+00:00,Lahore,33.4,64,1002.3,0.47,48.9,50.8,676.0,9.2,18.6,215.0,118
2026-08-04 09:00:00+00:00,Lahore,33.3,64,1001.5,0.25,46.7,48.3,720.0,9.8,17.6,217.0,120
2026-08-04 10:00:00+00:00,Lahore,33.8,62,1000.6,0.2,42.5,44.1,736.0,10.8,16.2,210.0,137
2026-08-04 11:00:00+00:00,Lahore,33.7,63,999.6,0.21,39.0,40.6,757.0,13.2,14.5,195.0,161
2026-08-04 12:00:00+00:00,Lahore,31.2,76,999.8,0.69,49.2,52.3,842.0,11.9,21.7,273.0,177
2026-08-04 13:00:00+00:00,Lahore,31.1,77,999.8,0.99,49.8,53.4,1054.0,33.2,21.2,217.0,201
2026-08-04 14:00:00+00:00,Lahore,30.3,83,1000.0,1.03,63.1,65.9,1329.0,62.3,20.5,140.0,205
2026-08-04 15:00:00+00:00,Lahore,29.9,87,1000.6,1.15,71.9,74.3,1534.0,83.0,20.2,81.0,202
2026-08-04 16:00:00+00:00,Lahore,29.6,89,1001.1,1.12,73.6,75.7,1614.0,87.3,20.6,58.0,184
2026-08-04 17:00:00+00:00,Lahore,29.1,90,1001.3,1.45,79.2,81.3,1623.0,83.2,21.3,53.0,159
2026-08-04 18:00:00+00:00,Lahore,30.5,80,1000.4,1.76,85.2,87.1,1589.0,77.9,21.6,50.0,139
2026-08-04 19:00:00+00:00,Lahore,29.6,81,1000.2,0.4,87.5,89.4,1520.0,74.1,21.1,43.0,143
2026-08-04 20:00:00+00:00,Lahore,26.5,92,1000.2,1.79,89.4,91.3,1409.0,69.2,20.2,39.0,148
2026-08-04 21:00:00+00:00,Lahore,26.5,93,1000.2,1.45,88.5,90.3,1259.0,62.1,18.9,40.0,151
2026-08-04 22:00:00+00:00,Lahore,26.3,96,1000.0,1.98,80.8,82.9,1027.0,50.6,17.0,50.0,152
2026-08-04 23:00:00+00:00,Lahore,26.2,95,1000.1,2.12,66.4,68.7,757.0,36.9,14.8,65.0,153
2026-08-05 00:00:00+00:00,Lahore,28.6,86,999.3,1.08,52.5,53.8,580.0,25.9,15.4,76.0,154
2026-08-05 01:00:00+00:00,Lahore,27.8,92,999.5,1.38,54.0,55.2,580.0,25.6,15.6,81.0,154
2026-08-05 02:00:00+00:00,Lahore,28.6,88,999.7,1.27,49.8,51.0,673.0,25.1,15.9,89.0,154
2026-08-05 03:00:00+00:00,Lahore,29.7,82,999.6,1.57,43.9,45.6,742.0,23.2,15.9,103.0,154
2026-08-05 04:00:00+00:00,Lahore,31.1,75,999.9,1.07,40.7,43.3,736.0,18.8,15.4,127.0,154
2026-08-05 05:00:00+00:00,Lahore,32.2,68,999.5,1.36,43.7,49.0,706.0,13.2,14.5,157.0,153
2026-08-05 06:00:00+00:00,Lahore,33.6,57,999.5,0.88,50.1,58.4,683.0,9.0,13.9,180.0,153
2026-08-05 07:00:00+00:00,Lahore,34.3,54,998.6,0.6,49.1,58.1,678.0,7.5,13.6,192.0,153
2026-08-05 08:00:00+00:00,Lahore,34.6,54,998.1,0.64,49.1,58.0,682.0,7.5,13.6,198.0,153
2026-08-05 09:00:00+00:00,Lahore,34.8,53,997.4,0.51,49.0,58.8,692.0,8.3,13.7,200.0,153
2026-08-05 10:00:00+00:00,Lahore,34.8,54,996.7,0.54,47.3,55.9,664.0,8.4,14.0,202.0,153
2026-08-05 11:00:00+00:00,Lahore,34.6,54,996.1,0.81,46.4,54.1,643.0,9.2,14.4,201.0,154
2026-08-05 12:00:00+00:00,Lahore,33.1,67,996.0,1.51,64.3,79.2,768.0,12.5,16.4,223.0,170
2026-08-05 13:00:00+00:00,Lahore,32.5,72,996.4,1.72,68.5,79.9,1232.0,37.4,17.6,174.0,185
2026-08-05 14:00:00+00:00,Lahore,31.2,79,996.9,2.14,77.3,89.2,1841.0,71.1,19.2,107.0,188
2026-08-05 15:00:00+00:00,Lahore,30.8,81,997.4,1.99,84.3,95.0,2154.0,91.7,19.9,59.0,176
2026-08-05 16:00:00+00:00,Lahore,30.4,80,998.2,2.33,83.6,93.6,1881.0,87.3,19.0,47.0,156
2026-08-05 17:00:00+00:00,Lahore,30.0,78,998.4,2.23,78.0,87.1,1311.0,69.7,17.2,55.0,156
2026-08-05 18:00:00+00:00,Lahore,30.6,82,997.9,2.05,65.9,72.4,873.0,52.9,15.2,64.0,156
2026-08-05 19:00:00+00:00,Lahore,29.1,87,997.8,1.21,59.4,62.4,757.0,40.8,13.2,71.0,155
2026-08-05 20:00:00+00:00,Lahore,24.4,96,998.5,3.22,57.7,59.1,772.0,29.3,11.0,81.0,154
2026-08-05 21:00:00+00:00,Lahore,24.6,97,998.3,2.02,56.5,59.8,771.0,20.6,9.3,89.0,154
2026-08-05 22:00:00+00:00,Lahore,24.5,98,998.3,2.73,55.8,59.6,683.0,15.5,8.4,94.0,153
2026-08-05 23:00:00+00:00,Lahore,24.8,96,998.4,2.57,55.2,61.0,579.0,13.2,8.0,97.0,152
2026-08-06 00:00:00+00:00,Lahore,26.0,92,998.2,2.26,55.4,58.4,520.0,15.5,9.1,85.0,151
2026-08-06 01:00:00+00:00,Lahore,26.7,92,999.0,1.71,54.7,58.2,560.0,17.4,9.7,87.0,152
2026-08-06 02:00:00+00:00,Lahore,27.5,90,998.8,1.28,54.6,59.4,646.0,19.8,10.5,90.0,152
2026-08-06 03:00:00+00:00,Lahore,29.2,81,998.9,1.88,53.8,63.3,682.0,20.2,11.4,101.0,152
2026-08-06 04:00:00+00:00,Lahore,31.0,72,999.0,2.34,52.5,73.1,609.0,16.6,12.6,127.0,152
2026-08-06 05:00:00+00:00,Lahore,32.2,69,999.1,2.84,51.9,87.1,487.0,11.1,13.9,160.0,152
2026-08-06 06:00:00+00:00,Lahore,32.2,67,999.9,2.77,54.0,106.6,399.0,6.8,14.6,185.0,153
2026-08-06 07:00:00+00:00,Lahore,33.2,63,999.8,2.04,58.0,124.8,379.0,5.1,14.3,194.0,153
2026-08-06 08:00:00+00:00,Lahore,33.9,60,999.2,1.39,61.0,135.0,393.0,4.7,13.5,195.0,153
2026-08-06 09:00:00+00:00,Lahore,34.5,58,998.7,1.36,62.4,143.4,418.0,5.3,12.9,193.0,153
2026-08-06 10:00:00+00:00,Lahore,34.5,58,998.2,1.3,61.2,136.4,436.0,6.7,12.8,192.0,154
2026-08-06 11:00:00+00:00,Lahore,34.2,59,997.5,1.97,58.1,125.3,466.0,9.1,12.9,188.0,154
2026-08-06 12:00:00+00:00,Lahore,33.6,57,997.8,1.69,57.6,133.6,543.0,13.9,14.4,176.0,166
2026-08-06 13:00:00+00:00,Lahore,32.7,63,998.2,1.77,67.1,129.9,725.0,24.4,13.9,149.0,174
2026-08-06 14:00:00+00:00,Lahore,31.3,71,998.9,2.1,68.5,114.6,953.0,38.5,13.3,113.0,172
2026-08-06 15:00:00+00:00,Lahore,30.5,74,999.7,2.35,53.9,84.3,1089.0,47.2,12.7,84.0,161
2026-08-06 16:00:00+00:00,Lahore,29.8,77,1000.3,3.06,47.4,63.1,1049.0,45.1,12.2,72.0,153
2026-08-06 17:00:00+00:00,Lahore,29.2,80,1000.7,3.29,45.5,54.2,916.0,37.5,11.7,69.0,152
2026-08-06 18:00:00+00:00,Lahore,29.1,84,1000.7,3.07,46.1,51.1,802.0,31.2,11.6,66.0,151
2026-08-06 19:00:00+00:00,Lahore,28.4,88,1000.0,2.73,47.7,51.1,754.0,28.8,12.0,60.0,150
2026-08-06 20:00:00+00:00,Lahore,28.1,90,1000.1,2.58,49.6,52.7,726.0,27.7,12.8,55.0,150
2026-08-06 21:00:00+00:00,Lahore,27.7,92,1000.6,2.07,51.0,54.4,690.0,26.9,13.4,50.0,150
2026-08-06 22:00:00+00:00,Lahore,27.3,94,1000.8,2.0,51.7,55.2,625.0,26.1,13.7,46.0,149
2026-08-06 23:00:00+00:00,Lahore,26.2,93,1001.4,2.74,51.6,56.5,552.0,25.6,13.9,43.0,149
2026-08-07 00:00:00+00:00,Lahore,24.4,95,1001.6,2.66,43.5,53.7,510.0,19.6,12.3,66.0,148
2026-08-07 01:00:00+00:00,Lahore,24.8,93,1001.1,2.26,36.3,44.8,528.0,19.0,11.4,69.0,147
2026-08-07 02:00:00+00:00,Lahore,25.6,89,1001.0,1.46,26.3,34.2,577.0,18.0,10.2,74.0,145
2026-08-07 03:00:00+00:00,Lahore,27.1,81,1001.2,2.61,18.6,23.3,609.0,16.4,9.5,87.0,142
2026-08-07 04:00:00+00:00,Lahore,28.7,76,1001.6,2.82,18.4,23.2,600.0,13.6,10.0,115.0,138
2026-08-07 05:00:00+00:00,Lahore,30.3,71,1001.7,2.72,20.7,25.8,573.0,10.2,11.2,151.0,135
2026-08-07 06:00:00+00:00,Lahore,31.4,66,1001.8,1.95,22.6,28.9,549.0,7.6,11.9,181.0,132
2026-08-07 07:00:00+00:00,Lahore,32.5,61,1001.4,1.86,24.0,31.4,532.0,6.1,11.8,198.0,128
2026-08-07 08:00:00+00:00,Lahore,32.8,59,1000.8,1.25,25.1,35.5,518.0,5.4,11.3,209.0,125
2026-08-07 09:00:00+00:00,Lahore,33.6,57,1000.2,0.76,26.9,39.9,510.0,5.6,11.0,214.0,121
2026-08-07 10:00:00+00:00,Lahore,33.9,55,999.5,0.86,27.7,41.2,469.0,3.4,10.6,218.0,128
2026-08-07 11:00:00+00:00,Lahore,34.0,54,998.8,1.18,28.5,41.4,433.0,2.3,10.4,216.0,156
2026-08-07 12:00:00+00:00,Lahore,32.5,58,998.9,2.26,28.0,40.6,526.0,12.1,10.2,186.0,177
2026-08-07 13:00:00+00:00,Lahore,31.5,62,999.0,2.48,38.0,47.0,894.0,38.6,12.1,143.0,188
2026-08-07 14:00:00+00:00,Lahore,30.3,70,999.6,1.43,50.8,57.9,1389.0,74.7,14.6,82.0,187
2026-08-07 15:00:00+00:00,Lahore,29.8,75,1000.1,0.93,63.6,68.9,1692.0,99.1,16.3,37.0,171
2026-08-07 16:00:00+00:00,Lahore,29.2,78,1000.8,1.29,68.9,72.6,1623.0,101.0,16.3,20.0,144
2026-08-07 17:00:00+00:00,Lahore,28.9,79,1001.2,1.05,67.8,69.6,1361.0,91.1,15.3,19.0,106
2026-08-07 18:00:00+00:00,Lahore,29.6,79,1000.8,1.13,66.1,66.8,1120.0,80.6,14.4,19.0,108
2026-08-07 19:00:00+00:00,Lahore,28.8,84,1001.0,0.94,64.5,64.7,970.0,72.4,13.7,19.0,111
2026-08-07 20:00:00+00:00,Lahore,28.4,85,1001.0,1.25,64.7,65.0,842.0,63.6,13.1,21.0,112
2026-08-07 21:00:00+00:00,Lahore,27.9,87,1000.8,0.74,66.6,67.5,737.0,56.2,12.7,23.0,114
2026-08-07 22:00:00+00:00,Lahore,27.6,89,1000.9,0.66,67.5,69.8,655.0,51.5,12.8,22.0,116
2026-08-07 23:00:00+00:00,Lahore,27.4,90,1000.8,0.45,68.2,72.4,596.0,48.3,13.1,20.0,117
2026-08-08 00:00:00+00:00,Lahore,28.1,84,1000.6,1.87,56.0,56.7,568.0,36.9,12.3,35.0,119
2026-08-08 01:00:00+00:00,Lahore,28.1,84,1001.2,2.47,58.9,59.8,598.0,32.3,11.9,49.0,120
2026-08-08 02:00:00+00:00,Lahore,26.5,84,1002.2,1.58,50.1,51.3,658.0,25.8,11.2,68.0,123
2026-08-08 03:00:00+00:00,Lahore,24.8,96,1003.3,2.1,38.0,39.2,668.0,19.9,10.4,88.0,125
2026-08-08 04:00:00+00:00,Lahore,27.5,90,1002.9,1.2,32.0,32.9,569.0,15.0,9.3,109.0,127
2026-08-08 05:00:00+00:00,Lahore,30.1,79,1002.9,2.38,29.8,30.6,419.0,10.7,8.0,130.0,128
2026-08-08 06:00:00+00:00,Lahore,29.9,74,1003.9,3.29,27.5,28.1,313.0,8.1,7.0,142.0,129
2026-08-08 07:00:00+00:00,Lahore,29.7,72,1003.7,2.95,24.9,25.4,294.0,7.8,6.5,138.0,130
2026-08-08 08:00:00+00:00,Lahore,29.7,71,1003.1,2.93,22.5,22.9,320.0,9.1,6.3,124.0,130
2026-08-08 09:00:00+00:00,Lahore,28.5,73,1002.7,2.28,21.2,21.8,350.0,11.3,6.1,110.0,130
2026-08-08 10:00:00+00:00,Lahore,28.3,73,1002.3,2.33,19.9,20.2,369.0,13.6,5.8,98.0,129
2026-08-08 11:00:00+00:00,Lahore,26.8,85,1001.7,1.63,19.2,19.4,394.0,16.8,5.6,85.0,128
2026-08-08 12:00:00+00:00,Lahore,29.9,68,1001.7,1.18,41.4,41.4,436.0,19.3,6.3,81.0,127
2026-08-08 13:00:00+00:00,Lahore,29.3,72,1001.5,1.78,41.8,41.9,510.0,26.7,6.7,68.0,129
2026-08-08 14:00:00+00:00,Lahore,28.5,78,1001.8,1.9,43.9,43.9,601.0,37.0,7.2,49.0,129
2026-08-08 15:00:00+00:00,Lahore,28.0,83,1002.2,1.53,45.1,45.2,680.0,44.9,7.8,34.0,128
2026-08-08 16:00:00+00:00,Lahore,27.6,86,1003.0,1.61,46.3,46.6,740.0,48.1,8.4,26.0,127
2026-08-08 17:00:00+00:00,Lahore,27.4,88,1003.5,1.18,49.8,49.9,787.0,49.0,9.0,21.0,124
2026-08-08 18:00:00+00:00,Lahore,28.0,85,1003.3,1.7,53.2,53.3,814.0,49.4,9.4,18.0,122
2026-08-08 19:00:00+00:00,Lahore,27.5,88,1003.2,0.83,54.7,54.8,813.0,50.2,9.6,14.0,121
2026-08-08 20:00:00+00:00,Lahore,27.5,88,1003.0,1.01,55.8,55.9,791.0,50.5,9.6,11.0,120
2026-08-08 21:00:00+00:00,Lahore,27.5,88,1003.0,0.52,57.5,57.6,764.0,49.0,9.4,12.0,119
2026-08-08 22:00:00+00:00,Lahore,27.5,88,1003.0,0.3,58.4,58.6,733.0,44.6,8.9,19.0,118
2026-08-08 23:00:00+00:00,Lahore,27.2,90,1003.1,0.83,54.4,54.7,697.0,38.5,8.1,29.0,117
2026-08-09 00:00:00+00:00,Lahore,27.6,90,1002.9,0.99,49.8,49.9,661.0,36.7,10.3,27.0,116
2026-08-09 01:00:00+00:00,Lahore,27.3,92,1003.1,1.17,56.0,56.2,627.0,34.0,11.3,38.0,115
2026-08-09 02:00:00+00:00,Lahore,28.4,85,1003.4,1.07,51.1,51.5,594.0,30.0,12.6,54.0,115
2026-08-09 03:00:00+00:00,Lahore,29.6,76,1003.9,1.09,45.3,45.8,561.0,25.2,13.6,76.0,115
2026-08-09 04:00:00+00:00,Lahore,30.5,72,1004.2,1.14,38.6,39.3,528.0,19.0,13.8,109.0,116
2026-08-09 05:00:00+00:00,Lahore,31.1,70,1004.0,0.92,35.7,36.2,496.0,12.0,13.7,147.0,116
2026-08-09 06:00:00+00:00,Lahore,31.0,65,1004.2,0.35,33.9,34.6,464.0,6.8,13.6,179.0,117
2026-08-09 07:00:00+00:00,Lahore,29.6,74,1003.9,0.46,32.8,33.9,426.0,4.6,13.8,200.0,118
2026-08-09 08:00:00+00:00,Lahore,30.0,73,1003.4,1.31,32.7,34.0,388.0,4.1,14.1,215.0,118
2026-08-09 09:00:00+00:00,Lahore,29.8,75,1002.8,1.43,34.3,35.6,370.0,4.5,14.5,223.0,119
2026-08-09 10:00:00+00:00,Lahore,31.1,71,1001.9,1.42,34.7,36.1,371.0,2.9,14.6,227.0,122
2026-08-09 11:00:00+00:00,Lahore,31.6,70,1001.0,1.36,33.9,35.3,392.0,2.1,14.8,225.0,157
2026-08-09 12:00:00+00:00,Lahore,31.6,68,1000.6,1.43,28.7,29.6,449.0,9.7,12.9,191.0,181
2026-08-09 13:00:00+00:00,Lahore,31.1,70,1000.2,0.89,31.4,32.2,537.0,37.4,15.7,152.0,194
2026-08-09 14:00:00+00:00,Lahore,30.3,76,1000.5,0.56,50.6,51.3,662.0,75.9,19.7,99.0,195
2026-08-09 15:00:00+00:00,Lahore,29.8,81,1001.0,0.72,69.2,69.8,856.0,106.4,23.7,56.0,182
2026-08-09 16:00:00+00:00,Lahore,29.5,83,1001.8,0.62,90.3,91.0,1218.0,121.9,28.2,35.0,159
2026-08-09 17:00:00+00:00,Lahore,29.1,86,1002.1,0.5,110.4,111.1,1649.0,129.4,32.6,25.0,129
2026-08-09 18:00:00+00:00,Lahore,29.5,82,1001.8,0.72,125.7,126.7,1891.0,131.1,34.7,19.0,136
2026-08-09 19:00:00+00:00,Lahore,28.7,86,1001.8,0.85,131.3,131.8,1775.0,125.9,32.4,16.0,143
2026-08-09 20:00:00+00:00,Lahore,28.3,87,1001.5,0.95,121.5,122.0,1470.0,114.8,27.8,16.0,150
2026-08-09 21:00:00+00:00,Lahore,28.2,87,1001.4,0.85,110.6,111.1,1219.0,103.6,24.1,18.0,152
2026-08-09 22:00:00+00:00,Lahore,28.0,88,1001.0,0.97,105.5,105.9,1121.0,94.1,22.9,18.0,154
2026-08-09 23:00:00+00:00,Lahore,27.8,89,1001.1,0.79,106.6,107.3,1078.0,84.3,22.7,19.0,155
2026-08-10 00:00:00+00:00,Lahore,28.7,88,1000.9,0.81,129.9,130.9,1038.0,116.1,35.1,19.0,157
2026-08-10 01:00:00+00:00,Lahore,28.5,88,1001.3,0.66,133.6,134.1,991.0,91.4,34.1,54.0,159
2026-08-10 02:00:00+00:00,Lahore,29.1,84,1001.3,0.0,102.0,102.4,947.0,57.1,32.6,103.0,161
2026-08-10 03:00:00+00:00,Lahore,30.1,79,1001.6,0.65,56.9,57.5,882.0,29.9,30.4,147.0,163
2026-08-10 04:00:00+00:00,Lahore,31.1,73,1001.4,1.3,46.7,47.4,770.0,17.0,26.8,180.0,163
2026-08-10 05:00:00+00:00,Lahore,32.2,68,1001.3,1.35,46.1,46.9,637.0,11.3,22.4,208.0,164
2026-08-10 06:00:00+00:00,Lahore,33.2,64,1001.4,1.29,46.4,47.4,541.0,7.8,19.2,233.0,164
2026-08-10 07:00:00+00:00,Lahore,34.0,61,1001.2,1.21,46.7,47.6,508.0,5.3,18.0,256.0,164
2026-08-10 08:00:00+00:00,Lahore,34.5,60,1000.4,1.19,46.8,47.7,511.0,5.1,17.9,276.0,165
2026-08-10 09:00:00+00:00,Lahore,34.8,59,999.4,1.22,47.8,48.8,531.0,5.9,18.0,287.0,170
2026-08-10 10:00:00+00:00,Lahore,34.8,59,998.8,1.2,48.7,49.7,545.0,3.8,17.9,293.0,203
2026-08-10 11:00:00+00:00,Lahore,34.5,61,998.1,0.87,48.3,49.4,576.0,2.8,18.1,291.0,216
2026-08-10 12:00:00+00:00,Lahore,34.2,57,998.5,1.03,61.7,64.3,668.0,15.4,17.0,233.0,225
2026-08-10 13:00:00+00:00,Lahore,33.3,63,998.4,1.39,68.7,70.3,897.0,27.8,17.3,192.0,229
2026-08-10 14:00:00+00:00,Lahore,31.9,73,998.8,2.04,74.7,76.1,1186.0,44.7,17.6,136.0,228
2026-08-10 15:00:00+00:00,Lahore,31.3,76,999.7,2.16,71.7,72.6,1355.0,55.2,17.8,94.0,221
2026-08-10 16:00:00+00:00,Lahore,31.0,77,1000.4,1.87,66.1,67.1,1299.0,53.5,17.6,78.0,210
2026-08-10 17:00:00+00:00,Lahore,30.4,80,1000.7,1.52,62.2,62.6,1122.0,45.4,17.2,76.0,193
2026-08-10 18:00:00+00:00,Lahore,30.5,81,1000.0,2.38,60.3,60.8,953.0,37.5,16.7,77.0,167
2026-08-10 19:00:00+00:00,Lahore,29.6,85,1000.0,2.23,57.3,57.5,831.0,31.3,16.2,79.0,165
2026-08-10 20:00:00+00:00,Lahore,29.0,89,999.9,2.1,56.3,56.5,718.0,25.3,15.6,83.0,163
2026-08-10 21:00:00+00:00,Lahore,28.9,91,999.8,2.26,56.7,57.0,621.0,21.0,15.2,85.0,161
2026-08-10 22:00:00+00:00,Lahore,28.5,93,999.9,2.16,57.9,58.7,529.0,19.6,14.9,80.0,159
2026-08-10 23:00:00+00:00,Lahore,28.3,93,1000.0,1.86,60.3,61.9,455.0,19.9,14.8,71.0,158
2026-08-11 00:00:00+00:00,Lahore,27.3,92,1000.3,2.84,57.5,60.1,442.0,18.3,18.0,76.0,157
2026-08-11 01:00:00+00:00,Lahore,27.3,91,1001.1,3.15,58.4,60.8,552.0,19.9,17.9,74.0,154
2026-08-11 02:00:00+00:00,Lahore,27.9,89,1001.1,2.12,55.2,58.6,724.0,21.9,17.7,73.0,152
2026-08-11 03:00:00+00:00,Lahore,28.8,86,1001.4,2.13,52.0,56.1,823.0,22.0,17.4,85.0,151
2026-08-11 04:00:00+00:00,Lahore,30.6,78,1001.9,2.2,45.3,49.8,769.0,18.1,17.2,122.0,151
2026-08-11 05:00:00+00:00,Lahore,32.2,72,1001.8,2.11,43.0,47.5,641.0,12.3,16.9,171.0,151
2026-08-11 06:00:00+00:00,Lahore,33.3,66,1001.9,1.35,42.6,46.8,542.0,8.0,16.2,207.0,151
2026-08-11 07:00:00+00:00,Lahore,33.0,68,1001.6,2.12,41.0,44.5,510.0,6.6,14.6,217.0,150
2026-08-11 08:00:00+00:00,Lahore,33.1,69,1000.9,1.56,39.1,42.4,507.0,6.7,12.6,215.0,150
2026-08-11 09:00:00+00:00,Lahore,33.9,65,1000.3,2.25,37.7,40.5,514.0,7.5,11.2,209.0,150
2026-08-11 10:00:00+00:00,Lahore,33.1,68,999.6,3.02,34.2,36.4,529.0,7.8,10.8,207.0,149
2026-08-11 11:00:00+00:00,Lahore,32.8,72,998.7,2.42,32.8,34.6,555.0,8.7,11.0,202.0,166
2026-08-11 12:00:00+00:00,Lahore,32.3,73,999.2,1.76,57.7,61.5,580.0,18.7,10.8,176.0,185
2026-08-11 13:00:00+00:00,Lahore,29.4,86,999.7,2.55,60.1,62.6,595.0,24.7,11.2,152.0,193
2026-08-11 14:00:00+00:00,Lahore,29.3,85,999.8,2.4,60.5,62.4,610.0,32.9,11.8,119.0,190
2026-08-11 15:00:00+00:00,Lahore,29.1,86,1000.9,2.5,59.1,60.5,634.0,38.1,12.4,94.0,176
2026-08-11 16:00:00+00:00,Lahore,28.9,87,1001.8,2.23,57.5,58.4,687.0,37.4,13.0,84.0,157
2026-08-11 17:00:00+00:00,Lahore,28.6,89,1002.1,2.13,56.9,57.6,751.0,33.7,13.6,81.0,141
2026-08-11 18:00:00+00:00,Lahore,29.0,88,1001.8,2.33,56.7,57.3,780.0,30.2,14.1,79.0,140
2026-08-11 19:00:00+00:00,Lahore,28.2,92,1002.0,2.41,56.6,56.9,741.0,27.7,14.3,75.0,140
2026-08-11 20:00:00+00:00,Lahore,28.0,93,1002.0,2.25,57.4,57.6,668.0,25.5,14.4,71.0,140
2026-08-11 21:00:00+00:00,Lahore,27.8,94,1002.1,1.95,58.7,58.8,618.0,24.1,14.5,66.0,140
2026-08-11 22:00:00+00:00,Lahore,27.6,94,1002.3,2.22,60.3,60.5,614.0,24.1,14.7,58.0,140
2026-08-11 23:00:00+00:00,Lahore,27.4,95,1002.5,2.16,62.4,62.6,633.0,24.9,15.0,50.0,140
2026-08-12 00:00:00+00:00,Lahore,27.9,93,1002.6,1.79,61.9,61.9,658.0,21.7,14.8,62.0,141
2026-08-12 01:00:00+00:00,Lahore,27.8,94,1003.2,1.4,65.4,65.7,700.0,22.4,16.1,68.0,141
2026-08-12 02:00:00+00:00,Lahore,28.6,90,1003.6,1.51,65.2,65.4,748.0,23.1,17.8,79.0,142
2026-08-12 03:00:00+00:00,Lahore,30.0,82,1003.6,1.46,57.5,57.9,758.0,22.1,18.6,96.0,143
2026-08-12 04:00:00+00:00,Lahore,31.3,73,1003.5,1.41,52.3,53.0,693.0,17.9,17.8,127.0,144
2026-08-12 05:00:00+00:00,Lahore,32.5,67,1003.3,1.53,50.3,51.2,590.0,12.0,16.2,166.0,144
2026-08-12 06:00:00+00:00,Lahore,33.5,64,1003.2,1.3,50.4,51.3,511.0,7.5,14.6,196.0,145
2026-08-12 07:00:00+00:00,Lahore,34.4,59,1002.1,1.49,47.4,48.4,483.0,5.6,13.3,210.0,146
2026-08-12 08:00:00+00:00,Lahore,35.0,57,1001.1,1.23,46.9,48.3,479.0,5.2,12.0,215.0,146
2026-08-12 09:00:00+00:00,Lahore,35.3,56,1000.5,1.24,48.1,50.4,483.0,6.0,11.5,218.0,147
2026-08-12 10:00:00+00:00,Lahore,35.6,54,999.9,1.06,48.9,52.2,463.0,4.2,11.9,225.0,148
2026-08-12 11:00:00+00:00,Lahore,35.5,54,999.3,1.0,49.5,53.3,452.0,3.6,13.0,229.0,169
2026-08-12 12:00:00+00:00,Lahore,35.3,54,999.4,1.06,57.2,61.9,531.0,14.7,15.7,206.0,190
2026-08-12 13:00:00+00:00,Lahore,34.6,57,999.4,1.24,64.0,68.5,709.0,46.4,18.3,159.0,201
2026-08-12 14:00:00+00:00,Lahore,33.3,66,1000.3,1.03,83.4,87.5,978.0,90.3,22.1,94.0,201
2026-08-12 15:00:00+00:00,Lahore,32.6,71,1001.2,0.78,101.0,105.2,1388.0,123.9,25.6,44.0,186
2026-08-12 16:00:00+00:00,Lahore,32.0,75,1002.3,0.73,121.1,125.7,2179.0,137.8,28.8,22.0,159
2026-08-12 17:00:00+00:00,Lahore,31.3,78,1002.9,1.5,138.8,143.0,3112.0,141.4,31.7,14.0,154
2026-08-12 18:00:00+00:00,Lahore,31.5,77,1003.0,1.79,142.5,146.7,3524.0,140.4,33.3,12.0,157
2026-08-12 19:00:00+00:00,Lahore,31.0,77,1003.2,1.49,144.4,148.5,2938.0,134.1,32.5,14.0,159
2026-08-12 20:00:00+00:00,Lahore,30.7,78,1003.0,1.63,130.9,135.0,1831.0,123.2,30.4,22.0,162
2026-08-12 21:00:00+00:00,Lahore,30.3,80,1002.6,1.49,132.2,136.0,970.0,114.9,28.5,26.0,164
2026-08-12 22:00:00+00:00,Lahore,30.0,81,1002.6,1.76,131.3,135.0,668.0,115.0,27.4,17.0,166
2026-08-12 23:00:00+00:00,Lahore,29.7,83,1002.1,1.01,136.9,140.2,613.0,117.8,26.6,5.0,168
2026-08-13 00:00:00+00:00,Lahore,30.1,84,1002.4,0.6,125.7,128.1,629.0,87.3,18.6,11.0,171
2026-08-13 01:00:00+00:00,Lahore,29.9,85,1002.6,0.81,133.6,136.0,704.0,73.8,20.1,43.0,173
2026-08-13 02:00:00+00:00,Lahore,30.8,81,1002.4,0.5,118.3,120.6,850.0,54.8,22.1,88.0,175
2026-08-13 03:00:00+00:00,Lahore,32.1,74,1002.2,0.61,78.2,81.3,937.0,38.0,23.5,133.0,176
2026-08-13 04:00:00+00:00,Lahore,32.7,70,1002.1,0.59,71.5,74.7,894.0,25.5,23.9,179.0,177
2026-08-13 05:00:00+00:00,Lahore,33.8,64,1002.0,0.5,65.9,69.2,791.0,15.2,23.6,225.0,177
2026-08-13 06:00:00+00:00,Lahore,33.0,68,1002.4,0.46,62.9,66.1,706.0,8.1,23.0,258.0,178
2026-08-13 07:00:00+00:00,Lahore,34.3,64,1002.0,0.64,61.0,64.3,667.0,5.2,21.8,270.0,178
2026-08-13 08:00:00+00:00,Lahore,35.2,60,1001.2,0.9,60.1,63.6,646.0,5.5,20.3,269.0,179
2026-08-13 09:00:00+00:00,Lahore,35.9,56,1000.4,0.84,58.7,62.2,639.0,6.9,19.2,264.0,179
2026-08-13 10:00:00+00:00,Lahore,36.3,53,999.5,0.51,56.8,60.3,593.0,5.2,18.6,263.0,203
2026-08-13 11:00:00+00:00,Lahore,36.0,54,999.0,0.45,56.1,59.5,561.0,4.6,18.3,259.0,214
2026-08-13 12:00:00+00:00,Lahore,34.7,58,999.2,0.8,60.5,63.6,693.0,15.9,18.3,235.0,223
2026-08-13 13:00:00+00:00,Lahore,34.1,61,999.3,0.49,67.5,69.8,1193.0,47.4,20.4,182.0,227
2026-08-13 14:00:00+00:00,Lahore,33.1,69,999.2,1.36,85.2,87.3,1857.0,90.1,23.2,108.0,224
2026-08-13 15:00:00+00:00,Lahore,32.6,74,1000.0,1.48,95.2,96.9,2222.0,117.3,25.0,54.0,214
2026-08-13 16:00:00+00:00,Lahore,32.0,78,1000.8,1.61,94.8,95.9,2006.0,113.9,24.8,40.0,198
2026-08-13 17:00:00+00:00,Lahore,31.8,79,1000.9,1.51,87.1,88.0,1491.0,94.9,23.4,45.0,179
2026-08-13 18:00:00+00:00,Lahore,32.0,75,1000.5,2.04,80.6,81.3,1062.0,78.4,22.0,49.0,178
2026-08-13 19:00:00+00:00,Lahore,31.4,78,1000.4,0.93,77.5,78.0,869.0,71.6,20.7,43.0,176
2026-08-13 20:00:00+00:00,Lahore,31.0,80,1000.1,1.15,79.6,80.6,761.0,67.2,19.4,35.0,174
2026-08-13 21:00:00+00:00,Lahore,30.5,81,1000.1,1.54,85.0,86.6,672.0,61.7,17.9,32.0,172
2026-08-13 22:00:00+00:00,Lahore,30.2,81,999.8,1.81,82.0,85.4,563.0,52.5,16.1,35.0,171
2026-08-13 23:00:00+00:00,Lahore,27.3,90,1000.6,2.26,76.8,81.5,473.0,42.1,14.3,42.0,169
2026-08-14 00:00:00+00:00,Lahore,30.8,76,999.5,3.23,56.3,65.7,449.0,23.9,10.0,68.0,168
2026-08-14 01:00:00+00:00,Lahore,29.2,84,1000.7,2.0,56.8,62.2,547.0,25.3,11.2,70.0,165
2026-08-14 02:00:00+00:00,Lahore,29.7,84,1000.8,0.6,62.2,68.7,711.0,27.0,13.0,75.0,163
2026-08-14 03:00:00+00:00,Lahore,30.8,79,1000.8,0.51,57.4,71.9,818.0,26.5,14.5,90.0,161
2026-08-14 04:00:00+00:00,Lahore,32.3,72,1001.2,0.88,52.7,70.5,803.0,21.6,15.6,125.0,161
2026-08-14 05:00:00+00:00,Lahore,33.4,67,1001.6,1.03,55.1,75.4,732.0,14.5,16.4,170.0,160
2026-08-14 06:00:00+00:00,Lahore,33.2,70,1002.2,1.59,54.6,73.8,675.0,9.1,16.9,207.0,160
2026-08-14 07:00:00+00:00,Lahore,28.1,90,1003.4,2.54,54.8,72.6,656.0,7.0,16.7,229.0,160
2026-08-14 08:00:00+00:00,Lahore,29.0,89,1002.5,0.27,55.5,72.9,651.0,6.6,16.2,243.0,160
2026-08-14 09:00:00+00:00,Lahore,31.1,80,1001.7,0.25,56.2,74.5,663.0,7.5,15.7,247.0,159
2026-08-14 10:00:00+00:00,Lahore,32.0,77,1001.0,0.78,54.7,74.0,693.0,9.6,15.7,239.0,159
2026-08-14 11:00:00+00:00,Lahore,32.7,73,1000.5,0.72,54.1,73.3,741.0,12.9,15.9,222.0,185
2026-08-14 12:00:00+00:00,Lahore,32.2,71,1000.5,0.3,62.2,91.3,806.0,15.1,17.1,203.0,202
2026-08-14 13:00:00+00:00,Lahore,31.9,73,1000.8,0.45,69.4,94.1,916.0,22.6,16.5,177.0,208
2026-08-14 14:00:00+00:00,Lahore,30.8,81,1000.7,1.1,72.4,91.0,1045.0,32.9,15.7,142.0,208
2026-08-14 15:00:00+00:00,Lahore,30.1,86,1001.5,2.09,62.6,75.2,1112.0,40.0,14.7,112.0,204
2026-08-14 16:00:00+00:00,Lahore,29.0,91,1001.9,2.54,58.3,67.3,1073.0,41.0,13.6,95.0,190
2026-08-14 17:00:00+00:00,Lahore,28.4,92,1002.0,2.01,58.4,65.9,972.0,38.8,12.4,83.0,167
2026-08-14 18:00:00+00:00,Lahore,29.4,92,1002.0,2.0,56.3,63.8,866.0,35.6,11.2,75.0,156
2026-08-14 19:00:00+00:00,Lahore,28.9,93,1001.7,2.02,53.3,61.2,762.0,31.7,10.1,70.0,155
2026-08-14 20:00:00+00:00,Lahore,28.6,94,1001.3,1.61,50.9,59.1,652.0,27.0,9.0,68.0,155
2026-08-14 21:00:00+00:00,Lahore,28.4,94,1001.1,1.9,49.7,57.7,566.0,23.1,8.2,67.0,154
2026-08-14 22:00:00+00:00,Lahore,27.9,95,1001.5,2.27,48.2,56.8,507.0,20.7,7.9,66.0,153
2026-08-14 23:00:00+00:00,Lahore,24.7,96,1003.0,5.03,46.6,55.8,471.0,19.2,7.9,67.0,152
2026-08-15 00:00:00+00:00,Lahore,26.9,95,1002.1,1.52,39.2,51.2,478.0,18.7,9.8,67.0,151
2026-08-15 01:00:00+00:00,Lahore,26.6,96,1002.5,1.7,41.9,51.3,568.0,20.1,9.5,67.0,150
2026-08-15 02:00:00+00:00,Lahore,27.3,93,1002.8,0.87,40.2,47.8,699.0,21.8,9.3,68.0,149
2026-08-15 03:00:00+00:00,Lahore,28.8,86,1003.2,1.12,31.5,39.9,771.0,21.6,9.4,77.0,147
2026-08-15 04:00:00+00:00,Lahore,30.3,80,1003.3,1.7,29.4,42.4,715.0,17.5,10.4,102.0,144
2026-08-15 05:00:00+00:00,Lahore,31.5,76,1003.5,1.75,30.7,48.5,600.0,11.5,11.8,136.0,142
2026-08-15 06:00:00+00:00,Lahore,32.2,72,1003.8,1.15,34.8,61.0,522.0,7.0,13.0,165.0,139
2026-08-15 07:00:00+00:00,Lahore,33.0,70,1003.4,1.08,38.1,73.8,531.0,5.4,13.9,186.0,137
2026-08-15 08:00:00+00:00,Lahore,33.4,68,1002.4,0.78,40.5,83.1,579.0,5.4,14.6,202.0,136
2026-08-15 09:00:00+00:00,Lahore,33.5,67,1001.5,0.67,42.3,83.8,617.0,6.4,15.1,211.0,134
2026-08-15 10:00:00+00:00,Lahore,33.5,68,1000.4,0.4,42.8,80.8,573.0,6.4,15.2,213.0,133
2026-08-15 11:00:00+00:00,Lahore,33.2,70,999.5,0.32,43.8,78.0,521.0,7.4,15.2,207.0,141
2026-08-15 12:00:00+00:00,Lahore,33.5,65,999.3,0.74,52.0,91.3,632.0,13.9,17.5,207.0,164
2026-08-15 13:00:00+00:00,Lahore,32.7,70,999.1,0.74,61.7,93.4,1044.0,48.1,20.5,157.0,181
2026-08-15 14:00:00+00:00,Lahore,31.8,78,999.3,0.34,83.1,109.9,1621.0,94.3,24.5,89.0,184
2026-08-15 15:00:00+00:00,Lahore,31.1,81,1000.0,0.45,105.0,133.6,2123.0,121.6,26.8,43.0,172
2026-08-15 16:00:00+00:00,Lahore,30.3,85,1000.8,1.48,99.7,127.1,2554.0,112.3,26.0,41.0,149
2026-08-15 17:00:00+00:00,Lahore,29.8,86,1001.1,1.78,84.5,107.3,2911.0,84.2,23.6,60.0,138
2026-08-15 18:00:00+00:00,Lahore,30.2,88,1000.4,2.17,74.3,94.1,2950.0,59.8,21.1,76.0,141
2026-08-15 19:00:00+00:00,Lahore,27.7,92,1000.7,2.69,69.4,86.6,2410.0,47.4,18.9,78.0,143
2026-08-15 20:00:00+00:00,Lahore,27.7,93,1000.0,3.18,66.1,81.7,1550.0,38.6,16.7,76.0,145
2026-08-15 21:00:00+00:00,Lahore,26.7,94,1000.1,1.6,64.0,77.8,908.0,31.2,14.5,76.0,146
2026-08-15 22:00:00+00:00,Lahore,24.4,99,1001.1,2.76,54.5,66.1,731.0,24.0,12.2,81.0,148
2026-08-15 23:00:00+00:00,Lahore,24.8,97,1000.0,1.78,46.1,54.9,771.0,18.2,10.0,87.0,148
2026-08-16 00:00:00+00:00,Lahore,26.0,91,1000.0,1.42,56.9,68.9,818.0,22.6,13.0,81.0,148
2026-08-16 01:00:00+00:00,Lahore,25.9,91,999.9,1.85,51.8,63.6,814.0,23.0,12.8,82.0,150
2026-08-16 02:00:00+00:00,Lahore,27.0,90,1000.3,0.93,53.3,64.0,817.0,23.4,12.6,84.0,150
2026-08-16 03:00:00+00:00,Lahore,28.8,82,1000.6,0.67,47.3,64.0,798.0,22.0,12.8,96.0,151
2026-08-16 04:00:00+00:00,Lahore,30.6,75,1000.7,1.11,46.4,69.2,735.0,17.3,14.0,129.0,151
2026-08-16 05:00:00+00:00,Lahore,32.0,70,1000.3,1.41,47.5,72.2,649.0,10.8,15.6,172.0,152
2026-08-16 06:00:00+00:00,Lahore,32.9,68,1000.7,1.4,45.1,69.6,577.0,5.9,16.4,202.0,152
2026-08-16 07:00:00+00:00,Lahore,33.8,64,1000.5,1.44,41.4,65.7,533.0,3.8,15.7,211.0,153
2026-08-16 08:00:00+00:00,Lahore,34.1,63,999.9,1.5,39.5,65.0,502.0,3.3,14.3,207.0,153
2026-08-16 09:00:00+00:00,Lahore,34.4,61,999.1,1.63,37.7,63.1,477.0,3.9,12.9,197.0,153
2026-08-16 10:00:00+00:00,Lahore,34.5,62,998.6,1.48,36.2,64.3,435.0,4.5,11.5,182.0,152
2026-08-16 11:00:00+00:00,Lahore,34.0,64,998.0,1.54,35.9,66.6,398.0,6.3,10.2,160.0,160
2026-08-16 12:00:00+00:00,Lahore,33.3,67,998.4,1.98,34.5,65.0,425.0,10.0,9.2,130.0,170
2026-08-16 13:00:00+00:00,Lahore,31.8,78,998.5,1.77,41.2,68.2,589.0,26.7,10.6,100.0,170
2026-08-16 14:00:00+00:00,Lahore,28.1,88,999.9,3.75,53.8,82.0,816.0,49.5,12.6,59.0,159
2026-08-16 15:00:00+00:00,Lahore,28.3,91,1000.1,1.68,61.2,86.1,943.0,64.9,13.9,29.0,150
2026-08-16 16:00:00+00:00,Lahore,28.3,91,1000.6,1.5,60.8,83.8,876.0,65.8,14.0,19.0,145
2026-08-16 17:00:00+00:00,Lahore,28.2,90,1000.8,2.29,60.5,84.1,709.0,59.2,13.5,20.0,141
2026-08-16 18:00:00+00:00,Lahore,29.3,88,1000.2,2.09,61.5,85.9,560.0,52.6,12.8,22.0,139
2026-08-16 19:00:00+00:00,Lahore,28.9,90,999.8,1.79,61.2,87.3,467.0,48.6,12.0,21.0,138
2026-08-16 20:00:00+00:00,Lahore,27.8,90,1000.0,0.83,61.9,87.5,391.0,44.5,11.1,21.0,137
2026-08-16 21:00:00+00:00,Lahore,26.0,92,1000.3,2.35,58.8,83.6,338.0,39.6,10.1,26.0,136
2026-08-16 22:00:00+00:00,Lahore,26.0,93,1000.7,1.6,54.9,76.1,307.0,32.4,9.0,38.0,136
2026-08-16 23:00:00+00:00,Lahore,26.1,93,1000.3,0.25,43.8,56.6,299.0,24.3,7.9,54.0,136
2026-08-17 00:00:00+00:00,Lahore,25.9,98,1000.7,2.07,36.9,63.3,318.0,19.6,8.5,59.0,136
2026-08-17 01:00:00+00:00,Lahore,25.9,94,1001.0,0.82,38.3,57.2,387.0,22.5,9.0,56.0,133
2026-08-17 02:00:00+00:00,Lahore,26.4,92,1001.0,0.85,41.2,62.4,484.0,26.1,9.8,54.0,132
2026-08-17 03:00:00+00:00,Lahore,27.4,87,1001.2,1.7,44.9,74.5,543.0,26.8,10.7,64.0,131
2026-08-17 04:00:00+00:00,Lahore,29.2,78,1001.5,1.34,46.6,93.1,526.0,21.6,11.9,98.0,131
2026-08-17 05:00:00+00:00,Lahore,31.1,72,1001.3,1.61,49.6,110.6,471.0,13.4,13.2,144.0,131
2026-08-17 06:00:00+00:00,Lahore,32.7,66,1001.5,1.68,52.2,122.9,429.0,7.1,14.0,179.0,131
2026-08-17 07:00:00+00:00,Lahore,33.6,62,1000.8,1.44,54.6,134.6,415.0,4.5,13.7,193.0,132
2026-08-17 08:00:00+00:00,Lahore,34.4,59,1000.3,1.06,55.8,140.2,414.0,3.8,12.9,195.0,133
2026-08-17 09:00:00+00:00,Lahore,34.9,56,999.6,1.14,54.2,137.8,426.0,4.4,12.1,191.0,135
2026-08-17 10:00:00+00:00,Lahore,34.9,55,999.3,1.63,54.2,136.0,442.0,5.4,11.6,182.0,136
2026-08-17 11:00:00+00:00,Lahore,34.0,59,998.7,1.81,53.9,131.8,472.0,7.5,11.1,167.0,138
2026-08-17 12:00:00+00:00,Lahore,34.4,54,999.1,1.4,49.7,110.8,548.0,10.8,10.2,142.0,153
2026-08-17 13:00:00+00:00,Lahore,33.8,58,999.3,0.54,50.3,92.9,729.0,28.1,11.3,112.0,160
2026-08-17 14:00:00+00:00,Lahore,31.4,72,999.6,1.08,59.6,93.6,956.0,51.3,12.7,72.0,154
2026-08-17 15:00:00+00:00,Lahore,30.7,73,1000.2,1.8,59.1,85.4,1082.0,64.6,13.5,46.0,143
2026-08-17 16:00:00+00:00,Lahore,29.7,78,1000.9,2.25,51.3,72.6,1023.0,58.2,13.2,50.0,143
2026-08-17 17:00:00+00:00,Lahore,28.7,84,1001.4,2.4,45.9,62.6,863.0,41.8,12.2,68.0,142
2026-08-17 18:00:00+00:00,Lahore,29.4,85,1001.3,2.47,44.0,60.3,707.0,28.3,11.2,82.0,140
2026-08-17 19:00:00+00:00,Lahore,28.9,87,1001.3,2.23,43.9,60.5,581.0,22.7,10.2,83.0,139
2026-08-17 20:00:00+00:00,Lahore,28.7,88,1000.9,2.35,43.7,59.0,459.0,20.1,9.1,80.0,137
2026-08-17 21:00:00+00:00,Lahore,27.8,90,1001.1,2.57,41.1,56.5,373.0,18.6,8.4,76.0,135
2026-08-17 22:00:00+00:00,Lahore,25.9,94,1001.7,3.69,41.7,55.4,328.0,17.9,8.2,71.0,133
2026-08-17 23:00:00+00:00,Lahore,26.2,94,1001.5,0.92,43.7,56.6,320.0,18.3,8.3,66.0,132
2026-08-18 00:00:00+00:00,Lahore,27.8,92,1001.0,1.6,37.1,53.8,365.0,20.7,8.8,58.0,132
2026-08-18 01:00:00+00:00,Lahore,27.5,94,1001.2,0.65,36.9,47.7,515.0,21.6,9.3,60.0,132
2026-08-18 02:00:00+00:00,Lahore,28.4,88,1001.4,1.43,35.6,53.9,718.0,22.5,10.0,64.0,132
2026-08-18 03:00:00+00:00,Lahore,30.2,76,1001.7,1.03,37.5,59.0,840.0,21.8,10.7,76.0,131
2026-08-18 04:00:00+00:00,Lahore,31.8,68,1002.0,1.59,39.7,71.0,806.0,17.8,11.6,104.0,130
2026-08-18 05:00:00+00:00,Lahore,33.0,64,1002.3,1.1,43.8,86.8,690.0,12.0,12.6,140.0,130
2026-08-18 06:00:00+00:00,Lahore,34.1,59,1002.8,1.6,50.3,108.0,584.0,7.5,13.2,169.0,129
2026-08-18 07:00:00+00:00,Lahore,34.6,57,1002.2,1.35,55.5,126.2,502.0,5.3,12.9,183.0,129
2026-08-18 08:00:00+00:00,Lahore,35.1,54,1001.8,1.21,54.7,126.7,429.0,4.4,12.2,189.0,129
2026-08-18 09:00:00+00:00,Lahore,35.3,53,1001.1,1.41,53.4,125.3,414.0,4.6,11.8,191.0,129
2026-08-18 10:00:00+00:00,Lahore,33.6,59,1000.5,2.06,54.2,129.0,510.0,4.3,11.9,193.0,129
2026-08-18 11:00:00+00:00,Lahore,33.0,62,1000.1,0.46,54.4,130.4,663.0,5.3,12.2,192.0,131
2026-08-18 12:00:00+00:00,Lahore,32.4,67,1000.0,0.4,64.7,155.5,761.0,14.0,10.1,143.0,154
2026-08-18 13:00:00+00:00,Lahore,32.1,70,1000.7,1.14,66.4,125.7,743.0,28.1,10.5,116.0,161
2026-08-18 14:00:00+00:00,Lahore,31.0,78,1000.9,1.58,66.1,104.8,670.0,47.3,11.1,79.0,157
2026-08-18 15:00:00+00:00,Lahore,30.5,82,1001.7,1.95,64.3,89.4,610.0,59.4,11.4,52.0,140
2026-08-18 16:00:00+00:00,Lahore,29.9,84,1002.5,2.77,60.3,81.0,594.0,57.9,11.2,45.0,133
2026-08-18 17:00:00+00:00,Lahore,29.5,86,1002.8,2.85,57.7,77.1,590.0,49.4,10.8,49.0,134
2026-08-18 18:00:00+00:00,Lahore,28.9,94,1002.3,2.4,57.0,76.4,573.0,40.8,10.3,53.0,135
2026-08-18 19:00:00+00:00,Lahore,28.3,94,1001.7,2.18,56.6,75.9,523.0,33.9,9.8,54.0,137
2026-08-18 20:00:00+00:00,Lahore,27.1,93,1002.3,4.19,54.7,74.3,460.0,27.0,9.2,55.0,138
2026-08-18 21:00:00+00:00,Lahore,26.0,97,1002.5,2.72,52.0,71.5,414.0,22.0,8.8,56.0,139
2026-08-18 22:00:00+00:00,Lahore,26.2,97,1002.7,2.08,48.5,65.9,391.0,19.9,8.8,55.0,140
2026-08-18 23:00:00+00:00,Lahore,26.2,97,1003.0,2.0,49.4,67.1,387.0,19.7,9.0,54.0,141
2026-08-19 00:00:00+00:00,Lahore,27.3,96,1002.2,2.27,40.2,51.5,415.0,18.3,9.0,59.0,142
2026-08-19 01:00:00+00:00,Lahore,26.4,96,1002.8,3.05,40.7,52.7,514.0,20.9,10.0,56.0,142
2026-08-19 02:00:00+00:00,Lahore,26.9,94,1002.9,2.2,41.2,56.1,646.0,24.2,11.5,53.0,142
2026-08-19 03:00:00+00:00,Lahore,28.0,91,1003.3,2.52,43.0,62.2,715.0,25.1,12.6,60.0,143
2026-08-19 04:00:00+00:00,Lahore,29.5,85,1003.5,2.45,43.5,68.0,659.0,21.1,13.3,85.0,143
2026-08-19 05:00:00+00:00,Lahore,31.0,78,1003.7,2.3,46.9,81.5,539.0,14.6,13.6,121.0,144
2026-08-19 06:00:00+00:00,Lahore,31.5,71,1004.1,2.47,51.6,99.9,443.0,9.4,13.7,150.0,144
2026-08-19 07:00:00+00:00,Lahore,32.3,69,1003.8,2.42,54.7,107.3,386.0,7.0,13.2,167.0,144
2026-08-19 08:00:00+00:00,Lahore,32.8,67,1003.4,2.2,54.6,106.6,352.0,5.9,12.4,179.0,144
2026-08-19 09:00:00+00:00,Lahore,32.9,66,1003.0,2.12,55.4,109.7,380.0,6.0,12.1,187.0,144
2026-08-19 10:00:00+00:00,Lahore,28.9,86,1002.9,2.67,57.9,113.4,492.0,4.8,12.8,198.0,144
2026-08-19 11:00:00+00:00,Lahore,28.9,87,1002.1,0.92,59.6,115.0,665.0,4.7,14.1,206.0,145
2026-08-19 12:00:00+00:00,Lahore,31.0,78,1002.1,2.45,63.6,118.5,870.0,14.1,12.8,179.0,145
2026-08-19 13:00:00+00:00,Lahore,29.8,85,1002.5,1.87,66.6,113.4,1169.0,27.9,13.4,145.0,159
2026-08-19 14:00:00+00:00,Lahore,29.1,88,1002.6,1.37,73.3,113.2,1499.0,46.7,14.3,99.0,162
2026-08-19 15:00:00+00:00,Lahore,28.9,90,1003.1,2.1,69.2,102.4,1645.0,58.4,14.6,64.0,154
2026-08-19 16:00:00+00:00,Lahore,28.6,91,1003.8,2.05,63.6,93.4,1453.0,56.3,14.0,51.0,146
2026-08-19 17:00:00+00:00,Lahore,28.2,93,1004.2,1.87,61.5,89.2,1077.0,47.2,12.9,49.0,147
2026-08-19 18:00:00+00:00,Lahore,28.9,92,1004.2,2.05,60.5,87.8,765.0,39.2,12.0,49.0,147
2026-08-19 19:00:00+00:00,Lahore,28.3,93,1003.8,2.17,60.1,87.1,610.0,35.6,11.5,46.0,148
2026-08-19 20:00:00+00:00,Lahore,28.1,93,1003.8,2.06,60.1,86.6,520.0,33.1,11.1,45.0,148
2026-08-19 21:00:00+00:00,Lahore,27.7,93,1003.4,1.86,60.1,86.4,459.0,30.2,10.6,46.0,149
2026-08-19 22:00:00+00:00,Lahore,27.2,95,1003.3,1.89,57.6,82.2,424.0,25.5,9.5,53.0,149
2026-08-19 23:00:00+00:00,Lahore,25.0,98,1004.4,2.68,52.4,76.8,420.0,20.4,8.2,62.0,150
2026-05-21 00:00:00+00:00,Karachi,28.3,84,1003.2,3.49,23.8,61.0,157.0,6.0,4.6,62.0,80
2026-05-21 01:00:00+00:00,Karachi,28.1,84,1003.8,3.37,24.7,63.6,195.0,6.9,5.0,64.0,81
2026-05-21 02:00:00+00:00,Karachi,28.7,80,1004.4,3.79,28.2,80.8,245.0,8.1,5.5,66.0,81
2026-05-21 03:00:00+00:00,Karachi,29.8,74,1005.0,4.15,33.1,100.8,275.0,8.5,5.8,71.0,82
2026-05-21 04:00:00+00:00,Karachi,30.9,67,1005.2,4.32,36.1,111.3,264.0,7.3,5.8,80.0,83
2026-05-21 05:00:00+00:00,Karachi,31.6,65,1005.4,4.43,34.6,105.7,233.0,5.2,5.7,92.0,84
2026-05-21 06:00:00+00:00,Karachi,32.5,62,1005.4,4.41,34.6,104.1,209.0,3.7,5.5,100.0,84
2026-05-21 07:00:00+00:00,Karachi,32.5,63,1005.2,4.42,34.1,103.6,203.0,3.1,5.4,102.0,85
2026-05-21 08:00:00+00:00,Karachi,32.6,63,1004.7,4.62,33.5,101.0,204.0,3.1,5.2,100.0,86
2026-05-21 09:00:00+00:00,Karachi,32.4,64,1004.1,4.64,32.7,95.5,210.0,3.4,5.1,96.0,86
2026-05-21 10:00:00+00:00,Karachi,32.1,65,1003.7,4.75,31.9,91.5,223.0,4.0,5.0,89.0,87
2026-05-21 11:00:00+00:00,Karachi,31.7,66,1003.3,4.46,31.1,87.5,241.0,5.0,4.8,80.0,87
2026-05-21 12:00:00+00:00,Karachi,31.6,66,1003.3,4.24,42.3,123.4,252.0,6.6,5.1,77.0,87
2026-05-21 13:00:00+00:00,Karachi,30.6,70,1003.5,4.28,42.6,122.5,249.0,8.2,5.2,70.0,88
2026-05-21 14:00:00+00:00,Karachi,29.9,73,1004.0,4.17,42.5,118.3,238.0,10.4,5.3,61.0,89
2026-05-21 15:00:00+00:00,Karachi,29.6,75,1004.5,4.0,42.6,115.3,228.0,12.3,5.5,54.0,90
2026-05-21 16:00:00+00:00,Karachi,29.3,78,1005.1,3.68,39.2,102.2,221.0,13.6,5.7,50.0,91
2026-05-21 17:00:00+00:00,Karachi,29.0,81,1005.6,3.54,38.0,97.3,215.0,14.5,6.0,49.0,92
2026-05-21 18:00:00+00:00,Karachi,29.0,81,1005.7,3.69,37.1,92.7,206.0,14.6,6.1,48.0,93
2026-05-21 19:00:00+00:00,Karachi,28.7,82,1005.7,3.61,36.4,90.3,191.0,13.5,5.9,48.0,94
2026-05-21 20:00:00+00:00,Karachi,28.5,84,1005.5,3.38,35.3,87.3,174.0,11.6,5.6,49.0,95
2026-05-21 21:00:00+00:00,Karachi,28.3,85,1005.2,3.13,34.1,84.8,162.0,10.1,5.4,49.0,96
2026-05-21 22:00:00+00:00,Karachi,28.1,87,1005.5,2.95,33.3,83.6,156.0,9.4,5.5,48.0,97
2026-05-21 23:00:00+00:00,Karachi,27.9,88,1005.7,2.7,32.6,82.4,155.0,9.1,5.7,47.0,98
2026-05-22 00:00:00+00:00,Karachi,28.1,86,1005.7,2.67,30.9,79.9,169.0,7.6,5.4,52.0,99
2026-05-22 01:00:00+00:00,Karachi,27.9,87,1006.2,2.69,31.0,79.9,214.0,8.2,5.8,53.0,99
2026-05-22 02:00:00+00:00,Karachi,28.7,82,1007.1,2.83,34.0,98.0,274.0,9.0,6.3,55.0,100
2026-05-22 03:00:00+00:00,Karachi,29.9,75,1007.7,2.93,37.4,117.6,310.0,9.1,6.7,60.0,100
2026-05-22 04:00:00+00:00,Karachi,30.9,70,1008.2,3.01,40.2,130.4,297.0,7.8,6.8,72.0,101
2026-05-22 05:00:00+00:00,Karachi,31.7,67,1008.5,3.29,42.4,138.8,259.0,5.8,6.9,87.0,101
2026-05-22 06:00:00+00:00,Karachi,32.4,63,1008.5,3.26,43.8,139.7,231.0,4.3,6.8,98.0,102
2026-05-22 07:00:00+00:00,Karachi,32.7,61,1008.2,3.43,45.1,143.0,227.0,3.7,6.6,103.0,103
2026-05-22 08:00:00+00:00,Karachi,33.0,59,1007.6,3.68,45.5,143.9,233.0,3.5,6.4,105.0,104
2026-05-22 09:00:00+00:00,Karachi,32.9,60,1006.9,3.93,45.6,143.9,242.0,3.8,6.2,103.0,105
2026-05-22 10:00:00+00:00,Karachi,32.4,62,1006.4,4.21,45.4,141.6,256.0,4.6,6.1,95.0,107
2026-05-22 11:00:00+00:00,Karachi,31.5,66,1006.2,4.33,43.9,132.2,273.0,5.9,5.9,83.0,108
2026-05-22 12:00:00+00:00,Karachi,31.3,70,1006.1,3.8,52.6,163.0,279.0,7.5,5.8,74.0,109
2026-05-22 13:00:00+00:00,Karachi,30.1,75,1006.4,3.8,51.2,156.9,265.0,8.6,5.6,67.0,110
2026-05-22 14:00:00+00:00,Karachi,29.6,78,1006.8,3.63,49.6,148.1,239.0,10.1,5.4,57.0,111
2026-05-22 15:00:00+00:00,Karachi,29.4,79,1007.3,4.12,49.1,147.6,217.0,11.0,5.2,50.0,112
2026-05-22 16:00:00+00:00,Karachi,29.2,79,1007.6,4.36,49.1,151.3,204.0,10.9,5.1,48.0,113
2026-05-22 17:00:00+00:00,Karachi,29.1,79,1008.2,4.02,48.5,142.5,195.0,10.2,5.1,50.0,114
2026-05-22 18:00:00+00:00,Karachi,29.1,80,1008.3,3.97,48.9,139.2,185.0,9.4,5.0,51.0,115
2026-05-22 19:00:00+00:00,Karachi,29.0,80,1008.3,3.81,49.0,137.4,170.0,8.5,4.9,52.0,116
2026-05-22 20:00:00+00:00,Karachi,28.8,81,1008.1,3.55,49.1,135.0,154.0,7.6,4.7,53.0,117
2026-05-22 21:00:00+00:00,Karachi,28.5,83,1008.0,3.27,48.4,133.6,143.0,6.8,4.6,54.0,119
2026-05-22 22:00:00+00:00,Karachi,28.4,82,1007.9,2.96,46.9,127.6,136.0,6.3,4.7,55.0,120
2026-05-22 23:00:00+00:00,Karachi,28.2,82,1008.0,2.77,44.0,121.1,134.0,6.1,4.8,57.0,122
2026-05-23 00:00:00+00:00,Karachi,28.0,82,1007.8,2.86,38.0,99.0,149.0,6.2,5.0,61.0,123
2026-05-23 01:00:00+00:00,Karachi,27.7,84,1008.2,2.77,36.2,90.3,199.0,7.2,5.4,64.0,124
2026-05-23 02:00:00+00:00,Karachi,28.3,78,1008.6,2.85,38.2,105.9,265.0,8.6,5.9,68.0,124
2026-05-23 03:00:00+00:00,Karachi,29.4,73,1009.1,2.75,40.2,110.8,305.0,9.1,6.3,75.0,125
2026-05-23 04:00:00+00:00,Karachi,30.6,66,1009.6,2.98,40.4,109.4,293.0,7.9,6.5,89.0,125
2026-05-23 05:00:00+00:00,Karachi,31.6,62,1009.8,3.34,40.7,108.3,255.0,5.9,6.6,106.0,125
2026-05-23 06:00:00+00:00,Karachi,32.3,60,1009.5,3.56,40.5,106.6,226.0,4.3,6.5,118.0,125
2026-05-23 07:00:00+00:00,Karachi,32.6,58,1009.2,3.72,40.0,102.9,221.0,3.6,6.2,122.0,124
2026-05-23 08:00:00+00:00,Karachi,32.5,58,1008.7,4.01,39.6,100.1,225.0,3.5,5.8,120.0,124
2026-05-23 09:00:00+00:00,Karachi,32.0,62,1008.2,4.32,39.1,99.0,231.0,3.7,5.5,115.0,123
2026-05-23 10:00:00+00:00,Karachi,31.5,65,1007.8,4.57,38.8,99.4,239.0,4.4,5.2,105.0,123
2026-05-23 11:00:00+00:00,Karachi,31.0,67,1007.3,4.65,39.0,100.8,248.0,5.5,5.0,91.0,122
2026-05-23 12:00:00+00:00,Karachi,30.9,67,1007.1,4.39,39.0,101.0,253.0,7.1,5.0,84.0,121
2026-05-23 13:00:00+00:00,Karachi,29.9,71,1006.9,4.13,39.5,102.2,249.0,8.7,5.1,76.0,120
2026-05-23 14:00:00+00:00,Karachi,29.0,76,1006.9,3.89,39.5,101.3,240.0,11.0,5.2,65.0,119
2026-05-23 15:00:00+00:00,Karachi,28.6,78,1007.2,3.72,39.5,100.4,229.0,12.8,5.3,57.0,118
2026-05-23 16:00:00+00:00,Karachi,28.6,77,1007.8,3.86,38.6,92.2,215.0,13.9,5.4,54.0,117
2026-05-23 17:00:00+00:00,Karachi,28.5,78,1008.4,3.97,38.5,89.6,199.0,14.6,5.6,54.0,116
2026-05-23 18:00:00+00:00,Karachi,28.5,79,1008.3,3.89,38.2,88.0,183.0,14.1,5.5,55.0,115
2026-05-23 19:00:00+00:00,Karachi,28.2,80,1008.0,3.78,37.3,85.7,166.0,11.7,5.0,58.0,113
2026-05-23 20:00:00+00:00,Karachi,28.0,82,1007.5,3.96,36.2,85.2,149.0,8.3,4.2,63.0,112
2026-05-23 21:00:00+00:00,Karachi,27.8,82,1007.1,4.07,35.2,82.4,137.0,5.6,3.7,67.0,111
2026-05-23 22:00:00+00:00,Karachi,27.8,81,1006.8,4.05,34.6,82.0,132.0,4.5,3.6,68.0,109
2026-05-23 23:00:00+00:00,Karachi,27.8,79,1007.2,3.95,35.7,85.7,133.0,4.3,3.7,68.0,108
2026-05-24 00:00:00+00:00,Karachi,27.9,81,1007.5,4.11,33.4,77.8,140.0,4.2,3.7,72.0,107
2026-05-24 01:00:00+00:00,Karachi,28.0,78,1008.0,4.02,33.9,81.0,158.0,4.5,3.9,74.0,107
2026-05-24 02:00:00+00:00,Karachi,28.8,73,1008.7,4.34,39.2,104.1,182.0,5.0,4.3,76.0,107
2026-05-24 03:00:00+00:00,Karachi,29.7,70,1009.2,4.92,40.6,108.7,195.0,5.0,4.5,79.0,107
2026-05-24 04:00:00+00:00,Karachi,30.7,65,1009.5,5.08,40.7,109.0,188.0,4.3,4.6,84.0,107
2026-05-24 05:00:00+00:00,Karachi,31.5,61,1009.6,5.21,40.9,109.7,171.0,3.2,4.6,90.0,107
2026-05-24 06:00:00+00:00,Karachi,32.4,60,1009.5,5.49,40.4,108.7,158.0,2.4,4.6,94.0,107
2026-05-24 07:00:00+00:00,Karachi,32.7,58,1009.1,5.54,40.2,108.5,156.0,2.1,4.5,93.0,107
2026-05-24 08:00:00+00:00,Karachi,32.6,59,1008.4,5.32,39.7,108.0,159.0,2.0,4.3,90.0,107
2026-05-24 09:00:00+00:00,Karachi,32.9,59,1007.6,5.22,39.1,107.1,164.0,2.2,4.1,86.0,107
2026-05-24 10:00:00+00:00,Karachi,32.5,62,1006.7,5.18,37.6,102.4,175.0,2.6,4.1,80.0,107
2026-05-24 11:00:00+00:00,Karachi,31.8,66,1006.4,5.17,35.7,96.9,188.0,3.3,4.1,74.0,107
2026-05-24 12:00:00+00:00,Karachi,31.1,67,1006.3,5.08,43.9,118.5,195.0,4.3,4.1,68.0,106
2026-05-24 13:00:00+00:00,Karachi,30.0,72,1006.2,4.76,41.4,110.1,191.0,5.3,4.2,62.0,107
2026-05-24 14:00:00+00:00,Karachi,29.1,79,1006.5,4.55,39.1,99.4,181.0,6.7,4.3,55.0,107
2026-05-24 15:00:00+00:00,Karachi,28.8,81,1006.8,4.9,32.8,83.4,171.0,7.7,4.4,49.0,107
2026-05-24 16:00:00+00:00,Karachi,28.8,80,1007.2,5.06,28.6,70.1,164.0,7.9,4.4,47.0,106
2026-05-24 17:00:00+00:00,Karachi,28.8,81,1007.9,4.68,27.1,65.4,158.0,7.6,4.3,47.0,105
2026-05-24 18:00:00+00:00,Karachi,28.9,79,1007.9,4.82,25.5,62.4,151.0,7.1,4.2,48.0,104
2026-05-24 19:00:00+00:00,Karachi,28.7,80,1007.5,4.9,24.0,59.1,141.0,6.2,3.9,49.0,103
2026-05-24 20:00:00+00:00,Karachi,28.8,78,1006.9,4.83,23.3,58.2,131.0,5.1,3.6,50.0,101
2026-05-24 21:00:00+00:00,Karachi,28.6,81,1006.6,4.88,23.3,58.8,125.0,4.3,3.3,51.0,100
2026-05-24 22:00:00+00:00,Karachi,28.4,82,1006.2,4.9,23.4,58.3,121.0,3.9,3.2,52.0,99
2026-05-24 23:00:00+00:00,Karachi,28.4,81,1006.0,4.75,23.6,57.9,122.0,3.7,3.3,53.0,98
2026-05-25 00:00:00+00:00,Karachi,28.1,87,1006.2,4.51,24.9,61.9,134.0,3.8,3.3,54.0,97
2026-05-25 01:00:00+00:00,Karachi,28.2,87,1006.2,4.4,24.6,58.9,171.0,4.8,3.7,55.0,97
2026-05-25 02:00:00+00:00,Karachi,29.0,82,1006.8,4.9,27.0,69.8,220.0,6.1,4.2,58.0,96
2026-05-25 03:00:00+00:00,Karachi,30.2,74,1007.2,5.0,34.6,95.5,250.0,6.8,4.7,62.0,95
2026-05-25 04:00:00+00:00,Karachi,31.3,69,1007.6,5.11,34.8,99.0,243.0,6.1,5.0,70.0,94
2026-05-25 05:00:00+00:00,Karachi,32.0,66,1007.8,4.79,35.9,103.6,216.0,4.7,5.2,80.0,94
2026-05-25 06:00:00+00:00,Karachi,32.4,66,1007.6,5.0,36.4,105.2,196.0,3.6,5.3,87.0,94
2026-05-25 07:00:00+00:00,Karachi,32.6,65,1007.3,5.28,36.1,102.0,189.0,3.1,5.2,89.0,93
2026-05-25 08:00:00+00:00,Karachi,32.9,64,1006.5,5.63,33.5,90.3,189.0,2.9,4.9,89.0,93
2026-05-25 09:00:00+00:00,Karachi,32.9,65,1005.7,5.6,31.5,83.4,195.0,3.2,4.7,86.0,92
2026-05-25 10:00:00+00:00,Karachi,32.4,68,1004.9,5.51,30.3,79.9,213.0,4.0,4.6,81.0,92
2026-05-25 11:00:00+00:00,Karachi,31.8,72,1004.3,5.17,28.6,74.0,238.0,5.3,4.6,73.0,91
2026-05-25 12:00:00+00:00,Karachi,31.6,72,1004.0,4.69,31.0,80.3,255.0,6.9,4.9,69.0,91
2026-05-25 13:00:00+00:00,Karachi,30.5,78,1004.0,3.87,27.8,66.6,257.0,9.0,5.0,62.0,90
2026-05-25 14:00:00+00:00,Karachi,29.6,83,1004.4,3.61,22.6,50.3,250.0,11.8,5.2,52.0,89
2026-05-25 15:00:00+00:00,Karachi,29.4,84,1004.8,3.53,19.7,42.4,239.0,14.3,5.5,44.0,87
2026-05-25 16:00:00+00:00,Karachi,29.3,85,1005.1,3.14,19.4,39.9,225.0,16.2,5.9,40.0,86
2026-05-25 17:00:00+00:00,Karachi,29.0,87,1005.5,2.84,19.1,38.1,207.0,17.7,6.4,38.0,86
2026-05-25 18:00:00+00:00,Karachi,29.3,87,1005.7,2.87,19.4,37.7,189.0,17.8,6.6,38.0,85
2026-05-25 19:00:00+00:00,Karachi,28.8,90,1005.4,2.91,19.0,37.5,172.0,15.7,6.2,40.0,84
2026-05-25 20:00:00+00:00,Karachi,28.6,92,1005.2,2.94,17.9,36.6,155.0,12.3,5.4,44.0,84
2026-05-25 21:00:00+00:00,Karachi,28.3,93,1004.7,3.54,16.7,34.9,143.0,9.4,4.8,47.0,84
2026-05-25 22:00:00+00:00,Karachi,28.2,93,1004.4,3.68,16.1,35.3,134.0,7.5,4.5,49.0,83
2026-05-25 23:00:00+00:00,Karachi,28.1,93,1004.4,3.75,15.9,36.2,131.0,6.2,4.4,51.0,83
2026-05-26 00:00:00+00:00,Karachi,28.1,93,1004.6,3.68,15.4,33.2,144.0,6.0,4.3,52.0,82
2026-05-26 01:00:00+00:00,Karachi,28.0,94,1004.9,3.52,15.8,34.1,192.0,7.0,4.7,53.0,81
2026-05-26 02:00:00+00:00,Karachi,28.8,88,1005.6,3.69,18.2,41.8,256.0,8.3,5.3,54.0,81
2026-05-26 03:00:00+00:00,Karachi,30.1,80,1006.1,3.34,23.5,57.9,296.0,8.8,5.8,60.0,80
2026-05-26 04:00:00+00:00,Karachi,31.1,75,1006.3,3.16,25.8,62.9,287.0,7.7,6.0,73.0,79
2026-05-26 05:00:00+00:00,Karachi,32.2,71,1006.6,3.13,28.7,71.7,252.0,5.8,6.1,90.0,78
2026-05-26 06:00:00+00:00,Karachi,33.3,66,1006.5,3.76,30.5,77.1,226.0,4.4,6.1,103.0,78
2026-05-26 07:00:00+00:00,Karachi,33.7,63,1006.2,4.04,31.3,80.6,218.0,3.8,6.0,108.0,77
2026-05-26 08:00:00+00:00,Karachi,33.8,63,1005.7,4.35,30.7,77.8,218.0,3.7,5.7,108.0,77
2026-05-26 09:00:00+00:00,Karachi,33.8,63,1005.0,4.49,29.3,73.3,226.0,4.0,5.5,105.0,77
2026-05-26 10:00:00+00:00,Karachi,33.5,63,1004.2,4.41,27.2,65.9,248.0,4.7,5.3,98.0,76
2026-05-26 11:00:00+00:00,Karachi,33.1,65,1004.0,4.18,24.4,55.9,279.0,5.9,5.2,87.0,76
2026-05-26 12:00:00+00:00,Karachi,32.8,67,1004.0,3.74,21.5,47.1,299.0,8.0,5.5,80.0,76
2026-05-26 13:00:00+00:00,Karachi,31.3,74,1003.9,3.4,18.8,38.2,299.0,10.8,5.8,70.0,75
2026-05-26 14:00:00+00:00,Karachi,30.1,81,1004.4,3.33,17.2,30.3,288.0,14.7,6.2,56.0,74
2026-05-26 15:00:00+00:00,Karachi,29.5,84,1004.8,3.01,14.8,24.1,277.0,17.5,6.5,45.0,74
2026-05-26 16:00:00+00:00,Karachi,29.2,87,1005.3,2.82,15.0,24.2,272.0,18.3,6.7,41.0,74
2026-05-26 17:00:00+00:00,Karachi,29.0,88,1006.0,2.61,16.3,27.2,267.0,18.0,6.7,41.0,73
2026-05-26 18:00:00+00:00,Karachi,28.9,90,1006.4,2.22,17.3,30.3,254.0,17.2,6.7,41.0,73
2026-05-26 19:00:00+00:00,Karachi,28.5,92,1006.3,1.83,17.6,31.7,223.0,15.9,6.6,40.0,73
2026-05-26 20:00:00+00:00,Karachi,28.3,93,1006.1,1.93,17.4,32.5,184.0,14.1,6.3,40.0,73
2026-05-26 21:00:00+00:00,Karachi,28.0,94,1005.8,2.57,16.8,31.5,155.0,12.3,6.1,41.0,73
2026-05-26 22:00:00+00:00,Karachi,27.9,94,1005.6,2.95,16.1,30.7,140.0,10.5,5.8,42.0,73
2026-05-26 23:00:00+00:00,Karachi,27.9,93,1005.7,3.45,15.8,32.2,135.0,8.8,5.5,45.0,73
2026-05-27 00:00:00+00:00,Karachi,28.2,92,1005.8,3.82,15.4,32.0,148.0,7.4,5.4,48.0,73
2026-05-27 01:00:00+00:00,Karachi,28.2,92,1006.1,3.86,15.7,33.1,194.0,8.2,5.6,49.0,73
2026-05-27 02:00:00+00:00,Karachi,28.9,87,1006.9,3.78,17.6,38.8,258.0,9.2,6.0,51.0,73
2026-05-27 03:00:00+00:00,Karachi,30.0,79,1007.5,3.89,20.5,48.3,296.0,9.5,6.2,56.0,73
2026-05-27 04:00:00+00:00,Karachi,31.1,73,1007.9,3.98,22.6,51.6,283.0,8.2,6.2,68.0,72
2026-05-27 05:00:00+00:00,Karachi,32.1,69,1007.9,3.86,23.9,53.1,244.0,6.1,6.1,84.0,72
2026-05-27 06:00:00+00:00,Karachi,33.0,64,1007.8,4.1,24.6,52.5,214.0,4.5,5.9,96.0,72
2026-05-27 07:00:00+00:00,Karachi,33.3,64,1007.3,4.38,24.7,50.6,206.0,3.8,5.7,102.0,71
2026-05-27 08:00:00+00:00,Karachi,33.4,65,1006.7,4.5,24.6,48.8,208.0,3.7,5.5,103.0,71
2026-05-27 09:00:00+00:00,Karachi,33.2,66,1006.0,4.63,24.5,48.1,217.0,4.0,5.3,101.0,70
2026-05-27 10:00:00+00:00,Karachi,32.9,68,1005.5,4.63,24.0,47.4,236.0,4.7,5.2,93.0,70
2026-05-27 11:00:00+00:00,Karachi,32.3,71,1005.2,4.5,23.2,46.9,263.0,6.0,5.2,82.0,70
2026-05-27 12:00:00+00:00,Karachi,32.3,69,1004.8,4.24,27.8,59.5,284.0,8.1,5.3,75.0,70
2026-05-27 13:00:00+00:00,Karachi,31.2,74,1004.9,3.74,27.1,58.3,299.0,11.4,5.7,65.0,70
2026-05-27 14:00:00+00:00,Karachi,30.1,81,1005.2,3.28,26.4,54.6,309.0,15.9,6.1,50.0,71
2026-05-27 15:00:00+00:00,Karachi,29.5,87,1005.4,3.22,22.2,43.3,306.0,18.8,6.4,40.0,72
2026-05-27 16:00:00+00:00,Karachi,29.1,89,1005.6,3.42,20.7,39.2,281.0,18.6,6.3,38.0,72
2026-05-27 17:00:00+00:00,Karachi,28.9,91,1006.2,3.88,20.1,37.5,243.0,16.7,6.1,40.0,73
2026-05-27 18:00:00+00:00,Karachi,29.2,89,1006.7,3.58,19.8,37.4,207.0,14.5,5.7,43.0,73
2026-05-27 19:00:00+00:00,Karachi,28.9,91,1006.6,3.71,19.2,36.3,178.0,12.2,5.2,45.0,73
2026-05-27 20:00:00+00:00,Karachi,28.7,92,1006.1,3.97,18.5,35.2,152.0,9.6,4.7,47.0,73
2026-05-27 21:00:00+00:00,Karachi,28.4,93,1005.9,3.89,17.8,34.3,134.0,7.5,4.3,48.0,73
2026-05-27 22:00:00+00:00,Karachi,28.4,92,1005.5,4.1,17.2,33.6,124.0,6.3,4.1,48.0,73
2026-05-27 23:00:00+00:00,Karachi,28.3,92,1005.1,4.18,17.0,32.8,123.0,5.7,4.1,49.0,73
2026-05-28 00:00:00+00:00,Karachi,28.4,91,1005.2,4.31,16.9,33.3,135.0,5.4,4.1,51.0,74
2026-05-28 01:00:00+00:00,Karachi,28.3,92,1005.7,4.09,16.9,32.4,174.0,6.6,4.5,51.0,74
2026-05-28 02:00:00+00:00,Karachi,29.1,86,1006.3,4.41,18.6,35.9,227.0,8.2,5.2,51.0,74
2026-05-28 03:00:00+00:00,Karachi,30.3,79,1006.5,4.75,21.6,43.5,260.0,8.9,5.6,54.0,74
2026-05-28 04:00:00+00:00,Karachi,31.4,72,1006.8,4.76,23.3,47.0,252.0,7.8,5.7,65.0,74
2026-05-28 05:00:00+00:00,Karachi,32.2,69,1006.9,4.71,24.3,48.5,223.0,5.8,5.7,79.0,74
2026-05-28 06:00:00+00:00,Karachi,33.2,65,1006.9,4.63,24.8,48.5,201.0,4.3,5.6,89.0,74
2026-05-28 07:00:00+00:00,Karachi,33.4,65,1006.5,4.55,24.7,47.5,196.0,3.7,5.4,93.0,74
2026-05-28 08:00:00+00:00,Karachi,33.6,64,1005.9,4.48,24.5,46.9,199.0,3.4,5.0,94.0,74
2026-05-28 09:00:00+00:00,Karachi,33.4,67,1005.1,4.86,24.7,47.8,208.0,3.7,4.8,91.0,74
2026-05-28 10:00:00+00:00,Karachi,32.8,72,1004.4,4.95,24.0,46.3,227.0,4.4,4.7,85.0,74
2026-05-28 11:00:00+00:00,Karachi,32.2,74,1003.8,4.99,23.3,46.4,252.0,5.6,4.7,75.0,74
2026-05-28 12:00:00+00:00,Karachi,32.0,74,1003.6,4.68,35.3,75.7,268.0,7.2,4.7,67.0,74
2026-05-28 13:00:00+00:00,Karachi,30.9,79,1003.5,4.37,33.2,68.2,266.0,9.6,4.8,60.0,75
2026-05-28 14:00:00+00:00,Karachi,30.1,84,1003.8,4.18,27.5,55.5,254.0,12.9,5.1,51.0,75
2026-05-28 15:00:00+00:00,Karachi,29.6,88,1004.3,3.82,24.2,46.0,241.0,15.3,5.3,44.0,75
2026-05-28 16:00:00+00:00,Karachi,29.5,89,1005.0,3.49,23.2,43.5,232.0,16.2,5.6,41.0,75
2026-05-28 17:00:00+00:00,Karachi,29.3,90,1005.4,3.29,23.1,42.8,223.0,16.3,6.0,41.0,76
2026-05-28 18:00:00+00:00,Karachi,29.4,90,1005.2,3.69,22.6,41.2,209.0,15.5,6.1,41.0,76
2026-05-28 19:00:00+00:00,Karachi,29.0,92,1004.7,4.01,21.4,38.8,184.0,13.4,5.7,43.0,76
2026-05-28 20:00:00+00:00,Karachi,28.9,92,1004.3,3.66,19.8,36.4,155.0,10.4,5.0,45.0,76
2026-05-28 21:00:00+00:00,Karachi,28.8,91,1004.2,3.65,18.1,33.4,134.0,7.9,4.5,48.0,76
2026-05-28 22:00:00+00:00,Karachi,28.7,91,1004.3,3.45,16.9,31.5,124.0,6.4,4.2,50.0,76
2026-05-28 23:00:00+00:00,Karachi,28.6,91,1003.9,4.18,16.2,30.7,124.0,5.3,4.1,51.0,76
2026-05-29 00:00:00+00:00,Karachi,28.8,92,1003.9,4.3,16.2,30.9,137.0,5.0,3.9,53.0,76
2026-05-29 01:00:00+00:00,Karachi,28.8,91,1004.4,3.83,16.2,31.0,178.0,6.1,4.3,53.0,76
2026-05-29 02:00:00+00:00,Karachi,29.5,87,1004.8,3.83,17.8,34.8,234.0,7.5,4.8,53.0,76
2026-05-29 03:00:00+00:00,Karachi,30.7,79,1005.1,4.49,21.5,43.7,268.0,8.1,5.2,57.0,76
2026-05-29 04:00:00+00:00,Karachi,31.9,72,1005.3,4.43,24.4,49.4,260.0,7.3,5.5,69.0,76
2026-05-29 05:00:00+00:00,Karachi,32.6,70,1005.1,4.44,26.7,53.7,232.0,5.6,5.7,84.0,76
2026-05-29 06:00:00+00:00,Karachi,33.5,66,1005.0,4.55,28.2,57.7,211.0,4.4,5.7,95.0,76
2026-05-29 07:00:00+00:00,Karachi,34.1,64,1004.4,4.82,28.9,60.5,208.0,3.8,5.5,99.0,77
2026-05-29 08:00:00+00:00,Karachi,34.5,63,1003.7,4.85,29.2,62.6,212.0,3.6,5.2,98.0,77
2026-05-29 09:00:00+00:00,Karachi,34.4,63,1002.9,4.78,28.7,62.9,221.0,3.9,4.9,95.0,77
2026-05-29 10:00:00+00:00,Karachi,34.0,65,1002.2,4.76,27.9,62.9,238.0,4.7,4.8,88.0,78
2026-05-29 11:00:00+00:00,Karachi,33.0,70,1001.5,4.82,26.4,58.4,260.0,6.0,4.7,78.0,78
2026-05-29 12:00:00+00:00,Karachi,32.2,72,1001.2,4.8,33.3,78.2,277.0,8.0,4.6,75.0,78
2026-05-29 13:00:00+00:00,Karachi,31.3,75,1001.3,4.57,28.9,62.2,287.0,10.5,4.9,66.0,78
2026-05-29 14:00:00+00:00,Karachi,30.3,80,1001.6,4.43,23.3,44.0,293.0,13.9,5.2,54.0,78
2026-05-29 15:00:00+00:00,Karachi,30.1,83,1002.0,3.78,19.6,34.1,290.0,16.0,5.4,45.0,77
2026-05-29 16:00:00+00:00,Karachi,29.8,85,1002.2,3.36,18.4,31.1,277.0,15.6,5.3,43.0,77
2026-05-29 17:00:00+00:00,Karachi,29.6,85,1002.7,3.39,18.1,30.4,257.0,13.8,5.0,45.0,77
2026-05-29 18:00:00+00:00,Karachi,29.4,87,1002.4,3.29,17.7,30.2,232.0,11.8,4.7,47.0,76
2026-05-29 19:00:00+00:00,Karachi,29.1,88,1002.2,3.48,17.3,30.0,200.0,9.8,4.3,50.0,76
2026-05-29 20:00:00+00:00,Karachi,29.0,86,1001.8,4.0,16.7,30.2,163.0,7.7,3.9,53.0,75
2026-05-29 21:00:00+00:00,Karachi,28.9,87,1001.5,3.91,16.4,31.1,138.0,6.0,3.6,55.0,75
2026-05-29 22:00:00+00:00,Karachi,28.7,88,1001.2,4.11,16.2,31.3,126.0,5.0,3.5,56.0,75
2026-05-29 23:00:00+00:00,Karachi,28.7,88,1001.1,3.74,16.0,31.0,125.0,4.5,3.5,55.0,75
2026-05-30 00:00:00+00:00,Karachi,28.9,89,1000.9,3.67,16.3,32.5,142.0,4.8,3.7,58.0,75
2026-05-30 01:00:00+00:00,Karachi,28.9,90,1001.2,4.02,16.5,31.9,193.0,6.7,4.2,58.0,75
2026-05-30 02:00:00+00:00,Karachi,29.7,86,1001.8,4.01,17.6,33.2,262.0,9.2,5.0,58.0,75
2026-05-30 03:00:00+00:00,Karachi,30.8,80,1002.2,4.11,22.9,45.4,302.0,10.4,5.5,62.0,75
2026-05-30 04:00:00+00:00,Karachi,31.9,75,1002.5,4.01,26.0,54.0,287.0,9.2,5.7,75.0,75
2026-05-30 05:00:00+00:00,Karachi,32.9,70,1002.5,4.35,28.2,62.4,243.0,6.7,5.6,92.0,75
2026-05-30 06:00:00+00:00,Karachi,33.6,70,1002.6,5.15,29.4,69.4,210.0,4.8,5.5,104.0,75
2026-05-30 07:00:00+00:00,Karachi,34.2,65,1002.2,4.97,29.2,72.4,201.0,4.0,5.3,107.0,75
2026-05-30 08:00:00+00:00,Karachi,35.0,61,1001.9,4.41,28.8,75.4,203.0,3.8,4.9,104.0,75
2026-05-30 09:00:00+00:00,Karachi,35.1,59,1001.3,4.38,27.2,70.8,212.0,4.0,4.7,99.0,75
2026-05-30 10:00:00+00:00,Karachi,34.6,62,1000.5,4.36,25.1,59.8,234.0,4.8,4.6,91.0,75
2026-05-30 11:00:00+00:00,Karachi,33.7,65,1000.2,4.29,24.0,54.4,263.0,6.0,4.6,81.0,75
2026-05-30 12:00:00+00:00,Karachi,33.0,70,1000.2,4.11,23.4,54.1,283.0,7.9,4.6,76.0,75
2026-05-30 13:00:00+00:00,Karachi,31.4,78,1000.1,4.33,21.8,41.0,286.0,10.3,4.9,67.0,74
2026-05-30 14:00:00+00:00,Karachi,30.6,84,1000.8,4.14,21.1,34.2,280.0,13.6,5.3,54.0,74
2026-05-30 15:00:00+00:00,Karachi,30.1,86,1001.5,3.47,17.8,27.5,269.0,15.7,5.6,45.0,73
2026-05-30 16:00:00+00:00,Karachi,29.9,88,1002.4,3.28,16.5,25.8,252.0,15.8,5.7,42.0,73
2026-05-30 17:00:00+00:00,Karachi,29.8,88,1003.0,3.31,16.6,26.9,230.0,14.7,5.7,43.0,73
2026-05-30 18:00:00+00:00,Karachi,29.7,88,1003.4,3.65,16.8,27.7,207.0,13.2,5.5,44.0,73
2026-05-30 19:00:00+00:00,Karachi,29.4,90,1003.3,3.73,16.5,28.1,181.0,11.0,5.0,46.0,73
2026-05-30 20:00:00+00:00,Karachi,29.3,90,1003.3,4.09,16.3,28.3,154.0,8.3,4.4,48.0,73
2026-05-30 21:00:00+00:00,Karachi,29.1,89,1002.9,4.07,16.6,29.5,136.0,6.3,4.0,50.0,73
2026-05-30 22:00:00+00:00,Karachi,28.9,92,1002.7,3.72,17.3,31.1,129.0,5.5,3.9,50.0,73
2026-05-30 23:00:00+00:00,Karachi,28.7,92,1002.8,3.47,18.0,32.8,131.0,5.4,3.9,48.0,73
2026-05-31 00:00:00+00:00,Karachi,28.9,92,1002.7,3.93,18.3,33.3,141.0,5.9,4.4,49.0,73
2026-05-31 01:00:00+00:00,Karachi,28.8,92,1003.6,3.29,19.0,34.8,168.0,6.1,4.6,50.0,73
2026-05-31 02:00:00+00:00,Karachi,29.6,86,1004.4,3.26,20.4,38.6,203.0,6.3,4.9,52.0,73
2026-05-31 03:00:00+00:00,Karachi,30.6,80,1005.1,3.73,22.6,44.6,223.0,6.1,5.1,55.0,74
2026-05-31 04:00:00+00:00,Karachi,31.5,74,1005.6,4.22,23.3,47.3,211.0,5.3,5.1,61.0,74
2026-05-31 05:00:00+00:00,Karachi,32.1,71,1005.7,4.61,23.3,46.7,183.0,4.1,5.0,67.0,73
2026-05-31 06:00:00+00:00,Karachi,32.6,70,1006.2,4.49,22.5,44.8,162.0,3.2,4.9,73.0,73
2026-05-31 07:00:00+00:00,Karachi,33.0,67,1006.2,4.42,21.7,42.8,157.0,2.6,4.7,77.0,73
2026-05-31 08:00:00+00:00,Karachi,32.9,69,1005.9,4.45,20.4,40.5,160.0,2.3,4.5,79.0,72
2026-05-31 09:00:00+00:00,Karachi,32.8,69,1005.3,4.48,20.5,40.4,165.0,2.2,4.4,79.0,71
2026-05-31 10:00:00+00:00,Karachi,32.5,71,1004.5,4.73,19.2,38.1,173.0,2.5,4.4,76.0,71
2026-05-31 11:00:00+00:00,Karachi,32.0,73,1004.2,4.69,19.0,37.5,184.0,3.1,4.4,70.0,70
2026-05-31 12:00:00+00:00,Karachi,31.7,71,1004.0,4.68,23.4,49.9,190.0,4.1,4.6,65.0,70
2026-05-31 13:00:00+00:00,Karachi,30.9,73,1004.0,4.44,22.4,47.4,187.0,5.7,4.8,60.0,70
2026-05-31 14:00:00+00:00,Karachi,30.4,75,1004.5,4.43,21.0,42.8,179.0,7.9,5.1,52.0,70
2026-05-31 15:00:00+00:00,Karachi,30.1,77,1005.1,3.98,21.4,41.1,172.0,9.5,5.4,47.0,70
2026-05-31 16:00:00+00:00,Karachi,30.1,76,1005.9,3.76,21.4,39.5,168.0,10.1,5.6,46.0,70
2026-05-31 17:00:00+00:00,Karachi,29.9,76,1006.6,3.46,19.1,35.0,165.0,10.1,5.8,46.0,71
2026-05-31 18:00:00+00:00,Karachi,29.9,80,1006.5,3.47,18.2,33.6,159.0,9.9,5.8,47.0,71
2026-05-31 19:00:00+00:00,Karachi,29.5,83,1006.3,2.83,18.1,33.6,147.0,9.4,5.6,47.0,71
2026-05-31 20:00:00+00:00,Karachi,29.2,84,1006.0,2.8,21.1,41.4,133.0,8.6,5.2,48.0,71
2026-05-31 21:00:00+00:00,Karachi,29.1,85,1005.3,3.01,20.1,39.1,124.0,8.0,5.0,48.0,71
2026-05-31 22:00:00+00:00,Karachi,29.0,85,1005.1,3.11,20.1,39.8,117.0,7.8,5.0,47.0,72
2026-05-31 23:00:00+00:00,Karachi,28.9,85,1005.0,2.74,19.4,38.5,115.0,7.8,5.1,46.0,72
2026-06-01 00:00:00+00:00,Karachi,28.6,86,1004.9,1.82,18.9,40.9,130.0,5.9,5.0,55.0,72
2026-06-01 01:00:00+00:00,Karachi,28.7,86,1005.6,1.94,19.4,40.4,183.0,7.0,5.6,56.0,72
2026-06-01 02:00:00+00:00,Karachi,29.6,81,1006.2,2.22,23.3,55.5,253.0,8.5,6.5,59.0,72
2026-06-01 03:00:00+00:00,Karachi,30.8,74,1006.6,2.5,24.3,59.4,296.0,9.1,7.1,64.0,72
2026-06-01 04:00:00+00:00,Karachi,31.8,68,1006.9,3.0,25.6,63.6,283.0,7.9,7.2,76.0,72
2026-06-01 05:00:00+00:00,Karachi,32.4,65,1007.1,3.46,27.2,66.4,242.0,5.8,7.0,91.0,73
2026-06-01 06:00:00+00:00,Karachi,33.0,62,1007.5,3.28,28.1,67.5,210.0,4.1,6.8,101.0,73
2026-06-01 07:00:00+00:00,Karachi,33.0,61,1007.3,3.46,27.9,65.2,201.0,3.4,6.5,104.0,73
2026-06-01 08:00:00+00:00,Karachi,32.9,64,1006.7,3.93,27.1,62.4,202.0,3.1,6.0,102.0,74
2026-06-01 09:00:00+00:00,Karachi,32.7,65,1006.1,4.1,25.9,57.6,207.0,3.2,5.7,97.0,74
2026-06-01 10:00:00+00:00,Karachi,32.1,68,1005.2,4.08,24.7,53.0,219.0,3.8,5.5,89.0,75
2026-06-01 11:00:00+00:00,Karachi,31.8,70,1004.9,4.0,23.2,47.4,236.0,4.8,5.4,78.0,75
2026-06-01 12:00:00+00:00,Karachi,32.3,66,1004.4,3.82,34.7,79.2,245.0,6.3,5.8,75.0,76
2026-06-01 13:00:00+00:00,Karachi,31.5,67,1004.4,3.66,33.3,76.1,238.0,8.1,5.9,66.0,76
2026-06-01 14:00:00+00:00,Karachi,31.0,69,1004.5,3.98,32.0,73.6,224.0,10.6,6.0,54.0,77
2026-06-01 15:00:00+00:00,Karachi,30.3,73,1004.6,3.9,31.1,69.8,212.0,12.7,6.1,44.0,78
2026-06-01 16:00:00+00:00,Karachi,30.1,75,1005.7,3.36,29.9,63.8,209.0,14.0,6.3,40.0,79
2026-06-01 17:00:00+00:00,Karachi,30.1,76,1007.0,2.15,28.9,59.3,208.0,15.0,6.4,39.0,80
2026-06-01 18:00:00+00:00,Karachi,30.2,75,1006.4,1.62,25.4,52.5,202.0,15.7,6.6,38.0,80
2026-06-01 19:00:00+00:00,Karachi,29.7,79,1005.8,2.49,25.1,51.9,183.0,16.2,6.7,36.0,81
2026-06-01 20:00:00+00:00,Karachi,29.3,81,1004.3,4.47,25.2,49.6,158.0,16.5,6.8,33.0,82
2026-06-01 21:00:00+00:00,Karachi,29.1,82,1006.4,1.75,24.8,46.7,143.0,16.2,6.9,32.0,82
2026-06-01 22:00:00+00:00,Karachi,29.3,81,1005.6,1.68,24.6,47.0,142.0,15.1,6.9,33.0,82
2026-06-01 23:00:00+00:00,Karachi,29.1,83,1005.8,1.86,24.0,46.6,150.0,13.5,6.8,35.0,83
2026-06-02 00:00:00+00:00,Karachi,29.1,82,1006.2,3.03,24.2,42.0,171.0,21.1,9.6,27.0,83
2026-06-02 01:00:00+00:00,Karachi,29.2,82,1006.7,2.75,25.6,49.5,218.0,17.9,9.4,34.0,83
2026-06-02 02:00:00+00:00,Karachi,29.9,77,1007.0,3.09,26.2,57.5,277.0,13.5,9.1,44.0,84
2026-06-02 03:00:00+00:00,Karachi,30.6,73,1007.1,3.74,27.5,62.6,311.0,9.7,8.8,55.0,84
2026-06-02 04:00:00+00:00,Karachi,31.2,70,1007.2,3.83,28.1,65.2,293.0,7.3,8.3,67.0,84
2026-06-02 05:00:00+00:00,Karachi,32.2,65,1007.2,3.5,28.9,69.2,249.0,5.7,7.7,80.0,84
2026-06-02 06:00:00+00:00,Karachi,33.0,59,1007.8,2.52,29.6,72.6,221.0,4.5,7.3,93.0,85
2026-06-02 07:00:00+00:00,Karachi,33.5,56,1007.2,2.39,31.0,75.9,225.0,3.8,7.4,106.0,85
2026-06-02 08:00:00+00:00,Karachi,34.2,55,1006.3,2.57,31.7,74.5,244.0,3.6,7.7,119.0,85
2026-06-02 09:00:00+00:00,Karachi,33.9,58,1005.4,3.38,32.2,74.0,267.0,4.0,8.1,125.0,85
2026-06-02 10:00:00+00:00,Karachi,33.1,60,1004.4,3.56,32.5,73.1,297.0,4.9,8.4,123.0,86
2026-06-02 11:00:00+00:00,Karachi,32.7,61,1004.0,3.1,32.1,71.9,332.0,6.3,8.7,115.0,86
2026-06-02 12:00:00+00:00,Karachi,31.9,67,1003.5,3.9,45.2,110.1,349.0,8.3,10.1,107.0,87
2026-06-02 13:00:00+00:00,Karachi,30.7,75,1003.5,4.2,42.4,102.7,336.0,11.1,9.6,90.0,88
2026-06-02 14:00:00+00:00,Karachi,30.2,77,1004.5,2.92,40.0,95.9,306.0,15.0,8.9,66.0,89
2026-06-02 15:00:00+00:00,Karachi,29.8,78,1004.7,3.43,38.4,91.5,279.0,17.7,8.3,49.0,89
2026-06-02 16:00:00+00:00,Karachi,29.5,80,1005.0,3.39,35.0,84.3,263.0,18.0,7.8,44.0,90
2026-06-02 17:00:00+00:00,Karachi,29.4,81,1005.1,3.17,31.2,72.2,249.0,17.1,7.5,44.0,90
2026-06-02 18:00:00+00:00,Karachi,29.0,81,1004.4,3.23,29.3,68.0,231.0,16.3,7.2,45.0,90
2026-06-02 19:00:00+00:00,Karachi,28.8,80,1005.1,2.45,28.3,65.9,200.0,16.0,7.1,43.0,91
2026-06-02 20:00:00+00:00,Karachi,28.6,80,1005.3,1.9,26.8,60.1,165.0,15.9,7.2,41.0,91
2026-06-02 21:00:00+00:00,Karachi,28.3,80,1005.1,1.26,25.5,57.7,147.0,15.7,7.3,39.0,91
2026-06-02 22:00:00+00:00,Karachi,28.1,82,1004.8,0.64,24.0,55.3,156.0,15.6,7.3,36.0,91
2026-06-02 23:00:00+00:00,Karachi,28.0,83,1004.3,1.13,22.9,51.9,183.0,15.6,7.3,32.0,91
2026-06-03 00:00:00+00:00,Karachi,27.9,81,1003.7,0.78,32.8,75.0,219.0,19.2,9.7,34.0,91
2026-06-03 01:00:00+00:00,Karachi,27.7,83,1004.0,1.12,34.3,78.7,276.0,18.1,10.8,39.0,92
2026-06-03 02:00:00+00:00,Karachi,28.4,79,1005.0,2.28,34.8,86.4,344.0,16.5,12.2,46.0,92
2026-06-03 03:00:00+00:00,Karachi,29.6,73,1004.9,1.0,33.9,91.0,380.0,14.4,12.9,56.0,93
2026-06-03 04:00:00+00:00,Karachi,30.8,68,1005.0,1.9,32.7,88.7,359.0,11.4,12.4,71.0,94
2026-06-03 05:00:00+00:00,Karachi,31.3,67,1005.0,3.25,31.8,85.0,307.0,8.0,11.1,87.0,94
2026-06-03 06:00:00+00:00,Karachi,32.3,60,1005.2,2.8,31.0,80.6,263.0,5.3,9.8,99.0,94
2026-06-03 07:00:00+00:00,Karachi,32.5,61,1004.9,3.11,29.5,75.7,241.0,3.9,8.5,102.0,94
2026-06-03 08:00:00+00:00,Karachi,32.8,63,1004.5,3.28,28.0,71.9,227.0,3.3,7.1,99.0,94
2026-06-03 09:00:00+00:00,Karachi,33.1,63,1003.7,3.64,25.9,65.2,222.0,3.3,6.1,94.0,94
2026-06-03 10:00:00+00:00,Karachi,32.7,65,1002.9,4.01,25.0,61.7,233.0,3.9,5.8,87.0,93
2026-06-03 11:00:00+00:00,Karachi,32.3,67,1002.3,4.01,24.9,61.0,253.0,5.1,5.9,78.0,93
2026-06-03 12:00:00+00:00,Karachi,32.3,62,1002.3,3.69,30.6,77.3,266.0,7.1,6.6,75.0,92
2026-06-03 13:00:00+00:00,Karachi,31.0,68,1001.9,4.18,30.3,75.0,266.0,9.6,6.8,66.0,91
2026-06-03 14:00:00+00:00,Karachi,30.2,72,1001.7,4.48,30.0,71.7,260.0,12.9,7.2,54.0,90
2026-06-03 15:00:00+00:00,Karachi,29.8,76,1001.8,3.89,30.4,72.4,249.0,15.1,7.3,46.0,89
2026-06-03 16:00:00+00:00,Karachi,29.8,77,1002.1,3.04,30.0,71.2,232.0,15.1,7.0,45.0,89
2026-06-03 17:00:00+00:00,Karachi,29.8,77,1002.9,2.7,30.2,69.4,209.0,13.9,6.6,47.0,88
2026-06-03 18:00:00+00:00,Karachi,29.9,77,1003.1,3.13,31.7,75.7,190.0,12.6,6.2,49.0,88
2026-06-03 19:00:00+00:00,Karachi,29.6,80,1002.7,3.2,33.3,83.8,175.0,11.4,6.0,51.0,88
2026-06-03 20:00:00+00:00,Karachi,29.5,80,1002.6,3.07,35.5,89.6,163.0,10.0,5.9,53.0,89
2026-06-03 21:00:00+00:00,Karachi,29.3,82,1001.8,2.92,35.0,89.4,155.0,8.9,5.9,55.0,90
2026-06-03 22:00:00+00:00,Karachi,29.2,82,1001.5,2.53,32.9,84.1,146.0,8.3,5.9,56.0,90
2026-06-03 23:00:00+00:00,Karachi,29.1,82,1001.2,2.67,30.9,78.0,141.0,7.9,5.9,56.0,91
2026-06-04 00:00:00+00:00,Karachi,29.4,82,1001.4,3.08,31.2,77.5,151.0,8.5,6.2,57.0,92
2026-06-04 01:00:00+00:00,Karachi,29.3,82,1001.9,3.17,30.9,76.8,193.0,8.6,6.2,60.0,91
2026-06-04 02:00:00+00:00,Karachi,29.8,80,1002.4,3.41,33.6,91.7,249.0,8.7,6.3,65.0,91
2026-06-04 03:00:00+00:00,Karachi,30.6,75,1002.8,3.77,33.6,90.1,283.0,8.4,6.3,71.0,91
2026-06-04 04:00:00+00:00,Karachi,31.3,71,1003.1,3.84,32.9,87.8,270.0,7.2,6.2,78.0,91
2026-06-04 05:00:00+00:00,Karachi,32.0,68,1003.4,4.25,32.7,88.2,233.0,5.7,6.0,85.0,91
2026-06-04 06:00:00+00:00,Karachi,32.7,65,1003.6,4.21,31.7,85.4,206.0,4.4,5.8,91.0,91
2026-06-04 07:00:00+00:00,Karachi,32.4,67,1003.3,4.27,30.7,83.4,202.0,3.7,5.6,94.0,91
2026-06-04 08:00:00+00:00,Karachi,32.7,66,1002.8,4.15,29.9,81.3,207.0,3.2,5.4,96.0,91
2026-06-04 09:00:00+00:00,Karachi,32.8,64,1001.8,4.39,29.3,78.2,216.0,3.3,5.2,95.0,91
2026-06-04 10:00:00+00:00,Karachi,32.4,67,1001.1,4.62,27.8,71.9,231.0,4.0,5.2,90.0,92
2026-06-04 11:00:00+00:00,Karachi,32.0,70,1000.4,4.62,27.1,69.4,251.0,5.2,5.2,82.0,92
2026-06-04 12:00:00+00:00,Karachi,31.6,71,999.7,4.67,43.0,114.8,261.0,7.3,5.6,77.0,92
2026-06-04 13:00:00+00:00,Karachi,30.6,75,999.6,4.6,40.5,102.7,254.0,9.1,5.6,69.0,93
2026-06-04 14:00:00+00:00,Karachi,30.3,76,1000.3,4.05,38.4,91.7,237.0,11.7,5.7,58.0,94
2026-06-04 15:00:00+00:00,Karachi,30.1,77,1000.7,4.08,32.9,78.9,223.0,13.7,5.8,50.0,95
2026-06-04 16:00:00+00:00,Karachi,30.0,78,1001.3,3.99,30.9,70.8,218.0,15.0,6.1,46.0,95
2026-06-04 17:00:00+00:00,Karachi,29.8,80,1001.6,3.87,30.6,69.6,215.0,15.8,6.5,44.0,95
2026-06-04 18:00:00+00:00,Karachi,29.7,82,1001.4,3.63,30.7,68.7,208.0,15.7,6.6,44.0,95
2026-06-04 19:00:00+00:00,Karachi,29.4,84,1001.2,3.4,29.7,66.1,189.0,14.1,6.3,45.0,95
2026-06-04 20:00:00+00:00,Karachi,29.2,85,1001.1,3.29,28.7,63.8,165.0,11.6,5.7,48.0,95
2026-06-04 21:00:00+00:00,Karachi,29.0,86,1000.7,3.0,27.0,60.1,149.0,9.5,5.3,51.0,94
2026-06-04 22:00:00+00:00,Karachi,28.9,86,1000.7,3.03,26.1,59.6,143.0,8.2,5.2,53.0,93
2026-06-04 23:00:00+00:00,Karachi,28.7,87,1000.5,3.29,25.7,60.1,144.0,7.2,5.3,54.0,93
2026-06-05 00:00:00+00:00,Karachi,28.9,88,1000.2,3.37,27.1,63.8,159.0,6.8,5.3,57.0,92
2026-06-05 01:00:00+00:00,Karachi,28.8,89,1000.8,3.08,28.9,72.9,201.0,7.5,5.6,59.0,92
2026-06-05 02:00:00+00:00,Karachi,29.6,84,1001.5,3.34,31.4,90.6,257.0,8.5,6.0,62.0,92
2026-06-05 03:00:00+00:00,Karachi,30.7,77,1002.2,3.44,35.7,114.1,290.0,8.7,6.3,68.0,92
2026-06-05 04:00:00+00:00,Karachi,31.8,71,1002.5,3.62,38.5,128.1,278.0,7.5,6.6,80.0,92
2026-06-05 05:00:00+00:00,Karachi,32.8,66,1002.8,3.47,39.9,132.7,244.0,5.7,6.8,95.0,92
2026-06-05 06:00:00+00:00,Karachi,33.3,64,1003.1,3.58,40.6,134.6,219.0,4.2,6.9,106.0,93
2026-06-05 07:00:00+00:00,Karachi,33.2,65,1003.2,3.94,39.3,125.7,213.0,3.5,6.7,111.0,94
2026-06-05 08:00:00+00:00,Karachi,33.2,65,1002.7,4.21,37.0,112.0,216.0,3.2,6.3,112.0,94
2026-06-05 09:00:00+00:00,Karachi,33.1,66,1002.0,4.21,34.2,100.4,225.0,3.5,6.0,110.0,95
2026-06-05 10:00:00+00:00,Karachi,32.9,66,1001.3,4.28,32.5,92.9,245.0,4.3,5.9,104.0,95
2026-06-05 11:00:00+00:00,Karachi,32.4,68,1000.9,4.08,31.2,88.0,271.0,5.6,5.9,96.0,96
2026-06-05 12:00:00+00:00,Karachi,32.2,67,1000.8,3.62,36.8,106.6,288.0,7.6,6.4,89.0,96
2026-06-05 13:00:00+00:00,Karachi,31.1,74,1000.7,3.71,33.1,90.8,287.0,9.8,6.5,79.0,95
2026-06-05 14:00:00+00:00,Karachi,30.0,78,1001.0,3.53,29.9,75.0,276.0,12.8,6.6,66.0,95
2026-06-05 15:00:00+00:00,Karachi,29.6,80,1001.1,3.52,26.2,59.5,267.0,15.3,6.7,55.0,94
2026-06-05 16:00:00+00:00,Karachi,29.8,78,1001.9,2.83,24.0,54.6,267.0,16.7,6.9,50.0,94
2026-06-05 17:00:00+00:00,Karachi,29.8,78,1002.9,2.48,23.3,49.1,269.0,17.5,7.0,47.0,93
2026-06-05 18:00:00+00:00,Karachi,29.6,80,1003.2,2.33,24.1,51.0,261.0,17.6,7.1,46.0,93
2026-06-05 19:00:00+00:00,Karachi,29.1,83,1003.0,2.42,24.4,51.2,232.0,16.6,7.0,46.0,92
2026-06-05 20:00:00+00:00,Karachi,29.0,83,1002.8,2.39,24.1,52.0,193.0,14.8,6.8,47.0,92
2026-06-05 21:00:00+00:00,Karachi,28.8,84,1002.1,2.75,23.7,55.4,164.0,13.0,6.6,48.0,91
2026-06-05 22:00:00+00:00,Karachi,28.6,85,1001.9,2.88,23.3,57.2,151.0,11.4,6.4,49.0,91
2026-06-05 23:00:00+00:00,Karachi,28.5,85,1002.1,2.95,22.8,56.7,148.0,9.7,6.2,49.0,91
2026-06-06 00:00:00+00:00,Karachi,28.7,87,1002.1,3.07,22.8,56.8,159.0,8.3,5.8,53.0,91
2026-06-06 01:00:00+00:00,Karachi,28.6,87,1002.6,3.24,24.2,64.5,196.0,8.5,5.9,56.0,90
2026-06-06 02:00:00+00:00,Karachi,29.2,82,1003.2,3.45,26.3,80.3,246.0,8.6,5.9,60.0,90
2026-06-06 03:00:00+00:00,Karachi,30.4,74,1003.8,3.3,28.8,88.5,276.0,8.3,6.0,66.0,89
2026-06-06 04:00:00+00:00,Karachi,31.5,67,1004.1,3.22,31.5,96.9,264.0,7.0,6.1,78.0,89
2026-06-06 05:00:00+00:00,Karachi,32.4,64,1004.2,3.68,30.4,89.9,232.0,5.3,6.2,91.0,88
2026-06-06 06:00:00+00:00,Karachi,33.2,61,1004.6,4.12,29.8,85.0,208.0,3.9,6.1,101.0,88
2026-06-06 07:00:00+00:00,Karachi,33.2,62,1004.4,4.37,27.9,77.1,202.0,3.3,5.8,103.0,87
2026-06-06 08:00:00+00:00,Karachi,33.3,63,1003.8,4.52,25.8,70.3,203.0,3.0,5.3,100.0,86
2026-06-06 09:00:00+00:00,Karachi,33.3,64,1003.2,4.69,24.4,65.9,210.0,3.2,5.0,96.0,85
2026-06-06 10:00:00+00:00,Karachi,32.9,66,1002.8,4.64,23.5,61.7,227.0,3.9,4.9,90.0,84
2026-06-06 11:00:00+00:00,Karachi,32.6,67,1002.5,4.5,22.8,59.5,249.0,5.0,4.9,81.0,84
2026-06-06 12:00:00+00:00,Karachi,32.0,69,1002.3,4.23,27.4,75.9,260.0,6.4,4.8,73.0,83
2026-06-06 13:00:00+00:00,Karachi,31.3,71,1002.4,4.37,28.9,80.3,251.0,7.9,4.9,67.0,82
2026-06-06 14:00:00+00:00,Karachi,30.8,72,1002.6,4.7,24.1,66.1,232.0,9.9,4.9,58.0,82
2026-06-06 15:00:00+00:00,Karachi,30.2,77,1002.7,5.07,23.1,62.4,215.0,11.3,5.0,52.0,81
2026-06-06 16:00:00+00:00,Karachi,30.0,78,1003.8,4.0,21.8,57.6,207.0,11.7,5.1,50.0,81
2026-06-06 17:00:00+00:00,Karachi,29.9,78,1004.7,3.78,18.9,51.6,201.0,11.6,5.1,50.0,81
2026-06-06 18:00:00+00:00,Karachi,29.7,80,1004.8,3.64,18.4,51.1,191.0,11.1,5.1,51.0,81
2026-06-06 19:00:00+00:00,Karachi,29.3,82,1004.5,3.37,18.6,52.3,173.0,10.2,5.0,52.0,80
2026-06-06 20:00:00+00:00,Karachi,29.2,82,1004.2,3.45,19.0,53.3,151.0,9.1,4.8,54.0,80
2026-06-06 21:00:00+00:00,Karachi,29.0,82,1003.6,3.56,19.6,54.1,136.0,8.0,4.6,56.0,79
2026-06-06 22:00:00+00:00,Karachi,28.9,83,1003.6,3.65,20.7,56.3,133.0,7.2,4.5,58.0,79
2026-06-06 23:00:00+00:00,Karachi,28.9,83,1003.6,3.91,22.3,58.8,137.0,6.5,4.6,60.0,79
2026-06-07 00:00:00+00:00,Karachi,29.0,84,1003.5,3.76,24.6,61.9,146.0,5.3,4.2,66.0,79
2026-06-07 01:00:00+00:00,Karachi,28.9,84,1003.9,3.7,26.3,64.0,164.0,5.5,4.4,69.0,79
2026-06-07 02:00:00+00:00,Karachi,29.6,80,1004.3,4.2,30.6,78.5,187.0,5.7,4.7,73.0,79
2026-06-07 03:00:00+00:00,Karachi,30.9,72,1004.6,4.41,33.1,84.8,200.0,5.6,5.0,78.0,79
2026-06-07 04:00:00+00:00,Karachi,32.0,66,1005.0,4.41,33.8,86.1,194.0,4.7,5.1,86.0,80
2026-06-07 05:00:00+00:00,Karachi,33.0,61,1005.0,4.31,33.5,85.9,179.0,3.5,5.2,95.0,80
2026-06-07 06:00:00+00:00,Karachi,33.8,59,1005.3,4.31,32.7,86.8,167.0,2.6,5.2,101.0,80
2026-06-07 07:00:00+00:00,Karachi,33.9,59,1004.9,4.52,31.7,87.3,164.0,2.2,5.1,101.0,80
2026-06-07 08:00:00+00:00,Karachi,33.8,60,1004.5,4.59,30.7,88.9,166.0,2.2,4.9,97.0,81
2026-06-07 09:00:00+00:00,Karachi,33.8,61,1003.9,4.48,30.0,90.1,170.0,2.4,4.7,93.0,81
2026-06-07 10:00:00+00:00,Karachi,33.4,64,1003.2,4.67,29.2,88.7,179.0,2.9,4.6,88.0,81
2026-06-07 11:00:00+00:00,Karachi,32.8,67,1002.8,4.65,28.8,89.6,191.0,3.6,4.6,83.0,82
2026-06-07 12:00:00+00:00,Karachi,32.3,68,1002.6,4.59,33.8,110.6,198.0,4.6,4.6,79.0,82
2026-06-07 13:00:00+00:00,Karachi,31.1,74,1002.8,4.57,31.3,99.7,195.0,5.8,4.7,73.0,83
2026-06-07 14:00:00+00:00,Karachi,30.2,80,1003.0,4.56,28.5,83.8,187.0,7.6,4.8,64.0,83
2026-06-07 15:00:00+00:00,Karachi,30.0,80,1003.3,5.02,24.9,69.8,179.0,8.9,4.9,58.0,83
2026-06-07 16:00:00+00:00,Karachi,30.0,80,1004.1,4.61,22.9,60.3,173.0,9.5,5.1,57.0,84
2026-06-07 17:00:00+00:00,Karachi,30.0,79,1004.5,4.07,24.7,61.9,168.0,9.8,5.3,57.0,84
2026-06-07 18:00:00+00:00,Karachi,29.8,82,1004.2,4.0,26.7,64.5,161.0,9.6,5.3,59.0,84
2026-06-07 19:00:00+00:00,Karachi,29.6,83,1004.1,3.47,27.9,66.4,150.0,8.8,5.1,61.0,85
2026-06-07 20:00:00+00:00,Karachi,29.3,84,1003.6,3.62,28.1,66.8,138.0,7.6,4.8,63.0,85
2026-06-07 21:00:00+00:00,Karachi,29.4,82,1003.0,3.86,26.7,64.7,129.0,6.5,4.5,65.0,86
2026-06-07 22:00:00+00:00,Karachi,29.3,83,1002.4,4.18,24.6,60.5,121.0,5.5,4.2,66.0,87
2026-06-07 23:00:00+00:00,Karachi,29.1,84,1002.3,4.17,22.8,57.6,117.0,4.7,4.0,67.0,87
2026-06-08 00:00:00+00:00,Karachi,29.2,85,1002.0,4.12,21.7,55.2,127.0,4.3,3.8,70.0,87
2026-06-08 01:00:00+00:00,Karachi,29.2,85,1002.5,3.91,21.5,54.5,166.0,5.4,4.2,70.0,87
2026-06-08 02:00:00+00:00,Karachi,30.0,79,1003.0,3.8,25.1,68.0,219.0,6.9,4.8,70.0,86
2026-06-08 03:00:00+00:00,Karachi,31.0,72,1003.6,4.26,28.8,79.6,252.0,7.6,5.3,74.0,86
2026-06-08 04:00:00+00:00,Karachi,32.1,66,1003.7,3.96,31.0,87.8,246.0,6.8,5.6,84.0,86
2026-06-08 05:00:00+00:00,Karachi,32.9,65,1003.5,4.23,32.8,92.0,221.0,5.2,5.8,97.0,86
2026-06-08 06:00:00+00:00,Karachi,33.5,64,1003.6,4.7,34.7,98.0,201.0,4.0,5.8,106.0,85
2026-06-08 07:00:00+00:00,Karachi,33.9,62,1003.3,4.86,35.4,100.8,195.0,3.5,5.5,108.0,86
2026-06-08 08:00:00+00:00,Karachi,34.1,62,1002.6,5.0,35.2,100.4,195.0,3.3,5.1,105.0,86
2026-06-08 09:00:00+00:00,Karachi,34.0,64,1001.8,5.02,33.9,95.9,199.0,3.5,4.7,100.0,86
2026-06-08 10:00:00+00:00,Karachi,33.5,67,1001.6,4.92,30.5,82.4,210.0,4.2,4.6,93.0,87
2026-06-08 11:00:00+00:00,Karachi,32.9,70,1001.3,5.05,26.9,68.5,227.0,5.3,4.5,84.0,87
2026-06-08 12:00:00+00:00,Karachi,32.2,73,1000.7,5.48,30.4,82.0,239.0,6.6,4.5,76.0,87
2026-06-08 13:00:00+00:00,Karachi,31.0,78,1000.4,5.41,27.9,70.1,245.0,8.2,4.7,70.0,86
2026-06-08 14:00:00+00:00,Karachi,30.6,80,1001.3,4.28,24.3,59.0,247.0,10.6,4.9,61.0,86
2026-06-08 15:00:00+00:00,Karachi,30.3,82,1001.5,3.76,21.4,50.1,245.0,12.5,5.2,54.0,86
2026-06-08 16:00:00+00:00,Karachi,30.2,83,1002.1,3.85,21.0,46.4,240.0,14.0,5.6,50.0,85
2026-06-08 17:00:00+00:00,Karachi,29.9,85,1002.6,3.46,21.5,45.5,231.0,15.2,6.1,48.0,85
2026-06-08 18:00:00+00:00,Karachi,29.9,87,1002.6,3.64,22.1,45.4,216.0,15.2,6.3,47.0,85
2026-06-08 19:00:00+00:00,Karachi,29.7,88,1002.2,3.78,21.9,44.4,190.0,13.3,5.9,48.0,85
2026-06-08 20:00:00+00:00,Karachi,29.6,88,1001.6,3.89,20.5,41.7,159.0,10.2,5.1,51.0,84
2026-06-08 21:00:00+00:00,Karachi,29.4,90,1001.1,4.08,18.8,38.0,137.0,7.6,4.5,54.0,84
2026-06-08 22:00:00+00:00,Karachi,29.2,91,1001.0,4.12,17.2,33.9,127.0,6.1,4.1,55.0,83
2026-06-08 23:00:00+00:00,Karachi,29.2,91,1000.8,3.94,15.9,31.3,126.0,5.0,3.9,57.0,82
2026-06-09 00:00:00+00:00,Karachi,29.2,91,1001.1,4.44,15.2,29.9,136.0,4.4,3.7,59.0,82
2026-06-09 01:00:00+00:00,Karachi,29.3,90,1001.4,4.55,14.6,28.2,169.0,5.6,4.1,57.0,81
2026-06-09 02:00:00+00:00,Karachi,30.0,85,1001.7,5.3,15.2,29.0,215.0,7.3,4.7,55.0,81
2026-06-09 03:00:00+00:00,Karachi,31.1,77,1002.0,5.67,17.7,32.9,242.0,8.1,5.1,56.0,80
2026-06-09 04:00:00+00:00,Karachi,32.0,73,1002.0,5.49,19.4,36.8,233.0,7.2,5.2,64.0,79
2026-06-09 05:00:00+00:00,Karachi,32.9,69,1002.1,5.34,20.5,41.0,206.0,5.4,5.1,75.0,78
2026-06-09 06:00:00+00:00,Karachi,33.5,65,1002.5,5.65,21.9,46.8,186.0,4.0,5.0,83.0,77
2026-06-09 07:00:00+00:00,Karachi,33.5,66,1002.0,6.05,22.3,51.7,182.0,3.4,4.8,86.0,76
2026-06-09 08:00:00+00:00,Karachi,33.8,64,1001.4,5.81,22.6,54.8,186.0,3.2,4.6,87.0,75
2026-06-09 09:00:00+00:00,Karachi,34.0,65,1000.6,5.58,23.1,57.5,195.0,3.4,4.4,85.0,74
2026-06-09 10:00:00+00:00,Karachi,33.6,66,1000.1,5.28,23.3,57.9,216.0,4.1,4.4,80.0,73
2026-06-09 11:00:00+00:00,Karachi,33.0,71,999.7,5.0,22.6,55.8,242.0,5.3,4.5,73.0,73
2026-06-09 12:00:00+00:00,Karachi,32.5,72,999.9,4.81,27.2,74.5,259.0,6.4,4.4,66.0,72
2026-06-09 13:00:00+00:00,Karachi,31.4,78,1000.0,4.44,26.1,67.1,257.0,8.3,4.6,60.0,72
2026-06-09 14:00:00+00:00,Karachi,30.6,83,1000.3,4.47,23.4,57.4,245.0,10.9,5.0,53.0,72
2026-06-09 15:00:00+00:00,Karachi,30.2,85,1000.7,4.72,20.8,48.4,233.0,12.7,5.2,47.0,72
2026-06-09 16:00:00+00:00,Karachi,29.9,87,1001.0,4.6,19.6,42.1,228.0,13.3,5.3,45.0,72
2026-06-09 17:00:00+00:00,Karachi,29.7,87,1001.7,4.03,19.2,39.7,224.0,13.1,5.4,45.0,72
2026-06-09 18:00:00+00:00,Karachi,29.7,88,1001.8,4.15,18.6,38.1,213.0,12.3,5.3,46.0,72
2026-06-09 19:00:00+00:00,Karachi,29.4,90,1001.6,3.9,17.9,36.7,189.0,10.7,5.0,47.0,71
2026-06-09 20:00:00+00:00,Karachi,29.2,90,1001.3,3.69,17.1,34.8,159.0,8.6,4.5,49.0,71
2026-06-09 21:00:00+00:00,Karachi,29.1,90,1000.6,3.92,16.5,33.5,136.0,6.8,4.1,51.0,71
2026-06-09 22:00:00+00:00,Karachi,29.2,87,1000.7,4.34,15.9,32.2,123.0,5.7,3.9,52.0,71
2026-06-09 23:00:00+00:00,Karachi,29.1,88,1000.7,4.68,15.4,31.5,117.0,5.0,3.9,52.0,70
2026-06-10 00:00:00+00:00,Karachi,29.3,90,1000.8,5.33,15.2,32.0,125.0,4.5,3.6,54.0,70
2026-06-10 01:00:00+00:00,Karachi,29.4,89,1001.2,5.71,15.0,30.0,162.0,5.8,4.0,53.0,70
2026-06-10 02:00:00+00:00,Karachi,30.0,85,1001.8,5.91,15.6,29.9,213.0,7.6,4.4,52.0,70
2026-06-10 03:00:00+00:00,Karachi,31.0,79,1002.2,6.07,17.3,35.3,244.0,8.4,4.8,54.0,71
2026-06-10 04:00:00+00:00,Karachi,32.1,72,1002.3,6.31,21.0,44.8,232.0,7.4,4.9,63.0,70
2026-06-10 05:00:00+00:00,Karachi,33.0,67,1002.5,6.37,22.3,52.2,200.0,5.5,4.9,75.0,71
2026-06-10 06:00:00+00:00,Karachi,33.8,65,1002.5,5.83,23.6,59.8,177.0,4.0,4.8,84.0,71
2026-06-10 07:00:00+00:00,Karachi,34.1,64,1002.0,5.85,24.9,67.3,174.0,3.5,4.7,89.0,71
2026-06-10 08:00:00+00:00,Karachi,34.1,66,1001.4,5.76,25.9,72.9,180.0,3.4,4.6,91.0,71
2026-06-10 09:00:00+00:00,Karachi,34.0,67,1000.6,5.63,26.4,74.7,193.0,3.9,4.6,90.0,71
2026-06-10 10:00:00+00:00,Karachi,33.8,67,1000.0,5.23,27.0,76.6,218.0,4.9,4.6,86.0,72
2026-06-10 11:00:00+00:00,Karachi,33.4,69,999.5,4.67,26.4,72.9,251.0,6.4,4.7,79.0,72
2026-06-10 12:00:00+00:00,Karachi,32.9,71,999.4,4.39,32.5,92.0,277.0,8.9,5.1,73.0,72
2026-06-10 13:00:00+00:00,Karachi,31.8,75,999.4,4.05,29.1,73.1,294.0,13.0,5.5,63.0,73
2026-06-10 14:00:00+00:00,Karachi,31.0,79,999.4,3.22,24.2,54.4,305.0,18.6,6.0,49.0,73
2026-06-10 15:00:00+00:00,Karachi,30.5,83,1000.0,2.44,20.7,42.4,305.0,21.6,6.2,40.0,73
2026-06-10 16:00:00+00:00,Karachi,30.3,84,1000.6,2.02,19.2,40.5,292.0,19.7,5.9,40.0,73
2026-06-10 17:00:00+00:00,Karachi,30.1,85,1001.0,2.79,18.8,40.9,268.0,15.3,5.3,45.0,73
2026-06-10 18:00:00+00:00,Karachi,29.9,85,1001.3,3.08,18.6,42.7,240.0,11.4,4.7,50.0,73
2026-06-10 19:00:00+00:00,Karachi,29.7,86,1001.0,3.44,18.8,45.2,204.0,9.0,4.3,52.0,73
2026-06-10 20:00:00+00:00,Karachi,29.6,85,1000.6,3.81,18.9,46.6,164.0,7.1,3.9,54.0,73
2026-06-10 21:00:00+00:00,Karachi,29.5,86,1000.1,3.83,19.1,47.7,134.0,5.7,3.7,56.0,73
2026-06-10 22:00:00+00:00,Karachi,29.3,88,999.9,3.74,19.5,48.8,117.0,4.7,3.6,57.0,73
2026-06-10 23:00:00+00:00,Karachi,29.2,90,1000.0,4.0,20.0,49.5,111.0,4.3,3.6,58.0,74
2026-06-11 00:00:00+00:00,Karachi,29.2,91,999.4,4.27,20.8,50.9,127.0,4.9,3.8,57.0,74
2026-06-11 01:00:00+00:00,Karachi,29.3,90,1000.1,4.35,21.9,51.8,187.0,7.3,4.4,57.0,74
2026-06-11 02:00:00+00:00,Karachi,30.0,87,1000.3,3.6,24.8,60.3,268.0,10.4,5.2,57.0,75
2026-06-11 03:00:00+00:00,Karachi,31.6,78,1000.9,4.18,30.3,69.2,318.0,12.2,6.0,63.0,76
2026-06-11 04:00:00+00:00,Karachi,33.1,71,1001.2,4.06,36.6,94.3,304.0,11.3,6.7,80.0,77
2026-06-11 05:00:00+00:00,Karachi,34.7,63,1001.3,4.05,47.1,148.1,258.0,9.0,7.3,104.0,78
2026-06-11 06:00:00+00:00,Karachi,35.4,57,1001.5,4.65,58.1,200.7,224.0,7.1,7.6,121.0,80
2026-06-11 07:00:00+00:00,Karachi,36.3,53,1000.8,4.48,66.4,237.5,219.0,6.2,7.2,129.0,83
2026-06-11 08:00:00+00:00,Karachi,36.9,50,1000.3,4.93,68.7,238.4,226.0,5.8,6.5,131.0,86
2026-06-11 09:00:00+00:00,Karachi,36.8,50,999.6,5.0,68.2,232.4,239.0,6.1,5.9,127.0,89
2026-06-11 10:00:00+00:00,Karachi,36.3,51,999.2,4.84,65.7,221.2,263.0,7.2,5.5,116.0,92
2026-06-11 11:00:00+00:00,Karachi,35.4,56,998.8,4.37,56.0,182.5,293.0,9.0,5.2,99.0,95
2026-06-11 12:00:00+00:00,Karachi,34.2,63,998.4,4.47,45.2,146.7,314.0,11.7,5.1,84.0,98
2026-06-11 13:00:00+00:00,Karachi,32.6,71,998.2,3.9,34.5,109.2,320.0,13.9,5.1,74.0,99
2026-06-11 14:00:00+00:00,Karachi,31.8,72,999.0,1.92,26.7,72.4,316.0,16.8,5.1,60.0,99
2026-06-11 15:00:00+00:00,Karachi,31.2,75,999.3,2.9,20.7,58.1,301.0,18.2,5.1,50.0,99
2026-06-11 16:00:00+00:00,Karachi,31.0,74,999.7,3.78,18.6,49.7,271.0,16.6,5.0,48.0,99
2026-06-11 17:00:00+00:00,Karachi,30.5,79,1000.4,3.21,18.0,44.6,230.0,13.5,4.9,50.0,99
2026-06-11 18:00:00+00:00,Karachi,30.3,81,1000.3,3.36,16.9,40.4,193.0,10.6,4.7,52.0,99
2026-06-11 19:00:00+00:00,Karachi,29.8,83,999.9,3.65,16.4,39.5,163.0,8.4,4.3,53.0,99
2026-06-11 20:00:00+00:00,Karachi,29.5,86,999.7,4.4,16.1,40.0,137.0,6.5,3.9,55.0,99
2026-06-11 21:00:00+00:00,Karachi,29.4,86,999.4,4.75,16.4,42.8,120.0,5.1,3.6,56.0,99
2026-06-11 22:00:00+00:00,Karachi,29.2,87,999.6,5.07,16.8,44.9,112.0,4.4,3.5,56.0,99
2026-06-11 23:00:00+00:00,Karachi,29.2,86,999.5,5.11,17.3,47.3,112.0,4.3,3.6,56.0,98
2026-06-12 00:00:00+00:00,Karachi,29.3,86,999.7,4.94,17.2,48.5,127.0,4.4,3.6,56.0,98
2026-06-12 01:00:00+00:00,Karachi,29.0,89,1000.5,4.63,18.2,49.5,170.0,6.0,4.1,55.0,98
2026-06-12 02:00:00+00:00,Karachi,29.8,85,1001.2,4.74,20.0,53.7,228.0,8.2,4.8,54.0,98
2026-06-12 03:00:00+00:00,Karachi,30.8,79,1001.9,5.07,22.5,61.9,263.0,9.3,5.3,57.0,97
2026-06-12 04:00:00+00:00,Karachi,31.8,74,1002.4,4.92,28.1,77.5,253.0,8.3,5.4,67.0,97
2026-06-12 05:00:00+00:00,Karachi,32.5,71,1002.7,5.02,31.5,94.1,221.0,6.1,5.3,82.0,96
2026-06-12 06:00:00+00:00,Karachi,33.5,66,1002.8,5.21,34.2,107.8,197.0,4.5,5.2,92.0,95
2026-06-12 07:00:00+00:00,Karachi,33.9,64,1002.8,5.21,35.4,114.6,190.0,3.9,5.1,96.0,93
2026-06-12 08:00:00+00:00,Karachi,34.2,62,1002.4,5.44,35.2,114.1,192.0,3.8,4.9,96.0,90
2026-06-12 09:00:00+00:00,Karachi,33.8,66,1002.0,5.52,33.2,102.2,201.0,4.1,4.8,93.0,88
2026-06-12 10:00:00+00:00,Karachi,33.7,66,1001.6,5.12,31.0,91.7,225.0,5.0,4.7,87.0,85
2026-06-12 11:00:00+00:00,Karachi,33.0,70,1001.2,4.98,28.5,80.1,256.0,6.3,4.7,78.0,82
2026-06-12 12:00:00+00:00,Karachi,31.9,76,1000.5,5.34,27.0,73.1,278.0,7.8,4.8,70.0,80
2026-06-12 13:00:00+00:00,Karachi,30.9,82,1000.3,4.94,24.1,58.3,284.0,10.0,4.9,62.0,79
2026-06-12 14:00:00+00:00,Karachi,30.2,86,1000.9,3.59,19.6,43.9,280.0,12.9,5.0,52.0,78
2026-06-12 15:00:00+00:00,Karachi,30.0,84,1001.4,4.36,17.1,36.6,267.0,14.5,5.0,44.0,77
2026-06-12 16:00:00+00:00,Karachi,30.1,83,1002.3,4.24,16.9,39.3,240.0,13.8,4.9,43.0,77
2026-06-12 17:00:00+00:00,Karachi,30.0,83,1003.1,4.2,17.0,39.6,203.0,11.9,4.7,44.0,77
2026-06-12 18:00:00+00:00,Karachi,30.0,79,1002.9,4.82,17.2,41.3,171.0,9.9,4.5,46.0,77
2026-06-12 19:00:00+00:00,Karachi,29.9,80,1003.0,4.3,17.2,43.3,148.0,8.2,4.2,47.0,77
2026-06-12 20:00:00+00:00,Karachi,29.7,81,1002.6,4.83,17.0,43.3,130.0,6.5,3.9,48.0,77
2026-06-12 21:00:00+00:00,Karachi,29.4,81,1002.5,4.91,16.7,42.8,118.0,5.1,3.6,49.0,77
2026-06-12 22:00:00+00:00,Karachi,29.4,81,1002.5,5.07,16.5,43.5,112.0,4.2,3.4,49.0,77
2026-06-12 23:00:00+00:00,Karachi,29.1,83,1002.4,4.93,16.2,43.2,112.0,3.7,3.4,49.0,77
2026-06-13 00:00:00+00:00,Karachi,29.3,80,1002.5,5.2,17.1,47.4,124.0,3.8,3.3,51.0,77
2026-06-13 01:00:00+00:00,Karachi,29.4,79,1003.2,5.12,17.3,48.1,158.0,4.8,3.6,50.0,77
2026-06-13 02:00:00+00:00,Karachi,30.0,76,1004.1,5.49,20.4,59.0,204.0,6.2,4.0,50.0,77
2026-06-13 03:00:00+00:00,Karachi,30.8,72,1004.7,5.65,23.5,69.4,231.0,6.8,4.3,52.0,77
2026-06-13 04:00:00+00:00,Karachi,31.7,66,1005.1,5.77,25.5,78.2,221.0,6.0,4.3,59.0,77
2026-06-13 05:00:00+00:00,Karachi,32.5,61,1005.5,5.84,27.0,86.8,192.0,4.6,4.2,68.0,77
2026-06-13 06:00:00+00:00,Karachi,32.8,58,1006.3,5.49,28.0,92.4,171.0,3.4,4.1,75.0,76
2026-06-13 07:00:00+00:00,Karachi,33.1,57,1006.0,5.09,28.2,94.5,167.0,2.9,4.1,78.0,76
2026-06-13 08:00:00+00:00,Karachi,33.2,58,1005.5,5.02,27.0,87.3,171.0,2.7,4.0,79.0,75
2026-06-13 09:00:00+00:00,Karachi,33.4,59,1004.9,5.2,25.3,79.2,179.0,2.9,4.0,77.0,75
2026-06-13 10:00:00+00:00,Karachi,33.0,61,1004.2,5.19,23.9,70.8,193.0,3.5,4.0,73.0,74
2026-06-13 11:00:00+00:00,Karachi,32.5,64,1003.6,5.19,22.1,64.5,210.0,4.4,4.0,66.0,73
2026-06-13 12:00:00+00:00,Karachi,32.4,65,1003.6,5.07,23.3,65.7,221.0,5.8,4.2,63.0,73
2026-06-13 13:00:00+00:00,Karachi,31.1,70,1003.2,5.44,23.1,63.6,219.0,7.5,4.3,58.0,73
2026-06-13 14:00:00+00:00,Karachi,30.2,74,1003.3,5.55,22.8,61.7,210.0,9.9,4.5,51.0,73
2026-06-13 15:00:00+00:00,Karachi,30.1,74,1004.3,4.63,22.8,57.3,199.0,11.5,4.6,46.0,73
2026-06-13 16:00:00+00:00,Karachi,30.0,75,1005.1,4.54,21.9,52.9,186.0,11.6,4.7,45.0,73
2026-06-13 17:00:00+00:00,Karachi,29.8,76,1005.3,4.29,20.8,50.9,169.0,11.0,4.7,45.0,74
2026-06-13 18:00:00+00:00,Karachi,29.8,78,1005.4,4.38,21.4,52.4,154.0,10.1,4.6,46.0,74
2026-06-13 19:00:00+00:00,Karachi,29.5,78,1005.1,4.67,19.1,44.6,139.0,9.0,4.4,47.0,74
2026-06-13 20:00:00+00:00,Karachi,29.4,77,1004.9,4.84,18.2,41.3,124.0,7.6,4.2,47.0,74
2026-06-13 21:00:00+00:00,Karachi,29.3,77,1004.7,4.68,13.1,30.5,114.0,6.4,4.0,48.0,75
2026-06-13 22:00:00+00:00,Karachi,29.1,78,1004.6,4.41,11.4,26.3,111.0,5.6,3.9,48.0,74
2026-06-13 23:00:00+00:00,Karachi,28.9,80,1004.4,4.59,10.6,24.0,113.0,5.0,3.9,48.0,74
2026-06-14 00:00:00+00:00,Karachi,29.3,78,1004.6,4.56,10.4,22.4,120.0,4.6,3.8,52.0,73
2026-06-14 01:00:00+00:00,Karachi,29.3,77,1005.2,4.67,10.3,22.4,139.0,4.9,4.1,52.0,73
2026-06-14 02:00:00+00:00,Karachi,29.9,72,1005.4,5.21,11.2,25.2,163.0,5.2,4.4,53.0,72
2026-06-14 03:00:00+00:00,Karachi,30.3,69,1006.0,5.75,13.5,30.9,177.0,5.2,4.6,55.0,72
2026-06-14 04:00:00+00:00,Karachi,31.0,65,1006.4,5.9,14.1,34.1,171.0,4.4,4.5,60.0,71
2026-06-14 05:00:00+00:00,Karachi,31.8,62,1006.5,5.76,14.5,36.1,155.0,3.2,4.3,67.0,70
2026-06-14 06:00:00+00:00,Karachi,32.7,58,1006.7,5.88,14.4,36.7,143.0,2.3,4.1,72.0,69
2026-06-14 07:00:00+00:00,Karachi,32.7,56,1006.4,5.7,13.9,36.4,141.0,2.0,4.0,72.0,68
2026-06-14 08:00:00+00:00,Karachi,32.9,58,1005.6,6.04,13.3,35.3,143.0,2.0,3.9,71.0,67
2026-06-14 09:00:00+00:00,Karachi,32.2,61,1005.3,6.1,13.1,35.2,147.0,2.2,3.8,68.0,66
2026-06-14 10:00:00+00:00,Karachi,32.2,61,1004.5,6.13,13.2,35.5,155.0,2.5,3.8,65.0,65
2026-06-14 11:00:00+00:00,Karachi,32.1,61,1004.0,5.87,13.6,36.3,164.0,3.1,3.8,61.0,64
2026-06-14 12:00:00+00:00,Karachi,31.6,64,1003.8,5.84,18.9,57.9,169.0,3.7,3.4,58.0,63
2026-06-14 13:00:00+00:00,Karachi,31.1,65,1003.6,5.77,19.3,54.7,165.0,5.0,3.7,54.0,63
2026-06-14 14:00:00+00:00,Karachi,30.1,71,1003.3,5.93,19.9,52.9,157.0,6.7,4.0,49.0,63
2026-06-14 15:00:00+00:00,Karachi,29.5,74,1003.8,5.9,21.2,51.2,150.0,7.8,4.3,46.0,62
2026-06-14 16:00:00+00:00,Karachi,29.5,75,1004.3,6.02,21.0,48.9,147.0,7.7,4.3,46.0,62
2026-06-14 17:00:00+00:00,Karachi,29.2,77,1004.8,5.34,19.6,44.9,145.0,6.9,4.2,47.0,62
2026-06-14 18:00:00+00:00,Karachi,29.1,77,1004.5,5.07,18.2,42.3,141.0,6.1,4.1,48.0,62
2026-06-14 19:00:00+00:00,Karachi,28.9,78,1003.7,5.17,14.1,35.2,131.0,5.3,3.9,49.0,62
2026-06-14 20:00:00+00:00,Karachi,28.8,78,1003.5,4.85,14.0,34.8,118.0,4.4,3.6,50.0,61
2026-06-14 21:00:00+00:00,Karachi,28.8,77,1003.1,5.04,12.7,30.9,110.0,3.8,3.4,51.0,61
2026-06-14 22:00:00+00:00,Karachi,28.8,77,1003.1,5.45,12.7,31.3,105.0,3.4,3.3,51.0,61
2026-06-14 23:00:00+00:00,Karachi,28.7,77,1003.2,5.17,13.0,31.7,104.0,3.3,3.4,51.0,61
2026-06-15 00:00:00+00:00,Karachi,28.9,80,1002.9,4.95,12.6,31.2,115.0,3.5,3.4,53.0,61
2026-06-15 01:00:00+00:00,Karachi,28.8,81,1003.6,4.72,12.5,29.6,150.0,4.7,3.9,53.0,62
2026-06-15 02:00:00+00:00,Karachi,29.4,77,1003.9,5.47,14.6,33.9,196.0,6.3,4.5,52.0,62
2026-06-15 03:00:00+00:00,Karachi,30.2,72,1004.5,5.72,15.9,36.3,224.0,7.1,4.9,54.0,62
2026-06-15 04:00:00+00:00,Karachi,30.9,68,1004.8,6.13,15.2,35.0,216.0,6.2,4.9,60.0,62
2026-06-15 05:00:00+00:00,Karachi,31.6,65,1004.9,6.07,15.9,38.0,191.0,4.4,4.6,67.0,62
2026-06-15 06:00:00+00:00,Karachi,32.3,60,1005.0,5.81,17.5,43.4,172.0,3.1,4.4,73.0,62
2026-06-15 07:00:00+00:00,Karachi,31.9,63,1005.0,5.57,13.6,31.3,168.0,2.6,4.2,75.0,63
2026-06-15 08:00:00+00:00,Karachi,32.5,61,1004.6,5.51,13.2,30.3,171.0,2.6,4.1,74.0,63
2026-06-15 09:00:00+00:00,Karachi,32.4,60,1004.1,5.61,13.3,30.3,177.0,2.9,4.0,72.0,63
2026-06-15 10:00:00+00:00,Karachi,32.0,65,1003.3,5.91,13.5,30.5,189.0,3.7,4.0,68.0,63
2026-06-15 11:00:00+00:00,Karachi,31.5,69,1002.9,5.98,13.2,29.3,206.0,5.0,4.1,61.0,63
2026-06-15 12:00:00+00:00,Karachi,31.7,65,1002.4,5.81,16.6,36.3,215.0,7.0,4.0,53.0,63
2026-06-15 13:00:00+00:00,Karachi,31.0,69,1002.6,5.53,18.6,40.4,211.0,8.4,4.3,50.0,62
2026-06-15 14:00:00+00:00,Karachi,30.4,72,1002.8,5.38,18.1,37.7,201.0,10.3,4.7,46.0,62
2026-06-15 15:00:00+00:00,Karachi,30.1,74,1003.2,5.15,16.3,34.2,192.0,11.4,5.0,43.0,62
2026-06-15 16:00:00+00:00,Karachi,30.1,74,1003.7,4.87,14.6,30.6,189.0,11.1,5.1,43.0,62
2026-06-15 17:00:00+00:00,Karachi,29.9,76,1004.3,4.46,14.6,32.1,187.0,10.0,5.0,43.0,61
2026-06-15 18:00:00+00:00,Karachi,29.7,78,1004.0,4.27,14.4,32.9,180.0,9.0,4.9,44.0,61
2026-06-15 19:00:00+00:00,Karachi,29.4,80,1003.7,4.09,13.8,31.3,160.0,8.3,4.8,44.0,61
2026-06-15 20:00:00+00:00,Karachi,29.0,82,1003.4,4.0,13.8,31.2,136.0,7.8,4.6,43.0,61
2026-06-15 21:00:00+00:00,Karachi,28.8,84,1003.0,3.64,15.7,37.0,119.0,7.3,4.6,43.0,61
2026-06-15 22:00:00+00:00,Karachi,28.7,84,1002.8,3.51,14.1,31.7,113.0,6.9,4.7,43.0,61
2026-06-15 23:00:00+00:00,Karachi,28.5,85,1002.8,3.51,13.5,30.7,116.0,6.5,4.9,44.0,61
2026-06-16 00:00:00+00:00,Karachi,28.6,86,1002.7,3.24,12.1,27.9,134.0,6.0,5.0,47.0,61
2026-06-16 01:00:00+00:00,Karachi,28.6,86,1003.7,2.85,12.7,28.9,186.0,6.6,5.2,48.0,61
2026-06-16 02:00:00+00:00,Karachi,29.2,83,1004.2,3.15,14.8,36.9,254.0,7.5,5.5,50.0,61
2026-06-16 03:00:00+00:00,Karachi,30.3,76,1004.4,3.74,17.5,44.8,293.0,7.8,5.7,53.0,61
2026-06-16 04:00:00+00:00,Karachi,31.1,71,1004.8,4.57,18.9,49.8,275.0,7.1,5.6,57.0,61
2026-06-16 05:00:00+00:00,Karachi,31.3,72,1005.2,5.32,19.8,51.7,227.0,5.9,5.3,62.0,61
2026-06-16 06:00:00+00:00,Karachi,31.2,71,1005.2,5.25,20.3,54.2,191.0,4.8,5.0,67.0,62
2026-06-16 07:00:00+00:00,Karachi,31.7,69,1005.1,4.94,20.5,56.0,181.0,4.0,4.8,71.0,62
2026-06-16 08:00:00+00:00,Karachi,32.5,64,1004.8,4.85,21.0,58.2,183.0,3.4,4.7,75.0,62
2026-06-16 09:00:00+00:00,Karachi,32.5,64,1004.2,4.78,21.1,57.3,191.0,3.3,4.6,77.0,63
2026-06-16 10:00:00+00:00,Karachi,32.8,61,1003.6,4.7,21.0,54.9,208.0,3.7,4.6,75.0,64
2026-06-16 11:00:00+00:00,Karachi,32.6,61,1003.2,4.69,20.8,54.0,230.0,4.6,4.7,71.0,64
2026-06-16 12:00:00+00:00,Karachi,32.1,63,1002.5,4.5,28.8,79.4,244.0,5.7,4.7,70.0,65
2026-06-16 13:00:00+00:00,Karachi,31.0,68,1002.6,4.58,28.1,74.3,241.0,8.1,5.0,63.0,66
2026-06-16 14:00:00+00:00,Karachi,30.6,69,1003.1,4.45,27.1,69.4,229.0,11.5,5.4,53.0,67
2026-06-16 15:00:00+00:00,Karachi,30.4,71,1004.1,3.9,26.7,62.6,217.0,14.0,5.8,46.0,67
2026-06-16 16:00:00+00:00,Karachi,30.3,72,1004.6,3.82,26.0,58.9,208.0,15.1,6.2,42.0,68
2026-06-16 17:00:00+00:00,Karachi,30.0,74,1005.1,3.75,25.4,58.2,198.0,15.3,6.5,41.0,69
2026-06-16 18:00:00+00:00,Karachi,29.9,75,1005.1,3.49,24.7,57.6,186.0,14.6,6.5,41.0,70
2026-06-16 19:00:00+00:00,Karachi,29.6,77,1004.7,4.06,23.5,55.1,167.0,12.2,5.9,43.0,71
2026-06-16 20:00:00+00:00,Karachi,29.4,79,1004.2,4.64,21.7,52.6,146.0,8.9,5.1,46.0,71
2026-06-16 21:00:00+00:00,Karachi,29.3,80,1003.9,4.79,22.2,56.2,131.0,6.5,4.5,48.0,72
2026-06-16 22:00:00+00:00,Karachi,29.1,81,1004.6,3.51,20.4,50.6,121.0,5.9,4.5,47.0,73
2026-06-16 23:00:00+00:00,Karachi,29.1,80,1004.6,3.26,22.3,55.8,117.0,6.1,4.9,46.0,73
2026-06-17 00:00:00+00:00,Karachi,29.4,80,1004.6,3.16,21.6,55.6,129.0,6.7,5.4,47.0,74
2026-06-17 01:00:00+00:00,Karachi,29.2,80,1005.0,3.18,22.7,58.0,174.0,7.4,5.4,47.0,74
2026-06-17 02:00:00+00:00,Karachi,29.5,78,1005.4,3.78,21.2,55.6,235.0,8.2,5.5,48.0,75
2026-06-17 03:00:00+00:00,Karachi,30.3,73,1005.8,4.16,20.7,54.6,271.0,8.4,5.5,51.0,76
2026-06-17 04:00:00+00:00,Karachi,31.1,68,1006.0,4.36,20.8,54.7,256.0,7.3,5.5,57.0,76
2026-06-17 05:00:00+00:00,Karachi,31.7,66,1006.2,4.37,22.9,61.0,216.0,5.6,5.4,65.0,76
2026-06-17 06:00:00+00:00,Karachi,32.7,58,1006.4,4.33,20.9,53.6,186.0,4.3,5.3,71.0,76
2026-06-17 07:00:00+00:00,Karachi,32.9,57,1006.2,4.27,20.4,51.9,179.0,3.7,5.1,74.0,76
2026-06-17 08:00:00+00:00,Karachi,32.6,60,1005.7,4.24,20.1,51.5,183.0,3.5,4.9,75.0,76
2026-06-17 09:00:00+00:00,Karachi,32.1,63,1005.0,4.18,19.6,48.3,192.0,3.7,4.8,74.0,76
2026-06-17 10:00:00+00:00,Karachi,32.3,64,1004.7,4.28,19.0,45.3,210.0,4.1,4.7,71.0,76
2026-06-17 11:00:00+00:00,Karachi,31.9,65,1004.1,4.28,18.7,44.4,235.0,4.9,4.7,65.0,76
2026-06-17 12:00:00+00:00,Karachi,31.8,64,1004.2,3.8,25.3,63.1,248.0,6.0,4.7,63.0,76
2026-06-17 13:00:00+00:00,Karachi,31.0,67,1004.6,3.65,24.3,58.4,241.0,8.7,5.1,57.0,76
2026-06-17 14:00:00+00:00,Karachi,30.5,68,1004.9,3.75,23.4,51.8,224.0,12.5,5.7,48.0,75
2026-06-17 15:00:00+00:00,Karachi,30.2,70,1004.7,4.26,25.0,51.5,209.0,15.3,6.1,42.0,75
2026-06-17 16:00:00+00:00,Karachi,30.1,70,1005.0,4.35,26.3,51.6,203.0,16.5,6.4,40.0,75
2026-06-17 17:00:00+00:00,Karachi,30.1,70,1005.5,3.9,24.7,47.3,199.0,16.6,6.6,40.0,75
2026-06-17 18:00:00+00:00,Karachi,30.0,71,1005.4,3.86,23.6,45.5,190.0,15.8,6.5,41.0,75
2026-06-17 19:00:00+00:00,Karachi,29.7,72,1005.2,4.36,22.6,45.1,170.0,13.3,6.0,44.0,75
2026-06-17 20:00:00+00:00,Karachi,29.6,73,1004.8,3.78,22.2,46.3,144.0,9.9,5.2,48.0,75
2026-06-17 21:00:00+00:00,Karachi,29.5,73,1004.7,3.44,22.7,49.6,128.0,7.3,4.7,50.0,75
2026-06-17 22:00:00+00:00,Karachi,29.2,75,1004.4,3.47,23.5,53.3,124.0,6.6,4.8,49.0,75
2026-06-17 23:00:00+00:00,Karachi,29.2,76,1004.6,2.87,25.0,57.6,128.0,6.8,5.3,46.0,75
2026-06-18 00:00:00+00:00,Karachi,29.7,75,1004.7,3.21,22.2,51.7,144.0,6.7,5.3,48.0,75
2026-06-18 01:00:00+00:00,Karachi,29.5,77,1004.9,3.25,18.7,43.4,184.0,7.6,5.6,48.0,75
2026-06-18 02:00:00+00:00,Karachi,29.7,77,1005.4,4.14,19.3,47.1,236.0,8.8,5.9,48.0,75
2026-06-18 03:00:00+00:00,Karachi,30.5,74,1005.7,4.16,18.5,45.6,265.0,9.1,6.1,50.0,75
2026-06-18 04:00:00+00:00,Karachi,31.4,69,1005.7,4.25,18.3,45.4,249.0,7.9,6.0,57.0,75
2026-06-18 05:00:00+00:00,Karachi,32.1,65,1005.7,4.46,18.9,46.8,210.0,5.8,5.8,67.0,74
2026-06-18 06:00:00+00:00,Karachi,32.5,61,1006.1,4.52,19.3,47.5,181.0,4.2,5.5,74.0,74
2026-06-18 07:00:00+00:00,Karachi,32.6,60,1005.7,4.38,19.2,47.0,175.0,3.5,5.2,76.0,74
2026-06-18 08:00:00+00:00,Karachi,32.9,59,1005.3,4.27,19.0,47.1,180.0,3.3,5.0,75.0,74
2026-06-18 09:00:00+00:00,Karachi,32.5,63,1004.6,4.5,18.3,44.5,189.0,3.5,4.8,73.0,74
2026-06-18 10:00:00+00:00,Karachi,31.8,67,1003.9,4.68,18.1,43.2,204.0,4.2,4.8,68.0,74
2026-06-18 11:00:00+00:00,Karachi,31.5,69,1003.6,4.56,17.5,41.3,223.0,5.4,4.8,62.0,74
2026-06-18 12:00:00+00:00,Karachi,31.3,67,1003.7,4.51,27.5,78.9,237.0,7.1,4.7,55.0,74
2026-06-18 13:00:00+00:00,Karachi,30.3,72,1003.3,4.72,27.4,75.2,242.0,9.0,5.1,51.0,74
2026-06-18 14:00:00+00:00,Karachi,29.8,75,1003.2,4.31,28.5,75.0,241.0,11.6,5.7,45.0,74
2026-06-18 15:00:00+00:00,Karachi,29.6,76,1003.5,4.03,28.0,66.1,235.0,13.9,6.2,41.0,74
2026-06-18 16:00:00+00:00,Karachi,29.7,75,1004.6,3.88,28.2,61.5,222.0,15.7,6.6,38.0,75
2026-06-18 17:00:00+00:00,Karachi,29.6,76,1004.9,3.69,27.8,56.7,205.0,17.2,7.0,37.0,75
2026-06-18 18:00:00+00:00,Karachi,29.4,77,1003.9,4.19,23.4,48.3,187.0,17.2,7.0,37.0,75
2026-06-18 19:00:00+00:00,Karachi,29.0,80,1004.1,3.72,20.5,43.9,169.0,14.7,6.4,40.0,75
2026-06-18 20:00:00+00:00,Karachi,28.9,81,1003.9,3.36,19.7,43.2,151.0,10.7,5.5,45.0,75
2026-06-18 21:00:00+00:00,Karachi,28.8,82,1003.7,2.86,19.7,44.1,138.0,7.7,4.9,48.0,75
2026-06-18 22:00:00+00:00,Karachi,28.6,83,1003.2,2.72,19.9,45.2,130.0,6.6,4.8,48.0,74
2026-06-18 23:00:00+00:00,Karachi,28.5,84,1003.0,3.07,20.2,46.4,127.0,6.4,5.1,47.0,74
2026-06-19 00:00:00+00:00,Karachi,28.8,83,1003.2,3.64,19.3,45.3,137.0,8.3,6.1,47.0,74
2026-06-19 01:00:00+00:00,Karachi,28.7,83,1003.6,3.69,19.4,45.5,174.0,8.8,6.2,48.0,74
2026-06-19 02:00:00+00:00,Karachi,29.4,78,1004.5,4.11,21.0,51.9,224.0,9.4,6.2,49.0,74
2026-06-19 03:00:00+00:00,Karachi,30.2,73,1004.9,4.14,23.6,59.6,254.0,9.4,6.2,52.0,74
2026-06-19 04:00:00+00:00,Karachi,31.0,69,1004.9,4.23,24.9,66.6,243.0,8.0,6.0,58.0,74
2026-06-19 05:00:00+00:00,Karachi,31.7,66,1005.3,4.33,26.3,73.8,212.0,6.0,5.8,66.0,75
2026-06-19 06:00:00+00:00,Karachi,32.4,62,1005.6,4.16,24.2,66.8,189.0,4.4,5.5,72.0,75
2026-06-19 07:00:00+00:00,Karachi,32.7,61,1005.6,4.24,23.7,66.4,185.0,3.6,5.2,75.0,76
2026-06-19 08:00:00+00:00,Karachi,32.8,62,1005.3,4.21,22.6,63.3,189.0,3.2,4.9,75.0,76
2026-06-19 09:00:00+00:00,Karachi,32.7,62,1004.7,4.21,21.1,60.5,197.0,3.3,4.7,74.0,76
2026-06-19 10:00:00+00:00,Karachi,32.5,63,1004.1,4.42,19.7,55.6,213.0,4.0,4.7,69.0,76
2026-06-19 11:00:00+00:00,Karachi,31.9,65,1003.9,4.46,19.2,53.3,233.0,5.1,4.7,62.0,77
2026-06-19 12:00:00+00:00,Karachi,32.0,62,1004.3,4.1,34.9,106.4,243.0,6.0,4.9,62.0,77
2026-06-19 13:00:00+00:00,Karachi,31.1,66,1004.0,4.84,34.1,102.0,234.0,7.6,5.0,56.0,77
2026-06-19 14:00:00+00:00,Karachi,30.3,70,1004.1,4.94,31.5,87.1,215.0,9.7,5.1,49.0,78
2026-06-19 15:00:00+00:00,Karachi,29.9,72,1004.6,4.76,29.6,75.0,199.0,11.1,5.2,43.0,78
2026-06-19 16:00:00+00:00,Karachi,30.0,72,1005.3,4.25,28.5,68.9,191.0,11.3,5.3,42.0,78
2026-06-19 17:00:00+00:00,Karachi,30.1,72,1005.7,4.22,26.7,63.6,186.0,10.7,5.3,43.0,78
2026-06-19 18:00:00+00:00,Karachi,30.0,72,1005.8,3.81,26.0,61.5,177.0,10.0,5.3,44.0,78
2026-06-19 19:00:00+00:00,Karachi,29.6,75,1005.3,3.47,25.7,61.5,160.0,9.1,5.2,45.0,78
2026-06-19 20:00:00+00:00,Karachi,29.3,78,1005.3,3.51,27.1,66.8,140.0,8.1,5.0,45.0,79
2026-06-19 21:00:00+00:00,Karachi,29.1,80,1004.8,3.76,26.1,73.1,126.0,7.2,4.9,46.0,79
2026-06-19 22:00:00+00:00,Karachi,28.9,81,1004.5,3.62,18.9,48.7,120.0,6.5,4.8,46.0,80
2026-06-19 23:00:00+00:00,Karachi,28.8,82,1004.2,3.51,16.6,43.3,120.0,5.9,4.8,46.0,80
2026-06-20 00:00:00+00:00,Karachi,28.9,82,1004.5,3.67,18.6,48.0,132.0,5.9,4.8,49.0,79
2026-06-20 01:00:00+00:00,Karachi,28.8,82,1005.0,3.41,17.0,44.9,168.0,6.7,5.0,49.0,79
2026-06-20 02:00:00+00:00,Karachi,29.4,78,1005.6,3.93,18.5,51.1,216.0,7.8,5.2,50.0,79
2026-06-20 03:00:00+00:00,Karachi,30.4,73,1005.8,4.44,20.0,57.0,245.0,8.2,5.3,53.0,79
2026-06-20 04:00:00+00:00,Karachi,31.3,67,1006.1,4.57,21.0,62.2,236.0,7.3,5.3,59.0,79
2026-06-20 05:00:00+00:00,Karachi,32.2,63,1006.0,4.66,22.1,68.9,208.0,5.8,5.1,67.0,78
2026-06-20 06:00:00+00:00,Karachi,32.4,61,1006.3,4.51,22.7,71.7,187.0,4.5,5.0,73.0,78
2026-06-20 07:00:00+00:00,Karachi,32.1,62,1006.0,4.25,22.8,73.3,184.0,3.8,4.8,74.0,78
2026-06-20 08:00:00+00:00,Karachi,32.4,61,1005.8,4.11,22.9,75.4,188.0,3.4,4.6,73.0,78
2026-06-20 09:00:00+00:00,Karachi,32.2,62,1005.4,4.28,22.9,76.1,195.0,3.5,4.5,70.0,78
2026-06-20 10:00:00+00:00,Karachi,32.1,63,1004.8,4.56,23.0,76.1,207.0,4.0,4.4,66.0,78
2026-06-20 11:00:00+00:00,Karachi,31.8,65,1004.4,5.1,21.4,68.0,223.0,5.0,4.4,61.0,78
2026-06-20 12:00:00+00:00,Karachi,31.8,65,1004.2,4.21,28.5,105.7,231.0,5.9,4.4,62.0,79
2026-06-20 13:00:00+00:00,Karachi,30.9,68,1004.6,3.93,25.1,88.7,226.0,7.4,4.6,57.0,78
2026-06-20 14:00:00+00:00,Karachi,30.2,72,1005.0,4.1,22.3,70.8,214.0,9.3,4.8,50.0,77
2026-06-20 15:00:00+00:00,Karachi,29.9,73,1005.6,4.18,21.2,60.3,204.0,10.7,5.0,45.0,77
2026-06-20 16:00:00+00:00,Karachi,29.7,75,1005.9,4.32,19.8,48.9,200.0,11.0,5.0,43.0,76
2026-06-20 17:00:00+00:00,Karachi,29.6,76,1006.7,4.03,18.1,44.1,198.0,10.6,5.0,43.0,75
2026-06-20 18:00:00+00:00,Karachi,29.6,76,1006.5,4.18,17.4,43.8,191.0,9.9,4.9,44.0,75
2026-06-20 19:00:00+00:00,Karachi,29.4,76,1006.2,3.81,17.1,44.9,173.0,8.7,4.7,45.0,74
2026-06-20 20:00:00+00:00,Karachi,29.1,77,1005.8,3.88,14.8,39.2,150.0,7.1,4.4,46.0,73
2026-06-20 21:00:00+00:00,Karachi,28.9,79,1005.1,3.88,14.5,38.3,132.0,5.9,4.2,47.0,72
2026-06-20 22:00:00+00:00,Karachi,28.6,81,1004.9,3.72,14.2,36.6,122.0,5.3,4.1,47.0,71
2026-06-20 23:00:00+00:00,Karachi,28.4,83,1004.7,3.35,14.1,35.9,118.0,5.0,4.2,47.0,71
2026-06-21 00:00:00+00:00,Karachi,29.0,79,1004.7,3.73,14.6,38.1,122.0,4.3,3.9,50.0,71
2026-06-21 01:00:00+00:00,Karachi,29.0,79,1004.9,3.67,14.8,36.9,142.0,4.8,4.3,51.0,70
2026-06-21 02:00:00+00:00,Karachi,29.5,76,1005.3,4.01,16.3,44.5,171.0,5.4,4.8,53.0,70
2026-06-21 03:00:00+00:00,Karachi,30.3,72,1005.3,4.23,18.9,53.9,188.0,5.5,5.2,57.0,70
2026-06-21 04:00:00+00:00,Karachi,31.2,68,1005.3,4.49,19.9,58.9,180.0,4.7,5.2,64.0,70
2026-06-21 05:00:00+00:00,Karachi,31.8,64,1005.2,4.7,20.7,62.6,160.0,3.5,5.0,72.0,70
2026-06-21 06:00:00+00:00,Karachi,32.5,59,1005.1,4.63,20.6,60.3,145.0,2.6,4.8,78.0,70
2026-06-21 07:00:00+00:00,Karachi,32.3,59,1004.6,4.83,20.4,59.6,142.0,2.2,4.5,78.0,70
2026-06-21 08:00:00+00:00,Karachi,32.2,59,1003.9,4.91,19.4,54.9,145.0,2.0,4.2,76.0,69
2026-06-21 09:00:00+00:00,Karachi,32.0,61,1003.2,5.07,18.9,51.8,150.0,2.1,4.0,72.0,69
2026-06-21 10:00:00+00:00,Karachi,31.8,62,1002.7,5.21,18.7,49.8,159.0,2.5,3.9,67.0,69
2026-06-21 11:00:00+00:00,Karachi,31.6,61,1002.2,5.23,18.7,47.7,170.0,3.2,3.9,62.0,69
2026-06-21 12:00:00+00:00,Karachi,31.1,65,1002.0,5.05,20.7,53.9,178.0,3.7,4.0,60.0,68
2026-06-21 13:00:00+00:00,Karachi,30.6,67,1001.9,4.88,21.0,54.1,180.0,4.8,4.2,56.0,68
2026-06-21 14:00:00+00:00,Karachi,30.1,70,1002.4,4.63,21.5,51.6,180.0,6.3,4.5,52.0,67
2026-06-21 15:00:00+00:00,Karachi,30.0,70,1002.8,4.66,22.8,52.9,175.0,7.4,4.7,48.0,67
2026-06-21 16:00:00+00:00,Karachi,30.1,70,1003.5,4.87,25.1,58.6,165.0,7.7,4.8,47.0,67
2026-06-21 17:00:00+00:00,Karachi,30.0,71,1004.0,4.68,25.3,57.6,152.0,7.7,4.9,47.0,68
2026-06-21 18:00:00+00:00,Karachi,29.4,75,1004.1,4.26,24.7,55.4,140.0,7.3,4.9,47.0,68
2026-06-21 19:00:00+00:00,Karachi,29.2,77,1003.8,4.3,24.7,56.3,129.0,6.5,4.7,48.0,69
2026-06-21 20:00:00+00:00,Karachi,28.9,80,1003.5,4.43,24.4,57.4,119.0,5.3,4.3,49.0,70
2026-06-21 21:00:00+00:00,Karachi,28.7,81,1003.1,4.29,24.7,58.1,113.0,4.5,4.1,50.0,70
2026-06-21 22:00:00+00:00,Karachi,28.7,81,1003.1,4.38,27.6,63.8,108.0,4.2,4.0,50.0,71
2026-06-21 23:00:00+00:00,Karachi,28.6,81,1002.9,4.31,25.3,57.5,107.0,4.2,4.0,49.0,72
2026-06-22 00:00:00+00:00,Karachi,28.8,81,1003.2,4.37,18.7,43.3,119.0,4.1,3.8,51.0,73
2026-06-22 01:00:00+00:00,Karachi,28.7,82,1003.6,4.64,18.4,41.7,158.0,5.2,4.1,51.0,73
2026-06-22 02:00:00+00:00,Karachi,29.1,79,1003.9,5.07,19.2,44.6,210.0,6.6,4.6,50.0,74
2026-06-22 03:00:00+00:00,Karachi,29.9,74,1004.4,5.07,19.8,48.0,241.0,7.2,4.9,52.0,74
2026-06-22 04:00:00+00:00,Karachi,30.6,70,1004.3,4.92,21.0,52.0,230.0,6.4,5.0,58.0,74
2026-06-22 05:00:00+00:00,Karachi,31.5,66,1004.3,4.85,23.3,60.5,199.0,4.8,5.0,65.0,74
2026-06-22 06:00:00+00:00,Karachi,32.1,62,1004.4,4.92,22.2,56.8,175.0,3.5,4.9,71.0,74
2026-06-22 07:00:00+00:00,Karachi,32.3,61,1004.1,4.99,22.3,58.4,170.0,2.9,4.7,73.0,74
2026-06-22 08:00:00+00:00,Karachi,32.3,61,1003.6,5.09,22.2,57.9,172.0,2.7,4.5,73.0,75
2026-06-22 09:00:00+00:00,Karachi,32.1,62,1003.1,5.28,21.9,56.9,179.0,2.8,4.3,71.0,75
2026-06-22 10:00:00+00:00,Karachi,31.9,63,1002.5,5.02,23.2,60.1,193.0,3.3,4.2,67.0,75
2026-06-22 11:00:00+00:00,Karachi,31.6,63,1001.9,4.83,20.7,52.9,212.0,4.2,4.2,61.0,75
2026-06-22 12:00:00+00:00,Karachi,31.6,62,1001.6,4.88,28.9,76.1,223.0,5.4,4.3,56.0,76
2026-06-22 13:00:00+00:00,Karachi,31.0,63,1001.8,4.87,28.6,72.9,222.0,7.0,4.5,52.0,76
2026-06-22 14:00:00+00:00,Karachi,30.3,67,1002.5,4.63,29.0,72.4,213.0,9.1,4.8,48.0,77
2026-06-22 15:00:00+00:00,Karachi,30.0,69,1003.0,4.41,29.0,70.1,204.0,10.7,5.1,44.0,77
2026-06-22 16:00:00+00:00,Karachi,29.8,71,1003.3,4.35,29.3,66.6,197.0,11.4,5.4,43.0,78
2026-06-22 17:00:00+00:00,Karachi,29.8,72,1003.5,4.6,28.9,66.8,188.0,11.5,5.7,42.0,78
2026-06-22 18:00:00+00:00,Karachi,29.6,70,1003.7,4.15,28.2,65.4,178.0,11.1,5.8,43.0,78
2026-06-22 19:00:00+00:00,Karachi,29.5,73,1003.3,4.16,27.1,62.2,163.0,9.7,5.4,44.0,79
2026-06-22 20:00:00+00:00,Karachi,29.4,73,1003.1,4.14,25.3,57.4,146.0,7.7,4.8,46.0,79
2026-06-22 21:00:00+00:00,Karachi,29.2,75,1002.7,4.18,24.9,56.8,133.0,6.2,4.4,48.0,79
2026-06-22 22:00:00+00:00,Karachi,29.2,75,1002.5,4.23,24.4,54.8,123.0,5.5,4.4,48.0,79
2026-06-22 23:00:00+00:00,Karachi,29.1,77,1002.8,4.29,21.4,49.4,117.0,5.3,4.5,48.0,79
2026-06-23 00:00:00+00:00,Karachi,29.1,76,1002.8,3.96,17.2,39.9,126.0,5.1,4.4,49.0,78
2026-06-23 01:00:00+00:00,Karachi,28.9,79,1003.0,4.11,17.0,39.0,166.0,6.5,4.7,48.0,78
2026-06-23 02:00:00+00:00,Karachi,29.0,80,1003.5,4.66,17.8,42.1,221.0,8.3,5.2,47.0,78
2026-06-23 03:00:00+00:00,Karachi,29.8,75,1003.7,5.07,19.7,46.1,254.0,9.1,5.5,49.0,78
2026-06-23 04:00:00+00:00,Karachi,30.6,71,1003.7,5.07,19.6,47.6,242.0,7.9,5.5,56.0,78
2026-06-23 05:00:00+00:00,Karachi,31.4,66,1003.8,4.81,20.5,52.4,207.0,5.6,5.2,65.0,78
2026-06-23 06:00:00+00:00,Karachi,32.4,60,1003.7,4.73,21.0,53.7,181.0,3.8,5.0,72.0,78
2026-06-23 07:00:00+00:00,Karachi,32.6,58,1003.3,4.87,21.0,54.5,176.0,3.0,4.8,75.0,78
2026-06-23 08:00:00+00:00,Karachi,32.6,59,1002.5,5.25,21.5,55.2,179.0,2.8,4.5,76.0,78
2026-06-23 09:00:00+00:00,Karachi,32.0,62,1001.8,5.13,22.4,57.7,186.0,2.9,4.3,74.0,78
2026-06-23 10:00:00+00:00,Karachi,32.3,59,1001.3,5.16,22.5,58.0,199.0,3.5,4.2,70.0,78
2026-06-23 11:00:00+00:00,Karachi,31.9,60,1000.8,5.4,21.9,55.6,216.0,4.5,4.2,63.0,78
2026-06-23 12:00:00+00:00,Karachi,31.3,62,1000.9,4.87,27.4,73.8,225.0,5.5,3.9,58.0,78
2026-06-23 13:00:00+00:00,Karachi,30.7,65,1000.9,4.93,26.7,68.9,218.0,6.8,4.1,54.0,77
2026-06-23 14:00:00+00:00,Karachi,30.0,69,1001.5,5.17,26.4,65.4,203.0,8.5,4.3,48.0,77
2026-06-23 15:00:00+00:00,Karachi,29.7,72,1001.8,5.66,27.8,67.3,189.0,9.7,4.5,43.0,77
2026-06-23 16:00:00+00:00,Karachi,29.5,73,1002.2,5.76,27.9,66.1,181.0,10.0,4.7,41.0,77
2026-06-23 17:00:00+00:00,Karachi,29.5,73,1002.4,5.85,28.6,65.7,175.0,9.9,4.8,41.0,77
2026-06-23 18:00:00+00:00,Karachi,29.6,73,1002.5,5.42,28.3,65.4,166.0,9.2,4.8,42.0,77
2026-06-23 19:00:00+00:00,Karachi,29.4,75,1002.3,5.3,27.2,64.0,150.0,7.7,4.5,43.0,77
2026-06-23 20:00:00+00:00,Karachi,29.2,76,1002.0,5.08,26.0,61.5,130.0,5.7,3.9,45.0,77
2026-06-23 21:00:00+00:00,Karachi,29.0,77,1001.7,5.43,25.4,60.3,116.0,4.2,3.6,47.0,77
2026-06-23 22:00:00+00:00,Karachi,28.9,78,1001.4,5.34,24.2,56.2,106.0,3.7,3.6,47.0,77
2026-06-23 23:00:00+00:00,Karachi,28.6,81,1001.3,5.4,22.6,51.9,101.0,3.8,3.7,47.0,77
2026-06-24 00:00:00+00:00,Karachi,28.9,78,1001.1,4.95,16.7,43.8,113.0,4.3,3.9,47.0,77
2026-06-24 01:00:00+00:00,Karachi,28.9,77,1001.5,5.1,15.6,37.8,160.0,5.5,4.2,47.0,77
2026-06-24 02:00:00+00:00,Karachi,29.1,77,1001.8,5.51,18.2,44.1,224.0,7.1,4.6,46.0,77
2026-06-24 03:00:00+00:00,Karachi,29.5,74,1002.4,5.3,18.9,45.6,263.0,7.8,4.8,48.0,77
2026-06-24 04:00:00+00:00,Karachi,30.2,71,1002.7,5.49,19.7,47.6,250.0,6.8,4.7,54.0,77
2026-06-24 05:00:00+00:00,Karachi,30.5,70,1002.9,5.77,20.3,49.9,211.0,5.0,4.5,63.0,77
2026-06-24 06:00:00+00:00,Karachi,31.6,64,1002.8,6.2,20.1,48.9,182.0,3.6,4.3,69.0,77
2026-06-24 07:00:00+00:00,Karachi,31.8,64,1002.4,6.34,20.0,48.5,176.0,3.2,4.1,70.0,77
2026-06-24 08:00:00+00:00,Karachi,31.6,66,1001.8,6.15,19.7,47.4,180.0,3.2,4.0,68.0,77
2026-06-24 09:00:00+00:00,Karachi,31.6,67,1001.5,5.88,19.4,46.6,187.0,3.5,3.9,65.0,77
2026-06-24 10:00:00+00:00,Karachi,31.5,66,1001.1,5.86,19.7,47.1,200.0,4.1,3.9,61.0,76
2026-06-24 11:00:00+00:00,Karachi,31.2,68,1000.8,5.97,20.0,47.5,216.0,4.9,3.9,56.0,76
2026-06-24 12:00:00+00:00,Karachi,31.5,64,1000.1,5.3,20.3,46.4,226.0,6.0,4.0,52.0,76
2026-06-24 13:00:00+00:00,Karachi,30.7,67,1000.2,5.0,20.6,47.3,223.0,7.6,4.2,48.0,75
2026-06-24 14:00:00+00:00,Karachi,30.1,70,1000.7,5.1,20.8,46.6,213.0,9.3,4.3,44.0,75
2026-06-24 15:00:00+00:00,Karachi,29.7,73,1000.9,5.15,21.0,45.5,204.0,10.4,4.5,42.0,75
2026-06-24 16:00:00+00:00,Karachi,29.5,74,1001.7,5.28,20.7,43.9,200.0,10.3,4.6,42.0,74
2026-06-24 17:00:00+00:00,Karachi,29.4,75,1002.4,4.98,20.4,42.4,197.0,9.5,4.6,44.0,73
2026-06-24 18:00:00+00:00,Karachi,29.6,74,1002.5,4.77,20.5,44.8,189.0,8.6,4.6,45.0,73
2026-06-24 19:00:00+00:00,Karachi,29.2,76,1002.4,4.41,19.1,40.6,169.0,7.5,4.4,46.0,72
2026-06-24 20:00:00+00:00,Karachi,29.1,75,1002.0,4.04,15.1,33.3,145.0,6.2,4.0,47.0,72
2026-06-24 21:00:00+00:00,Karachi,29.0,75,1001.7,4.08,14.8,33.8,127.0,5.2,3.8,48.0,71
2026-06-24 22:00:00+00:00,Karachi,28.9,76,1001.6,4.22,16.4,36.2,119.0,4.8,3.8,48.0,70
2026-06-24 23:00:00+00:00,Karachi,28.9,76,1001.6,4.48,13.9,31.1,119.0,4.7,4.0,48.0,69
2026-06-25 00:00:00+00:00,Karachi,28.8,78,1001.8,4.32,13.3,29.6,131.0,4.9,4.2,48.0,69
2026-06-25 01:00:00+00:00,Karachi,28.7,79,1002.3,3.97,13.2,28.7,170.0,5.8,4.5,48.0,68
2026-06-25 02:00:00+00:00,Karachi,29.2,77,1002.7,4.83,16.9,37.0,221.0,7.1,4.7,48.0,68
2026-06-25 03:00:00+00:00,Karachi,29.8,73,1003.0,5.27,17.5,38.1,251.0,7.6,4.9,50.0,68
2026-06-25 04:00:00+00:00,Karachi,30.7,69,1003.4,5.48,18.1,40.4,238.0,6.5,4.9,57.0,68
2026-06-25 05:00:00+00:00,Karachi,31.6,65,1003.4,5.3,18.3,42.0,203.0,4.7,4.7,66.0,68
2026-06-25 06:00:00+00:00,Karachi,31.8,64,1003.4,5.33,18.0,41.8,177.0,3.3,4.5,73.0,68
2026-06-25 07:00:00+00:00,Karachi,31.9,63,1003.3,5.36,18.1,42.1,173.0,2.8,4.3,75.0,67
2026-06-25 08:00:00+00:00,Karachi,31.8,64,1003.1,5.23,18.2,42.1,179.0,2.8,4.1,73.0,67
2026-06-25 09:00:00+00:00,Karachi,31.8,66,1002.6,5.34,18.2,42.3,188.0,3.2,4.0,71.0,67
2026-06-25 10:00:00+00:00,Karachi,31.4,69,1002.1,5.48,18.0,40.7,204.0,3.9,4.0,67.0,67
2026-06-25 11:00:00+00:00,Karachi,31.6,68,1001.6,5.14,18.1,40.4,223.0,4.9,4.0,62.0,67
2026-06-25 12:00:00+00:00,Karachi,31.3,66,1001.6,4.63,22.6,49.2,235.0,6.5,4.5,57.0,67
2026-06-25 13:00:00+00:00,Karachi,30.6,69,1001.9,4.54,22.8,50.5,232.0,8.3,4.8,53.0,67
2026-06-25 14:00:00+00:00,Karachi,30.0,73,1002.4,4.61,22.2,48.7,221.0,10.7,5.2,47.0,67
2026-06-25 15:00:00+00:00,Karachi,29.7,74,1002.7,4.3,21.5,45.6,212.0,12.4,5.5,43.0,67
2026-06-25 16:00:00+00:00,Karachi,29.5,75,1003.2,4.18,21.4,44.2,212.0,12.9,5.7,41.0,67
2026-06-25 17:00:00+00:00,Karachi,29.6,75,1003.8,4.05,19.0,39.8,214.0,12.8,5.9,41.0,67
2026-06-25 18:00:00+00:00,Karachi,29.5,76,1004.0,3.76,18.2,38.9,207.0,12.1,5.9,41.0,67
2026-06-25 19:00:00+00:00,Karachi,29.2,77,1003.9,3.58,17.6,38.0,182.0,10.7,5.5,42.0,67
2026-06-25 20:00:00+00:00,Karachi,29.0,78,1003.5,3.5,17.5,38.8,149.0,8.7,5.0,45.0,67
2026-06-25 21:00:00+00:00,Karachi,28.8,80,1003.3,3.25,17.5,38.8,127.0,7.3,4.7,46.0,67
2026-06-25 22:00:00+00:00,Karachi,28.6,81,1003.0,3.01,17.5,38.9,122.0,6.9,4.8,45.0,67
2026-06-25 23:00:00+00:00,Karachi,28.4,82,1002.9,2.9,17.5,38.8,127.0,6.9,5.1,44.0,67
2026-06-26 00:00:00+00:00,Karachi,28.9,78,1003.1,2.7,18.2,41.7,144.0,7.4,5.5,43.0,68
2026-06-26 01:00:00+00:00,Karachi,28.9,78,1003.8,2.84,18.5,40.7,183.0,8.0,5.8,44.0,68
2026-06-26 02:00:00+00:00,Karachi,29.3,77,1004.3,3.23,20.1,48.5,232.0,8.8,6.2,45.0,69
2026-06-26 03:00:00+00:00,Karachi,30.2,73,1004.7,3.67,21.5,53.1,262.0,9.0,6.4,49.0,69
2026-06-26 04:00:00+00:00,Karachi,31.1,69,1004.9,3.64,22.2,55.8,252.0,7.9,6.3,57.0,69
2026-06-26 05:00:00+00:00,Karachi,31.6,66,1005.1,3.86,22.7,58.0,222.0,6.1,6.0,66.0,69
2026-06-26 06:00:00+00:00,Karachi,32.9,60,1004.9,3.63,23.1,59.3,199.0,4.7,5.7,73.0,70
2026-06-26 07:00:00+00:00,Karachi,32.1,64,1004.7,3.88,22.7,57.9,194.0,4.0,5.5,75.0,70
2026-06-26 08:00:00+00:00,Karachi,31.9,67,1004.5,4.11,22.7,57.2,196.0,3.7,5.2,74.0,71
2026-06-26 09:00:00+00:00,Karachi,32.3,65,1004.0,4.17,21.6,51.3,202.0,3.7,5.0,72.0,71
2026-06-26 10:00:00+00:00,Karachi,32.0,67,1003.6,4.42,20.9,48.3,213.0,4.1,4.8,68.0,71
2026-06-26 11:00:00+00:00,Karachi,31.4,69,1003.1,4.3,20.7,48.0,227.0,5.0,4.7,63.0,71
2026-06-26 12:00:00+00:00,Karachi,31.7,66,1003.1,4.17,17.3,39.2,236.0,6.0,4.5,59.0,72
2026-06-26 13:00:00+00:00,Karachi,30.9,68,1003.2,3.98,18.2,41.1,236.0,7.6,4.8,54.0,71
2026-06-26 14:00:00+00:00,Karachi,30.2,72,1003.7,4.05,19.4,43.1,231.0,9.8,5.2,48.0,71
2026-06-26 15:00:00+00:00,Karachi,29.8,75,1004.2,4.08,19.6,42.8,223.0,11.4,5.5,43.0,71
2026-06-26 16:00:00+00:00,Karachi,29.6,77,1004.6,3.65,19.8,43.0,212.0,12.0,5.7,41.0,70
2026-06-26 17:00:00+00:00,Karachi,29.4,77,1005.0,3.37,20.1,43.3,198.0,12.1,5.8,41.0,70
2026-06-26 18:00:00+00:00,Karachi,29.4,76,1005.0,3.32,19.6,41.7,183.0,11.9,5.9,41.0,70
2026-06-26 19:00:00+00:00,Karachi,29.2,77,1004.8,3.11,18.4,39.3,167.0,11.2,5.8,41.0,70
2026-06-26 20:00:00+00:00,Karachi,29.1,77,1004.6,2.75,16.9,36.3,150.0,10.2,5.6,42.0,71
2026-06-26 21:00:00+00:00,Karachi,28.9,78,1004.0,2.6,16.4,35.4,139.0,9.4,5.6,42.0,70
2026-06-26 22:00:00+00:00,Karachi,28.9,77,1003.9,2.45,16.1,34.9,132.0,9.2,5.8,41.0,70
2026-06-26 23:00:00+00:00,Karachi,28.8,77,1003.9,2.38,15.7,33.4,129.0,9.3,6.2,40.0,70
2026-06-27 00:00:00+00:00,Karachi,29.0,78,1004.0,2.57,15.5,33.4,140.0,8.3,6.2,42.0,70
2026-06-27 01:00:00+00:00,Karachi,28.8,79,1004.5,2.51,15.5,32.6,178.0,8.6,6.4,44.0,70
2026-06-27 02:00:00+00:00,Karachi,29.4,75,1004.8,2.95,16.8,38.3,229.0,9.0,6.6,46.0,70
2026-06-27 03:00:00+00:00,Karachi,30.2,72,1005.2,3.35,17.9,42.3,260.0,8.8,6.7,51.0,69
2026-06-27 04:00:00+00:00,Karachi,30.9,68,1005.4,3.54,19.3,46.4,249.0,7.4,6.4,60.0,69
2026-06-27 05:00:00+00:00,Karachi,31.3,67,1005.5,3.76,20.4,49.9,216.0,5.4,6.0,72.0,69
2026-06-27 06:00:00+00:00,Karachi,31.7,66,1005.3,3.83,21.5,52.7,193.0,3.9,5.6,81.0,69
2026-06-27 07:00:00+00:00,Karachi,31.7,66,1004.8,3.6,21.7,53.3,191.0,3.2,5.3,86.0,69
2026-06-27 08:00:00+00:00,Karachi,32.4,64,1004.4,3.73,21.2,52.7,197.0,2.9,5.0,87.0,69
2026-06-27 09:00:00+00:00,Karachi,31.7,67,1003.8,4.05,20.6,50.6,206.0,3.1,4.8,86.0,68
2026-06-27 10:00:00+00:00,Karachi,31.3,69,1003.1,4.1,19.4,46.8,218.0,3.6,4.7,80.0,68
2026-06-27 11:00:00+00:00,Karachi,31.1,70,1002.3,4.19,18.3,43.9,232.0,4.6,4.6,71.0,68
2026-06-27 12:00:00+00:00,Karachi,31.3,68,1002.3,4.22,24.4,60.5,240.0,6.3,5.1,68.0,68
2026-06-27 13:00:00+00:00,Karachi,30.6,71,1002.2,4.11,22.6,54.4,237.0,7.9,5.1,61.0,69
2026-06-27 14:00:00+00:00,Karachi,30.0,73,1002.7,4.02,21.2,49.6,228.0,10.2,5.1,51.0,69
2026-06-27 15:00:00+00:00,Karachi,29.6,75,1003.0,3.83,19.8,44.6,217.0,11.6,5.1,44.0,69
2026-06-27 16:00:00+00:00,Karachi,29.4,77,1003.4,3.8,19.8,44.6,204.0,11.6,5.1,43.0,69
2026-06-27 17:00:00+00:00,Karachi,29.3,77,1003.8,3.57,19.9,44.6,188.0,10.8,5.1,44.0,69
2026-06-27 18:00:00+00:00,Karachi,29.1,79,1004.3,3.73,20.0,44.9,172.0,9.8,5.0,46.0,69
2026-06-27 19:00:00+00:00,Karachi,28.9,79,1003.9,3.59,18.2,41.9,156.0,8.7,4.7,47.0,69
2026-06-27 20:00:00+00:00,Karachi,28.6,82,1003.4,3.57,17.4,40.5,140.0,7.4,4.4,47.0,69
2026-06-27 21:00:00+00:00,Karachi,28.5,83,1002.9,3.62,16.9,39.1,129.0,6.4,4.2,48.0,69
2026-06-27 22:00:00+00:00,Karachi,28.3,84,1002.8,3.25,16.9,38.6,124.0,6.0,4.3,48.0,69
2026-06-27 23:00:00+00:00,Karachi,28.3,84,1002.3,3.15,16.8,38.2,125.0,6.0,4.5,48.0,69
2026-06-28 00:00:00+00:00,Karachi,29.0,79,1002.4,3.26,17.1,38.6,131.0,5.5,4.4,49.0,69
2026-06-28 01:00:00+00:00,Karachi,28.9,79,1002.3,3.57,17.6,38.9,148.0,5.8,4.6,50.0,69
2026-06-28 02:00:00+00:00,Karachi,29.2,78,1002.6,4.37,19.2,45.2,171.0,6.2,4.9,51.0,70
2026-06-28 03:00:00+00:00,Karachi,29.9,74,1003.1,4.7,22.9,54.2,184.0,6.1,5.1,54.0,70
2026-06-28 04:00:00+00:00,Karachi,30.7,70,1003.4,4.6,23.9,56.6,177.0,5.2,5.1,59.0,70
2026-06-28 05:00:00+00:00,Karachi,31.5,66,1003.3,4.48,24.4,59.0,160.0,3.9,4.9,66.0,71
2026-06-28 06:00:00+00:00,Karachi,32.1,63,1003.2,4.62,24.1,58.7,148.0,2.9,4.7,71.0,71
2026-06-28 07:00:00+00:00,Karachi,31.9,65,1002.8,4.52,23.3,57.4,145.0,2.4,4.5,73.0,71
2026-06-28 08:00:00+00:00,Karachi,31.9,64,1002.4,4.67,23.0,57.3,147.0,2.2,4.3,73.0,71
2026-06-28 09:00:00+00:00,Karachi,31.9,65,1002.0,5.09,22.4,55.3,152.0,2.2,4.2,72.0,71
2026-06-28 10:00:00+00:00,Karachi,31.1,68,1001.4,5.44,24.6,62.2,162.0,2.6,4.1,69.0,72
2026-06-28 11:00:00+00:00,Karachi,31.1,69,1000.9,5.28,21.9,54.4,174.0,3.2,4.1,64.0,72
2026-06-28 12:00:00+00:00,Karachi,30.7,70,1000.4,5.45,21.9,53.6,181.0,4.0,4.1,59.0,72
2026-06-28 13:00:00+00:00,Karachi,30.2,72,1000.6,5.19,21.7,51.9,177.0,5.0,4.2,55.0,72
2026-06-28 14:00:00+00:00,Karachi,29.7,75,1000.8,5.06,21.2,49.1,167.0,6.2,4.3,51.0,72
2026-06-28 15:00:00+00:00,Karachi,29.6,75,1001.3,4.92,21.7,48.1,159.0,6.9,4.4,49.0,72
2026-06-28 16:00:00+00:00,Karachi,29.4,76,1001.8,5.27,22.6,49.2,156.0,6.9,4.4,48.0,72
2026-06-28 17:00:00+00:00,Karachi,29.3,77,1002.4,4.95,23.1,49.8,154.0,6.4,4.3,49.0,72
2026-06-28 18:00:00+00:00,Karachi,29.0,78,1002.9,4.73,22.1,46.4,149.0,5.9,4.2,49.0,73
2026-06-28 19:00:00+00:00,Karachi,28.8,80,1002.3,4.51,21.8,46.1,137.0,5.3,4.0,49.0,73
2026-06-28 20:00:00+00:00,Karachi,28.6,81,1002.0,4.13,18.3,40.4,123.0,4.6,3.7,50.0,73
2026-06-28 21:00:00+00:00,Karachi,28.5,82,1001.5,3.9,17.9,39.1,113.0,4.1,3.6,50.0,73
2026-06-28 22:00:00+00:00,Karachi,28.3,82,1001.3,3.86,17.9,38.8,107.0,3.9,3.6,50.0,73
2026-06-28 23:00:00+00:00,Karachi,28.2,83,1001.1,3.77,17.9,38.8,105.0,3.8,3.7,50.0,73
2026-06-29 00:00:00+00:00,Karachi,28.3,82,1000.9,4.13,21.9,49.4,116.0,4.5,4.0,50.0,73
2026-06-29 01:00:00+00:00,Karachi,28.2,82,1001.1,4.1,22.2,49.4,154.0,5.4,4.3,51.0,74
2026-06-29 02:00:00+00:00,Karachi,28.8,79,1001.5,4.68,25.3,60.3,204.0,6.5,4.8,52.0,74
2026-06-29 03:00:00+00:00,Karachi,29.6,74,1001.8,4.92,28.3,70.5,235.0,7.0,5.1,54.0,75
2026-06-29 04:00:00+00:00,Karachi,30.3,70,1002.1,5.02,28.5,72.6,227.0,6.1,5.0,59.0,75
2026-06-29 05:00:00+00:00,Karachi,30.9,67,1002.4,5.17,28.5,72.6,199.0,4.6,4.7,66.0,75
2026-06-29 06:00:00+00:00,Karachi,31.7,62,1002.5,5.22,27.6,71.0,177.0,3.4,4.5,71.0,76
2026-06-29 07:00:00+00:00,Karachi,31.8,60,1002.1,5.28,27.1,70.3,172.0,2.9,4.3,73.0,76
2026-06-29 08:00:00+00:00,Karachi,32.2,59,1001.4,5.37,27.0,70.3,173.0,2.7,4.2,74.0,76
2026-06-29 09:00:00+00:00,Karachi,32.1,60,1000.8,5.53,25.6,65.2,178.0,3.0,4.1,73.0,77
2026-06-29 10:00:00+00:00,Karachi,31.6,62,1000.3,5.37,25.1,63.3,189.0,3.8,4.1,68.0,77
2026-06-29 11:00:00+00:00,Karachi,31.3,64,999.8,5.35,24.4,61.7,203.0,5.1,4.2,62.0,77
2026-06-29 12:00:00+00:00,Karachi,30.9,64,999.8,5.19,30.7,79.9,212.0,6.6,4.0,55.0,77
2026-06-29 13:00:00+00:00,Karachi,30.2,66,999.8,5.0,31.2,77.3,210.0,7.9,4.3,53.0,78
2026-06-29 14:00:00+00:00,Karachi,29.8,69,999.9,4.95,31.8,75.7,203.0,9.6,4.8,49.0,78
2026-06-29 15:00:00+00:00,Karachi,29.5,71,1000.2,4.79,30.9,70.3,195.0,10.7,5.1,47.0,79
2026-06-29 16:00:00+00:00,Karachi,29.2,74,1001.1,5.12,30.0,66.6,190.0,10.6,5.1,46.0,80
2026-06-29 17:00:00+00:00,Karachi,29.2,75,1001.6,5.12,26.6,56.5,185.0,9.9,4.9,46.0,81
2026-06-29 18:00:00+00:00,Karachi,29.1,74,1001.5,5.05,25.0,50.6,176.0,8.9,4.7,47.0,81
2026-06-29 19:00:00+00:00,Karachi,28.9,76,1001.5,4.76,21.1,44.8,157.0,7.7,4.5,48.0,81
2026-06-29 20:00:00+00:00,Karachi,28.8,76,1001.1,4.81,20.5,44.6,135.0,6.3,4.2,49.0,81
2026-06-29 21:00:00+00:00,Karachi,28.7,77,1000.6,4.49,20.5,44.9,119.0,5.2,4.1,50.0,81
2026-06-29 22:00:00+00:00,Karachi,28.6,77,1000.6,4.6,20.7,46.2,113.0,4.7,4.1,50.0,81
2026-06-29 23:00:00+00:00,Karachi,28.6,77,1000.5,4.78,20.7,46.4,113.0,4.5,4.2,50.0,82
2026-06-30 00:00:00+00:00,Karachi,28.7,78,1000.3,4.58,21.2,49.6,126.0,4.5,4.1,50.0,82
2026-06-30 01:00:00+00:00,Karachi,28.7,79,1000.5,4.54,21.3,48.0,162.0,6.0,4.5,49.0,82
2026-06-30 02:00:00+00:00,Karachi,29.2,76,1000.9,5.28,22.5,51.8,210.0,7.9,5.0,48.0,82
2026-06-30 03:00:00+00:00,Karachi,29.8,73,1001.0,5.5,25.7,60.1,240.0,8.8,5.3,49.0,82
2026-06-30 04:00:00+00:00,Karachi,30.4,70,1001.3,5.79,25.0,58.9,235.0,7.7,5.2,55.0,81
2026-06-30 05:00:00+00:00,Karachi,30.9,67,1001.7,5.65,24.9,59.6,213.0,5.5,5.0,64.0,81
2026-06-30 06:00:00+00:00,Karachi,30.7,69,1001.5,5.39,25.4,61.0,196.0,3.9,4.7,70.0,81
2026-06-30 07:00:00+00:00,Karachi,31.3,66,1001.3,5.25,24.7,58.8,191.0,3.4,4.5,71.0,81
2026-06-30 08:00:00+00:00,Karachi,32.3,61,1000.8,5.25,23.5,55.6,191.0,3.4,4.4,70.0,80
2026-06-30 09:00:00+00:00,Karachi,31.8,63,1000.3,5.37,23.6,57.3,195.0,3.8,4.3,68.0,80
2026-06-30 10:00:00+00:00,Karachi,31.4,66,999.8,5.62,24.0,58.6,207.0,4.5,4.3,65.0,80
2026-06-30 11:00:00+00:00,Karachi,31.1,68,999.2,5.27,22.9,55.4,223.0,5.6,4.3,60.0,80
2026-06-30 12:00:00+00:00,Karachi,31.6,61,999.2,5.25,25.7,61.9,232.0,6.9,4.4,56.0,80
2026-06-30 13:00:00+00:00,Karachi,30.8,65,999.2,5.15,23.9,56.8,227.0,8.5,4.6,52.0,79
2026-06-30 14:00:00+00:00,Karachi,30.0,70,999.1,5.12,22.0,50.1,214.0,10.7,4.9,47.0,79
2026-06-30 15:00:00+00:00,Karachi,29.7,73,999.5,5.05,21.3,45.8,203.0,12.0,5.1,44.0,78
2026-06-30 16:00:00+00:00,Karachi,29.6,75,1000.1,5.22,17.6,37.5,197.0,11.9,5.1,43.0,77
2026-06-30 17:00:00+00:00,Karachi,29.4,76,1001.0,5.03,17.3,38.4,192.0,10.9,5.1,44.0,76
2026-06-30 18:00:00+00:00,Karachi,29.3,77,1000.9,4.75,18.0,40.6,183.0,9.8,5.0,45.0,76
2026-06-30 19:00:00+00:00,Karachi,29.1,78,1000.6,4.45,19.6,44.7,164.0,8.6,4.8,46.0,75
2026-06-30 20:00:00+00:00,Karachi,28.9,79,1000.5,4.24,18.3,41.2,141.0,7.2,4.5,47.0,75
2026-06-30 21:00:00+00:00,Karachi,28.7,80,1000.0,4.3,17.6,39.7,125.0,6.1,4.3,48.0,75
2026-06-30 22:00:00+00:00,Karachi,28.7,80,999.8,4.26,17.2,38.5,116.0,5.5,4.3,48.0,74
2026-06-30 23:00:00+00:00,Karachi,28.5,82,999.5,4.25,17.1,38.0,114.0,5.3,4.4,49.0,74
2026-07-01 00:00:00+00:00,Karachi,28.5,85,999.3,4.29,17.2,39.1,127.0,5.4,4.6,49.0,74
2026-07-01 01:00:00+00:00,Karachi,28.5,84,999.4,4.15,17.6,38.9,171.0,6.7,4.9,49.0,74
2026-07-01 02:00:00+00:00,Karachi,28.9,82,999.7,4.28,19.2,44.5,231.0,8.3,5.3,50.0,73
2026-07-01 03:00:00+00:00,Karachi,29.8,77,999.9,4.73,21.9,51.6,267.0,9.1,5.5,52.0,73
2026-07-01 04:00:00+00:00,Karachi,30.6,71,1000.2,5.04,22.2,52.2,255.0,8.1,5.5,58.0,73
2026-07-01 05:00:00+00:00,Karachi,31.2,69,1000.1,5.21,21.6,51.1,218.0,6.3,5.3,66.0,73
2026-07-01 06:00:00+00:00,Karachi,31.1,69,1000.2,5.01,21.1,48.2,192.0,4.9,5.2,71.0,72
2026-07-01 07:00:00+00:00,Karachi,31.3,68,1000.0,4.99,20.1,45.8,189.0,4.4,5.1,72.0,72
2026-07-01 08:00:00+00:00,Karachi,31.8,67,999.4,5.06,24.2,59.6,196.0,4.3,5.0,71.0,72
2026-07-01 09:00:00+00:00,Karachi,31.3,69,998.8,5.01,21.4,48.3,207.0,4.6,4.9,69.0,72
2026-07-01 10:00:00+00:00,Karachi,31.3,70,998.5,5.01,21.2,47.4,224.0,5.3,4.9,65.0,71
2026-07-01 11:00:00+00:00,Karachi,31.2,70,998.0,4.84,22.0,49.1,246.0,6.3,4.8,60.0,71
2026-07-01 12:00:00+00:00,Karachi,31.4,69,997.9,4.55,20.5,48.7,258.0,7.4,4.6,56.0,71
2026-07-01 13:00:00+00:00,Karachi,30.4,74,997.9,4.55,21.1,49.5,253.0,9.4,4.9,51.0,71
2026-07-01 14:00:00+00:00,Karachi,29.9,78,998.1,4.94,21.2,48.5,238.0,12.2,5.3,45.0,71
2026-07-01 15:00:00+00:00,Karachi,29.6,80,998.7,4.77,19.6,44.1,224.0,14.2,5.6,40.0,70
2026-07-01 16:00:00+00:00,Karachi,29.4,81,999.7,4.52,18.2,39.1,216.0,14.7,5.7,38.0,70
2026-07-01 17:00:00+00:00,Karachi,29.2,83,1000.6,4.1,18.3,38.6,210.0,14.4,5.7,37.0,70
2026-07-01 18:00:00+00:00,Karachi,29.6,80,1000.3,3.89,19.0,40.7,199.0,13.5,5.6,37.0,70
2026-07-01 19:00:00+00:00,Karachi,29.3,81,1000.3,3.69,19.5,42.4,180.0,11.7,5.3,38.0,71
2026-07-01 20:00:00+00:00,Karachi,29.2,81,1000.2,3.72,20.0,44.5,157.0,9.4,4.9,40.0,71
2026-07-01 21:00:00+00:00,Karachi,28.8,84,999.8,3.68,20.2,45.2,140.0,7.6,4.7,41.0,71
2026-07-01 22:00:00+00:00,Karachi,28.7,85,999.6,3.52,20.2,45.8,127.0,6.8,4.7,41.0,71
2026-07-01 23:00:00+00:00,Karachi,28.6,86,999.3,3.49,19.9,45.2,120.0,6.7,4.9,40.0,71
2026-07-02 00:00:00+00:00,Karachi,28.6,87,999.2,3.36,19.2,44.4,131.0,7.3,5.3,41.0,71
2026-07-02 01:00:00+00:00,Karachi,28.5,87,999.6,3.23,19.0,43.4,181.0,8.5,5.9,41.0,71
2026-07-02 02:00:00+00:00,Karachi,29.0,84,1000.1,3.28,20.8,51.2,250.0,10.2,6.6,41.0,72
2026-07-02 03:00:00+00:00,Karachi,29.9,78,1000.4,3.41,22.7,59.4,292.0,10.9,7.1,43.0,72
2026-07-02 04:00:00+00:00,Karachi,30.7,74,1000.7,3.8,22.8,58.9,278.0,9.8,7.0,50.0,72
2026-07-02 05:00:00+00:00,Karachi,31.2,72,1001.2,3.89,23.2,61.2,236.0,7.8,6.6,59.0,72
2026-07-02 06:00:00+00:00,Karachi,32.0,68,1001.1,4.19,24.4,64.7,204.0,6.2,6.3,66.0,72
2026-07-02 07:00:00+00:00,Karachi,32.1,67,1000.9,4.35,24.3,65.9,195.0,5.3,6.1,68.0,72
2026-07-02 08:00:00+00:00,Karachi,32.3,67,1000.6,4.28,24.4,66.4,195.0,4.8,5.9,68.0,73
2026-07-02 09:00:00+00:00,Karachi,32.4,66,1000.2,4.41,25.0,66.6,201.0,4.8,5.7,67.0,73
2026-07-02 10:00:00+00:00,Karachi,32.2,67,999.7,4.48,24.7,65.4,215.0,5.4,5.6,65.0,73
2026-07-02 11:00:00+00:00,Karachi,31.8,68,999.1,4.58,23.8,61.7,234.0,6.6,5.5,61.0,73
2026-07-02 12:00:00+00:00,Karachi,31.3,70,999.3,4.42,28.3,75.9,246.0,7.7,5.4,57.0,73
2026-07-02 13:00:00+00:00,Karachi,30.6,73,999.8,3.83,27.2,74.5,244.0,9.5,5.7,53.0,74
2026-07-02 14:00:00+00:00,Karachi,30.1,75,1000.6,3.58,27.6,74.0,234.0,12.2,6.2,48.0,74
2026-07-02 15:00:00+00:00,Karachi,29.6,79,1000.8,3.79,27.1,69.4,226.0,14.7,6.7,43.0,75
2026-07-02 16:00:00+00:00,Karachi,29.4,81,1001.7,3.47,24.9,61.9,225.0,17.5,7.4,39.0,75
2026-07-02 17:00:00+00:00,Karachi,29.3,81,1002.5,3.34,25.0,60.5,225.0,20.2,8.1,35.0,76
2026-07-02 18:00:00+00:00,Karachi,29.2,82,1002.7,3.89,24.3,56.0,216.0,20.9,8.3,33.0,77
2026-07-02 19:00:00+00:00,Karachi,28.9,82,1002.1,3.49,22.8,52.7,190.0,17.9,7.5,35.0,77
2026-07-02 20:00:00+00:00,Karachi,28.8,83,1001.7,3.58,20.8,48.2,155.0,13.0,6.2,40.0,77
2026-07-02 21:00:00+00:00,Karachi,28.7,84,1001.4,3.73,19.9,46.6,130.0,9.1,5.3,44.0,77
2026-07-02 22:00:00+00:00,Karachi,28.6,84,1001.1,3.63,19.5,45.9,119.0,7.5,5.1,45.0,77
2026-07-02 23:00:00+00:00,Karachi,28.5,84,1001.1,3.52,19.2,45.4,117.0,7.0,5.3,45.0,77
2026-07-03 00:00:00+00:00,Karachi,28.8,86,1001.0,3.33,21.0,51.1,132.0,8.0,6.0,46.0,77
2026-07-03 01:00:00+00:00,Karachi,28.7,86,1001.4,2.98,20.6,49.9,180.0,8.5,6.2,47.0,77
2026-07-03 02:00:00+00:00,Karachi,29.2,82,1002.3,3.06,21.6,56.7,245.0,9.2,6.5,50.0,77
2026-07-03 03:00:00+00:00,Karachi,30.3,76,1002.5,3.46,22.4,61.2,282.0,9.3,6.6,53.0,77
2026-07-03 04:00:00+00:00,Karachi,31.3,71,1002.6,4.07,24.1,65.7,262.0,8.3,6.5,58.0,77
2026-07-03 05:00:00+00:00,Karachi,32.2,66,1002.9,4.34,25.1,71.7,215.0,6.8,6.3,65.0,78
2026-07-03 06:00:00+00:00,Karachi,32.9,60,1003.1,4.32,26.1,76.1,181.0,5.6,6.1,70.0,78
2026-07-03 07:00:00+00:00,Karachi,32.6,62,1002.7,4.23,26.1,73.6,178.0,5.0,5.9,72.0,78
2026-07-03 08:00:00+00:00,Karachi,32.8,62,1002.1,4.37,26.6,76.6,188.0,4.8,5.6,73.0,78
2026-07-03 09:00:00+00:00,Karachi,32.8,61,1001.6,4.39,24.6,67.8,200.0,4.8,5.4,72.0,78
2026-07-03 10:00:00+00:00,Karachi,32.5,64,1001.1,4.4,23.6,65.2,215.0,5.1,5.3,69.0,78
2026-07-03 11:00:00+00:00,Karachi,32.2,65,1000.6,4.24,22.4,60.5,233.0,5.7,5.2,65.0,78
2026-07-03 12:00:00+00:00,Karachi,31.7,66,1000.2,4.09,28.1,78.2,242.0,7.0,5.7,65.0,78
2026-07-03 13:00:00+00:00,Karachi,30.7,71,1000.2,4.36,27.2,74.3,235.0,8.8,5.8,58.0,78
2026-07-03 14:00:00+00:00,Karachi,30.1,74,1000.7,4.03,26.1,67.8,219.0,11.2,5.9,49.0,78
2026-07-03 15:00:00+00:00,Karachi,29.9,75,1001.0,4.38,26.0,64.0,203.0,12.7,5.9,42.0,78
2026-07-03 16:00:00+00:00,Karachi,29.7,78,1001.8,4.23,25.2,61.0,191.0,12.4,5.8,41.0,78
2026-07-03 17:00:00+00:00,Karachi,29.5,79,1002.4,4.74,22.3,54.0,178.0,11.2,5.6,43.0,78
2026-07-03 18:00:00+00:00,Karachi,29.4,78,1002.4,4.78,23.5,57.7,165.0,9.9,5.4,45.0,77
2026-07-03 19:00:00+00:00,Karachi,29.2,80,1002.4,4.3,22.6,53.7,148.0,8.7,5.1,47.0,77
2026-07-03 20:00:00+00:00,Karachi,29.0,81,1002.0,4.35,22.6,52.9,131.0,7.4,4.9,49.0,77
2026-07-03 21:00:00+00:00,Karachi,28.9,82,1001.0,3.75,21.1,47.1,119.0,6.4,4.7,51.0,78
2026-07-03 22:00:00+00:00,Karachi,28.7,82,1000.5,4.05,20.5,46.0,112.0,5.8,4.7,52.0,78
2026-07-03 23:00:00+00:00,Karachi,28.6,83,1000.2,4.07,20.7,48.0,109.0,5.5,4.9,52.0,78
2026-07-04 00:00:00+00:00,Karachi,29.0,80,1000.0,3.76,21.4,51.9,121.0,5.4,5.0,53.0,78
2026-07-04 01:00:00+00:00,Karachi,29.0,81,1000.6,4.13,22.6,55.2,161.0,6.5,5.2,53.0,78
2026-07-04 02:00:00+00:00,Karachi,29.4,79,1001.2,4.24,25.4,68.9,214.0,8.0,5.4,54.0,78
2026-07-04 03:00:00+00:00,Karachi,30.2,75,1001.4,4.51,31.2,88.0,246.0,8.7,5.6,56.0,78
2026-07-04 04:00:00+00:00,Karachi,30.9,71,1001.2,4.77,34.3,100.4,236.0,7.8,5.6,61.0,79
2026-07-04 05:00:00+00:00,Karachi,32.1,65,1000.7,4.5,35.9,108.3,206.0,6.1,5.5,68.0,80
2026-07-04 06:00:00+00:00,Karachi,32.0,66,1001.2,4.67,37.0,116.9,183.0,4.7,5.3,74.0,81
2026-07-04 07:00:00+00:00,Karachi,32.0,66,1000.6,4.64,37.5,119.2,178.0,3.9,5.1,78.0,82
2026-07-04 08:00:00+00:00,Karachi,32.0,66,1000.0,4.71,38.4,121.5,182.0,3.3,4.8,81.0,82
2026-07-04 09:00:00+00:00,Karachi,32.1,67,999.1,4.86,34.8,108.5,190.0,3.3,4.7,82.0,83
2026-07-04 10:00:00+00:00,Karachi,32.3,67,998.6,4.9,33.8,104.5,207.0,4.0,4.8,79.0,84
2026-07-04 11:00:00+00:00,Karachi,31.9,69,998.0,4.66,33.6,105.2,230.0,5.2,5.1,73.0,85
2026-07-04 12:00:00+00:00,Karachi,31.4,72,997.6,4.35,41.4,143.4,242.0,6.4,5.0,68.0,86
2026-07-04 13:00:00+00:00,Karachi,30.7,75,997.6,4.07,39.8,132.7,236.0,8.8,5.3,61.0,87
2026-07-04 14:00:00+00:00,Karachi,29.8,79,998.0,4.09,38.2,121.1,219.0,12.1,5.7,52.0,88
2026-07-04 15:00:00+00:00,Karachi,29.5,81,998.7,3.76,36.8,106.9,203.0,14.3,5.9,46.0,89
2026-07-04 16:00:00+00:00,Karachi,29.2,82,999.4,4.43,33.6,99.7,191.0,14.3,5.9,45.0,90
2026-07-04 17:00:00+00:00,Karachi,29.2,83,999.7,4.27,35.4,104.1,180.0,13.2,5.8,46.0,90
2026-07-04 18:00:00+00:00,Karachi,29.3,82,999.6,3.83,37.0,107.8,167.0,11.8,5.6,48.0,91
2026-07-04 19:00:00+00:00,Karachi,29.0,84,999.5,3.71,34.6,96.4,148.0,10.3,5.3,49.0,92
2026-07-04 20:00:00+00:00,Karachi,28.7,86,999.0,3.71,31.4,86.1,128.0,8.5,4.9,50.0,93
2026-07-04 21:00:00+00:00,Karachi,28.6,86,998.8,3.51,29.8,82.0,113.0,7.1,4.6,51.0,94
2026-07-04 22:00:00+00:00,Karachi,28.6,85,998.7,3.36,28.6,78.7,107.0,6.2,4.5,52.0,95
2026-07-04 23:00:00+00:00,Karachi,28.6,84,998.5,3.56,27.8,77.1,107.0,5.6,4.5,52.0,95
2026-07-05 00:00:00+00:00,Karachi,28.4,87,998.0,3.31,30.3,84.5,115.0,4.8,4.3,56.0,96
2026-07-05 01:00:00+00:00,Karachi,28.5,86,998.6,3.47,30.6,87.1,140.0,5.4,4.7,56.0,97
2026-07-05 02:00:00+00:00,Karachi,28.9,83,998.7,3.8,32.4,99.0,174.0,6.1,5.2,57.0,97
2026-07-05 03:00:00+00:00,Karachi,29.9,77,998.7,4.3,36.7,114.1,194.0,6.3,5.6,60.0,98
2026-07-05 04:00:00+00:00,Karachi,31.1,69,998.8,5.13,39.3,122.5,186.0,5.5,5.8,69.0,98
2026-07-05 05:00:00+00:00,Karachi,32.1,64,998.5,4.41,39.7,122.0,165.0,4.3,6.0,80.0,99
2026-07-05 06:00:00+00:00,Karachi,32.5,61,999.2,4.15,39.0,119.0,150.0,3.3,6.0,89.0,99
2026-07-05 07:00:00+00:00,Karachi,32.9,60,999.0,4.07,37.8,114.3,149.0,2.8,5.9,93.0,99
2026-07-05 08:00:00+00:00,Karachi,33.2,59,998.2,4.39,37.0,111.5,154.0,2.6,5.7,95.0,99
2026-07-05 09:00:00+00:00,Karachi,33.2,60,997.5,4.47,36.7,110.4,161.0,2.7,5.5,93.0,99
2026-07-05 10:00:00+00:00,Karachi,32.8,63,997.3,4.55,36.8,109.7,172.0,3.0,5.4,87.0,99
2026-07-05 11:00:00+00:00,Karachi,32.0,67,996.6,4.68,36.3,105.9,186.0,3.6,5.3,78.0,99
2026-07-05 12:00:00+00:00,Karachi,31.9,68,996.5,4.29,46.8,134.1,192.0,4.4,5.2,71.0,100
2026-07-05 13:00:00+00:00,Karachi,31.0,72,996.9,4.35,46.4,131.3,185.0,5.6,5.3,65.0,100
2026-07-05 14:00:00+00:00,Karachi,30.6,74,997.4,4.45,44.4,120.1,172.0,7.3,5.5,57.0,101
2026-07-05 15:00:00+00:00,Karachi,30.2,76,998.2,4.45,42.7,110.6,160.0,8.8,5.7,50.0,101
2026-07-05 16:00:00+00:00,Karachi,29.8,80,998.7,3.58,41.3,102.4,154.0,9.9,5.9,47.0,102
2026-07-05 17:00:00+00:00,Karachi,29.6,82,999.3,3.19,35.9,88.7,149.0,10.7,6.2,46.0,103
2026-07-05 18:00:00+00:00,Karachi,29.8,80,999.1,3.05,34.0,83.6,143.0,11.0,6.3,46.0,103
2026-07-05 19:00:00+00:00,Karachi,29.4,83,998.7,2.94,33.3,82.4,133.0,10.4,6.1,46.0,103
2026-07-05 20:00:00+00:00,Karachi,29.0,86,998.1,2.55,32.4,78.9,121.0,9.3,5.7,46.0,102
2026-07-05 21:00:00+00:00,Karachi,29.0,87,997.8,2.5,31.8,77.8,114.0,8.3,5.5,46.0,103
2026-07-05 22:00:00+00:00,Karachi,28.7,89,997.6,2.79,32.2,78.2,108.0,7.7,5.5,46.0,103
2026-07-05 23:00:00+00:00,Karachi,28.6,90,997.6,2.66,40.7,103.6,105.0,7.3,5.7,46.0,103
2026-07-06 00:00:00+00:00,Karachi,28.7,89,997.3,3.1,28.9,64.5,121.0,7.2,5.6,48.0,104
2026-07-06 01:00:00+00:00,Karachi,28.8,88,997.8,3.05,29.9,70.3,175.0,8.2,6.2,49.0,104
2026-07-06 02:00:00+00:00,Karachi,29.2,86,998.5,2.85,34.2,93.8,247.0,9.5,7.1,51.0,104
2026-07-06 03:00:00+00:00,Karachi,30.3,80,998.8,2.93,38.5,111.5,292.0,10.0,7.7,56.0,104
2026-07-06 04:00:00+00:00,Karachi,31.6,72,998.9,3.32,43.1,126.7,281.0,8.7,8.0,68.0,105
2026-07-06 05:00:00+00:00,Karachi,32.6,67,998.7,3.5,45.9,134.1,242.0,6.6,8.1,84.0,105
2026-07-06 06:00:00+00:00,Karachi,33.1,62,999.0,3.16,47.7,133.6,213.0,4.9,8.0,97.0,106
2026-07-06 07:00:00+00:00,Karachi,33.3,63,998.4,3.35,46.9,125.7,210.0,4.1,7.6,104.0,107
2026-07-06 08:00:00+00:00,Karachi,33.3,64,997.6,3.65,45.1,117.3,218.0,3.7,7.1,107.0,107
2026-07-06 09:00:00+00:00,Karachi,33.2,66,997.0,4.0,42.0,106.9,228.0,3.8,6.7,106.0,108
2026-07-06 10:00:00+00:00,Karachi,32.6,69,996.5,3.94,38.4,95.9,240.0,4.5,6.6,99.0,109
2026-07-06 11:00:00+00:00,Karachi,32.1,70,996.3,3.61,35.0,85.7,254.0,5.6,6.6,89.0,109
2026-07-06 12:00:00+00:00,Karachi,31.8,72,995.9,3.68,42.6,110.8,262.0,8.0,7.5,91.0,109
2026-07-06 13:00:00+00:00,Karachi,30.9,76,996.2,3.72,39.0,97.6,259.0,10.9,7.5,78.0,108
2026-07-06 14:00:00+00:00,Karachi,30.0,81,996.3,3.85,35.0,83.8,249.0,15.0,7.6,60.0,108
2026-07-06 15:00:00+00:00,Karachi,29.8,81,996.7,3.55,30.4,69.6,239.0,18.6,7.8,46.0,107
2026-07-06 16:00:00+00:00,Karachi,29.9,80,998.0,2.66,27.2,60.1,230.0,21.4,8.3,39.0,105
2026-07-06 17:00:00+00:00,Karachi,29.8,81,998.5,2.07,26.8,57.5,221.0,23.8,8.9,36.0,104
2026-07-06 18:00:00+00:00,Karachi,29.7,81,998.4,2.16,26.7,54.2,210.0,24.6,9.2,35.0,103
2026-07-06 19:00:00+00:00,Karachi,29.3,83,998.2,1.73,27.3,54.4,195.0,23.0,8.9,36.0,102
2026-07-06 20:00:00+00:00,Karachi,29.1,85,997.9,1.57,26.1,50.3,178.0,19.8,8.3,39.0,102
2026-07-06 21:00:00+00:00,Karachi,28.8,87,997.7,0.81,24.7,47.0,165.0,17.0,7.8,42.0,101
2026-07-06 22:00:00+00:00,Karachi,28.5,88,997.1,1.55,23.5,43.4,152.0,15.1,7.7,44.0,100
2026-07-06 23:00:00+00:00,Karachi,28.4,89,996.6,2.02,22.8,41.7,143.0,13.6,7.7,46.0,99
2026-07-07 00:00:00+00:00,Karachi,28.7,91,998.1,2.69,24.4,48.3,155.0,14.0,8.2,45.0,98
2026-07-07 01:00:00+00:00,Karachi,28.6,92,998.3,2.33,25.0,49.5,211.0,13.5,8.2,51.0,98
2026-07-07 02:00:00+00:00,Karachi,29.4,87,998.6,2.67,27.9,60.3,288.0,12.7,8.1,59.0,97
2026-07-07 03:00:00+00:00,Karachi,30.2,83,998.4,3.12,28.1,63.3,336.0,11.6,8.1,69.0,97
2026-07-07 04:00:00+00:00,Karachi,31.1,77,998.5,2.82,29.2,67.1,325.0,9.8,8.3,83.0,96
2026-07-07 05:00:00+00:00,Karachi,32.2,71,998.3,2.89,31.1,69.8,285.0,7.5,8.5,100.0,95
2026-07-07 06:00:00+00:00,Karachi,32.8,67,998.3,3.16,31.3,68.5,254.0,5.8,8.6,112.0,94
2026-07-07 07:00:00+00:00,Karachi,33.5,65,997.6,2.87,31.2,67.5,247.0,4.9,8.4,118.0,92
2026-07-07 08:00:00+00:00,Karachi,33.7,66,997.1,3.13,30.4,65.9,250.0,4.4,8.1,120.0,91
2026-07-07 09:00:00+00:00,Karachi,32.9,70,996.7,4.03,29.9,65.0,259.0,4.5,7.8,118.0,90
2026-07-07 10:00:00+00:00,Karachi,32.5,69,996.3,3.78,29.6,65.2,278.0,5.2,7.5,110.0,89
2026-07-07 11:00:00+00:00,Karachi,32.2,70,995.8,3.28,29.3,64.5,303.0,6.5,7.1,97.0,88
2026-07-07 12:00:00+00:00,Karachi,32.2,70,996.3,2.66,29.3,61.9,319.0,7.8,7.6,94.0,88
2026-07-07 13:00:00+00:00,Karachi,31.1,77,995.9,3.36,29.4,65.2,318.0,9.5,7.5,83.0,87
2026-07-07 14:00:00+00:00,Karachi,30.3,83,996.0,4.59,28.1,63.6,308.0,11.8,7.3,68.0,86
2026-07-07 15:00:00+00:00,Karachi,30.1,83,997.3,3.87,25.2,58.6,292.0,13.4,7.1,57.0,86
2026-07-07 16:00:00+00:00,Karachi,30.0,84,997.7,3.22,25.4,59.6,270.0,13.8,7.0,53.0,85
2026-07-07 17:00:00+00:00,Karachi,29.7,85,998.4,2.73,24.2,51.1,242.0,13.5,6.9,52.0,85
2026-07-07 18:00:00+00:00,Karachi,29.7,84,998.4,3.16,24.1,49.5,214.0,12.7,6.7,52.0,85
2026-07-07 19:00:00+00:00,Karachi,29.4,86,997.9,3.16,23.7,46.9,185.0,11.4,6.3,52.0,85
2026-07-07 20:00:00+00:00,Karachi,29.3,85,997.5,3.02,23.6,46.9,156.0,9.6,5.8,53.0,84
2026-07-07 21:00:00+00:00,Karachi,29.2,87,997.4,2.55,23.1,45.3,137.0,8.1,5.4,54.0,84
2026-07-07 22:00:00+00:00,Karachi,29.1,87,997.0,2.89,23.0,46.4,128.0,7.1,5.2,54.0,84
2026-07-07 23:00:00+00:00,Karachi,28.9,89,996.6,2.91,22.9,47.5,128.0,6.3,5.1,54.0,84
2026-07-08 00:00:00+00:00,Karachi,28.7,90,996.5,3.05,23.2,49.0,146.0,6.7,5.5,54.0,84
2026-07-08 01:00:00+00:00,Karachi,28.5,89,996.5,2.94,23.7,52.0,198.0,8.7,6.0,53.0,84
2026-07-08 02:00:00+00:00,Karachi,29.0,85,997.2,3.07,25.7,60.3,268.0,11.3,6.8,52.0,84
2026-07-08 03:00:00+00:00,Karachi,30.0,78,997.7,3.31,28.4,74.0,310.0,12.6,7.3,55.0,84
2026-07-08 04:00:00+00:00,Karachi,31.3,71,998.0,3.01,32.5,87.1,299.0,11.1,7.4,67.0,84
2026-07-08 05:00:00+00:00,Karachi,32.0,68,998.2,3.26,34.1,91.7,260.0,8.3,7.3,85.0,84
2026-07-08 06:00:00+00:00,Karachi,32.0,68,998.1,4.32,35.0,94.5,229.0,5.9,7.0,97.0,84
2026-07-08 07:00:00+00:00,Karachi,32.1,68,998.1,4.6,34.9,93.4,217.0,4.7,6.5,101.0,85
2026-07-08 08:00:00+00:00,Karachi,32.0,69,997.6,4.75,33.9,88.2,213.0,4.0,6.0,101.0,85
2026-07-08 09:00:00+00:00,Karachi,32.1,69,997.1,4.99,32.8,82.2,217.0,3.9,5.5,98.0,85
2026-07-08 10:00:00+00:00,Karachi,32.1,70,996.7,5.01,31.7,76.6,234.0,4.5,5.3,92.0,85
2026-07-08 11:00:00+00:00,Karachi,31.7,72,996.0,5.12,30.6,72.6,259.0,5.7,5.1,82.0,85
2026-07-08 12:00:00+00:00,Karachi,31.2,74,996.2,5.39,37.5,89.9,272.0,7.5,5.2,72.0,86
2026-07-08 13:00:00+00:00,Karachi,30.3,77,996.3,5.35,35.5,81.0,263.0,9.0,5.3,66.0,86
2026-07-08 14:00:00+00:00,Karachi,29.6,80,996.6,5.06,30.9,67.5,242.0,11.1,5.4,58.0,87
2026-07-08 15:00:00+00:00,Karachi,29.4,80,997.2,4.77,27.6,59.0,224.0,12.7,5.5,52.0,87
2026-07-08 16:00:00+00:00,Karachi,29.1,82,998.1,4.33,26.5,53.1,214.0,13.4,5.7,49.0,87
2026-07-08 17:00:00+00:00,Karachi,29.0,82,999.0,4.16,25.6,51.9,207.0,13.5,5.9,48.0,87
2026-07-08 18:00:00+00:00,Karachi,29.3,81,998.8,4.03,25.3,52.7,196.0,13.0,6.0,47.0,87
2026-07-08 19:00:00+00:00,Karachi,28.9,83,998.5,4.18,24.8,53.1,177.0,11.6,5.7,47.0,87
2026-07-08 20:00:00+00:00,Karachi,28.9,83,998.5,4.33,23.7,52.3,155.0,9.5,5.3,48.0,87
2026-07-08 21:00:00+00:00,Karachi,28.5,88,998.0,3.87,22.6,51.7,138.0,7.7,4.9,48.0,87
2026-07-08 22:00:00+00:00,Karachi,28.4,88,998.1,3.75,21.5,50.6,126.0,6.4,4.7,48.0,87
2026-07-08 23:00:00+00:00,Karachi,28.2,88,998.1,4.07,20.0,47.8,119.0,5.3,4.5,48.0,87
2026-07-09 00:00:00+00:00,Karachi,28.5,87,998.4,4.23,20.2,48.3,128.0,5.4,4.5,50.0,87
2026-07-09 01:00:00+00:00,Karachi,28.4,87,998.8,4.28,19.4,46.2,169.0,6.5,4.7,49.0,87
2026-07-09 02:00:00+00:00,Karachi,28.9,84,999.3,4.79,22.1,55.8,227.0,7.8,5.1,49.0,87
2026-07-09 03:00:00+00:00,Karachi,29.7,78,999.7,5.04,24.1,61.7,261.0,8.4,5.3,51.0,86
2026-07-09 04:00:00+00:00,Karachi,30.4,74,1000.1,5.34,26.3,66.6,249.0,7.3,5.4,58.0,86
2026-07-09 05:00:00+00:00,Karachi,31.0,71,1000.2,5.41,26.3,66.6,213.0,5.4,5.4,67.0,85
2026-07-09 06:00:00+00:00,Karachi,31.7,66,1000.7,5.53,26.0,65.4,186.0,3.9,5.3,74.0,85
2026-07-09 07:00:00+00:00,Karachi,31.8,64,1000.6,5.52,25.5,64.3,179.0,3.3,5.2,77.0,84
2026-07-09 08:00:00+00:00,Karachi,32.0,64,1000.4,5.46,26.6,67.8,181.0,3.0,5.1,78.0,83
2026-07-09 09:00:00+00:00,Karachi,31.8,64,1000.2,5.62,26.7,67.3,187.0,3.2,5.0,77.0,83
2026-07-09 10:00:00+00:00,Karachi,31.5,67,1000.1,5.94,25.3,61.5,198.0,3.8,4.9,73.0,82
2026-07-09 11:00:00+00:00,Karachi,31.0,68,999.8,5.76,24.7,57.0,214.0,4.7,4.9,68.0,82
2026-07-09 12:00:00+00:00,Karachi,30.8,67,999.8,5.52,29.0,67.8,224.0,6.2,5.2,63.0,81
2026-07-09 13:00:00+00:00,Karachi,29.9,72,1000.1,5.3,29.2,65.2,225.0,7.9,5.3,58.0,81
2026-07-09 14:00:00+00:00,Karachi,29.4,74,1000.6,5.04,28.9,62.9,220.0,10.2,5.3,51.0,80
2026-07-09 15:00:00+00:00,Karachi,29.3,73,1001.2,4.9,26.1,55.6,212.0,11.7,5.4,46.0,80
2026-07-09 16:00:00+00:00,Karachi,29.1,76,1001.6,5.45,23.8,49.9,203.0,11.8,5.4,44.0,80
2026-07-09 17:00:00+00:00,Karachi,28.9,77,1002.5,4.91,23.3,49.5,191.0,11.0,5.4,44.0,80
2026-07-09 18:00:00+00:00,Karachi,29.2,78,1002.3,4.79,22.4,48.2,176.0,9.9,5.3,44.0,80
2026-07-09 19:00:00+00:00,Karachi,28.7,82,1002.3,5.08,21.1,46.1,156.0,8.2,4.9,44.0,79
2026-07-09 20:00:00+00:00,Karachi,28.4,84,1002.1,4.81,19.6,42.4,134.0,6.2,4.4,45.0,79
2026-07-09 21:00:00+00:00,Karachi,28.3,83,1001.6,4.7,18.3,39.1,118.0,4.7,4.0,45.0,79
2026-07-09 22:00:00+00:00,Karachi,28.3,83,1001.6,5.1,17.1,36.1,109.0,4.1,3.9,45.0,78
2026-07-09 23:00:00+00:00,Karachi,28.1,84,1001.4,5.34,16.2,34.0,106.0,4.0,4.0,44.0,78
2026-07-10 00:00:00+00:00,Karachi,28.5,83,1001.7,5.31,15.7,31.9,117.0,4.2,3.9,45.0,78
2026-07-10 01:00:00+00:00,Karachi,28.3,83,1001.9,5.17,15.4,31.7,156.0,5.4,4.1,45.0,77
2026-07-10 02:00:00+00:00,Karachi,28.6,81,1002.3,5.79,16.5,34.8,209.0,6.9,4.5,44.0,77
2026-07-10 03:00:00+00:00,Karachi,29.4,76,1003.1,6.06,21.0,45.6,241.0,7.6,4.7,46.0,77
2026-07-10 04:00:00+00:00,Karachi,30.0,73,1003.3,6.23,23.4,53.9,232.0,6.7,4.8,51.0,76
2026-07-10 05:00:00+00:00,Karachi,30.4,71,1003.5,6.15,23.4,55.1,202.0,5.0,4.8,58.0,76
2026-07-10 06:00:00+00:00,Karachi,30.9,68,1003.7,6.16,24.0,57.4,179.0,3.7,4.7,64.0,76
2026-07-10 07:00:00+00:00,Karachi,30.9,67,1003.5,6.34,24.9,60.8,172.0,3.1,4.6,68.0,76
2026-07-10 08:00:00+00:00,Karachi,31.0,69,1003.2,6.53,25.1,60.5,171.0,2.8,4.5,70.0,76
2026-07-10 09:00:00+00:00,Karachi,30.5,71,1002.6,6.46,24.9,60.3,175.0,2.9,4.4,70.0,76
2026-07-10 10:00:00+00:00,Karachi,31.0,68,1002.1,6.59,25.1,60.1,187.0,3.5,4.3,67.0,75
2026-07-10 11:00:00+00:00,Karachi,30.2,74,1001.9,6.58,25.1,59.0,204.0,4.4,4.3,63.0,75
2026-07-10 12:00:00+00:00,Karachi,30.6,70,1001.6,6.56,33.1,80.1,215.0,5.3,4.2,61.0,75
2026-07-10 13:00:00+00:00,Karachi,29.9,74,1001.5,6.66,32.9,76.8,213.0,6.2,4.3,58.0,76
2026-07-10 14:00:00+00:00,Karachi,29.3,77,1001.8,6.44,32.6,74.3,204.0,7.5,4.3,54.0,76
2026-07-10 15:00:00+00:00,Karachi,29.0,80,1002.1,5.96,31.2,68.9,195.0,8.4,4.4,51.0,76
2026-07-10 16:00:00+00:00,Karachi,28.6,83,1002.5,5.75,29.6,63.6,191.0,8.9,4.5,49.0,77
2026-07-10 17:00:00+00:00,Karachi,28.4,84,1003.1,5.59,23.6,52.3,187.0,9.0,4.6,47.0,77
2026-07-10 18:00:00+00:00,Karachi,28.5,84,1002.5,5.28,20.0,44.8,178.0,8.6,4.5,46.0,77
2026-07-10 19:00:00+00:00,Karachi,28.3,85,1002.3,5.08,18.2,41.2,158.0,7.3,4.2,47.0,77
2026-07-10 20:00:00+00:00,Karachi,28.1,85,1001.6,5.38,16.8,38.5,132.0,5.5,3.7,48.0,77
2026-07-10 21:00:00+00:00,Karachi,28.1,86,1001.1,6.04,15.7,35.6,113.0,4.1,3.4,49.0,77
2026-07-10 22:00:00+00:00,Karachi,28.1,86,1000.9,6.09,14.8,33.4,102.0,3.5,3.3,49.0,76
2026-07-10 23:00:00+00:00,Karachi,28.1,86,1000.8,5.99,14.3,32.0,99.0,3.3,3.3,48.0,76
2026-07-11 00:00:00+00:00,Karachi,27.9,87,1000.8,6.4,14.4,30.4,109.0,3.4,3.3,50.0,76
2026-07-11 01:00:00+00:00,Karachi,27.9,87,1001.0,5.98,14.8,31.9,148.0,4.5,3.5,49.0,76
2026-07-11 02:00:00+00:00,Karachi,28.3,84,1001.2,6.22,16.5,37.0,202.0,6.1,3.7,47.0,76
2026-07-11 03:00:00+00:00,Karachi,29.1,79,1001.5,6.66,21.2,47.8,234.0,6.8,3.9,48.0,76
2026-07-11 04:00:00+00:00,Karachi,30.1,73,1001.6,6.65,24.3,54.9,224.0,6.0,4.0,53.0,76
2026-07-11 05:00:00+00:00,Karachi,30.6,70,1001.6,6.95,25.3,59.6,193.0,4.5,4.1,60.0,76
2026-07-11 06:00:00+00:00,Karachi,30.7,70,1001.5,6.93,26.0,63.6,169.0,3.3,4.2,66.0,76
2026-07-11 07:00:00+00:00,Karachi,31.0,69,1000.9,6.78,26.5,66.4,164.0,2.8,4.2,70.0,76
2026-07-11 08:00:00+00:00,Karachi,31.1,68,1000.3,6.44,26.7,68.0,166.0,2.7,4.1,72.0,76
2026-07-11 09:00:00+00:00,Karachi,30.8,70,999.8,6.48,26.3,67.5,173.0,2.9,4.1,72.0,77
2026-07-11 10:00:00+00:00,Karachi,30.6,72,999.4,6.68,25.8,66.4,187.0,3.6,4.1,69.0,77
2026-07-11 11:00:00+00:00,Karachi,30.4,73,998.9,6.67,25.1,62.9,206.0,4.7,4.0,64.0,77
2026-07-11 12:00:00+00:00,Karachi,30.2,73,998.6,6.7,27.6,74.5,220.0,5.5,3.8,59.0,77
2026-07-11 13:00:00+00:00,Karachi,29.7,76,998.7,6.23,26.1,64.3,226.0,6.9,3.9,56.0,76
2026-07-11 14:00:00+00:00,Karachi,28.9,82,998.5,5.41,25.7,58.8,228.0,8.8,4.1,52.0,76
2026-07-11 15:00:00+00:00,Karachi,28.5,85,998.8,4.78,19.7,43.5,228.0,10.1,4.3,49.0,75
2026-07-11 16:00:00+00:00,Karachi,28.5,85,999.6,4.46,18.2,40.0,228.0,10.1,4.4,48.0,74
2026-07-11 17:00:00+00:00,Karachi,28.4,85,1000.1,3.95,17.9,41.1,225.0,9.5,4.5,48.0,73
2026-07-11 18:00:00+00:00,Karachi,28.8,83,999.5,4.41,17.2,38.4,214.0,8.6,4.4,49.0,73
2026-07-11 19:00:00+00:00,Karachi,28.5,85,999.0,4.63,17.5,39.6,186.0,7.3,4.1,50.0,73
2026-07-11 20:00:00+00:00,Karachi,28.4,85,998.4,4.84,17.6,41.8,149.0,5.7,3.6,51.0,73
2026-07-11 21:00:00+00:00,Karachi,28.3,85,997.7,4.77,17.3,41.9,122.0,4.5,3.3,52.0,73
2026-07-11 22:00:00+00:00,Karachi,28.1,86,997.2,4.56,17.1,41.7,109.0,3.9,3.2,52.0,73
2026-07-11 23:00:00+00:00,Karachi,28.1,85,996.6,4.52,17.2,42.7,106.0,3.7,3.2,51.0,73
2026-07-12 00:00:00+00:00,Karachi,28.4,85,995.9,5.22,18.3,45.6,114.0,3.8,3.2,52.0,73
2026-07-12 01:00:00+00:00,Karachi,28.4,85,996.2,5.08,18.6,47.3,143.0,4.8,3.6,51.0,74
2026-07-12 02:00:00+00:00,Karachi,28.9,83,996.4,4.42,19.0,48.3,183.0,6.1,4.1,50.0,74
2026-07-12 03:00:00+00:00,Karachi,29.9,78,996.5,5.28,23.1,61.5,206.0,6.6,4.5,51.0,74
2026-07-12 04:00:00+00:00,Karachi,30.8,74,996.6,5.46,26.0,72.4,196.0,5.6,4.6,57.0,74
2026-07-12 05:00:00+00:00,Karachi,31.6,71,996.2,5.47,26.9,76.1,170.0,3.8,4.5,65.0,74
2026-07-12 06:00:00+00:00,Karachi,31.5,71,996.4,6.29,26.9,75.2,151.0,2.5,4.4,71.0,74
2026-07-12 07:00:00+00:00,Karachi,32.2,67,996.0,5.64,26.8,74.3,147.0,2.1,4.4,75.0,75
2026-07-12 08:00:00+00:00,Karachi,32.8,66,995.6,5.58,27.2,74.3,150.0,2.2,4.3,77.0,75
2026-07-12 09:00:00+00:00,Karachi,32.8,66,995.1,5.67,27.9,74.7,156.0,2.5,4.3,77.0,75
2026-07-12 10:00:00+00:00,Karachi,32.6,65,994.6,5.86,29.0,76.8,167.0,3.0,4.2,76.0,75
2026-07-12 11:00:00+00:00,Karachi,32.2,67,994.2,5.47,29.4,76.1,182.0,3.8,4.2,73.0,75
2026-07-12 12:00:00+00:00,Karachi,31.3,71,994.7,4.94,30.6,82.4,194.0,4.9,4.3,69.0,75
2026-07-12 13:00:00+00:00,Karachi,30.4,74,995.0,4.61,31.5,86.6,202.0,6.9,4.5,64.0,76
2026-07-12 14:00:00+00:00,Karachi,29.7,77,995.6,3.83,33.5,93.6,207.0,9.6,4.8,56.0,76
2026-07-12 15:00:00+00:00,Karachi,29.4,79,996.3,3.73,32.2,87.8,208.0,11.2,5.0,51.0,77
2026-07-12 16:00:00+00:00,Karachi,29.1,80,997.0,4.35,31.0,91.7,203.0,10.8,4.9,49.0,78
2026-07-12 17:00:00+00:00,Karachi,29.0,80,997.4,4.21,29.6,89.9,194.0,9.3,4.6,49.0,79
2026-07-12 18:00:00+00:00,Karachi,29.4,78,997.7,4.39,26.3,79.4,181.0,7.7,4.3,50.0,80
2026-07-12 19:00:00+00:00,Karachi,29.1,80,997.6,4.15,21.4,63.8,160.0,6.3,3.9,51.0,80
2026-07-12 20:00:00+00:00,Karachi,29.0,80,997.7,3.94,16.7,47.6,135.0,4.8,3.4,52.0,81
2026-07-12 21:00:00+00:00,Karachi,28.9,79,997.0,4.53,14.0,38.0,116.0,3.7,3.1,52.0,80
2026-07-12 22:00:00+00:00,Karachi,28.8,79,996.7,4.63,13.2,34.0,103.0,3.1,3.0,52.0,80
2026-07-12 23:00:00+00:00,Karachi,28.8,79,996.6,4.89,13.2,32.8,97.0,2.9,3.0,51.0,80
2026-07-13 00:00:00+00:00,Karachi,28.8,80,997.1,4.31,19.4,50.8,109.0,3.2,2.9,52.0,80
2026-07-13 01:00:00+00:00,Karachi,28.7,81,997.4,4.3,17.6,45.2,159.0,5.5,3.5,49.0,80
2026-07-13 02:00:00+00:00,Karachi,29.1,79,998.1,3.94,19.7,49.4,228.0,8.5,4.4,46.0,80
2026-07-13 03:00:00+00:00,Karachi,30.0,73,998.6,4.79,22.4,55.3,268.0,10.0,5.0,46.0,80
2026-07-13 04:00:00+00:00,Karachi,30.7,70,999.0,5.21,23.6,62.2,252.0,8.6,5.1,52.0,80
2026-07-13 05:00:00+00:00,Karachi,31.3,67,999.2,5.4,23.9,62.9,208.0,5.6,4.9,61.0,79
2026-07-13 06:00:00+00:00,Karachi,31.9,66,999.9,5.41,24.0,64.3,174.0,3.4,4.7,68.0,79
2026-07-13 07:00:00+00:00,Karachi,31.9,66,1000.0,5.65,23.4,59.6,164.0,2.7,4.6,70.0,79
2026-07-13 08:00:00+00:00,Karachi,31.7,67,999.9,6.23,22.9,54.9,165.0,2.6,4.4,69.0,79
2026-07-13 09:00:00+00:00,Karachi,31.4,68,999.6,6.22,22.4,52.0,171.0,3.0,4.3,67.0,78
2026-07-13 10:00:00+00:00,Karachi,31.1,69,999.3,6.29,21.8,49.5,186.0,3.8,4.2,63.0,78
2026-07-13 11:00:00+00:00,Karachi,30.6,71,998.9,6.15,21.0,45.4,207.0,4.9,4.1,58.0,77
2026-07-13 12:00:00+00:00,Karachi,30.2,73,999.0,5.99,32.0,77.1,221.0,6.2,4.0,52.0,77
2026-07-13 13:00:00+00:00,Karachi,29.5,76,999.3,5.83,31.5,73.3,221.0,7.3,4.1,49.0,77
2026-07-13 14:00:00+00:00,Karachi,28.9,78,1000.0,6.06,30.7,68.5,214.0,8.7,4.3,45.0,77
2026-07-13 15:00:00+00:00,Karachi,28.4,81,1000.7,5.86,28.7,60.1,205.0,9.6,4.4,42.0,77
2026-07-13 16:00:00+00:00,Karachi,28.3,81,1001.4,5.73,22.2,46.8,195.0,9.5,4.5,41.0,76
2026-07-13 17:00:00+00:00,Karachi,28.0,83,1002.0,5.36,20.1,43.9,184.0,8.7,4.5,41.0,76
2026-07-13 18:00:00+00:00,Karachi,28.3,84,1001.7,4.67,19.8,45.2,170.0,7.9,4.5,41.0,75
2026-07-13 19:00:00+00:00,Karachi,28.0,86,1001.7,4.33,19.4,44.2,151.0,7.0,4.3,41.0,74
2026-07-13 20:00:00+00:00,Karachi,27.9,87,1001.2,4.7,19.2,46.2,130.0,5.9,4.1,42.0,74
2026-07-13 21:00:00+00:00,Karachi,27.7,88,1000.8,4.75,19.0,46.8,115.0,5.1,3.9,42.0,74
2026-07-13 22:00:00+00:00,Karachi,27.7,87,1000.3,5.02,18.2,44.1,106.0,4.6,3.8,42.0,75
2026-07-13 23:00:00+00:00,Karachi,27.5,88,1000.3,4.87,17.8,45.1,104.0,4.3,3.9,42.0,75
2026-07-14 00:00:00+00:00,Karachi,27.8,88,1000.4,4.63,17.9,44.8,118.0,4.7,4.0,43.0,76
2026-07-14 01:00:00+00:00,Karachi,27.8,87,1000.7,4.78,17.2,43.7,164.0,6.4,4.4,41.0,75
2026-07-14 02:00:00+00:00,Karachi,28.1,84,1001.1,5.17,18.4,48.1,226.0,8.7,4.9,39.0,75
2026-07-14 03:00:00+00:00,Karachi,28.7,81,1001.5,5.48,20.7,54.7,264.0,9.8,5.3,40.0,75
2026-07-14 04:00:00+00:00,Karachi,29.4,77,1001.8,5.34,22.2,59.6,254.0,8.6,5.4,46.0,75
2026-07-14 05:00:00+00:00,Karachi,29.6,77,1002.3,5.53,23.2,65.0,221.0,6.3,5.4,56.0,75
2026-07-14 06:00:00+00:00,Karachi,30.3,72,1002.4,5.46,26.1,78.9,195.0,4.6,5.3,62.0,75
2026-07-14 07:00:00+00:00,Karachi,30.7,71,1002.3,5.44,30.6,98.7,187.0,4.2,5.2,63.0,75
2026-07-14 08:00:00+00:00,Karachi,30.8,71,1002.1,5.34,22.9,64.5,187.0,4.5,5.1,61.0,76
2026-07-14 09:00:00+00:00,Karachi,30.5,73,1001.7,5.39,22.2,61.9,194.0,5.0,5.0,59.0,76
2026-07-14 10:00:00+00:00,Karachi,30.2,73,1001.4,5.48,21.9,60.8,213.0,5.5,4.9,56.0,76
2026-07-14 11:00:00+00:00,Karachi,29.7,74,1001.3,5.66,21.5,57.4,238.0,6.3,4.8,53.0,76
2026-07-14 12:00:00+00:00,Karachi,30.0,72,1001.0,5.27,24.4,65.9,255.0,8.2,5.0,48.0,76
2026-07-14 13:00:00+00:00,Karachi,29.1,77,1001.2,4.72,25.8,68.2,256.0,10.4,5.3,44.0,75
2026-07-14 14:00:00+00:00,Karachi,28.7,79,1001.5,4.56,23.8,55.8,247.0,13.3,5.8,39.0,75
2026-07-14 15:00:00+00:00,Karachi,28.3,84,1001.6,5.13,20.8,48.2,236.0,15.1,6.1,36.0,74
2026-07-14 16:00:00+00:00,Karachi,28.1,84,1002.5,4.53,19.0,39.9,223.0,14.9,6.1,35.0,74
2026-07-14 17:00:00+00:00,Karachi,28.2,81,1003.2,4.24,18.6,41.1,208.0,13.5,6.0,36.0,73
2026-07-14 18:00:00+00:00,Karachi,28.4,80,1002.8,4.12,18.7,43.0,190.0,11.9,5.8,37.0,73
2026-07-14 19:00:00+00:00,Karachi,28.2,80,1002.9,4.11,18.2,42.4,167.0,10.0,5.4,38.0,73
2026-07-14 20:00:00+00:00,Karachi,27.9,81,1002.7,4.16,17.4,41.3,142.0,7.8,4.9,40.0,73
2026-07-14 21:00:00+00:00,Karachi,27.6,85,1002.1,4.48,16.7,39.9,125.0,6.2,4.5,41.0,73
2026-07-14 22:00:00+00:00,Karachi,27.6,86,1001.9,4.37,16.2,38.2,116.0,5.4,4.4,41.0,73
2026-07-14 23:00:00+00:00,Karachi,27.4,87,1001.6,3.88,15.9,37.1,115.0,5.1,4.5,41.0,73
2026-07-15 00:00:00+00:00,Karachi,28.0,84,1001.9,3.61,15.2,32.6,129.0,5.9,4.8,40.0,72
2026-07-15 01:00:00+00:00,Karachi,28.0,81,1001.7,3.67,15.7,34.0,176.0,7.6,5.3,39.0,72
2026-07-15 02:00:00+00:00,Karachi,28.3,79,1002.3,3.84,17.3,38.9,238.0,9.8,6.0,38.0,72
2026-07-15 03:00:00+00:00,Karachi,29.0,74,1002.5,4.41,18.2,43.9,276.0,10.8,6.5,39.0,72
2026-07-15 04:00:00+00:00,Karachi,29.7,71,1002.9,4.43,21.1,51.6,264.0,9.6,6.5,46.0,72
2026-07-15 05:00:00+00:00,Karachi,30.4,68,1003.1,4.36,21.8,54.0,227.0,7.2,6.2,55.0,72
2026-07-15 06:00:00+00:00,Karachi,30.9,66,1003.3,4.55,23.0,57.4,199.0,5.3,5.9,62.0,72
2026-07-15 07:00:00+00:00,Karachi,30.7,68,1003.1,4.59,28.9,79.6,192.0,4.5,5.8,65.0,71
2026-07-15 08:00:00+00:00,Karachi,30.9,68,1002.8,4.74,23.9,58.4,195.0,4.3,5.7,66.0,71
2026-07-15 09:00:00+00:00,Karachi,31.0,67,1002.3,4.49,23.9,56.9,203.0,4.5,5.6,65.0,71
2026-07-15 10:00:00+00:00,Karachi,30.7,67,1002.3,4.43,24.2,57.3,221.0,5.3,5.5,61.0,71
2026-07-15 11:00:00+00:00,Karachi,30.2,69,1002.0,4.32,25.1,59.8,245.0,6.7,5.5,55.0,72
2026-07-15 12:00:00+00:00,Karachi,30.5,68,1002.2,4.3,32.6,83.8,261.0,7.0,5.5,54.0,72
2026-07-15 13:00:00+00:00,Karachi,29.7,72,1002.2,3.82,31.4,78.5,263.0,9.0,5.8,50.0,72
2026-07-15 14:00:00+00:00,Karachi,29.1,76,1002.3,3.8,31.3,77.3,257.0,11.7,6.3,43.0,73
2026-07-15 15:00:00+00:00,Karachi,28.6,79,1002.7,3.77,28.4,67.8,248.0,14.1,6.7,38.0,74
2026-07-15 16:00:00+00:00,Karachi,28.2,82,1003.2,3.47,27.1,62.2,239.0,16.1,7.2,35.0,74
2026-07-15 17:00:00+00:00,Karachi,28.0,83,1003.7,3.64,25.2,56.0,226.0,17.7,7.6,32.0,75
2026-07-15 18:00:00+00:00,Karachi,28.1,83,1004.0,3.12,24.0,51.3,210.0,18.1,7.8,31.0,75
2026-07-15 19:00:00+00:00,Karachi,27.9,84,1003.9,2.75,22.8,48.3,185.0,16.4,7.4,32.0,76
2026-07-15 20:00:00+00:00,Karachi,27.7,85,1003.8,2.55,21.5,45.9,156.0,13.6,6.6,34.0,76
2026-07-15 21:00:00+00:00,Karachi,27.5,85,1003.4,2.55,20.3,43.4,136.0,11.4,6.2,35.0,76
2026-07-15 22:00:00+00:00,Karachi,27.2,87,1003.2,2.64,19.4,41.7,125.0,10.8,6.3,34.0,77
2026-07-15 23:00:00+00:00,Karachi,27.3,87,1002.9,2.78,18.7,39.8,122.0,10.8,6.7,32.0,77
2026-07-16 00:00:00+00:00,Karachi,27.5,89,1003.1,2.66,17.9,35.6,139.0,9.7,6.7,34.0,77
2026-07-16 01:00:00+00:00,Karachi,27.3,90,1003.6,2.55,17.5,36.0,195.0,10.1,7.0,35.0,77
2026-07-16 02:00:00+00:00,Karachi,27.3,90,1004.1,3.13,18.6,42.4,270.0,10.7,7.4,37.0,77
2026-07-16 03:00:00+00:00,Karachi,28.6,82,1004.4,3.58,18.0,44.0,314.0,10.5,7.6,41.0,78
2026-07-16 04:00:00+00:00,Karachi,29.6,75,1004.6,3.65,18.3,47.4,296.0,9.0,7.3,48.0,78
2026-07-16 05:00:00+00:00,Karachi,30.2,71,1004.7,4.01,19.2,52.5,247.0,6.7,6.8,58.0,77
2026-07-16 06:00:00+00:00,Karachi,31.1,66,1004.8,3.69,20.7,59.3,210.0,5.0,6.4,65.0,77
2026-07-16 07:00:00+00:00,Karachi,31.2,66,1004.4,3.57,21.6,61.7,200.0,4.3,6.3,69.0,77
2026-07-16 08:00:00+00:00,Karachi,31.6,65,1003.8,3.72,21.7,61.2,202.0,4.1,6.4,71.0,76
2026-07-16 09:00:00+00:00,Karachi,31.1,67,1003.5,3.81,21.8,61.5,210.0,4.2,6.4,71.0,76
2026-07-16 10:00:00+00:00,Karachi,31.0,68,1003.0,3.88,21.8,60.8,227.0,4.6,6.3,68.0,76
2026-07-16 11:00:00+00:00,Karachi,30.6,69,1002.9,3.79,20.4,56.3,250.0,5.4,6.2,64.0,76
2026-07-16 12:00:00+00:00,Karachi,30.2,70,1003.2,3.57,28.3,85.9,264.0,7.1,6.4,56.0,75
2026-07-16 13:00:00+00:00,Karachi,29.6,72,1003.1,3.1,25.8,74.5,262.0,9.0,6.5,51.0,75
2026-07-16 14:00:00+00:00,Karachi,29.2,74,1003.3,2.9,23.7,63.3,251.0,11.6,6.7,43.0,75
2026-07-16 15:00:00+00:00,Karachi,28.7,77,1003.4,3.1,22.5,57.5,239.0,13.9,7.0,37.0,74
2026-07-16 16:00:00+00:00,Karachi,28.5,79,1003.7,3.33,22.0,55.2,228.0,15.7,7.5,33.0,74
2026-07-16 17:00:00+00:00,Karachi,28.3,80,1004.2,3.26,21.9,51.8,217.0,17.1,8.1,31.0,73
2026-07-16 18:00:00+00:00,Karachi,28.4,81,1004.2,3.05,19.6,43.8,202.0,17.5,8.3,30.0,73
2026-07-16 19:00:00+00:00,Karachi,28.0,82,1003.8,3.2,18.5,40.3,182.0,16.1,7.8,31.0,73
2026-07-16 20:00:00+00:00,Karachi,27.7,84,1003.6,3.25,17.1,36.2,158.0,13.6,6.9,33.0,72
2026-07-16 21:00:00+00:00,Karachi,27.8,83,1003.2,3.12,16.6,36.1,141.0,11.3,6.2,35.0,72
2026-07-16 22:00:00+00:00,Karachi,27.4,85,1002.8,3.35,15.6,32.9,128.0,9.6,5.9,36.0,72
2026-07-16 23:00:00+00:00,Karachi,27.3,86,1002.6,3.52,15.0,32.1,121.0,8.2,5.8,37.0,71
2026-07-17 00:00:00+00:00,Karachi,27.7,86,1002.7,3.43,14.5,31.8,132.0,8.3,6.1,37.0,71
2026-07-17 01:00:00+00:00,Karachi,27.5,87,1003.3,3.18,14.8,32.7,181.0,8.9,6.4,38.0,71
2026-07-17 02:00:00+00:00,Karachi,27.9,85,1003.7,3.78,16.6,39.1,248.0,9.6,6.8,39.0,71
2026-07-17 03:00:00+00:00,Karachi,28.7,79,1004.0,4.05,16.7,40.4,287.0,9.7,7.0,42.0,70
2026-07-17 04:00:00+00:00,Karachi,29.7,73,1004.3,3.96,19.5,46.9,270.0,8.7,6.7,47.0,70
2026-07-17 05:00:00+00:00,Karachi,30.5,69,1004.3,4.17,21.0,51.5,225.0,7.1,6.2,53.0,70
2026-07-17 06:00:00+00:00,Karachi,31.2,64,1004.4,4.19,21.4,53.2,192.0,5.7,5.8,59.0,71
2026-07-17 07:00:00+00:00,Karachi,31.0,65,1004.3,4.09,22.6,56.2,186.0,4.6,5.6,64.0,71
2026-07-17 08:00:00+00:00,Karachi,31.0,66,1003.6,4.19,22.5,53.7,191.0,3.7,5.4,69.0,71
2026-07-17 09:00:00+00:00,Karachi,30.6,69,1003.0,4.7,23.5,56.6,201.0,3.3,5.3,71.0,71
2026-07-17 10:00:00+00:00,Karachi,30.4,72,1002.3,5.21,23.0,53.3,217.0,3.7,5.2,67.0,71
2026-07-17 11:00:00+00:00,Karachi,30.3,71,1002.3,4.84,23.1,52.7,237.0,4.7,5.1,60.0,71
2026-07-17 12:00:00+00:00,Karachi,30.3,68,1002.2,4.67,23.9,57.9,249.0,6.2,5.0,53.0,71
2026-07-17 13:00:00+00:00,Karachi,29.5,71,1002.1,4.61,23.2,53.9,244.0,8.2,5.2,49.0,71
2026-07-17 14:00:00+00:00,Karachi,28.9,74,1002.5,4.59,22.8,51.5,231.0,10.8,5.6,44.0,71
2026-07-17 15:00:00+00:00,Karachi,28.7,75,1003.0,4.63,22.0,47.6,218.0,12.7,5.8,40.0,71
2026-07-17 16:00:00+00:00,Karachi,28.5,77,1003.5,4.66,19.1,41.1,209.0,13.1,5.9,39.0,71
2026-07-17 17:00:00+00:00,Karachi,28.3,78,1004.1,4.62,15.9,31.3,201.0,12.7,5.9,39.0,70
2026-07-17 18:00:00+00:00,Karachi,28.2,78,1003.9,4.47,14.7,28.9,188.0,11.8,5.8,40.0,70
2026-07-17 19:00:00+00:00,Karachi,28.1,79,1003.6,4.3,13.6,26.9,166.0,10.3,5.4,41.0,69
2026-07-17 20:00:00+00:00,Karachi,27.8,81,1003.2,4.15,12.5,24.7,140.0,8.3,4.9,43.0,69
2026-07-17 21:00:00+00:00,Karachi,27.7,82,1002.5,4.37,11.6,22.9,123.0,6.7,4.5,44.0,69
2026-07-17 22:00:00+00:00,Karachi,27.5,83,1002.2,4.54,11.1,22.2,116.0,5.8,4.4,45.0,68
2026-07-17 23:00:00+00:00,Karachi,27.5,83,1002.2,4.11,10.9,21.7,118.0,5.3,4.5,45.0,68
2026-07-18 00:00:00+00:00,Karachi,27.6,85,1002.4,4.27,11.5,23.5,132.0,5.3,4.7,46.0,68
2026-07-18 01:00:00+00:00,Karachi,27.6,83,1002.8,4.16,11.9,24.6,172.0,6.0,4.8,46.0,67
2026-07-18 02:00:00+00:00,Karachi,27.9,80,1003.0,4.7,13.3,28.9,225.0,7.0,4.9,46.0,67
2026-07-18 03:00:00+00:00,Karachi,28.6,76,1003.2,4.9,16.3,36.2,256.0,7.3,5.0,48.0,67
2026-07-18 04:00:00+00:00,Karachi,29.6,70,1003.3,4.84,18.1,41.4,242.0,6.3,4.9,54.0,67
2026-07-18 05:00:00+00:00,Karachi,30.4,64,1003.2,5.03,19.1,44.9,205.0,4.7,4.7,62.0,67
2026-07-18 06:00:00+00:00,Karachi,30.6,65,1003.0,5.68,19.4,47.1,178.0,3.5,4.5,68.0,67
2026-07-18 07:00:00+00:00,Karachi,30.8,65,1002.6,5.73,18.7,45.2,172.0,3.0,4.4,69.0,66
2026-07-18 08:00:00+00:00,Karachi,31.0,64,1002.1,5.55,17.8,43.7,176.0,2.9,4.3,69.0,66
2026-07-18 09:00:00+00:00,Karachi,31.1,63,1001.7,5.57,17.4,41.3,183.0,3.2,4.3,66.0,66
2026-07-18 10:00:00+00:00,Karachi,30.0,70,1001.4,5.72,17.1,39.6,196.0,3.9,4.3,61.0,65
2026-07-18 11:00:00+00:00,Karachi,30.1,70,1001.2,5.66,16.4,36.9,213.0,5.0,4.3,55.0,65
2026-07-18 12:00:00+00:00,Karachi,29.8,70,1001.1,5.5,19.6,45.9,224.0,6.7,4.1,49.0,64
2026-07-18 13:00:00+00:00,Karachi,29.2,72,1001.0,5.26,19.7,44.1,224.0,8.7,4.4,46.0,64
2026-07-18 14:00:00+00:00,Karachi,28.7,73,1001.1,5.5,21.7,47.0,218.0,11.4,4.7,43.0,64
2026-07-18 15:00:00+00:00,Karachi,28.6,75,1001.7,5.05,20.5,40.3,211.0,13.1,5.0,40.0,64
2026-07-18 16:00:00+00:00,Karachi,28.5,77,1002.6,5.01,20.3,39.1,206.0,13.1,5.1,40.0,64
2026-07-18 17:00:00+00:00,Karachi,28.4,79,1002.8,4.48,17.7,33.1,200.0,12.1,5.1,41.0,64
2026-07-18 18:00:00+00:00,Karachi,28.5,78,1002.6,4.79,16.8,30.0,189.0,10.8,5.0,42.0,64
2026-07-18 19:00:00+00:00,Karachi,28.2,80,1002.1,4.57,16.5,29.0,167.0,9.4,4.7,43.0,64
2026-07-18 20:00:00+00:00,Karachi,28.0,81,1001.6,4.29,16.5,29.9,140.0,7.7,4.3,45.0,64
2026-07-18 21:00:00+00:00,Karachi,27.7,82,1001.2,4.03,16.2,30.5,121.0,6.3,4.0,46.0,64
2026-07-18 22:00:00+00:00,Karachi,27.7,82,1000.9,3.73,15.8,31.2,114.0,5.4,3.9,47.0,65
2026-07-18 23:00:00+00:00,Karachi,27.6,82,1000.9,3.9,15.3,31.2,116.0,4.8,3.9,47.0,65
2026-07-19 00:00:00+00:00,Karachi,27.5,88,1001.0,3.86,15.5,32.9,126.0,4.8,4.1,49.0,66
2026-07-19 01:00:00+00:00,Karachi,27.6,88,1001.1,3.75,15.7,33.8,152.0,5.3,4.4,49.0,66
2026-07-19 02:00:00+00:00,Karachi,27.9,85,1001.4,4.02,17.4,40.2,186.0,6.0,4.9,50.0,66
2026-07-19 03:00:00+00:00,Karachi,28.7,80,1001.5,4.22,18.7,43.5,207.0,6.2,5.2,52.0,66
2026-07-19 04:00:00+00:00,Karachi,29.4,75,1001.7,4.77,28.8,77.3,203.0,5.5,5.2,57.0,67
2026-07-19 05:00:00+00:00,Karachi,28.9,77,1002.1,4.64,21.4,53.4,186.0,4.4,5.0,64.0,68
2026-07-19 06:00:00+00:00,Karachi,29.4,75,1001.9,4.55,22.2,56.5,172.0,3.6,4.9,69.0,68
2026-07-19 07:00:00+00:00,Karachi,29.8,73,1001.7,4.36,21.9,56.1,166.0,3.3,4.9,70.0,68
2026-07-19 08:00:00+00:00,Karachi,29.9,73,1001.1,4.62,22.2,58.1,162.0,3.3,4.9,69.0,68
2026-07-19 09:00:00+00:00,Karachi,29.9,74,1000.8,4.8,21.9,57.3,163.0,3.5,4.9,67.0,68
2026-07-19 10:00:00+00:00,Karachi,29.6,75,1000.5,4.74,22.2,59.0,172.0,3.9,4.9,64.0,69
2026-07-19 11:00:00+00:00,Karachi,29.5,77,1000.2,4.6,22.0,57.4,185.0,4.5,4.9,61.0,69
2026-07-19 12:00:00+00:00,Karachi,29.9,73,999.9,4.12,22.8,65.2,194.0,5.8,5.1,55.0,70
2026-07-19 13:00:00+00:00,Karachi,29.2,75,1000.0,3.6,23.8,66.1,195.0,7.3,5.4,52.0,70
2026-07-19 14:00:00+00:00,Karachi,28.8,76,1000.4,3.89,22.7,59.8,192.0,9.4,5.9,47.0,70
2026-07-19 15:00:00+00:00,Karachi,28.4,81,1001.0,3.54,23.9,63.6,188.0,10.8,6.2,44.0,70
2026-07-19 16:00:00+00:00,Karachi,28.2,83,1001.7,3.15,19.2,44.5,184.0,11.2,6.3,42.0,71
2026-07-19 17:00:00+00:00,Karachi,27.9,85,1002.3,3.23,18.2,43.5,179.0,10.9,6.4,42.0,71
2026-07-19 18:00:00+00:00,Karachi,28.2,83,1002.0,3.39,17.8,43.2,172.0,10.3,6.2,42.0,71
2026-07-19 19:00:00+00:00,Karachi,28.3,82,1001.6,3.2,16.9,40.4,161.0,9.2,5.8,43.0,71
2026-07-19 20:00:00+00:00,Karachi,27.9,84,1001.1,2.8,16.4,39.3,149.0,7.7,5.1,45.0,71
2026-07-19 21:00:00+00:00,Karachi,27.6,87,1000.5,2.98,15.9,38.8,139.0,6.5,4.7,46.0,71
2026-07-19 22:00:00+00:00,Karachi,27.4,88,1000.3,2.93,15.3,36.7,127.0,5.7,4.5,47.0,71
2026-07-19 23:00:00+00:00,Karachi,27.5,87,1000.4,2.44,15.0,36.1,117.0,5.2,4.6,47.0,71
2026-07-20 00:00:00+00:00,Karachi,27.7,89,1000.2,2.46,16.0,39.0,128.0,5.8,4.9,47.0,71
2026-07-20 01:00:00+00:00,Karachi,27.5,90,1000.3,2.91,16.3,39.0,182.0,6.9,5.6,48.0,71
2026-07-20 02:00:00+00:00,Karachi,28.0,87,1000.9,3.22,18.2,46.3,256.0,8.3,6.5,50.0,71
2026-07-20 03:00:00+00:00,Karachi,28.6,82,1001.1,3.58,19.4,52.9,302.0,9.2,7.2,52.0,71
2026-07-20 04:00:00+00:00,Karachi,28.9,80,1001.5,3.85,21.1,56.9,291.0,9.0,7.3,56.0,71
2026-07-20 05:00:00+00:00,Karachi,29.4,77,1001.5,3.88,21.9,56.8,251.0,8.3,7.1,61.0,70
2026-07-20 06:00:00+00:00,Karachi,29.9,74,1001.4,4.11,21.8,55.2,219.0,7.6,6.8,65.0,70
2026-07-20 07:00:00+00:00,Karachi,30.5,71,1001.2,4.01,21.3,52.6,207.0,6.9,6.4,66.0,70
2026-07-20 08:00:00+00:00,Karachi,31.2,68,1000.6,4.0,20.7,49.6,204.0,6.2,6.0,65.0,70
2026-07-20 09:00:00+00:00,Karachi,31.1,68,1000.1,4.12,22.6,54.5,207.0,5.9,5.7,64.0,70
2026-07-20 10:00:00+00:00,Karachi,30.7,70,999.8,4.23,21.1,47.5,222.0,6.2,5.6,62.0,70
2026-07-20 11:00:00+00:00,Karachi,30.4,70,999.3,4.37,21.0,47.1,244.0,6.9,5.6,59.0,70
2026-07-20 12:00:00+00:00,Karachi,30.3,72,999.3,3.62,26.1,63.8,258.0,8.2,5.5,55.0,70
2026-07-20 13:00:00+00:00,Karachi,29.4,76,999.5,3.68,26.5,65.7,258.0,10.1,5.8,51.0,70
2026-07-20 14:00:00+00:00,Karachi,29.0,78,999.9,3.57,26.3,64.0,251.0,12.7,6.2,46.0,70
2026-07-20 15:00:00+00:00,Karachi,28.5,81,1000.5,3.77,27.7,67.5,240.0,14.6,6.5,42.0,71
2026-07-20 16:00:00+00:00,Karachi,28.3,83,1001.1,3.94,24.3,54.8,227.0,15.3,6.8,40.0,71
2026-07-20 17:00:00+00:00,Karachi,28.2,84,1001.7,3.83,23.2,49.7,212.0,15.3,7.1,40.0,71
2026-07-20 18:00:00+00:00,Karachi,28.3,82,1001.9,3.37,22.7,47.6,195.0,14.5,7.1,40.0,72
2026-07-20 19:00:00+00:00,Karachi,28.2,83,1001.4,3.32,21.0,42.8,175.0,12.4,6.6,42.0,72
2026-07-20 20:00:00+00:00,Karachi,28.1,84,1001.1,3.36,20.1,41.9,153.0,9.5,5.8,44.0,72
2026-07-20 21:00:00+00:00,Karachi,27.9,85,1000.4,2.71,19.3,40.6,138.0,7.3,5.2,46.0,73
2026-07-20 22:00:00+00:00,Karachi,27.8,87,1000.1,2.55,18.6,39.6,125.0,6.2,5.1,47.0,73
2026-07-20 23:00:00+00:00,Karachi,27.6,88,999.8,2.93,18.3,40.0,119.0,5.9,5.2,47.0,73
2026-07-21 00:00:00+00:00,Karachi,28.0,86,999.6,2.72,18.4,42.8,138.0,7.0,6.2,46.0,74
2026-07-21 01:00:00+00:00,Karachi,27.8,87,999.9,2.62,18.0,40.3,210.0,9.8,7.2,44.0,74
2026-07-21 02:00:00+00:00,Karachi,28.1,86,1000.5,2.18,19.3,45.8,308.0,13.6,8.5,41.0,74
2026-07-21 03:00:00+00:00,Karachi,28.7,81,1000.6,2.6,20.8,50.6,368.0,15.7,9.2,40.0,74
2026-07-21 04:00:00+00:00,Karachi,29.1,79,1000.8,2.98,21.4,52.2,352.0,14.6,8.9,44.0,74
2026-07-21 05:00:00+00:00,Karachi,29.2,79,1001.0,2.93,21.9,51.7,299.0,11.9,8.1,50.0,74
2026-07-21 06:00:00+00:00,Karachi,30.3,72,1001.3,3.06,22.1,52.3,258.0,9.4,7.3,55.0,74
2026-07-21 07:00:00+00:00,Karachi,30.1,72,1001.2,3.07,22.8,53.2,249.0,7.7,6.8,59.0,74
2026-07-21 08:00:00+00:00,Karachi,30.1,73,1000.7,2.72,21.2,48.3,252.0,6.2,6.3,62.0,74
2026-07-21 09:00:00+00:00,Karachi,30.4,73,999.9,3.2,27.3,68.5,258.0,5.5,6.0,63.0,74
2026-07-21 10:00:00+00:00,Karachi,30.3,74,999.3,3.69,22.0,52.3,268.0,5.9,5.8,61.0,75
2026-07-21 11:00:00+00:00,Karachi,29.7,78,998.9,3.79,23.5,57.2,281.0,7.0,5.8,57.0,75
2026-07-21 12:00:00+00:00,Karachi,30.1,75,999.0,3.61,25.1,63.6,289.0,9.0,6.2,52.0,75
2026-07-21 13:00:00+00:00,Karachi,29.5,77,999.3,3.75,25.3,62.4,289.0,11.4,6.5,47.0,75
2026-07-21 14:00:00+00:00,Karachi,28.7,83,999.5,3.83,21.2,49.1,284.0,14.7,6.9,40.0,75
2026-07-21 15:00:00+00:00,Karachi,28.5,84,1000.1,3.28,21.0,47.3,279.0,17.0,7.3,35.0,74
2026-07-21 16:00:00+00:00,Karachi,28.4,84,1000.6,3.44,20.6,45.4,277.0,17.6,7.7,33.0,74
2026-07-21 17:00:00+00:00,Karachi,28.1,85,1001.0,2.94,18.2,38.0,274.0,17.2,8.0,33.0,74
2026-07-21 18:00:00+00:00,Karachi,28.6,83,1001.2,2.76,17.4,34.1,261.0,16.3,8.1,34.0,73
2026-07-21 19:00:00+00:00,Karachi,28.5,82,1000.7,2.94,17.3,32.7,227.0,14.8,7.6,35.0,73
2026-07-21 20:00:00+00:00,Karachi,28.1,84,1000.5,2.94,17.9,36.7,182.0,12.9,6.9,37.0,72
2026-07-21 21:00:00+00:00,Karachi,28.0,85,999.8,2.72,17.8,37.1,149.0,11.2,6.4,38.0,72
2026-07-21 22:00:00+00:00,Karachi,27.8,86,999.5,2.44,17.5,38.8,129.0,9.9,6.3,39.0,72
2026-07-21 23:00:00+00:00,Karachi,27.6,87,999.3,2.35,18.0,41.4,122.0,8.8,6.4,40.0,72
2026-07-22 00:00:00+00:00,Karachi,28.1,86,999.2,1.22,16.8,37.4,147.0,8.5,6.9,43.0,72
2026-07-22 01:00:00+00:00,Karachi,28.0,87,999.5,1.14,17.0,37.6,239.0,9.7,7.8,43.0,72
2026-07-22 02:00:00+00:00,Karachi,28.4,85,1000.1,1.35,19.1,45.8,364.0,11.4,8.9,43.0,72
2026-07-22 03:00:00+00:00,Karachi,29.2,80,1000.2,1.35,20.9,54.5,437.0,12.2,9.7,46.0,72
2026-07-22 04:00:00+00:00,Karachi,30.3,74,1000.3,2.22,24.6,68.7,406.0,11.4,9.6,53.0,72
2026-07-22 05:00:00+00:00,Karachi,31.2,70,1000.3,2.73,27.5,77.5,322.0,9.7,9.2,62.0,72
2026-07-22 06:00:00+00:00,Karachi,31.4,69,1000.1,3.2,29.6,82.2,256.0,8.3,8.7,69.0,72
2026-07-22 07:00:00+00:00,Karachi,31.2,70,999.9,3.27,39.2,112.2,234.0,7.5,8.4,72.0,73
2026-07-22 08:00:00+00:00,Karachi,31.3,70,999.2,3.36,30.0,79.2,230.0,7.0,8.1,72.0,74
2026-07-22 09:00:00+00:00,Karachi,31.1,72,998.7,3.73,28.7,74.0,234.0,6.9,7.9,70.0,75
2026-07-22 10:00:00+00:00,Karachi,30.5,75,998.2,3.59,27.6,70.3,248.0,7.3,7.7,67.0,75
2026-07-22 11:00:00+00:00,Karachi,30.5,74,997.7,3.37,26.5,66.6,271.0,8.1,7.6,62.0,76
2026-07-22 12:00:00+00:00,Karachi,31.1,72,997.4,3.22,24.7,61.9,290.0,12.2,9.0,56.0,76
2026-07-22 13:00:00+00:00,Karachi,30.2,77,998.3,3.21,24.6,60.5,302.0,15.0,9.0,49.0,76
2026-07-22 14:00:00+00:00,Karachi,29.2,82,998.6,3.39,25.1,60.3,310.0,18.8,9.0,40.0,76
2026-07-22 15:00:00+00:00,Karachi,28.5,84,998.9,3.15,23.1,54.2,305.0,20.9,8.9,34.0,76
2026-07-22 16:00:00+00:00,Karachi,28.9,81,999.3,3.93,21.5,50.3,280.0,19.7,8.6,34.0,76
2026-07-22 17:00:00+00:00,Karachi,28.8,81,1000.0,3.38,20.4,47.3,243.0,16.7,8.1,36.0,76
2026-07-22 18:00:00+00:00,Karachi,29.0,79,1000.1,3.28,18.9,43.3,207.0,13.8,7.6,39.0,76
2026-07-22 19:00:00+00:00,Karachi,28.7,80,999.7,3.4,18.6,44.0,175.0,11.4,6.9,41.0,77
2026-07-22 20:00:00+00:00,Karachi,28.6,81,999.4,3.15,18.3,44.7,144.0,9.0,6.2,44.0,77
2026-07-22 21:00:00+00:00,Karachi,28.3,83,998.7,2.8,19.2,52.9,127.0,7.4,5.8,46.0,77
2026-07-22 22:00:00+00:00,Karachi,28.1,84,998.5,2.4,20.0,58.4,115.0,6.7,5.8,46.0,77
2026-07-22 23:00:00+00:00,Karachi,28.1,84,998.3,1.55,21.2,66.6,115.0,6.7,6.0,46.0,77
2026-07-23 00:00:00+00:00,Karachi,28.5,82,998.6,0.78,22.2,67.1,162.0,6.9,7.0,46.0,77
2026-07-23 01:00:00+00:00,Karachi,28.2,84,998.6,0.79,24.3,68.5,306.0,9.3,9.0,43.0,78
2026-07-23 02:00:00+00:00,Karachi,28.7,81,999.3,0.72,24.6,68.9,496.0,12.5,11.8,40.0,78
2026-07-23 03:00:00+00:00,Karachi,29.5,77,998.8,1.58,25.4,71.9,612.0,14.2,13.8,43.0,79
2026-07-23 04:00:00+00:00,Karachi,30.4,73,999.4,1.32,26.2,77.8,585.0,13.1,14.4,55.0,79
2026-07-23 05:00:00+00:00,Karachi,30.7,72,999.3,2.15,27.0,80.1,485.0,10.4,14.1,73.0,79
2026-07-23 06:00:00+00:00,Karachi,31.9,65,999.2,1.47,29.7,82.7,399.0,8.1,13.7,91.0,79
2026-07-23 07:00:00+00:00,Karachi,32.8,61,998.7,2.38,32.8,84.8,361.0,6.6,13.2,110.0,79
2026-07-23 08:00:00+00:00,Karachi,32.0,64,998.3,4.31,34.2,84.3,337.0,5.3,12.4,127.0,79
2026-07-23 09:00:00+00:00,Karachi,32.1,63,997.5,4.1,33.5,80.3,321.0,4.9,11.5,134.0,79
2026-07-23 10:00:00+00:00,Karachi,32.1,66,997.0,3.67,31.0,75.7,314.0,5.4,10.4,121.0,79
2026-07-23 11:00:00+00:00,Karachi,31.9,66,996.6,3.18,28.1,71.9,315.0,6.6,9.1,96.0,80
2026-07-23 12:00:00+00:00,Karachi,31.2,71,996.4,3.37,38.2,99.9,310.0,9.5,10.6,93.0,80
2026-07-23 13:00:00+00:00,Karachi,30.5,75,996.6,3.36,35.3,95.7,293.0,13.2,9.9,74.0,81
2026-07-23 14:00:00+00:00,Karachi,29.7,78,997.5,2.24,32.0,87.1,272.0,18.2,9.0,48.0,82
2026-07-23 15:00:00+00:00,Karachi,29.3,82,997.2,3.32,31.0,85.0,250.0,21.2,8.2,30.0,82
2026-07-23 16:00:00+00:00,Karachi,29.3,82,998.0,3.21,28.6,78.2,230.0,20.1,7.8,28.0,83
2026-07-23 17:00:00+00:00,Karachi,29.1,83,998.9,3.21,25.9,70.3,211.0,16.9,7.5,33.0,83
2026-07-23 18:00:00+00:00,Karachi,29.4,82,999.9,2.92,24.6,69.2,194.0,14.4,7.4,38.0,84
2026-07-23 19:00:00+00:00,Karachi,29.0,84,999.4,2.75,23.9,67.3,178.0,13.6,7.5,39.0,84
2026-07-23 20:00:00+00:00,Karachi,28.8,84,999.2,2.36,23.9,66.8,164.0,13.4,7.8,38.0,85
2026-07-23 21:00:00+00:00,Karachi,28.6,85,998.5,2.08,23.3,64.3,157.0,13.3,8.2,38.0,85
2026-07-23 22:00:00+00:00,Karachi,28.6,84,998.4,1.77,22.6,61.5,157.0,13.1,8.6,37.0,85
2026-07-23 23:00:00+00:00,Karachi,28.4,85,998.3,1.21,22.1,58.2,164.0,13.1,9.0,36.0,86
2026-07-24 00:00:00+00:00,Karachi,28.8,85,998.1,1.55,24.5,70.3,189.0,12.5,10.9,38.0,86
2026-07-24 01:00:00+00:00,Karachi,28.6,86,998.6,1.49,24.5,66.6,252.0,13.0,11.4,38.0,86
2026-07-24 02:00:00+00:00,Karachi,28.9,85,999.3,1.55,26.0,74.0,332.0,13.5,12.0,39.0,86
2026-07-24 03:00:00+00:00,Karachi,29.9,79,999.3,1.43,27.4,79.6,383.0,13.2,12.3,44.0,86
2026-07-24 04:00:00+00:00,Karachi,30.9,74,999.8,1.57,31.1,94.5,378.0,11.4,11.9,57.0,86
2026-07-24 05:00:00+00:00,Karachi,31.9,69,1000.1,2.26,29.9,88.7,344.0,8.8,11.1,74.0,87
2026-07-24 06:00:00+00:00,Karachi,33.1,63,1000.2,2.48,32.0,89.9,311.0,6.6,10.2,88.0,87
2026-07-24 07:00:00+00:00,Karachi,32.6,66,999.8,3.86,32.9,87.5,286.0,5.2,9.1,97.0,87
2026-07-24 08:00:00+00:00,Karachi,32.4,65,999.3,4.19,32.2,83.1,262.0,4.3,7.8,103.0,87
2026-07-24 09:00:00+00:00,Karachi,32.5,64,998.6,3.62,30.3,77.1,250.0,4.2,6.9,103.0,87
2026-07-24 10:00:00+00:00,Karachi,32.0,67,998.0,3.6,29.0,75.4,261.0,5.1,6.5,94.0,87
2026-07-24 11:00:00+00:00,Karachi,31.4,69,997.9,3.46,27.9,72.9,285.0,6.8,6.5,79.0,86
2026-07-24 12:00:00+00:00,Karachi,31.0,72,997.5,3.47,30.9,75.9,299.0,10.8,7.2,77.0,86
2026-07-24 13:00:00+00:00,Karachi,30.3,75,997.2,3.37,29.5,77.3,295.0,13.2,7.1,66.0,86
2026-07-24 14:00:00+00:00,Karachi,29.8,78,997.7,3.35,29.6,78.0,281.0,16.5,6.9,50.0,85
2026-07-24 15:00:00+00:00,Karachi,29.8,79,998.4,3.15,29.6,76.1,264.0,18.2,6.7,40.0,85
2026-07-24 16:00:00+00:00,Karachi,29.7,80,999.4,2.56,26.5,68.9,244.0,17.0,6.6,39.0,85
2026-07-24 17:00:00+00:00,Karachi,29.5,82,1000.2,2.57,25.4,67.1,219.0,14.3,6.4,43.0,85
2026-07-24 18:00:00+00:00,Karachi,29.1,79,999.7,2.31,24.4,63.6,195.0,11.8,6.3,47.0,85
2026-07-24 19:00:00+00:00,Karachi,28.9,80,999.4,2.79,26.6,69.4,169.0,10.1,6.1,49.0,85
2026-07-24 20:00:00+00:00,Karachi,28.6,82,999.5,3.05,26.1,70.8,144.0,8.8,5.8,50.0,85
2026-07-24 21:00:00+00:00,Karachi,28.5,82,999.2,2.95,24.4,63.6,126.0,7.8,5.7,50.0,85
2026-07-24 22:00:00+00:00,Karachi,28.4,82,999.5,1.95,22.6,57.0,114.0,7.3,5.9,49.0,85
2026-07-24 23:00:00+00:00,Karachi,28.4,83,999.2,1.96,21.7,53.6,110.0,7.2,6.3,48.0,85
2026-07-25 00:00:00+00:00,Karachi,28.4,83,999.3,2.44,27.0,76.8,126.0,8.0,7.0,48.0,85
2026-07-25 01:00:00+00:00,Karachi,28.2,84,999.6,2.5,25.8,66.8,183.0,9.4,7.3,47.0,85
2026-07-25 02:00:00+00:00,Karachi,28.4,84,1000.2,2.58,27.4,75.2,260.0,11.4,7.8,45.0,86
2026-07-25 03:00:00+00:00,Karachi,29.2,79,1000.9,2.85,29.4,80.6,309.0,12.5,8.2,46.0,86
2026-07-25 04:00:00+00:00,Karachi,30.1,74,1001.4,2.9,30.0,81.7,301.0,12.0,8.5,51.0,86
2026-07-25 05:00:00+00:00,Karachi,30.4,73,1001.9,2.86,31.0,85.9,265.0,10.7,8.7,57.0,86
2026-07-25 06:00:00+00:00,Karachi,30.7,70,1002.0,3.29,31.3,86.4,238.0,9.6,8.8,63.0,86
2026-07-25 07:00:00+00:00,Karachi,31.0,69,1001.7,2.93,30.6,82.4,236.0,8.9,8.8,67.0,86
2026-07-25 08:00:00+00:00,Karachi,31.6,66,1001.4,2.71,29.2,76.8,243.0,8.5,8.8,70.0,86
2026-07-25 09:00:00+00:00,Karachi,31.5,66,1000.8,2.79,27.5,70.5,251.0,8.5,8.6,70.0,85
2026-07-25 10:00:00+00:00,Karachi,31.3,67,1000.4,3.48,24.9,62.2,261.0,9.2,8.1,65.0,85
2026-07-25 11:00:00+00:00,Karachi,31.0,69,1000.0,4.0,25.9,66.6,272.0,10.4,7.5,58.0,85
2026-07-25 12:00:00+00:00,Karachi,30.5,71,999.6,3.29,28.7,82.9,276.0,10.8,6.7,52.0,85
2026-07-25 13:00:00+00:00,Karachi,29.6,75,999.9,2.91,26.3,75.4,270.0,12.8,6.9,47.0,85
2026-07-25 14:00:00+00:00,Karachi,29.2,78,1000.6,3.01,24.8,69.2,257.0,15.5,7.2,41.0,84
2026-07-25 15:00:00+00:00,Karachi,28.9,80,1000.7,3.41,23.6,63.8,241.0,16.8,7.3,37.0,84
2026-07-25 16:00:00+00:00,Karachi,28.9,80,1001.6,3.34,21.2,58.8,220.0,15.5,7.0,38.0,83
2026-07-25 17:00:00+00:00,Karachi,28.9,80,1001.9,4.03,20.2,57.0,196.0,12.8,6.6,41.0,83
2026-07-25 18:00:00+00:00,Karachi,28.4,79,1002.1,2.55,21.1,62.4,175.0,10.6,6.3,44.0,83
2026-07-25 19:00:00+00:00,Karachi,28.2,80,1001.5,2.51,22.3,67.5,158.0,9.4,6.3,45.0,82
2026-07-25 20:00:00+00:00,Karachi,28.2,79,1001.2,1.78,24.1,74.7,143.0,8.7,6.3,46.0,82
2026-07-25 21:00:00+00:00,Karachi,28.1,80,1000.9,1.87,23.2,70.3,133.0,8.1,6.4,46.0,82
2026-07-25 22:00:00+00:00,Karachi,28.1,80,1001.1,1.61,22.5,66.4,125.0,7.6,6.4,46.0,82
2026-07-25 23:00:00+00:00,Karachi,28.2,80,1001.0,1.7,22.7,68.2,120.0,7.3,6.5,46.0,82
2026-07-26 00:00:00+00:00,Karachi,28.5,79,1000.8,2.52,23.4,76.1,127.0,8.4,7.1,45.0,82
2026-07-26 01:00:00+00:00,Karachi,28.4,79,1001.3,2.61,23.1,74.7,156.0,8.5,7.0,46.0,82
2026-07-26 02:00:00+00:00,Karachi,28.6,77,1002.0,3.06,24.4,82.9,195.0,8.6,6.9,47.0,81
2026-07-26 03:00:00+00:00,Karachi,29.3,74,1002.4,2.75,27.8,96.2,220.0,8.4,7.1,51.0,81
2026-07-26 04:00:00+00:00,Karachi,29.9,70,1002.6,2.81,28.5,98.3,216.0,7.7,7.8,58.0,81
2026-07-26 05:00:00+00:00,Karachi,30.4,68,1003.1,2.9,30.7,104.8,197.0,6.7,8.7,67.0,81
2026-07-26 06:00:00+00:00,Karachi,31.2,65,1003.4,3.05,32.9,109.7,182.0,5.7,9.2,75.0,81
2026-07-26 07:00:00+00:00,Karachi,32.5,60,1003.0,2.87,34.1,109.2,177.0,4.7,8.7,83.0,81
2026-07-26 08:00:00+00:00,Karachi,32.5,61,1002.4,3.47,33.9,104.8,175.0,3.7,7.7,91.0,81
2026-07-26 09:00:00+00:00,Karachi,32.0,63,1002.0,4.34,33.5,100.6,176.0,3.2,6.9,95.0,82
2026-07-26 10:00:00+00:00,Karachi,31.8,64,1001.1,4.11,32.1,92.2,183.0,3.3,6.5,93.0,82
2026-07-26 11:00:00+00:00,Karachi,31.2,66,1000.6,3.79,28.8,79.2,193.0,4.0,6.3,86.0,83
2026-07-26 12:00:00+00:00,Karachi,31.1,67,1000.6,3.69,28.3,81.3,200.0,5.6,7.0,88.0,83
2026-07-26 13:00:00+00:00,Karachi,30.2,70,1000.9,3.27,25.7,73.8,202.0,8.0,6.7,75.0,83
2026-07-26 14:00:00+00:00,Karachi,29.4,74,1001.5,3.13,23.8,66.4,201.0,11.3,6.4,57.0,83
2026-07-26 15:00:00+00:00,Karachi,28.9,77,1001.9,3.28,22.9,60.3,196.0,13.4,6.1,44.0,83
2026-07-26 16:00:00+00:00,Karachi,28.7,79,1002.3,3.1,21.2,56.1,186.0,13.1,6.1,41.0,83
2026-07-26 17:00:00+00:00,Karachi,28.4,81,1002.4,3.05,21.1,55.6,173.0,11.5,6.3,42.0,83
2026-07-26 18:00:00+00:00,Karachi,28.7,79,1002.1,2.53,21.2,56.8,159.0,10.0,6.3,44.0,83
2026-07-26 19:00:00+00:00,Karachi,28.5,80,1002.4,2.65,20.6,52.6,143.0,8.8,6.0,45.0,83
2026-07-26 20:00:00+00:00,Karachi,28.4,81,1002.2,3.16,20.9,54.9,126.0,7.6,5.5,45.0,83
2026-07-26 21:00:00+00:00,Karachi,28.3,81,1001.6,3.26,21.2,57.2,115.0,6.7,5.2,46.0,82
2026-07-26 22:00:00+00:00,Karachi,28.2,81,1001.4,3.2,21.5,59.6,108.0,6.1,5.1,46.0,82
2026-07-26 23:00:00+00:00,Karachi,28.1,82,1001.3,3.21,21.9,62.2,107.0,5.7,5.2,46.0,82
2026-07-27 00:00:00+00:00,Karachi,28.5,81,1001.0,3.32,20.8,58.9,121.0,4.6,4.7,49.0,82
2026-07-27 01:00:00+00:00,Karachi,28.3,81,1001.1,2.83,21.4,61.7,165.0,5.7,5.0,49.0,82
2026-07-27 02:00:00+00:00,Karachi,28.8,79,1001.7,3.21,24.3,78.2,225.0,7.1,5.5,48.0,82
2026-07-27 03:00:00+00:00,Karachi,29.7,74,1002.0,3.6,30.7,105.0,262.0,7.9,6.0,52.0,82
2026-07-27 04:00:00+00:00,Karachi,30.7,68,1002.0,3.62,31.4,106.4,256.0,7.3,6.5,63.0,82
2026-07-27 05:00:00+00:00,Karachi,31.9,62,1001.7,3.86,35.6,120.1,228.0,6.0,7.0,77.0,82
2026-07-27 06:00:00+00:00,Karachi,31.5,65,1001.6,4.17,37.4,121.5,205.0,4.9,7.1,88.0,83
2026-07-27 07:00:00+00:00,Karachi,32.2,62,1001.4,4.36,37.7,118.3,196.0,4.1,6.7,92.0,83
2026-07-27 08:00:00+00:00,Karachi,32.1,62,1001.0,4.68,36.8,113.4,192.0,3.4,5.9,91.0,83
2026-07-27 09:00:00+00:00,Karachi,31.7,64,1000.5,4.77,36.6,113.2,193.0,3.3,5.3,88.0,83
2026-07-27 10:00:00+00:00,Karachi,31.6,64,999.6,4.79,36.1,110.6,203.0,3.9,5.1,81.0,84
2026-07-27 11:00:00+00:00,Karachi,31.4,65,998.8,4.81,34.8,103.6,217.0,4.9,5.1,71.0,84
2026-07-27 12:00:00+00:00,Karachi,31.3,64,998.8,4.64,29.3,89.9,226.0,7.5,5.0,54.0,84
2026-07-27 13:00:00+00:00,Karachi,30.4,68,998.8,4.69,27.8,82.0,224.0,9.2,5.2,51.0,85
2026-07-27 14:00:00+00:00,Karachi,29.5,73,999.0,4.7,26.2,74.0,215.0,11.5,5.4,46.0,85
2026-07-27 15:00:00+00:00,Karachi,29.1,77,999.7,4.65,25.6,70.5,205.0,12.9,5.6,43.0,85
2026-07-27 16:00:00+00:00,Karachi,28.6,80,1000.3,4.4,25.2,70.3,193.0,12.5,5.6,43.0,85
2026-07-27 17:00:00+00:00,Karachi,28.4,82,1000.4,4.32,21.7,61.9,179.0,11.3,5.6,44.0,85
2026-07-27 18:00:00+00:00,Karachi,28.7,79,1000.0,4.18,18.9,55.3,165.0,10.0,5.5,45.0,85
2026-07-27 19:00:00+00:00,Karachi,28.4,79,999.9,3.9,18.4,52.6,149.0,9.1,5.4,45.0,85
2026-07-27 20:00:00+00:00,Karachi,28.3,79,999.4,3.72,16.6,44.8,133.0,8.2,5.2,45.0,85
2026-07-27 21:00:00+00:00,Karachi,28.0,81,998.8,4.0,15.6,40.0,121.0,7.4,5.0,45.0,85
2026-07-27 22:00:00+00:00,Karachi,27.9,80,998.3,4.14,14.4,35.6,112.0,6.4,4.8,46.0,84
2026-07-27 23:00:00+00:00,Karachi,27.9,80,998.1,4.2,13.3,32.4,107.0,5.5,4.7,46.0,84
2026-07-28 00:00:00+00:00,Karachi,27.9,86,998.1,4.32,14.5,41.2,120.0,5.4,4.7,47.0,83
2026-07-28 01:00:00+00:00,Karachi,27.7,87,998.2,4.03,14.7,38.9,169.0,6.4,4.9,47.0,83
2026-07-28 02:00:00+00:00,Karachi,28.1,84,998.7,4.07,16.2,44.4,235.0,7.7,5.3,48.0,82
2026-07-28 03:00:00+00:00,Karachi,29.0,78,999.0,4.24,20.1,56.3,275.0,8.2,5.5,51.0,81
2026-07-28 04:00:00+00:00,Karachi,30.1,71,999.3,4.4,22.0,61.5,262.0,7.3,5.6,60.0,81
2026-07-28 05:00:00+00:00,Karachi,30.9,66,999.1,4.63,23.4,65.9,224.0,5.6,5.6,71.0,80
2026-07-28 06:00:00+00:00,Karachi,31.1,65,999.3,4.7,24.4,67.5,195.0,4.2,5.6,80.0,79
2026-07-28 07:00:00+00:00,Karachi,31.4,64,999.2,4.8,25.0,68.9,190.0,3.5,5.5,85.0,78
2026-07-28 08:00:00+00:00,Karachi,31.3,65,998.8,4.62,25.5,69.8,194.0,3.1,5.3,87.0,77
2026-07-28 09:00:00+00:00,Karachi,31.7,63,998.3,4.88,25.1,67.5,203.0,3.2,5.1,86.0,76
2026-07-28 10:00:00+00:00,Karachi,31.8,62,997.6,4.94,25.0,66.4,218.0,3.8,5.0,81.0,75
2026-07-28 11:00:00+00:00,Karachi,31.1,68,997.1,4.89,24.8,66.6,236.0,4.8,5.0,73.0,74
2026-07-28 12:00:00+00:00,Karachi,30.7,71,996.9,5.1,31.8,92.9,248.0,6.1,4.9,68.0,73
2026-07-28 13:00:00+00:00,Karachi,29.7,76,997.0,5.28,30.0,85.2,246.0,8.3,5.1,62.0,74
2026-07-28 14:00:00+00:00,Karachi,28.9,81,997.5,4.7,27.8,74.0,238.0,11.3,5.4,53.0,74
2026-07-28 15:00:00+00:00,Karachi,28.6,82,997.7,4.43,27.1,64.3,229.0,13.4,5.6,47.0,74
2026-07-28 16:00:00+00:00,Karachi,28.8,79,998.7,3.89,26.8,61.0,224.0,13.8,5.8,46.0,74
2026-07-28 17:00:00+00:00,Karachi,28.6,82,999.4,3.38,24.9,54.6,219.0,13.2,6.1,47.0,74
2026-07-28 18:00:00+00:00,Karachi,28.9,82,999.3,2.89,25.7,55.1,208.0,12.3,6.1,49.0,74
2026-07-28 19:00:00+00:00,Karachi,28.6,85,999.2,3.16,26.0,53.8,185.0,11.0,5.8,50.0,75
2026-07-28 20:00:00+00:00,Karachi,28.3,87,999.0,3.33,25.0,50.5,156.0,9.3,5.4,51.0,76
2026-07-28 21:00:00+00:00,Karachi,28.2,86,998.6,3.44,23.3,47.3,135.0,7.8,5.0,52.0,76
2026-07-28 22:00:00+00:00,Karachi,27.7,91,998.2,3.58,21.5,44.1,125.0,6.5,4.8,52.0,77
2026-07-28 23:00:00+00:00,Karachi,27.7,92,998.1,3.56,20.0,41.3,122.0,5.5,4.6,52.0,77
2026-07-29 00:00:00+00:00,Karachi,28.0,91,998.0,3.31,19.8,42.3,136.0,4.9,4.3,54.0,78
2026-07-29 01:00:00+00:00,Karachi,28.0,91,998.4,3.45,19.4,41.1,181.0,6.2,4.5,52.0,78
2026-07-29 02:00:00+00:00,Karachi,28.4,87,998.7,4.19,19.6,42.7,241.0,7.8,4.9,50.0,79
2026-07-29 03:00:00+00:00,Karachi,29.3,81,999.0,4.59,22.9,52.4,278.0,8.7,5.2,52.0,79
2026-07-29 04:00:00+00:00,Karachi,30.4,75,999.3,4.6,25.1,58.9,268.0,8.0,5.5,60.0,79
2026-07-29 05:00:00+00:00,Karachi,31.8,66,999.4,4.42,27.2,66.1,235.0,6.4,5.7,72.0,79
2026-07-29 06:00:00+00:00,Karachi,32.2,64,999.6,4.46,26.8,63.8,210.0,5.2,5.8,81.0,80
2026-07-29 07:00:00+00:00,Karachi,32.8,61,999.5,4.14,27.4,66.6,206.0,4.5,5.8,87.0,80
2026-07-29 08:00:00+00:00,Karachi,33.2,59,999.1,4.14,27.6,66.8,210.0,4.2,5.7,91.0,80
2026-07-29 09:00:00+00:00,Karachi,32.5,64,998.6,4.52,27.5,66.1,219.0,4.3,5.6,91.0,80
2026-07-29 10:00:00+00:00,Karachi,31.6,68,998.1,5.03,27.6,66.4,234.0,5.0,5.5,86.0,80
2026-07-29 11:00:00+00:00,Karachi,31.0,71,997.7,4.75,27.4,64.7,253.0,6.2,5.5,77.0,81
2026-07-29 12:00:00+00:00,Karachi,31.0,72,997.9,4.15,30.3,75.2,268.0,8.3,5.8,71.0,81
2026-07-29 13:00:00+00:00,Karachi,29.9,77,998.0,3.97,29.5,70.5,275.0,10.8,6.0,64.0,81
2026-07-29 14:00:00+00:00,Karachi,28.9,83,998.1,3.92,28.6,66.1,278.0,14.3,6.3,55.0,81
2026-07-29 15:00:00+00:00,Karachi,28.4,85,998.7,3.23,26.4,60.3,279.0,16.9,6.6,47.0,81
2026-07-29 16:00:00+00:00,Karachi,28.6,84,999.7,2.96,23.6,54.0,283.0,18.1,7.0,43.0,81
2026-07-29 17:00:00+00:00,Karachi,28.6,83,1000.0,2.4,22.5,49.5,286.0,18.5,7.4,42.0,80
2026-07-29 18:00:00+00:00,Karachi,28.8,84,999.4,2.48,22.0,46.9,277.0,18.2,7.6,41.0,80
2026-07-29 19:00:00+00:00,Karachi,28.4,87,998.9,2.7,21.2,44.1,245.0,17.0,7.3,41.0,80
2026-07-29 20:00:00+00:00,Karachi,28.4,87,998.8,2.5,20.2,41.4,201.0,15.0,6.7,42.0,80
2026-07-29 21:00:00+00:00,Karachi,28.1,89,998.6,2.46,19.0,39.5,167.0,13.0,6.2,44.0,79
2026-07-29 22:00:00+00:00,Karachi,28.0,90,997.9,2.69,18.3,38.9,147.0,11.0,5.9,46.0,79
2026-07-29 23:00:00+00:00,Karachi,27.8,90,997.5,2.93,17.8,38.6,137.0,8.9,5.8,48.0,79
2026-07-30 00:00:00+00:00,Karachi,28.0,91,997.7,2.47,17.4,37.6,152.0,8.4,5.8,48.0,78
2026-07-30 01:00:00+00:00,Karachi,27.9,91,997.6,2.5,18.0,40.3,214.0,9.2,6.2,48.0,78
2026-07-30 02:00:00+00:00,Karachi,28.4,88,997.9,2.4,20.6,50.9,300.0,10.2,6.8,50.0,78
2026-07-30 03:00:00+00:00,Karachi,29.4,81,998.1,2.55,23.3,61.0,354.0,10.5,7.6,56.0,78
2026-07-30 04:00:00+00:00,Karachi,30.9,73,998.4,2.53,29.9,82.4,343.0,9.6,8.8,71.0,78
2026-07-30 05:00:00+00:00,Karachi,32.1,67,998.3,2.37,30.4,85.7,300.0,8.1,10.2,91.0,79
2026-07-30 06:00:00+00:00,Karachi,32.1,68,998.6,2.76,34.9,95.0,267.0,6.7,10.9,108.0,79
2026-07-30 07:00:00+00:00,Karachi,32.8,66,998.1,2.94,36.6,92.7,259.0,5.6,10.5,121.0,80
2026-07-30 08:00:00+00:00,Karachi,32.9,66,997.9,3.12,35.7,86.8,261.0,4.8,9.4,131.0,80
2026-07-30 09:00:00+00:00,Karachi,32.9,67,997.2,3.58,33.5,79.6,269.0,4.6,8.5,133.0,81
2026-07-30 10:00:00+00:00,Karachi,32.3,69,996.7,3.6,31.4,75.4,287.0,5.3,8.0,123.0,81
2026-07-30 11:00:00+00:00,Karachi,31.8,70,996.1,3.4,30.4,75.2,310.0,6.8,7.6,106.0,82
2026-07-30 12:00:00+00:00,Karachi,31.4,72,996.0,3.76,36.4,95.2,327.0,9.1,8.4,96.0,82
2026-07-30 13:00:00+00:00,Karachi,30.4,77,996.0,3.67,34.5,90.1,331.0,12.6,8.2,81.0,82
2026-07-30 14:00:00+00:00,Karachi,29.7,81,996.4,2.97,32.6,82.7,328.0,17.3,8.0,61.0,83
2026-07-30 15:00:00+00:00,Karachi,29.2,84,996.9,2.65,28.8,72.6,321.0,20.9,8.0,46.0,83
2026-07-30 16:00:00+00:00,Karachi,29.1,84,997.4,2.3,27.3,69.2,314.0,22.1,8.3,41.0,83
2026-07-30 17:00:00+00:00,Karachi,29.2,83,998.3,2.51,27.1,67.3,304.0,22.1,8.8,42.0,84
2026-07-30 18:00:00+00:00,Karachi,29.4,84,998.4,2.35,27.0,62.9,284.0,22.0,9.1,42.0,84
2026-07-30 19:00:00+00:00,Karachi,28.8,87,997.8,2.11,26.8,59.1,246.0,22.5,9.1,40.0,84
2026-07-30 20:00:00+00:00,Karachi,28.5,88,997.2,1.6,26.0,54.5,200.0,22.8,8.9,38.0,85
2026-07-30 21:00:00+00:00,Karachi,28.2,91,996.5,1.56,24.7,49.2,165.0,22.1,8.6,37.0,85
2026-07-30 22:00:00+00:00,Karachi,28.0,92,996.6,2.26,23.4,46.2,144.0,19.3,8.1,39.0,86
2026-07-30 23:00:00+00:00,Karachi,27.8,93,996.6,2.52,21.9,44.4,135.0,15.4,7.6,43.0,86
2026-07-31 00:00:00+00:00,Karachi,28.2,91,996.6,2.16,21.6,44.2,154.0,14.0,7.9,44.0,86
2026-07-31 01:00:00+00:00,Karachi,27.9,93,996.7,1.75,21.3,43.1,229.0,14.5,8.7,45.0,87
2026-07-31 02:00:00+00:00,Karachi,28.3,90,997.1,1.45,24.0,54.5,331.0,15.0,9.9,47.0,87
2026-07-31 03:00:00+00:00,Karachi,29.4,82,997.2,1.76,26.8,71.2,398.0,14.8,10.9,55.0,87
2026-07-31 04:00:00+00:00,Karachi,30.8,74,997.2,2.04,31.4,93.1,393.0,13.2,11.6,75.0,88
2026-07-31 05:00:00+00:00,Karachi,31.8,70,997.4,2.02,35.4,102.2,352.0,10.7,12.2,101.0,88
2026-07-31 06:00:00+00:00,Karachi,33.0,64,997.4,2.55,39.8,108.3,316.0,8.6,12.3,123.0,88
2026-07-31 07:00:00+00:00,Karachi,33.2,64,997.0,3.03,42.8,109.4,298.0,6.9,11.8,139.0,88
2026-07-31 08:00:00+00:00,Karachi,33.2,64,996.6,3.4,42.6,103.4,286.0,5.5,10.9,150.0,89
2026-07-31 09:00:00+00:00,Karachi,33.3,63,995.8,3.23,40.5,95.2,285.0,5.0,10.1,153.0,89
2026-07-31 10:00:00+00:00,Karachi,33.0,65,994.9,3.29,38.0,88.2,307.0,5.7,9.4,142.0,90
2026-07-31 11:00:00+00:00,Karachi,32.2,70,994.6,3.47,35.4,82.4,340.0,7.3,8.8,122.0,90
2026-07-31 12:00:00+00:00,Karachi,31.9,72,994.6,3.23,38.5,88.7,357.0,10.2,10.3,128.0,91
2026-07-31 13:00:00+00:00,Karachi,31.0,76,994.6,3.0,36.0,84.5,342.0,15.1,9.7,103.0,92
2026-07-31 14:00:00+00:00,Karachi,30.2,82,995.6,2.7,33.5,79.6,310.0,21.7,8.8,68.0,92
2026-07-31 15:00:00+00:00,Karachi,29.7,86,996.4,2.55,29.8,71.2,287.0,26.3,8.2,42.0,91
2026-07-31 16:00:00+00:00,Karachi,29.6,87,997.1,2.08,27.0,65.2,285.0,26.8,8.1,34.0,91
2026-07-31 17:00:00+00:00,Karachi,29.5,87,997.8,1.1,25.7,64.3,292.0,25.3,8.4,34.0,91
2026-07-31 18:00:00+00:00,Karachi,29.5,86,997.9,1.28,25.1,62.2,286.0,23.8,8.6,35.0,91
2026-07-31 19:00:00+00:00,Karachi,29.2,87,997.4,1.33,25.1,58.8,255.0,23.2,8.8,34.0,91
2026-07-31 20:00:00+00:00,Karachi,29.1,87,997.3,0.7,24.6,57.2,213.0,22.7,8.9,33.0,91
2026-07-31 21:00:00+00:00,Karachi,28.9,88,997.1,0.6,23.9,55.2,180.0,22.0,9.1,33.0,91
2026-07-31 22:00:00+00:00,Karachi,28.7,90,997.0,1.18,23.0,52.0,157.0,20.8,9.3,32.0,91
2026-07-31 23:00:00+00:00,Karachi,28.3,93,996.8,2.06,22.2,50.1,144.0,19.5,9.5,31.0,91
2026-08-01 00:00:00+00:00,Karachi,28.9,90,997.3,1.5,22.9,53.7,159.0,19.3,10.3,31.0,91
2026-08-01 01:00:00+00:00,Karachi,28.8,91,997.9,1.59,22.7,53.8,230.0,19.7,10.6,32.0,91
2026-08-01 02:00:00+00:00,Karachi,29.2,88,998.6,1.77,25.1,67.8,329.0,20.2,11.1,34.0,91
2026-08-01 03:00:00+00:00,Karachi,30.1,83,998.7,1.57,27.8,81.7,399.0,19.8,11.9,41.0,91
2026-08-01 04:00:00+00:00,Karachi,31.0,77,998.7,1.46,31.2,92.2,414.0,18.1,13.4,57.0,91
2026-08-01 05:00:00+00:00,Karachi,32.3,72,998.8,1.74,34.7,101.3,398.0,15.6,15.2,78.0,91
2026-08-01 06:00:00+00:00,Karachi,32.2,71,999.5,3.13,38.9,107.6,370.0,13.0,15.9,96.0,91
2026-08-01 07:00:00+00:00,Karachi,32.4,69,999.3,3.59,41.8,107.3,323.0,10.1,14.5,111.0,91
2026-08-01 08:00:00+00:00,Karachi,32.6,66,998.8,3.82,41.2,101.5,262.0,7.1,12.0,122.0,91
2026-08-01 09:00:00+00:00,Karachi,32.5,66,998.5,4.38,37.8,94.1,223.0,5.4,9.8,124.0,91
2026-08-01 10:00:00+00:00,Karachi,32.3,67,997.7,4.42,33.6,86.8,225.0,5.6,8.2,109.0,91
2026-08-01 11:00:00+00:00,Karachi,31.1,73,997.8,4.54,31.8,86.8,249.0,7.0,6.8,85.0,90
2026-08-01 12:00:00+00:00,Karachi,30.8,72,997.8,4.14,31.7,90.6,267.0,11.3,6.6,63.0,90
2026-08-01 13:00:00+00:00,Karachi,30.1,75,997.8,3.84,30.0,84.5,271.0,13.0,6.4,56.0,89
2026-08-01 14:00:00+00:00,Karachi,29.5,78,998.2,3.34,27.3,76.6,270.0,15.2,6.0,47.0,89
2026-08-01 15:00:00+00:00,Karachi,29.2,79,998.8,3.3,25.0,71.2,260.0,16.4,5.8,41.0,88
2026-08-01 16:00:00+00:00,Karachi,29.0,80,999.3,3.2,23.7,68.7,235.0,15.6,5.8,40.0,88
2026-08-01 17:00:00+00:00,Karachi,28.8,81,999.4,3.38,23.1,66.6,201.0,13.7,5.8,41.0,88
2026-08-01 18:00:00+00:00,Karachi,29.0,77,1000.3,3.21,22.4,62.4,171.0,11.8,5.8,42.0,88
2026-08-01 19:00:00+00:00,Karachi,28.9,78,1000.2,2.97,21.1,56.5,150.0,10.2,5.5,43.0,87
2026-08-01 20:00:00+00:00,Karachi,28.7,79,999.8,2.94,20.3,54.2,135.0,8.7,5.1,44.0,87
2026-08-01 21:00:00+00:00,Karachi,28.6,80,999.6,2.5,19.0,49.9,124.0,7.4,4.8,45.0,87
2026-08-01 22:00:00+00:00,Karachi,28.5,80,999.7,2.9,18.7,49.4,115.0,6.4,4.7,46.0,86
2026-08-01 23:00:00+00:00,Karachi,28.5,80,999.8,3.18,18.2,48.3,112.0,5.8,4.6,46.0,86
2026-08-02 00:00:00+00:00,Karachi,28.5,80,1000.2,3.07,20.9,61.2,124.0,5.2,4.7,49.0,86
2026-08-02 01:00:00+00:00,Karachi,28.3,81,1000.3,3.18,19.6,55.5,169.0,5.9,4.9,48.0,86
2026-08-02 02:00:00+00:00,Karachi,28.2,82,1000.4,3.13,20.4,61.0,231.0,6.8,5.2,48.0,85
2026-08-02 03:00:00+00:00,Karachi,28.4,81,1001.0,2.97,23.1,68.2,268.0,7.2,5.6,50.0,85
2026-08-02 04:00:00+00:00,Karachi,28.6,79,1001.4,3.22,24.2,71.5,257.0,6.5,6.1,57.0,85
2026-08-02 05:00:00+00:00,Karachi,29.2,76,1001.5,3.13,25.3,75.7,221.0,5.4,6.6,66.0,84
2026-08-02 06:00:00+00:00,Karachi,28.9,74,1002.4,2.91,26.4,78.9,193.0,4.3,6.8,73.0,83
2026-08-02 07:00:00+00:00,Karachi,28.9,75,1002.2,3.38,27.2,80.6,183.0,3.5,6.5,77.0,82
2026-08-02 08:00:00+00:00,Karachi,29.0,75,1002.0,3.4,26.4,76.8,180.0,2.9,5.8,80.0,81
2026-08-02 09:00:00+00:00,Karachi,29.2,74,1001.8,3.49,25.2,71.9,182.0,2.7,5.3,79.0,80
2026-08-02 10:00:00+00:00,Karachi,29.3,73,1000.7,4.16,23.6,65.0,192.0,3.3,5.0,72.0,79
2026-08-02 11:00:00+00:00,Karachi,29.3,71,1000.7,3.38,22.8,61.7,207.0,4.4,4.9,61.0,78
2026-08-02 12:00:00+00:00,Karachi,29.6,71,1000.5,3.49,26.4,77.8,216.0,7.2,5.4,49.0,77
2026-08-02 13:00:00+00:00,Karachi,29.2,72,1000.5,3.29,26.5,76.1,213.0,8.3,5.6,47.0,77
2026-08-02 14:00:00+00:00,Karachi,28.7,77,1001.0,3.05,26.8,74.5,204.0,9.9,5.9,44.0,77
2026-08-02 15:00:00+00:00,Karachi,28.5,79,1001.5,2.9,27.3,73.6,192.0,11.2,6.1,41.0,77
2026-08-02 16:00:00+00:00,Karachi,28.5,79,1002.0,3.05,27.8,69.2,178.0,12.0,6.4,39.0,77
2026-08-02 17:00:00+00:00,Karachi,28.3,80,1002.4,3.45,28.8,70.3,163.0,12.6,6.6,38.0,77
2026-08-02 18:00:00+00:00,Karachi,28.2,81,1002.8,3.05,25.3,63.8,149.0,12.4,6.6,37.0,78
2026-08-02 19:00:00+00:00,Karachi,27.9,83,1002.4,3.23,27.5,68.0,138.0,11.1,6.2,38.0,78
2026-08-02 20:00:00+00:00,Karachi,27.5,84,1002.2,3.06,30.4,77.1,128.0,9.1,5.7,40.0,78
2026-08-02 21:00:00+00:00,Karachi,27.3,85,1001.7,2.6,30.0,74.7,123.0,7.4,5.2,41.0,79
2026-08-02 22:00:00+00:00,Karachi,27.2,86,1001.7,2.64,29.8,74.0,117.0,6.1,4.9,42.0,80
2026-08-02 23:00:00+00:00,Karachi,27.3,85,1001.8,2.48,27.8,70.8,116.0,5.2,4.6,43.0,81
2026-08-03 00:00:00+00:00,Karachi,28.1,82,1001.3,3.14,26.8,69.2,132.0,5.0,4.7,44.0,82
2026-08-03 01:00:00+00:00,Karachi,27.9,83,1001.4,3.18,25.2,65.4,187.0,7.5,5.3,42.0,82
2026-08-03 02:00:00+00:00,Karachi,28.1,82,1001.9,3.59,24.2,61.7,260.0,10.9,6.2,40.0,83
2026-08-03 03:00:00+00:00,Karachi,28.4,79,1002.4,3.55,26.5,71.2,305.0,12.9,6.8,39.0,83
2026-08-03 04:00:00+00:00,Karachi,28.6,78,1002.6,3.53,26.1,70.8,293.0,12.3,6.9,41.0,83
2026-08-03 05:00:00+00:00,Karachi,29.2,74,1002.9,3.75,25.6,71.0,252.0,10.4,6.8,45.0,83
2026-08-03 06:00:00+00:00,Karachi,30.2,69,1003.5,3.96,25.5,72.4,220.0,8.7,6.6,49.0,83
2026-08-03 07:00:00+00:00,Karachi,30.0,70,1003.3,4.24,25.6,72.2,209.0,7.7,6.4,52.0,83
2026-08-03 08:00:00+00:00,Karachi,30.8,68,1003.0,4.28,25.2,69.8,207.0,7.1,6.1,55.0,83
2026-08-03 09:00:00+00:00,Karachi,31.0,68,1002.4,4.34,24.9,67.8,210.0,6.8,5.8,56.0,83
2026-08-03 10:00:00+00:00,Karachi,30.8,67,1001.8,4.35,24.4,64.5,222.0,6.8,5.6,56.0,83
2026-08-03 11:00:00+00:00,Karachi,30.3,70,1001.3,4.71,24.1,61.5,240.0,7.3,5.5,55.0,83
2026-08-03 12:00:00+00:00,Karachi,30.1,68,1001.4,4.63,29.0,75.9,251.0,8.7,5.6,53.0,83
2026-08-03 13:00:00+00:00,Karachi,29.3,72,1001.4,4.15,29.6,76.4,249.0,11.8,5.9,48.0,83
2026-08-03 14:00:00+00:00,Karachi,28.8,74,1001.3,3.87,30.4,75.0,241.0,16.1,6.4,41.0,84
2026-08-03 15:00:00+00:00,Karachi,28.6,75,1002.0,4.0,28.9,65.2,236.0,19.3,6.8,36.0,84
2026-08-03 16:00:00+00:00,Karachi,28.4,77,1002.4,4.03,27.4,60.8,241.0,20.8,7.2,34.0,84
2026-08-03 17:00:00+00:00,Karachi,28.2,79,1003.0,3.92,27.6,61.2,247.0,21.3,7.5,33.0,84
2026-08-03 18:00:00+00:00,Karachi,28.1,78,1003.1,3.36,27.9,61.7,243.0,20.6,7.6,33.0,84
2026-08-03 19:00:00+00:00,Karachi,27.8,80,1003.2,3.25,28.1,63.1,215.0,18.1,7.2,35.0,84
2026-08-03 20:00:00+00:00,Karachi,27.6,82,1002.9,3.28,32.1,77.3,176.0,14.4,6.4,39.0,84
2026-08-03 21:00:00+00:00,Karachi,27.5,82,1002.6,3.21,28.8,67.8,147.0,11.2,5.8,42.0,84
2026-08-03 22:00:00+00:00,Karachi,27.4,83,1002.4,3.05,25.1,58.7,133.0,8.9,5.4,44.0,84
2026-08-03 23:00:00+00:00,Karachi,27.4,83,1002.5,2.78,23.4,55.4,130.0,7.2,5.1,46.0,84
2026-08-04 00:00:00+00:00,Karachi,28.0,81,1002.7,2.75,22.5,53.2,142.0,7.4,5.7,45.0,84
2026-08-04 01:00:00+00:00,Karachi,27.8,81,1002.9,2.78,22.6,53.2,185.0,8.2,5.9,46.0,83
2026-08-04 02:00:00+00:00,Karachi,28.3,77,1003.2,2.99,23.7,58.3,243.0,9.2,6.2,48.0,83
2026-08-04 03:00:00+00:00,Karachi,29.3,71,1003.8,3.7,25.3,63.6,279.0,9.6,6.4,51.0,83
2026-08-04 04:00:00+00:00,Karachi,30.0,67,1004.0,4.01,26.9,69.2,268.0,8.7,6.4,57.0,83
2026-08-04 05:00:00+00:00,Karachi,30.3,67,1004.3,3.91,27.0,71.2,234.0,7.1,6.2,64.0,83
2026-08-04 06:00:00+00:00,Karachi,31.0,63,1004.2,4.27,27.0,71.0,208.0,5.8,6.0,70.0,83
2026-08-04 07:00:00+00:00,Karachi,31.3,62,1004.0,4.22,26.2,67.5,203.0,4.9,5.8,75.0,83
2026-08-04 08:00:00+00:00,Karachi,31.4,62,1003.5,4.14,25.6,65.2,206.0,4.1,5.5,78.0,83
2026-08-04 09:00:00+00:00,Karachi,31.3,63,1003.0,3.93,25.5,64.7,214.0,4.1,5.3,79.0,83
2026-08-04 10:00:00+00:00,Karachi,31.2,63,1002.3,3.83,25.7,64.7,230.0,5.0,5.3,75.0,83
2026-08-04 11:00:00+00:00,Karachi,30.6,66,1001.6,3.8,25.7,65.2,252.0,6.7,5.5,69.0,83
2026-08-04 12:00:00+00:00,Karachi,30.5,67,1001.8,3.62,27.8,70.5,265.0,7.9,5.6,66.0,83
2026-08-04 13:00:00+00:00,Karachi,29.5,72,1001.7,3.8,27.6,70.5,263.0,9.7,5.9,60.0,83
2026-08-04 14:00:00+00:00,Karachi,29.1,76,1002.1,3.83,27.9,69.6,254.0,12.2,6.2,52.0,83
2026-08-04 15:00:00+00:00,Karachi,28.7,77,1002.8,4.05,28.3,68.9,242.0,14.2,6.5,45.0,83
2026-08-04 16:00:00+00:00,Karachi,28.4,78,1003.6,3.43,27.8,66.6,231.0,15.5,6.7,42.0,83
2026-08-04 17:00:00+00:00,Karachi,28.2,79,1003.8,3.45,25.1,57.5,219.0,16.2,6.8,40.0,83
2026-08-04 18:00:00+00:00,Karachi,28.4,80,1003.4,3.24,24.0,53.6,204.0,16.1,6.7,40.0,83
2026-08-04 19:00:00+00:00,Karachi,28.1,83,1002.9,3.36,23.7,52.6,183.0,14.6,6.4,41.0,83
2026-08-04 20:00:00+00:00,Karachi,27.9,85,1002.6,3.88,23.2,51.5,158.0,12.2,5.8,43.0,82
2026-08-04 21:00:00+00:00,Karachi,27.7,86,1002.4,3.84,22.6,49.8,140.0,10.0,5.4,45.0,81
2026-08-04 22:00:00+00:00,Karachi,27.6,87,1002.1,3.81,21.6,47.6,127.0,8.2,5.1,47.0,81
2026-08-04 23:00:00+00:00,Karachi,27.5,87,1001.6,3.71,17.7,38.6,121.0,6.5,4.9,49.0,81
2026-08-05 00:00:00+00:00,Karachi,28.0,83,1001.4,3.26,15.8,34.9,132.0,6.0,4.9,51.0,80
2026-08-05 01:00:00+00:00,Karachi,27.8,85,1001.6,3.36,16.1,36.0,180.0,7.2,5.2,50.0,80
2026-08-05 02:00:00+00:00,Karachi,28.0,83,1001.9,3.53,17.8,41.8,245.0,8.8,5.6,50.0,79
2026-08-05 03:00:00+00:00,Karachi,29.0,77,1002.0,3.89,20.4,49.2,285.0,9.5,5.9,52.0,79
2026-08-05 04:00:00+00:00,Karachi,30.1,70,1002.2,3.83,22.8,56.3,272.0,8.4,5.9,60.0,78
2026-08-05 05:00:00+00:00,Karachi,31.2,64,1002.1,4.15,24.9,62.6,233.0,6.4,5.7,71.0,78
2026-08-05 06:00:00+00:00,Karachi,31.1,64,1001.8,4.54,25.6,64.0,204.0,4.8,5.5,79.0,78
2026-08-05 07:00:00+00:00,Karachi,31.3,63,1001.6,4.63,26.0,65.0,197.0,3.9,5.3,83.0,78
2026-08-05 08:00:00+00:00,Karachi,31.5,61,1000.9,4.63,26.0,64.0,200.0,3.5,5.0,84.0,78
2026-08-05 09:00:00+00:00,Karachi,31.7,62,1000.5,4.9,25.8,63.1,207.0,3.5,4.8,83.0,78
2026-08-05 10:00:00+00:00,Karachi,31.4,63,999.7,4.97,25.8,62.6,221.0,4.2,4.8,78.0,78
2026-08-05 11:00:00+00:00,Karachi,31.0,66,999.1,5.13,26.5,64.3,240.0,5.4,4.8,70.0,78
2026-08-05 12:00:00+00:00,Karachi,30.3,70,999.2,5.05,36.1,90.1,249.0,6.6,4.8,63.0,78
2026-08-05 13:00:00+00:00,Karachi,29.5,74,999.3,5.13,36.3,89.9,241.0,9.0,5.0,57.0,79
2026-08-05 14:00:00+00:00,Karachi,28.7,78,999.7,4.85,36.4,87.1,223.0,12.3,5.3,50.0,79
2026-08-05 15:00:00+00:00,Karachi,28.3,80,1000.0,4.44,35.5,80.8,208.0,14.4,5.5,44.0,80
2026-08-05 16:00:00+00:00,Karachi,28.4,80,1000.9,3.88,34.0,75.7,203.0,14.5,5.7,43.0,80
2026-08-05 17:00:00+00:00,Karachi,28.4,80,1001.3,3.62,32.2,70.3,200.0,13.5,5.8,43.0,81
2026-08-05 18:00:00+00:00,Karachi,28.5,81,1000.9,4.09,27.2,61.5,192.0,12.2,5.8,44.0,82
2026-08-05 19:00:00+00:00,Karachi,28.1,83,1000.6,3.83,25.8,58.8,172.0,10.9,5.6,44.0,82
2026-08-05 20:00:00+00:00,Karachi,27.8,85,1000.1,3.5,25.5,59.3,147.0,9.4,5.2,45.0,82
2026-08-05 21:00:00+00:00,Karachi,27.8,86,999.6,3.3,25.3,59.3,129.0,8.0,4.9,46.0,82
2026-08-05 22:00:00+00:00,Karachi,27.6,87,999.3,3.6,24.6,58.1,120.0,6.8,4.7,47.0,82
2026-08-05 23:00:00+00:00,Karachi,27.5,88,999.1,3.85,22.8,53.4,119.0,5.7,4.6,49.0,83
2026-08-06 00:00:00+00:00,Karachi,27.5,87,999.3,3.84,22.5,52.2,131.0,5.6,4.8,50.0,83
2026-08-06 01:00:00+00:00,Karachi,27.4,88,999.7,3.75,22.4,50.8,171.0,7.1,5.0,49.0,83
2026-08-06 02:00:00+00:00,Karachi,27.8,85,1000.0,4.43,23.4,53.1,225.0,9.0,5.3,49.0,84
2026-08-06 03:00:00+00:00,Karachi,28.7,79,1000.4,4.59,25.6,59.8,258.0,9.9,5.5,50.0,84
2026-08-06 04:00:00+00:00,Karachi,29.6,73,1000.7,4.74,27.5,64.5,249.0,8.7,5.5,56.0,85
2026-08-06 05:00:00+00:00,Karachi,30.0,71,1000.8,4.74,29.8,71.0,219.0,6.4,5.3,64.0,85
2026-08-06 06:00:00+00:00,Karachi,30.4,70,1000.6,4.91,27.0,62.6,196.0,4.6,5.2,70.0,86
2026-08-06 07:00:00+00:00,Karachi,30.9,68,1000.3,4.98,26.5,62.2,189.0,3.7,5.1,74.0,86
2026-08-06 08:00:00+00:00,Karachi,30.9,69,999.8,5.04,27.6,67.5,188.0,3.4,4.9,76.0,86
2026-08-06 09:00:00+00:00,Karachi,30.6,70,999.7,5.19,26.3,61.5,194.0,3.5,4.8,76.0,86
2026-08-06 10:00:00+00:00,Karachi,30.5,71,999.2,5.24,27.5,63.8,210.0,4.3,4.8,72.0,86
2026-08-06 11:00:00+00:00,Karachi,30.4,71,998.5,5.41,25.0,53.2,232.0,5.7,4.8,65.0,86
2026-08-06 12:00:00+00:00,Karachi,30.1,72,998.7,4.97,22.4,46.2,247.0,6.7,4.8,61.0,86
2026-08-06 13:00:00+00:00,Karachi,29.4,73,998.7,4.74,21.8,42.8,249.0,8.5,5.0,57.0,85
2026-08-06 14:00:00+00:00,Karachi,28.8,77,999.2,4.64,22.2,43.0,243.0,10.9,5.3,51.0,84
2026-08-06 15:00:00+00:00,Karachi,28.5,78,999.7,4.35,22.7,43.7,236.0,12.6,5.5,47.0,83
2026-08-06 16:00:00+00:00,Karachi,28.2,79,1000.6,4.49,21.3,42.4,230.0,13.0,5.7,46.0,82
2026-08-06 17:00:00+00:00,Karachi,27.8,85,1001.5,4.18,19.6,38.6,223.0,12.7,5.8,46.0,81
2026-08-06 18:00:00+00:00,Karachi,27.9,84,1001.2,3.85,19.1,38.4,211.0,11.9,5.7,47.0,80
2026-08-06 19:00:00+00:00,Karachi,27.6,85,1001.1,3.62,18.1,36.8,190.0,10.5,5.4,48.0,79
2026-08-06 20:00:00+00:00,Karachi,27.5,86,1000.7,3.29,20.3,43.1,165.0,8.5,4.9,48.0,78
2026-08-06 21:00:00+00:00,Karachi,27.3,87,1000.5,2.82,18.3,38.0,145.0,7.0,4.5,49.0,78
2026-08-06 22:00:00+00:00,Karachi,27.4,85,999.9,3.51,16.1,32.5,131.0,6.0,4.4,49.0,77
2026-08-06 23:00:00+00:00,Karachi,27.3,85,999.7,3.67,14.7,29.7,122.0,5.4,4.4,49.0,77
2026-08-07 00:00:00+00:00,Karachi,27.5,84,1000.0,3.35,18.7,41.8,131.0,5.7,4.7,52.0,76
2026-08-07 01:00:00+00:00,Karachi,27.4,85,1000.3,3.12,16.8,35.4,175.0,7.5,5.2,51.0,76
2026-08-07 02:00:00+00:00,Karachi,27.9,83,1000.8,3.14,17.6,36.1,236.0,10.0,5.8,49.0,75
2026-08-07 03:00:00+00:00,Karachi,28.8,77,1001.2,3.94,19.6,42.1,273.0,11.1,6.2,50.0,75
2026-08-07 04:00:00+00:00,Karachi,29.5,72,1001.6,4.11,21.8,50.9,263.0,9.7,6.1,56.0,74
2026-08-07 05:00:00+00:00,Karachi,30.5,67,1001.9,4.16,22.6,54.7,229.0,7.0,5.7,64.0,74
2026-08-07 06:00:00+00:00,Karachi,30.7,65,1002.1,4.48,22.8,54.6,203.0,4.9,5.3,71.0,73
2026-08-07 07:00:00+00:00,Karachi,30.9,65,1001.7,4.24,23.3,57.3,195.0,3.9,5.1,75.0,73
2026-08-07 08:00:00+00:00,Karachi,31.7,61,1001.1,4.27,23.4,55.9,194.0,3.4,5.0,77.0,73
2026-08-07 09:00:00+00:00,Karachi,31.1,65,1000.9,4.65,24.6,63.1,199.0,3.6,4.9,76.0,72
2026-08-07 10:00:00+00:00,Karachi,30.2,70,1000.5,4.57,25.0,64.7,214.0,4.6,4.9,70.0,72
2026-08-07 11:00:00+00:00,Karachi,30.3,68,999.8,4.49,23.9,59.6,234.0,6.1,5.0,61.0,72
2026-08-07 12:00:00+00:00,Karachi,30.0,69,999.8,4.24,26.5,69.4,248.0,7.5,4.9,55.0,72
2026-08-07 13:00:00+00:00,Karachi,29.2,72,1000.2,3.59,26.7,66.6,248.0,9.7,5.3,49.0,72
2026-08-07 14:00:00+00:00,Karachi,28.7,74,1000.5,3.73,27.1,64.7,242.0,12.8,5.8,42.0,73
2026-08-07 15:00:00+00:00,Karachi,28.4,77,1000.8,4.03,28.6,64.5,234.0,14.8,6.2,36.0,73
2026-08-07 16:00:00+00:00,Karachi,28.1,79,1001.6,3.37,24.0,53.7,228.0,14.9,6.4,35.0,74
2026-08-07 17:00:00+00:00,Karachi,27.8,81,1001.7,3.58,23.2,53.0,221.0,14.0,6.5,35.0,74
2026-08-07 18:00:00+00:00,Karachi,28.1,81,1002.1,3.32,21.8,48.5,208.0,12.9,6.4,36.0,74
2026-08-07 19:00:00+00:00,Karachi,28.0,81,1001.8,3.07,20.7,45.9,183.0,11.7,6.2,37.0,74
2026-08-07 20:00:00+00:00,Karachi,27.9,81,1001.5,3.19,23.7,55.2,153.0,10.2,5.8,37.0,75
2026-08-07 21:00:00+00:00,Karachi,27.7,83,1001.2,3.44,20.4,45.4,131.0,9.0,5.5,38.0,75
2026-08-07 22:00:00+00:00,Karachi,27.5,84,1001.0,3.32,18.2,40.3,118.0,8.0,5.4,38.0,75
2026-08-07 23:00:00+00:00,Karachi,27.3,85,1000.8,2.99,17.1,38.3,114.0,7.3,5.3,38.0,75
2026-08-08 00:00:00+00:00,Karachi,27.3,86,1001.4,2.99,16.5,36.2,128.0,6.5,5.3,42.0,75
2026-08-08 01:00:00+00:00,Karachi,27.0,87,1001.3,2.66,16.6,37.0,179.0,7.9,5.7,41.0,75
2026-08-08 02:00:00+00:00,Karachi,27.5,84,1001.8,2.93,18.6,44.0,249.0,9.7,6.3,41.0,75
2026-08-08 03:00:00+00:00,Karachi,28.3,79,1002.1,3.4,20.9,51.1,291.0,10.5,6.7,43.0,75
2026-08-08 04:00:00+00:00,Karachi,29.2,73,1002.5,3.64,23.5,60.8,278.0,9.3,6.6,51.0,75
2026-08-08 05:00:00+00:00,Karachi,30.2,67,1002.8,3.85,25.4,68.7,237.0,7.0,6.3,61.0,75
2026-08-08 06:00:00+00:00,Karachi,30.3,67,1003.3,4.06,27.4,78.0,206.0,5.2,6.0,70.0,76
2026-08-08 07:00:00+00:00,Karachi,29.9,70,1003.1,4.29,27.2,78.2,197.0,4.3,5.8,76.0,76
2026-08-08 08:00:00+00:00,Karachi,30.8,66,1002.7,4.17,27.5,78.7,197.0,3.9,5.5,79.0,76
2026-08-08 09:00:00+00:00,Karachi,30.9,65,1002.1,4.0,27.4,78.7,204.0,4.0,5.4,80.0,77
2026-08-08 10:00:00+00:00,Karachi,30.5,66,1001.4,3.68,26.5,75.0,223.0,4.7,5.5,76.0,77
2026-08-08 11:00:00+00:00,Karachi,30.6,64,1000.9,3.23,25.6,70.8,250.0,5.8,5.7,69.0,77
2026-08-08 12:00:00+00:00,Karachi,30.6,65,1000.9,3.26,32.7,97.6,266.0,6.7,6.0,74.0,77
2026-08-08 13:00:00+00:00,Karachi,29.7,68,1001.1,3.25,30.2,85.4,263.0,8.8,6.1,64.0,78
2026-08-08 14:00:00+00:00,Karachi,29.0,72,1001.6,3.36,27.0,69.2,251.0,11.6,6.3,51.0,78
2026-08-08 15:00:00+00:00,Karachi,28.4,77,1002.4,3.29,25.6,61.7,237.0,13.6,6.4,41.0,78
2026-08-08 16:00:00+00:00,Karachi,28.2,79,1003.0,3.18,24.0,56.9,226.0,14.1,6.4,37.0,78
2026-08-08 17:00:00+00:00,Karachi,28.0,80,1003.8,3.19,23.3,55.2,214.0,13.9,6.4,37.0,78
2026-08-08 18:00:00+00:00,Karachi,27.9,80,1004.1,2.93,21.1,48.5,198.0,13.4,6.3,37.0,78
2026-08-08 19:00:00+00:00,Karachi,27.6,82,1004.2,2.76,19.9,44.2,173.0,12.8,6.2,37.0,78
2026-08-08 20:00:00+00:00,Karachi,27.4,83,1004.0,2.71,18.8,41.6,145.0,11.9,6.0,37.0,78
2026-08-08 21:00:00+00:00,Karachi,27.2,84,1003.4,2.4,17.6,38.2,125.0,11.0,5.9,37.0,77
2026-08-08 22:00:00+00:00,Karachi,27.0,85,1003.4,2.1,16.8,36.8,118.0,10.2,5.9,37.0,77
2026-08-08 23:00:00+00:00,Karachi,26.7,87,1003.1,2.35,16.3,36.0,120.0,9.4,5.9,37.0,77
2026-08-09 00:00:00+00:00,Karachi,27.1,84,1003.1,2.35,16.1,33.9,130.0,9.7,6.4,38.0,77
2026-08-09 01:00:00+00:00,Karachi,27.0,85,1003.7,2.21,16.2,33.2,157.0,9.5,6.7,40.0,77
2026-08-09 02:00:00+00:00,Karachi,27.5,83,1004.1,2.47,18.2,41.2,193.0,9.1,7.1,43.0,77
2026-08-09 03:00:00+00:00,Karachi,28.5,77,1004.4,2.96,19.7,51.3,215.0,8.4,7.3,48.0,77
2026-08-09 04:00:00+00:00,Karachi,29.6,71,1004.5,2.9,22.7,63.3,211.0,6.9,7.3,58.0,77
2026-08-09 05:00:00+00:00,Karachi,30.8,65,1004.5,2.82,25.6,76.4,194.0,5.0,7.2,71.0,77
2026-08-09 06:00:00+00:00,Karachi,31.1,64,1004.6,2.89,28.0,85.0,179.0,3.6,7.0,82.0,77
2026-08-09 07:00:00+00:00,Karachi,30.7,67,1004.2,3.47,28.9,83.6,170.0,2.9,6.8,90.0,77
2026-08-09 08:00:00+00:00,Karachi,30.7,68,1003.9,4.03,29.0,81.0,164.0,2.6,6.7,97.0,77
2026-08-09 09:00:00+00:00,Karachi,31.0,67,1003.5,4.17,27.5,74.5,162.0,2.6,6.4,98.0,77
2026-08-09 10:00:00+00:00,Karachi,30.6,68,1002.9,4.43,24.2,63.6,168.0,3.0,6.0,90.0,77
2026-08-09 11:00:00+00:00,Karachi,30.2,69,1002.6,4.39,21.8,57.2,180.0,3.7,5.5,77.0,77
2026-08-09 12:00:00+00:00,Karachi,30.1,68,1002.7,4.4,32.4,99.2,188.0,4.6,5.5,72.0,76
2026-08-09 13:00:00+00:00,Karachi,29.1,73,1002.7,3.89,28.7,85.7,191.0,6.3,5.6,64.0,76
2026-08-09 14:00:00+00:00,Karachi,28.6,75,1003.2,3.47,25.3,71.2,191.0,8.6,5.7,53.0,76
2026-08-09 15:00:00+00:00,Karachi,28.3,77,1003.7,3.09,23.1,58.6,187.0,10.1,5.8,45.0,76
2026-08-09 16:00:00+00:00,Karachi,28.2,78,1004.0,3.59,21.1,51.3,177.0,10.3,5.8,42.0,76
2026-08-09 17:00:00+00:00,Karachi,28.0,79,1004.8,3.48,19.5,46.1,162.0,9.7,5.6,43.0,76
2026-08-09 18:00:00+00:00,Karachi,28.2,78,1004.6,3.97,16.0,36.8,149.0,9.0,5.5,43.0,75
2026-08-09 19:00:00+00:00,Karachi,27.8,80,1004.2,4.2,13.8,30.5,138.0,8.3,5.3,43.0,75
2026-08-09 20:00:00+00:00,Karachi,27.5,83,1003.9,3.54,12.6,27.1,127.0,7.5,5.1,44.0,74
2026-08-09 21:00:00+00:00,Karachi,27.3,84,1003.5,2.71,11.9,25.2,120.0,6.8,4.9,44.0,74
2026-08-09 22:00:00+00:00,Karachi,27.1,86,1003.2,2.6,11.6,24.7,111.0,6.3,4.8,44.0,74
2026-08-09 23:00:00+00:00,Karachi,27.0,86,1002.9,3.1,11.6,24.6,105.0,5.9,4.9,44.0,73
2026-08-10 00:00:00+00:00,Karachi,27.3,84,1003.2,3.59,11.7,28.3,118.0,5.7,4.8,47.0,73
2026-08-10 01:00:00+00:00,Karachi,27.2,85,1003.3,3.2,12.4,28.3,170.0,7.0,5.2,46.0,72
2026-08-10 02:00:00+00:00,Karachi,27.6,83,1003.7,3.62,14.3,32.4,241.0,8.8,5.7,46.0,72
2026-08-10 03:00:00+00:00,Karachi,28.5,78,1004.0,3.78,17.2,42.1,282.0,9.5,6.0,48.0,72
2026-08-10 04:00:00+00:00,Karachi,29.6,71,1004.2,4.45,20.5,57.6,264.0,8.1,5.8,56.0,72
2026-08-10 05:00:00+00:00,Karachi,30.7,64,1004.2,4.69,23.5,70.5,217.0,5.8,5.4,67.0,71
2026-08-10 06:00:00+00:00,Karachi,30.6,66,1004.2,5.25,25.0,71.7,181.0,3.9,5.0,75.0,71
2026-08-10 07:00:00+00:00,Karachi,31.1,64,1003.5,5.24,26.0,73.8,174.0,3.2,4.8,79.0,71
2026-08-10 08:00:00+00:00,Karachi,30.8,65,1002.9,5.15,25.8,67.5,178.0,3.0,4.7,81.0,71
2026-08-10 09:00:00+00:00,Karachi,30.6,67,1002.4,5.23,24.7,61.2,186.0,3.2,4.6,80.0,71
2026-08-10 10:00:00+00:00,Karachi,30.0,70,1001.9,5.41,23.7,55.9,198.0,3.9,4.6,75.0,70
2026-08-10 11:00:00+00:00,Karachi,29.6,73,1001.2,5.43,25.4,59.8,214.0,5.1,4.6,67.0,70
2026-08-10 12:00:00+00:00,Karachi,29.5,70,1001.2,5.61,25.6,65.4,223.0,6.1,4.5,60.0,71
2026-08-10 13:00:00+00:00,Karachi,28.5,74,1001.2,5.58,23.3,55.3,218.0,7.6,4.6,55.0,70
2026-08-10 14:00:00+00:00,Karachi,27.8,77,1001.6,5.05,22.3,49.9,206.0,9.6,4.7,47.0,70
2026-08-10 15:00:00+00:00,Karachi,27.7,77,1002.1,4.75,22.2,47.6,195.0,11.2,4.9,42.0,69
2026-08-10 16:00:00+00:00,Karachi,27.7,77,1002.7,4.03,20.9,43.5,189.0,11.9,5.2,40.0,69
2026-08-10 17:00:00+00:00,Karachi,27.5,81,1003.5,3.78,18.7,39.1,183.0,12.2,5.5,40.0,69
2026-08-10 18:00:00+00:00,Karachi,27.8,81,1002.8,4.05,19.5,40.3,174.0,11.8,5.6,40.0,69
2026-08-10 19:00:00+00:00,Karachi,27.4,83,1002.2,3.88,19.7,39.7,157.0,10.6,5.4,41.0,70
2026-08-10 20:00:00+00:00,Karachi,27.2,85,1001.7,3.71,19.0,37.8,137.0,8.8,5.0,42.0,70
2026-08-10 21:00:00+00:00,Karachi,27.1,86,1000.9,3.59,17.9,35.7,122.0,7.2,4.6,43.0,70
2026-08-10 22:00:00+00:00,Karachi,27.1,86,1000.9,3.47,17.4,35.6,112.0,6.0,4.4,44.0,71
2026-08-10 23:00:00+00:00,Karachi,27.1,86,1000.7,3.53,17.5,36.3,108.0,5.1,4.2,45.0,71
2026-08-11 00:00:00+00:00,Karachi,27.4,83,1001.2,4.16,18.8,38.6,120.0,4.9,4.2,46.0,72
2026-08-11 01:00:00+00:00,Karachi,27.4,83,1001.5,4.02,24.2,51.7,165.0,6.7,4.6,45.0,72
2026-08-11 02:00:00+00:00,Karachi,27.7,83,1002.0,3.93,21.9,45.5,227.0,9.2,5.2,43.0,73
2026-08-11 03:00:00+00:00,Karachi,28.7,76,1002.2,4.59,23.1,47.5,265.0,10.5,5.5,44.0,74
2026-08-11 04:00:00+00:00,Karachi,29.2,72,1002.5,5.03,25.8,54.9,255.0,9.5,5.4,49.0,74
2026-08-11 05:00:00+00:00,Karachi,29.5,71,1002.6,5.12,27.8,61.9,220.0,7.2,5.1,56.0,75
2026-08-11 06:00:00+00:00,Karachi,30.1,69,1002.9,5.25,28.7,65.9,195.0,5.4,4.9,62.0,75
2026-08-11 07:00:00+00:00,Karachi,30.2,69,1002.2,5.33,29.1,68.2,191.0,4.5,4.8,66.0,75
2026-08-11 08:00:00+00:00,Karachi,30.1,69,1001.6,5.09,29.0,68.2,196.0,3.9,4.7,69.0,76
2026-08-11 09:00:00+00:00,Karachi,30.2,71,1001.2,4.74,29.6,70.5,205.0,3.9,4.6,70.0,76
2026-08-11 10:00:00+00:00,Karachi,29.8,72,1000.3,4.7,27.9,63.3,220.0,4.6,4.6,67.0,76
2026-08-11 11:00:00+00:00,Karachi,29.9,72,999.4,4.68,26.7,59.4,238.0,5.8,4.7,61.0,77
2026-08-11 12:00:00+00:00,Karachi,29.5,73,999.8,4.48,26.0,62.4,250.0,7.1,4.9,56.0,77
2026-08-11 13:00:00+00:00,Karachi,28.6,77,999.6,4.33,24.2,53.3,249.0,9.1,5.2,51.0,77
2026-08-11 14:00:00+00:00,Karachi,28.0,80,1000.3,4.01,22.9,47.8,240.0,12.0,5.6,45.0,77
2026-08-11 15:00:00+00:00,Karachi,27.6,83,1001.2,3.53,21.6,42.6,234.0,14.3,6.0,40.0,77
2026-08-11 16:00:00+00:00,Karachi,27.3,85,1001.9,3.23,19.4,38.1,236.0,15.8,6.4,38.0,77
2026-08-11 17:00:00+00:00,Karachi,27.1,87,1002.1,3.11,19.4,38.1,240.0,16.9,6.8,37.0,77
2026-08-11 18:00:00+00:00,Karachi,27.4,84,1002.0,3.3,19.0,36.8,233.0,16.7,6.9,37.0,77
2026-08-11 19:00:00+00:00,Karachi,27.0,86,1001.9,2.82,19.0,37.7,205.0,14.5,6.5,39.0,77
2026-08-11 20:00:00+00:00,Karachi,26.8,87,1001.9,2.55,18.7,39.3,167.0,11.1,5.9,43.0,77
2026-08-11 21:00:00+00:00,Karachi,26.7,88,1001.6,2.71,17.6,37.8,140.0,8.5,5.4,46.0,77
2026-08-11 22:00:00+00:00,Karachi,26.4,89,1001.4,2.93,16.8,36.4,126.0,7.2,5.2,47.0,77
2026-08-11 23:00:00+00:00,Karachi,26.5,88,1001.7,2.86,17.2,36.9,123.0,6.7,5.2,46.0,77
2026-08-12 00:00:00+00:00,Karachi,27.0,88,1002.0,2.78,17.5,37.5,141.0,6.8,5.3,47.0,77
2026-08-12 01:00:00+00:00,Karachi,26.9,88,1002.3,3.03,17.6,36.4,201.0,8.7,5.6,45.0,77
2026-08-12 02:00:00+00:00,Karachi,27.1,87,1002.8,3.2,18.3,39.6,281.0,11.3,6.1,44.0,76
2026-08-12 03:00:00+00:00,Karachi,27.9,81,1003.2,3.65,19.8,42.5,329.0,12.5,6.4,45.0,76
2026-08-12 04:00:00+00:00,Karachi,28.9,75,1003.5,3.65,21.7,46.9,313.0,11.1,6.5,52.0,75
2026-08-12 05:00:00+00:00,Karachi,29.6,72,1003.5,3.85,22.2,48.4,266.0,8.3,6.6,61.0,75
2026-08-12 06:00:00+00:00,Karachi,30.0,69,1003.4,4.07,23.7,52.0,228.0,6.0,6.5,70.0,75
2026-08-12 07:00:00+00:00,Karachi,29.8,70,1002.8,4.23,24.0,52.5,216.0,4.7,6.3,78.0,74
2026-08-12 08:00:00+00:00,Karachi,30.6,67,1002.6,4.13,24.3,53.0,213.0,4.0,5.9,86.0,74
2026-08-12 09:00:00+00:00,Karachi,30.5,67,1002.2,3.86,24.4,53.1,218.0,4.0,5.7,89.0,74
2026-08-12 10:00:00+00:00,Karachi,30.6,67,1001.9,3.65,24.5,52.5,233.0,5.1,5.7,84.0,73
2026-08-12 11:00:00+00:00,Karachi,30.1,70,1001.7,3.65,24.9,52.9,256.0,6.9,5.9,74.0,73
2026-08-12 12:00:00+00:00,Karachi,29.7,70,1001.6,3.87,27.5,63.3,271.0,8.5,5.9,69.0,73
2026-08-12 13:00:00+00:00,Karachi,28.9,74,1002.0,3.8,26.3,57.4,273.0,10.4,6.1,61.0,73
2026-08-12 14:00:00+00:00,Karachi,28.4,78,1002.5,3.34,25.1,53.2,268.0,13.1,6.3,51.0,73
2026-08-12 15:00:00+00:00,Karachi,28.2,79,1003.3,2.97,24.6,50.6,257.0,14.9,6.5,43.0,73
2026-08-12 16:00:00+00:00,Karachi,28.1,80,1004.0,2.98,24.9,49.9,240.0,15.3,6.6,40.0,73
2026-08-12 17:00:00+00:00,Karachi,28.0,81,1004.7,2.88,21.7,43.4,218.0,14.8,6.7,40.0,74
2026-08-12 18:00:00+00:00,Karachi,28.0,81,1004.9,3.57,20.3,40.3,197.0,14.0,6.7,40.0,74
2026-08-12 19:00:00+00:00,Karachi,27.5,84,1004.6,3.25,19.4,38.3,176.0,12.8,6.4,40.0,74
2026-08-12 20:00:00+00:00,Karachi,27.3,85,1004.2,3.25,20.8,41.8,155.0,11.2,6.0,41.0,74
2026-08-12 21:00:00+00:00,Karachi,27.0,86,1003.9,2.96,19.3,38.5,140.0,9.8,5.7,42.0,74
2026-08-12 22:00:00+00:00,Karachi,26.9,87,1003.9,2.71,18.3,36.9,129.0,8.6,5.5,42.0,74
2026-08-12 23:00:00+00:00,Karachi,26.8,88,1003.7,3.07,17.2,34.5,124.0,7.6,5.4,42.0,75
2026-08-13 00:00:00+00:00,Karachi,27.1,86,1003.7,2.96,17.7,36.8,136.0,6.8,5.3,47.0,75
2026-08-13 01:00:00+00:00,Karachi,27.0,86,1004.0,2.97,17.8,37.6,183.0,7.7,5.4,47.0,75
2026-08-13 02:00:00+00:00,Karachi,27.0,86,1004.1,3.3,19.6,44.5,246.0,8.9,5.6,48.0,75
2026-08-13 03:00:00+00:00,Karachi,28.2,79,1004.2,3.94,22.4,51.9,284.0,9.3,5.8,51.0,75
2026-08-13 04:00:00+00:00,Karachi,29.4,73,1004.3,4.25,23.9,56.3,271.0,8.2,6.0,58.0,75
2026-08-13 05:00:00+00:00,Karachi,30.1,68,1004.5,4.2,24.3,58.8,232.0,6.4,6.2,68.0,75
2026-08-13 06:00:00+00:00,Karachi,30.2,67,1005.1,4.29,25.3,64.3,202.0,4.9,6.2,76.0,75
2026-08-13 07:00:00+00:00,Karachi,30.2,67,1004.6,4.35,25.4,62.6,194.0,4.0,5.9,83.0,75
2026-08-13 08:00:00+00:00,Karachi,30.5,66,1004.1,4.45,25.6,61.0,195.0,3.4,5.5,89.0,75
2026-08-13 09:00:00+00:00,Karachi,30.9,64,1003.4,4.48,25.1,57.6,201.0,3.4,5.2,90.0,76
2026-08-13 10:00:00+00:00,Karachi,30.5,64,1003.0,4.45,23.9,53.3,216.0,4.2,5.1,83.0,76
2026-08-13 11:00:00+00:00,Karachi,30.2,66,1002.2,4.47,22.8,50.2,236.0,5.6,5.0,71.0,76
2026-08-13 12:00:00+00:00,Karachi,29.6,69,1002.6,4.66,21.6,50.8,248.0,6.5,4.6,61.0,75
2026-08-13 13:00:00+00:00,Karachi,28.7,74,1002.8,4.12,21.0,48.0,247.0,8.8,5.0,55.0,75
2026-08-13 14:00:00+00:00,Karachi,28.0,77,1003.0,4.06,21.5,48.0,238.0,11.9,5.5,47.0,75
2026-08-13 15:00:00+00:00,Karachi,27.9,77,1003.6,4.02,22.3,48.0,225.0,13.9,5.8,41.0,74
2026-08-13 16:00:00+00:00,Karachi,27.8,77,1004.0,4.34,22.6,47.5,206.0,13.8,5.8,40.0,74
2026-08-13 17:00:00+00:00,Karachi,27.4,81,1004.6,4.16,20.4,43.1,183.0,12.6,5.7,41.0,74
2026-08-13 18:00:00+00:00,Karachi,27.3,82,1004.4,4.3,20.1,41.7,163.0,11.3,5.5,42.0,74
2026-08-13 19:00:00+00:00,Karachi,27.1,82,1004.3,3.66,21.4,44.5,150.0,10.0,5.2,43.0,74
2026-08-13 20:00:00+00:00,Karachi,26.7,85,1003.9,3.37,27.4,60.3,141.0,8.6,4.8,44.0,74
2026-08-13 21:00:00+00:00,Karachi,26.6,86,1003.2,3.26,21.2,43.9,134.0,7.4,4.6,45.0,74
2026-08-13 22:00:00+00:00,Karachi,26.7,85,1002.8,3.52,19.8,41.1,125.0,6.5,4.5,45.0,75
2026-08-13 23:00:00+00:00,Karachi,26.6,85,1002.7,3.61,18.9,39.3,118.0,5.9,4.6,45.0,75
2026-08-14 00:00:00+00:00,Karachi,26.8,82,1002.3,3.57,19.4,41.7,127.0,5.3,4.3,48.0,75
2026-08-14 01:00:00+00:00,Karachi,26.8,82,1002.5,3.76,19.8,41.0,170.0,6.6,4.6,47.0,75
2026-08-14 02:00:00+00:00,Karachi,27.1,81,1002.9,4.0,21.7,46.3,228.0,8.4,5.0,47.0,75
2026-08-14 03:00:00+00:00,Karachi,28.1,75,1003.3,4.34,24.5,54.0,263.0,9.2,5.3,49.0,75
2026-08-14 04:00:00+00:00,Karachi,29.0,69,1003.7,4.56,26.8,60.8,251.0,8.0,5.2,57.0,75
2026-08-14 05:00:00+00:00,Karachi,29.6,66,1003.7,4.81,26.8,61.0,215.0,5.7,5.0,67.0,76
2026-08-14 06:00:00+00:00,Karachi,30.2,63,1003.8,5.31,26.4,59.3,188.0,4.1,4.7,73.0,76
2026-08-14 07:00:00+00:00,Karachi,29.6,67,1003.8,5.04,25.4,57.0,183.0,3.8,4.5,72.0,76
2026-08-14 08:00:00+00:00,Karachi,29.7,69,1003.4,5.36,23.3,52.6,186.0,4.1,4.2,67.0,76
2026-08-14 09:00:00+00:00,Karachi,29.2,73,1003.4,5.34,21.9,49.7,194.0,4.8,4.1,62.0,76
2026-08-14 10:00:00+00:00,Karachi,29.6,71,1003.0,5.37,20.5,44.6,208.0,6.0,4.2,58.0,76
2026-08-14 11:00:00+00:00,Karachi,29.1,72,1002.1,5.46,20.1,42.5,227.0,7.6,4.4,54.0,75
2026-08-14 12:00:00+00:00,Karachi,29.3,69,1002.2,4.99,22.1,47.4,239.0,8.7,4.5,52.0,75
2026-08-14 13:00:00+00:00,Karachi,28.6,73,1002.4,4.55,22.5,46.4,238.0,9.8,4.7,50.0,75
2026-08-14 14:00:00+00:00,Karachi,28.1,75,1002.6,4.53,22.4,45.1,230.0,11.4,5.0,47.0,75
2026-08-14 15:00:00+00:00,Karachi,27.7,77,1002.9,4.19,23.5,46.3,223.0,12.5,5.2,44.0,75
2026-08-14 16:00:00+00:00,Karachi,27.5,78,1003.5,3.88,21.1,42.4,224.0,12.8,5.4,43.0,75
2026-08-14 17:00:00+00:00,Karachi,27.3,80,1004.1,3.73,18.8,36.9,227.0,12.7,5.5,42.0,75
2026-08-14 18:00:00+00:00,Karachi,27.4,80,1003.6,4.15,19.8,39.8,220.0,12.0,5.5,42.0,75
2026-08-14 19:00:00+00:00,Karachi,27.1,82,1003.4,3.46,19.6,38.4,192.0,10.5,5.2,43.0,75
2026-08-14 20:00:00+00:00,Karachi,26.9,83,1003.0,3.16,18.0,35.4,153.0,8.6,4.6,44.0,75
2026-08-14 21:00:00+00:00,Karachi,27.0,82,1002.8,3.24,19.0,38.5,125.0,7.0,4.3,45.0,74
2026-08-14 22:00:00+00:00,Karachi,27.0,83,1002.6,3.54,19.4,39.8,111.0,6.1,4.3,45.0,74
2026-08-14 23:00:00+00:00,Karachi,26.9,85,1002.6,3.67,18.3,37.4,107.0,5.6,4.5,45.0,74
2026-08-15 00:00:00+00:00,Karachi,27.3,82,1002.6,3.73,16.2,33.9,123.0,5.9,4.6,47.0,74
2026-08-15 01:00:00+00:00,Karachi,27.2,83,1002.9,3.43,16.2,33.2,178.0,7.4,4.9,46.0,74
2026-08-15 02:00:00+00:00,Karachi,27.4,82,1003.3,3.34,17.8,36.9,254.0,9.5,5.2,45.0,73
2026-08-15 03:00:00+00:00,Karachi,27.9,78,1003.6,3.83,20.3,43.4,299.0,10.5,5.5,46.0,73
2026-08-15 04:00:00+00:00,Karachi,28.5,75,1004.1,4.13,22.0,48.8,284.0,9.6,5.5,51.0,73
2026-08-15 05:00:00+00:00,Karachi,29.3,71,1004.2,4.34,23.3,51.8,239.0,7.7,5.4,57.0,72
2026-08-15 06:00:00+00:00,Karachi,30.0,67,1004.4,4.48,23.5,52.9,205.0,6.1,5.3,63.0,72
2026-08-15 07:00:00+00:00,Karachi,29.5,71,1004.2,4.63,24.4,55.1,197.0,5.3,5.2,67.0,72
2026-08-15 08:00:00+00:00,Karachi,30.2,68,1003.8,4.47,24.4,54.9,200.0,4.9,5.1,69.0,72
2026-08-15 09:00:00+00:00,Karachi,30.1,70,1003.3,4.6,24.7,54.9,207.0,5.0,5.1,69.0,72
2026-08-15 10:00:00+00:00,Karachi,29.7,73,1002.6,4.7,23.2,51.2,221.0,6.0,5.1,66.0,72
2026-08-15 11:00:00+00:00,Karachi,29.5,73,1002.4,4.56,22.2,48.4,240.0,7.5,5.2,60.0,72
2026-08-15 12:00:00+00:00,Karachi,29.1,75,1002.6,4.42,23.1,50.9,252.0,8.4,5.3,58.0,73
2026-08-15 13:00:00+00:00,Karachi,28.4,77,1002.7,3.86,23.0,49.6,251.0,10.4,5.6,53.0,73
2026-08-15 14:00:00+00:00,Karachi,27.7,81,1002.9,3.47,22.7,47.5,242.0,13.2,6.0,47.0,73
2026-08-15 15:00:00+00:00,Karachi,27.5,82,1003.4,3.26,21.0,42.8,232.0,15.4,6.3,42.0,73
2026-08-15 16:00:00+00:00,Karachi,27.4,83,1004.0,3.54,19.1,38.4,223.0,16.6,6.5,39.0,72
2026-08-15 17:00:00+00:00,Karachi,27.2,85,1004.1,3.47,18.9,36.7,212.0,17.3,6.7,37.0,72
2026-08-15 18:00:00+00:00,Karachi,27.4,85,1004.0,3.49,18.5,34.2,196.0,16.9,6.6,37.0,72
2026-08-15 19:00:00+00:00,Karachi,27.1,86,1004.0,3.19,17.8,32.8,170.0,14.8,6.1,38.0,72
2026-08-15 20:00:00+00:00,Karachi,27.1,86,1003.5,3.02,17.1,31.5,140.0,11.7,5.4,41.0,72
2026-08-15 21:00:00+00:00,Karachi,27.0,86,1002.7,3.02,16.4,30.7,119.0,9.2,4.8,43.0,72
2026-08-15 22:00:00+00:00,Karachi,26.6,89,1002.5,3.02,16.1,30.7,111.0,7.8,4.6,44.0,72
2026-08-15 23:00:00+00:00,Karachi,26.6,89,1002.3,3.28,16.1,31.4,112.0,7.1,4.6,44.0,72
2026-08-16 00:00:00+00:00,Karachi,27.0,88,1002.2,3.56,16.9,32.6,122.0,6.4,4.5,45.0,71
2026-08-16 01:00:00+00:00,Karachi,27.1,87,1002.5,3.38,16.9,34.0,149.0,7.1,4.9,46.0,71
2026-08-16 02:00:00+00:00,Karachi,27.3,85,1002.7,3.26,18.0,37.5,185.0,8.0,5.4,47.0,71
2026-08-16 03:00:00+00:00,Karachi,27.9,82,1002.9,3.31,18.5,41.8,206.0,8.2,5.7,49.0,72
2026-08-16 04:00:00+00:00,Karachi,29.2,74,1003.1,3.76,21.5,51.0,198.0,7.1,5.7,54.0,71
2026-08-16 05:00:00+00:00,Karachi,29.9,70,1002.7,4.66,22.5,56.2,176.0,5.4,5.4,60.0,71
2026-08-16 06:00:00+00:00,Karachi,29.4,73,1003.0,4.99,23.8,63.1,159.0,4.1,5.2,65.0,71
2026-08-16 07:00:00+00:00,Karachi,29.3,74,1002.6,4.92,24.2,63.1,154.0,3.5,5.0,67.0,71
2026-08-16 08:00:00+00:00,Karachi,29.7,72,1002.0,4.92,24.0,61.9,155.0,3.2,4.8,68.0,71
2026-08-16 09:00:00+00:00,Karachi,29.9,70,1001.5,4.66,23.2,57.9,159.0,3.3,4.6,67.0,71
2026-08-16 10:00:00+00:00,Karachi,29.7,71,1001.3,4.58,22.4,53.9,168.0,3.7,4.5,64.0,71
2026-08-16 11:00:00+00:00,Karachi,29.2,74,1001.1,4.7,21.9,51.5,180.0,4.5,4.4,61.0,71
2026-08-16 12:00:00+00:00,Karachi,29.0,75,1001.4,4.87,22.5,53.9,187.0,5.5,4.5,55.0,71
2026-08-16 13:00:00+00:00,Karachi,28.4,76,1001.8,4.76,22.6,52.0,186.0,6.2,4.6,53.0,71
2026-08-16 14:00:00+00:00,Karachi,27.8,79,1002.2,4.63,22.4,49.5,180.0,7.1,4.8,51.0,71
2026-08-16 15:00:00+00:00,Karachi,27.7,81,1002.7,4.56,20.1,44.0,174.0,7.8,5.0,49.0,71
2026-08-16 16:00:00+00:00,Karachi,27.5,81,1003.5,4.49,18.2,38.3,172.0,8.2,5.1,48.0,71
2026-08-16 17:00:00+00:00,Karachi,27.2,84,1004.0,4.07,17.4,35.9,171.0,8.3,5.2,49.0,71
2026-08-16 18:00:00+00:00,Karachi,27.3,83,1003.6,4.0,16.9,34.6,165.0,8.1,5.1,49.0,71
2026-08-16 19:00:00+00:00,Karachi,27.0,83,1003.4,3.81,16.6,34.3,150.0,7.3,4.7,50.0,71
2026-08-16 20:00:00+00:00,Karachi,26.9,84,1003.1,3.98,15.9,33.3,130.0,6.0,4.3,50.0,70
2026-08-16 21:00:00+00:00,Karachi,26.7,85,1002.6,4.17,15.4,32.1,115.0,5.1,3.9,51.0,70
2026-08-16 22:00:00+00:00,Karachi,26.7,84,1002.1,4.27,15.0,31.8,105.0,4.5,3.8,51.0,70
2026-08-16 23:00:00+00:00,Karachi,26.7,84,1001.8,4.16,14.8,31.5,100.0,4.2,3.8,51.0,70
2026-08-17 00:00:00+00:00,Karachi,26.8,87,1002.0,3.52,18.6,42.4,113.0,4.8,4.1,50.0,70
2026-08-17 01:00:00+00:00,Karachi,26.8,86,1002.3,3.4,16.9,36.7,163.0,6.5,4.7,49.0,70
2026-08-17 02:00:00+00:00,Karachi,26.9,84,1002.8,3.38,17.7,39.0,232.0,8.7,5.4,48.0,70
2026-08-17 03:00:00+00:00,Karachi,27.9,79,1003.2,4.22,19.1,45.1,273.0,9.9,5.9,49.0,70
2026-08-17 04:00:00+00:00,Karachi,28.7,74,1003.4,4.57,22.1,53.8,260.0,8.9,5.9,54.0,70
2026-08-17 05:00:00+00:00,Karachi,29.6,69,1003.7,4.54,23.1,57.2,220.0,6.9,5.7,60.0,70
2026-08-17 06:00:00+00:00,Karachi,30.3,65,1003.8,4.7,23.5,58.6,189.0,5.2,5.4,65.0,70
2026-08-17 07:00:00+00:00,Karachi,29.5,70,1003.5,4.88,23.1,56.1,182.0,4.3,5.1,67.0,70
2026-08-17 08:00:00+00:00,Karachi,29.5,71,1003.0,5.18,22.1,53.1,184.0,3.7,4.7,68.0,70
2026-08-17 09:00:00+00:00,Karachi,29.6,71,1002.9,5.24,21.3,50.1,191.0,3.7,4.5,67.0,70
2026-08-17 10:00:00+00:00,Karachi,29.7,70,1002.4,5.21,20.8,47.7,204.0,4.4,4.4,63.0,70
2026-08-17 11:00:00+00:00,Karachi,29.1,72,1002.3,5.31,19.8,44.0,220.0,5.7,4.4,57.0,70
2026-08-17 12:00:00+00:00,Karachi,28.9,74,1002.5,5.19,23.0,54.0,230.0,6.7,4.4,53.0,70
2026-08-17 13:00:00+00:00,Karachi,28.3,78,1002.8,4.98,22.4,50.4,227.0,8.2,4.6,50.0,70
2026-08-17 14:00:00+00:00,Karachi,27.7,80,1002.9,4.9,22.2,48.4,216.0,10.3,5.0,45.0,70
2026-08-17 15:00:00+00:00,Karachi,27.3,83,1003.5,4.7,22.4,47.1,208.0,11.6,5.2,42.0,70
2026-08-17 16:00:00+00:00,Karachi,27.2,83,1004.0,4.42,22.0,45.4,207.0,11.7,5.3,41.0,70
2026-08-17 17:00:00+00:00,Karachi,27.2,83,1004.8,3.81,20.2,42.5,208.0,11.1,5.4,41.0,70
2026-08-17 18:00:00+00:00,Karachi,27.3,84,1004.6,3.87,19.1,41.6,202.0,10.2,5.3,42.0,70
2026-08-17 19:00:00+00:00,Karachi,27.2,84,1004.3,3.67,17.3,36.9,181.0,8.9,5.0,43.0,71
2026-08-17 20:00:00+00:00,Karachi,27.0,84,1004.1,3.75,16.9,36.4,153.0,7.3,4.6,44.0,71
2026-08-17 21:00:00+00:00,Karachi,26.9,86,1003.8,3.8,22.1,51.2,132.0,6.1,4.3,45.0,71
2026-08-17 22:00:00+00:00,Karachi,26.7,87,1003.5,3.81,18.3,39.5,120.0,5.5,4.3,45.0,71
2026-08-17 23:00:00+00:00,Karachi,26.8,88,1003.3,3.89,17.4,36.8,114.0,5.3,4.4,46.0,71
2026-08-18 00:00:00+00:00,Karachi,27.2,82,1003.1,3.96,16.5,34.8,125.0,5.5,4.6,47.0,72
2026-08-18 01:00:00+00:00,Karachi,27.0,84,1003.4,3.71,16.0,32.9,168.0,7.0,4.9,47.0,71
2026-08-18 02:00:00+00:00,Karachi,27.3,83,1003.8,3.65,16.2,32.4,228.0,9.0,5.4,46.0,71
2026-08-18 03:00:00+00:00,Karachi,28.4,76,1004.3,4.91,17.2,35.9,265.0,9.9,5.6,48.0,71
2026-08-18 04:00:00+00:00,Karachi,29.2,71,1004.6,4.87,17.9,37.3,256.0,8.6,5.5,54.0,71
2026-08-18 05:00:00+00:00,Karachi,29.8,69,1005.0,4.81,17.0,35.3,224.0,6.1,5.2,62.0,71
2026-08-18 06:00:00+00:00,Karachi,30.3,62,1005.2,5.31,16.3,32.6,199.0,4.2,4.9,67.0,70
2026-08-18 07:00:00+00:00,Karachi,30.5,63,1005.1,5.34,16.6,33.1,190.0,3.4,4.7,68.0,70
2026-08-18 08:00:00+00:00,Karachi,30.5,64,1004.7,5.44,16.9,32.9,188.0,3.2,4.5,67.0,69
2026-08-18 09:00:00+00:00,Karachi,30.1,67,1004.2,5.63,17.0,32.7,192.0,3.5,4.4,64.0,69
2026-08-18 10:00:00+00:00,Karachi,29.7,70,1003.8,5.82,16.9,32.6,206.0,4.2,4.3,60.0,69
2026-08-18 11:00:00+00:00,Karachi,29.0,74,1003.1,5.62,17.0,32.8,227.0,5.4,4.3,54.0,68
2026-08-18 12:00:00+00:00,Karachi,29.2,70,1003.4,5.37,17.6,38.5,239.0,6.7,4.1,49.0,68
2026-08-18 13:00:00+00:00,Karachi,28.5,72,1003.6,5.28,18.3,36.8,236.0,8.8,4.4,45.0,68
2026-08-18 14:00:00+00:00,Karachi,28.0,76,1003.8,5.37,19.6,38.0,224.0,11.7,4.8,40.0,67
2026-08-18 15:00:00+00:00,Karachi,27.7,79,1004.3,5.11,20.8,38.3,214.0,13.4,5.1,36.0,67
2026-08-18 16:00:00+00:00,Karachi,27.7,80,1004.7,5.14,19.8,37.3,211.0,13.0,5.2,35.0,67
2026-08-18 17:00:00+00:00,Karachi,27.5,82,1005.0,4.65,18.7,36.3,208.0,11.6,5.1,36.0,67
2026-08-18 18:00:00+00:00,Karachi,27.4,81,1005.3,4.7,16.5,31.7,199.0,10.0,4.9,37.0,67
2026-08-18 19:00:00+00:00,Karachi,27.1,81,1005.0,4.37,14.9,28.9,174.0,8.5,4.6,38.0,66
2026-08-18 20:00:00+00:00,Karachi,27.0,82,1004.9,4.24,14.0,27.9,142.0,7.0,4.2,38.0,66
2026-08-18 21:00:00+00:00,Karachi,26.8,83,1004.3,4.25,13.2,26.1,119.0,5.8,3.9,39.0,66
2026-08-18 22:00:00+00:00,Karachi,26.8,84,1004.1,4.27,12.6,25.1,108.0,5.1,3.9,39.0,65
2026-08-18 23:00:00+00:00,Karachi,26.7,85,1003.9,4.36,12.0,23.5,106.0,4.8,4.0,39.0,65
2026-08-19 00:00:00+00:00,Karachi,27.1,83,1003.9,4.66,12.9,25.5,119.0,4.7,4.2,42.0,64
2026-08-19 01:00:00+00:00,Karachi,26.9,83,1003.9,4.42,12.3,23.3,163.0,6.1,4.5,41.0,64
2026-08-19 02:00:00+00:00,Karachi,27.2,81,1004.4,4.22,12.7,22.8,222.0,8.1,4.8,40.0,64
2026-08-19 03:00:00+00:00,Karachi,28.1,75,1004.8,5.18,15.1,28.3,258.0,9.0,5.0,41.0,64
2026-08-19 04:00:00+00:00,Karachi,29.0,70,1005.2,5.06,16.8,32.9,246.0,8.0,5.0,46.0,63
2026-08-19 05:00:00+00:00,Karachi,30.1,63,1005.4,5.15,16.2,32.0,210.0,5.9,4.8,53.0,63
2026-08-19 06:00:00+00:00,Karachi,30.1,65,1005.3,5.55,16.1,32.6,183.0,4.3,4.6,59.0,63
2026-08-19 07:00:00+00:00,Karachi,30.6,63,1005.1,5.47,16.4,33.9,178.0,3.5,4.5,62.0,63
2026-08-19 08:00:00+00:00,Karachi,30.2,66,1004.9,5.51,16.6,34.1,183.0,3.2,4.4,64.0,63
2026-08-19 09:00:00+00:00,Karachi,29.8,68,1004.4,5.46,16.9,34.6,191.0,3.4,4.3,64.0,63
2026-08-19 10:00:00+00:00,Karachi,30.1,67,1003.7,5.76,16.9,33.5,206.0,4.2,4.2,60.0,63
2026-08-19 11:00:00+00:00,Karachi,29.2,72,1003.2,5.68,17.2,33.2,225.0,5.6,4.1,53.0,63
2026-08-19 12:00:00+00:00,Karachi,29.2,67,1003.8,5.51,17.0,32.7,236.0,7.8,4.2,46.0,63
2026-08-19 13:00:00+00:00,Karachi,28.2,72,1004.1,5.17,17.2,31.8,234.0,9.8,4.5,42.0,63
2026-08-19 14:00:00+00:00,Karachi,27.9,75,1004.5,4.84,18.9,32.9,224.0,12.6,4.9,37.0,63
2026-08-19 15:00:00+00:00,Karachi,27.7,78,1005.1,4.45,15.4,25.6,214.0,14.2,5.1,34.0,63
2026-08-19 16:00:00+00:00,Karachi,27.5,81,1005.6,4.99,13.4,22.2,206.0,13.6,5.1,34.0,63
2026-08-19 17:00:00+00:00,Karachi,27.3,82,1005.9,4.92,12.2,20.0,197.0,11.9,5.0,35.0,62
2026-08-19 18:00:00+00:00,Karachi,27.4,79,1006.0,4.6,11.9,19.8,184.0,10.2,4.8,36.0,62
2026-08-19 19:00:00+00:00,Karachi,27.3,80,1005.7,4.66,11.7,19.6,162.0,8.7,4.5,37.0,61
2026-08-19 20:00:00+00:00,Karachi,27.1,82,1005.2,4.8,11.6,20.3,135.0,7.1,4.1,38.0,61
2026-08-19 21:00:00+00:00,Karachi,26.9,83,1004.7,4.53,11.6,21.5,117.0,6.0,3.9,38.0,61
2026-08-19 22:00:00+00:00,Karachi,26.8,84,1004.2,4.22,11.7,22.5,107.0,5.4,3.9,38.0,61
2026-08-19 23:00:00+00:00,Karachi,26.7,85,1004.0,4.17,11.7,22.9,106.0,5.2,4.1,37.0,61
2026-05-21 00:00:00+00:00,Peshawar,25.7,54,1005.8,1.3,24.7,45.6,351.0,15.0,3.3,47.0,93
2026-05-21 01:00:00+00:00,Peshawar,26.3,49,1006.3,1.56,27.2,63.1,347.0,13.6,3.5,58.0,92
2026-05-21 02:00:00+00:00,Peshawar,27.5,44,1006.6,2.36,29.5,79.2,334.0,11.6,3.9,73.0,92
2026-05-21 03:00:00+00:00,Peshawar,29.5,34,1006.5,3.0,31.0,102.4,314.0,9.5,4.0,90.0,92
2026-05-21 04:00:00+00:00,Peshawar,31.0,30,1006.4,4.01,30.7,98.7,281.0,7.0,3.8,109.0,92
2026-05-21 05:00:00+00:00,Peshawar,32.3,28,1006.2,3.74,29.5,89.9,240.0,4.4,3.3,129.0,92
2026-05-21 06:00:00+00:00,Peshawar,32.1,31,1007.4,3.0,28.2,84.8,213.0,2.5,3.0,143.0,92
2026-05-21 07:00:00+00:00,Peshawar,32.2,31,1006.7,2.02,27.7,82.2,206.0,1.6,2.9,150.0,92
2026-05-21 08:00:00+00:00,Peshawar,32.7,30,1005.6,1.67,26.8,77.5,213.0,1.6,2.9,151.0,92
2026-05-21 09:00:00+00:00,Peshawar,33.9,28,1004.6,1.58,26.1,73.6,232.0,2.7,3.0,148.0,92
2026-05-21 10:00:00+00:00,Peshawar,34.2,26,1003.5,1.46,25.7,70.8,255.0,4.9,3.1,141.0,92
2026-05-21 11:00:00+00:00,Peshawar,34.1,25,1003.3,1.64,25.3,68.7,290.0,8.2,3.2,130.0,92
2026-05-21 12:00:00+00:00,Peshawar,34.3,27,1002.6,1.48,18.7,49.4,359.0,11.8,3.0,113.0,101
2026-05-21 13:00:00+00:00,Peshawar,33.3,28,1003.0,1.66,23.8,46.0,511.0,23.1,3.9,91.0,102
2026-05-21 14:00:00+00:00,Peshawar,31.6,37,1003.2,0.96,29.0,49.7,697.0,38.3,5.0,60.0,93
2026-05-21 15:00:00+00:00,Peshawar,31.1,38,1004.4,1.81,32.6,50.6,788.0,47.1,5.7,39.0,88
2026-05-21 16:00:00+00:00,Peshawar,28.0,45,1006.2,3.89,35.6,48.2,699.0,43.6,5.4,36.0,86
2026-05-21 17:00:00+00:00,Peshawar,26.5,53,1005.8,1.63,29.1,53.1,516.0,33.7,4.6,41.0,86
2026-05-21 18:00:00+00:00,Peshawar,26.6,55,1007.0,1.78,25.6,45.1,360.0,25.2,3.8,46.0,85
2026-05-21 19:00:00+00:00,Peshawar,26.2,62,1006.9,0.65,22.4,38.4,272.0,20.8,3.2,46.0,84
2026-05-21 20:00:00+00:00,Peshawar,25.3,65,1007.0,1.32,20.1,34.1,213.0,17.9,2.7,44.0,83
2026-05-21 21:00:00+00:00,Peshawar,25.2,61,1006.8,1.63,18.3,31.0,187.0,15.8,2.3,42.0,83
2026-05-21 22:00:00+00:00,Peshawar,24.7,62,1006.7,0.9,18.1,30.4,206.0,14.9,2.1,37.0,82
2026-05-21 23:00:00+00:00,Peshawar,24.1,67,1007.0,0.43,17.5,29.3,258.0,14.8,2.2,31.0,82
2026-05-22 00:00:00+00:00,Peshawar,25.3,54,1006.8,1.49,19.1,27.4,312.0,20.2,2.4,18.0,82
2026-05-22 01:00:00+00:00,Peshawar,24.8,59,1006.7,0.72,19.0,27.1,374.0,17.4,2.7,35.0,82
2026-05-22 02:00:00+00:00,Peshawar,26.3,54,1007.3,0.46,20.0,29.9,439.0,13.5,3.2,58.0,81
2026-05-22 03:00:00+00:00,Peshawar,28.3,47,1007.8,0.63,19.0,48.8,460.0,9.9,3.4,81.0,80
2026-05-22 04:00:00+00:00,Peshawar,30.5,39,1007.7,0.76,19.8,59.5,397.0,6.9,3.2,102.0,79
2026-05-22 05:00:00+00:00,Peshawar,32.3,30,1007.5,1.25,23.2,80.3,291.0,4.2,2.8,123.0,78
2026-05-22 06:00:00+00:00,Peshawar,32.7,27,1008.1,1.15,24.8,91.5,214.0,2.4,2.5,138.0,78
2026-05-22 07:00:00+00:00,Peshawar,33.7,26,1007.4,0.51,25.4,96.6,199.0,1.7,2.4,144.0,78
2026-05-22 08:00:00+00:00,Peshawar,34.5,25,1006.5,0.36,26.1,101.0,214.0,1.9,2.4,143.0,77
2026-05-22 09:00:00+00:00,Peshawar,34.9,24,1005.6,0.5,27.3,105.5,232.0,2.5,2.4,141.0,77
2026-05-22 10:00:00+00:00,Peshawar,35.2,23,1004.9,0.81,27.8,105.0,236.0,1.5,2.4,142.0,77
2026-05-22 11:00:00+00:00,Peshawar,35.1,23,1004.4,0.61,27.9,103.8,245.0,0.9,2.4,141.0,82
2026-05-22 12:00:00+00:00,Peshawar,35.6,20,1003.8,1.02,24.8,88.5,286.0,5.8,2.5,132.0,95
2026-05-22 13:00:00+00:00,Peshawar,34.9,23,1003.8,0.36,29.4,79.2,400.0,28.2,4.2,102.0,101
2026-05-22 14:00:00+00:00,Peshawar,32.9,29,1004.2,1.98,44.9,90.1,548.0,58.7,6.6,61.0,97
2026-05-22 15:00:00+00:00,Peshawar,31.0,39,1004.6,0.89,56.6,102.0,639.0,79.4,8.1,29.0,81
2026-05-22 16:00:00+00:00,Peshawar,30.3,40,1005.5,0.86,59.8,93.1,628.0,82.0,8.1,15.0,82
2026-05-22 17:00:00+00:00,Peshawar,29.6,43,1005.9,0.63,55.1,80.6,562.0,74.8,7.4,10.0,84
2026-05-22 18:00:00+00:00,Peshawar,30.5,40,1005.5,0.46,48.0,65.2,488.0,64.4,6.4,12.0,86
2026-05-22 19:00:00+00:00,Peshawar,28.8,42,1005.6,0.5,38.0,50.8,411.0,50.6,5.2,22.0,88
2026-05-22 20:00:00+00:00,Peshawar,27.9,45,1005.5,0.81,28.2,40.0,328.0,33.6,3.8,39.0,89
2026-05-22 21:00:00+00:00,Peshawar,27.1,48,1005.2,0.81,21.1,31.7,272.0,20.9,2.8,49.0,89
2026-05-22 22:00:00+00:00,Peshawar,25.9,52,1005.3,0.7,18.2,26.6,259.0,16.3,2.3,46.0,90
2026-05-22 23:00:00+00:00,Peshawar,25.1,52,1005.8,0.82,16.4,22.6,275.0,15.9,2.1,37.0,90
2026-05-23 00:00:00+00:00,Peshawar,24.5,58,1006.2,0.98,19.6,26.8,310.0,19.1,2.5,26.0,90
2026-05-23 01:00:00+00:00,Peshawar,24.2,61,1006.7,0.85,19.7,26.7,384.0,16.8,2.9,40.0,90
2026-05-23 02:00:00+00:00,Peshawar,26.1,55,1007.4,0.22,20.6,28.8,478.0,13.6,3.4,60.0,90
2026-05-23 03:00:00+00:00,Peshawar,28.6,46,1008.0,0.6,20.3,45.5,527.0,10.5,3.6,80.0,90
2026-05-23 04:00:00+00:00,Peshawar,31.0,36,1008.0,0.16,22.8,61.0,492.0,7.5,3.3,101.0,90
2026-05-23 05:00:00+00:00,Peshawar,32.9,31,1007.4,0.36,22.9,63.6,413.0,4.6,2.8,123.0,90
2026-05-23 06:00:00+00:00,Peshawar,33.0,29,1007.9,0.87,21.5,59.6,340.0,2.6,2.4,139.0,90
2026-05-23 07:00:00+00:00,Peshawar,34.6,26,1007.4,0.35,21.2,58.4,288.0,1.6,2.3,146.0,90
2026-05-23 08:00:00+00:00,Peshawar,35.6,24,1006.2,0.72,21.1,57.9,243.0,1.5,2.2,148.0,89
2026-05-23 09:00:00+00:00,Peshawar,36.1,22,1005.3,1.05,21.4,58.4,214.0,2.3,2.3,146.0,89
2026-05-23 10:00:00+00:00,Peshawar,36.2,22,1004.8,0.98,21.5,59.0,189.0,2.2,2.3,144.0,89
2026-05-23 11:00:00+00:00,Peshawar,35.9,21,1004.1,1.45,21.1,56.8,179.0,3.0,2.4,140.0,88
2026-05-23 12:00:00+00:00,Peshawar,36.0,22,1003.9,2.74,9.5,20.6,231.0,4.9,2.4,128.0,98
2026-05-23 13:00:00+00:00,Peshawar,35.2,27,1003.6,0.67,15.0,24.2,383.0,15.3,3.3,110.0,103
2026-05-23 14:00:00+00:00,Peshawar,33.3,30,1003.9,1.49,19.2,27.0,595.0,29.6,4.6,84.0,101
2026-05-23 15:00:00+00:00,Peshawar,31.4,40,1004.2,1.56,24.6,31.7,796.0,40.0,5.5,63.0,89
2026-05-23 16:00:00+00:00,Peshawar,30.4,46,1005.2,1.57,28.9,35.0,981.0,43.0,5.7,50.0,81
2026-05-23 17:00:00+00:00,Peshawar,29.6,49,1005.8,0.27,28.8,34.3,1154.0,42.2,5.5,42.0,78
2026-05-23 18:00:00+00:00,Peshawar,30.6,49,1005.3,0.32,26.1,30.7,1252.0,40.3,5.1,35.0,76
2026-05-23 19:00:00+00:00,Peshawar,29.6,48,1004.9,1.23,24.4,28.6,1223.0,37.9,4.5,30.0,75
2026-05-23 20:00:00+00:00,Peshawar,28.5,54,1004.6,0.52,23.1,26.8,1119.0,34.5,3.7,26.0,73
2026-05-23 21:00:00+00:00,Peshawar,27.1,56,1004.3,0.66,21.6,25.0,1027.0,31.4,3.1,23.0,73
2026-05-23 22:00:00+00:00,Peshawar,25.9,57,1004.1,1.64,20.7,23.9,995.0,29.4,2.7,18.0,73
2026-05-23 23:00:00+00:00,Peshawar,25.3,60,1003.9,0.63,20.0,23.2,975.0,27.7,2.4,14.0,73
2026-05-24 00:00:00+00:00,Peshawar,24.9,66,1004.4,2.94,17.5,21.0,916.0,17.8,2.2,32.0,74
2026-05-24 01:00:00+00:00,Peshawar,25.6,62,1004.6,1.01,17.5,21.6,776.0,15.2,2.6,45.0,73
2026-05-24 02:00:00+00:00,Peshawar,27.2,57,1005.4,0.43,18.0,24.4,596.0,11.6,3.1,63.0,73
2026-05-24 03:00:00+00:00,Peshawar,29.9,46,1005.9,0.56,18.6,35.7,449.0,8.3,3.4,82.0,73
2026-05-24 04:00:00+00:00,Peshawar,32.4,35,1005.6,0.92,17.6,38.4,365.0,5.7,3.3,102.0,73
2026-05-24 05:00:00+00:00,Peshawar,34.0,29,1005.5,0.65,16.4,36.4,313.0,3.5,3.0,122.0,72
2026-05-24 06:00:00+00:00,Peshawar,34.6,28,1006.1,1.27,15.6,35.6,276.0,2.0,2.8,136.0,72
2026-05-24 07:00:00+00:00,Peshawar,35.1,27,1005.4,0.94,15.1,36.2,251.0,1.4,2.8,141.0,71
2026-05-24 08:00:00+00:00,Peshawar,36.0,23,1004.5,1.27,15.5,39.1,241.0,1.5,2.9,140.0,71
2026-05-24 09:00:00+00:00,Peshawar,36.1,23,1003.6,1.98,17.5,46.2,237.0,1.8,2.9,137.0,71
2026-05-24 10:00:00+00:00,Peshawar,35.8,23,1003.2,2.12,16.4,42.3,224.0,0.8,2.7,137.0,70
2026-05-24 11:00:00+00:00,Peshawar,35.9,23,1002.7,1.73,15.9,37.4,217.0,0.1,2.5,136.0,79
2026-05-24 12:00:00+00:00,Peshawar,36.3,22,1002.1,1.96,17.8,38.9,252.0,4.4,3.0,132.0,90
2026-05-24 13:00:00+00:00,Peshawar,35.3,23,1002.1,1.38,19.8,36.7,360.0,18.5,4.4,108.0,96
2026-05-24 14:00:00+00:00,Peshawar,33.4,37,1002.1,0.07,30.9,44.7,510.0,37.8,6.2,74.0,93
2026-05-24 15:00:00+00:00,Peshawar,31.2,38,1003.0,0.96,44.6,58.2,643.0,52.1,7.5,46.0,80
2026-05-24 16:00:00+00:00,Peshawar,30.5,46,1003.4,1.5,51.9,63.3,753.0,57.0,7.7,30.0,73
2026-05-24 17:00:00+00:00,Peshawar,29.8,47,1004.1,1.14,52.2,60.3,846.0,56.8,7.3,19.0,75
2026-05-24 18:00:00+00:00,Peshawar,30.4,40,1003.2,2.8,49.4,56.8,878.0,54.0,6.7,13.0,77
2026-05-24 19:00:00+00:00,Peshawar,28.9,48,1002.6,0.4,39.9,47.3,801.0,47.9,5.7,13.0,78
2026-05-24 20:00:00+00:00,Peshawar,27.5,52,1002.6,0.46,34.0,40.4,663.0,39.1,4.5,18.0,80
2026-05-24 21:00:00+00:00,Peshawar,26.7,53,1002.8,0.86,29.6,35.0,569.0,31.8,3.5,21.0,81
2026-05-24 22:00:00+00:00,Peshawar,25.9,56,1003.3,0.54,26.1,30.6,570.0,27.8,2.8,18.0,81
2026-05-24 23:00:00+00:00,Peshawar,24.3,62,1004.0,0.63,23.7,27.6,614.0,25.2,2.4,14.0,82
2026-05-25 00:00:00+00:00,Peshawar,23.9,62,1003.0,1.16,21.9,25.6,648.0,21.3,2.3,19.0,82
2026-05-25 01:00:00+00:00,Peshawar,24.0,62,1003.5,0.85,21.5,24.9,670.0,19.2,3.2,37.0,82
2026-05-25 02:00:00+00:00,Peshawar,26.4,54,1004.1,0.71,20.7,24.7,683.0,16.1,4.3,61.0,83
2026-05-25 03:00:00+00:00,Peshawar,29.5,33,1004.6,0.45,19.2,27.6,643.0,12.8,5.0,85.0,83
2026-05-25 04:00:00+00:00,Peshawar,32.5,21,1004.6,2.07,15.8,26.0,501.0,9.1,4.7,106.0,83
2026-05-25 05:00:00+00:00,Peshawar,35.0,13,1004.3,4.25,11.6,20.3,306.0,5.1,3.9,126.0,83
2026-05-25 06:00:00+00:00,Peshawar,36.1,9,1004.2,3.85,8.3,15.0,164.0,2.3,3.2,140.0,82
2026-05-25 07:00:00+00:00,Peshawar,37.2,8,1003.5,3.6,6.5,12.6,124.0,1.3,2.7,145.0,82
2026-05-25 08:00:00+00:00,Peshawar,37.8,8,1002.6,3.38,5.6,11.7,137.0,1.5,2.2,145.0,81
2026-05-25 09:00:00+00:00,Peshawar,38.2,8,1001.8,3.15,5.4,11.7,160.0,2.0,1.9,144.0,80
2026-05-25 10:00:00+00:00,Peshawar,38.5,8,1001.3,2.21,5.4,11.9,158.0,0.1,1.6,148.0,79
2026-05-25 11:00:00+00:00,Peshawar,38.2,9,1000.6,2.89,5.5,12.1,166.0,0.0,1.4,151.0,88
2026-05-25 12:00:00+00:00,Peshawar,37.5,11,1000.4,3.75,4.1,9.1,247.0,5.1,1.7,148.0,102
2026-05-25 13:00:00+00:00,Peshawar,34.2,18,1000.6,3.74,9.7,14.0,457.0,23.3,3.5,126.0,111
2026-05-25 14:00:00+00:00,Peshawar,32.2,25,1000.8,1.66,21.9,26.4,740.0,48.5,6.0,95.0,111
2026-05-25 15:00:00+00:00,Peshawar,31.0,27,1001.9,0.62,34.8,39.9,997.0,67.5,7.9,67.0,101
2026-05-25 16:00:00+00:00,Peshawar,30.0,28,1002.6,1.81,42.7,48.7,1221.0,75.0,8.8,46.0,84
2026-05-25 17:00:00+00:00,Peshawar,28.8,33,1003.1,0.89,45.9,51.3,1419.0,76.2,9.1,29.0,74
2026-05-25 18:00:00+00:00,Peshawar,28.8,36,1003.5,0.76,45.6,49.8,1504.0,74.0,8.7,16.0,73
2026-05-25 19:00:00+00:00,Peshawar,27.2,41,1003.7,0.81,41.4,44.7,1405.0,67.7,7.4,8.0,73
2026-05-25 20:00:00+00:00,Peshawar,26.6,41,1003.8,0.71,37.3,39.7,1193.0,58.0,5.4,5.0,73
2026-05-25 21:00:00+00:00,Peshawar,25.9,39,1003.8,0.91,33.6,35.6,1005.0,49.1,3.8,3.0,73
2026-05-25 22:00:00+00:00,Peshawar,24.5,42,1003.6,0.43,30.7,32.4,872.0,42.6,2.9,0.0,73
2026-05-25 23:00:00+00:00,Peshawar,23.5,43,1003.7,0.32,28.5,30.0,763.0,37.1,2.3,0.0,74
2026-05-26 00:00:00+00:00,Peshawar,24.6,48,1004.1,0.29,24.4,26.0,713.0,31.9,2.5,8.0,74
2026-05-26 01:00:00+00:00,Peshawar,24.8,43,1004.7,0.5,25.3,27.5,783.0,29.5,3.3,26.0,74
2026-05-26 02:00:00+00:00,Peshawar,26.7,40,1005.2,0.9,27.2,29.8,913.0,25.9,4.4,53.0,75
2026-05-26 03:00:00+00:00,Peshawar,29.5,29,1005.5,0.25,22.5,28.3,957.0,21.6,5.2,80.0,75
2026-05-26 04:00:00+00:00,Peshawar,31.2,26,1005.5,0.87,18.7,27.0,826.0,15.7,5.4,110.0,75
2026-05-26 05:00:00+00:00,Peshawar,33.4,22,1005.2,0.98,16.9,28.6,609.0,9.0,5.2,142.0,76
2026-05-26 06:00:00+00:00,Peshawar,35.2,18,1005.6,1.77,15.0,30.0,429.0,4.1,4.9,162.0,76
2026-05-26 07:00:00+00:00,Peshawar,36.7,16,1004.8,1.06,14.1,31.7,328.0,2.2,4.4,164.0,77
2026-05-26 08:00:00+00:00,Peshawar,37.4,15,1003.8,0.78,13.9,35.3,264.0,2.0,3.7,154.0,77
2026-05-26 09:00:00+00:00,Peshawar,38.0,15,1002.9,0.4,14.2,42.6,229.0,2.4,3.2,145.0,78
2026-05-26 10:00:00+00:00,Peshawar,38.8,14,1002.0,0.3,15.0,50.9,202.0,0.2,2.7,142.0,81
2026-05-26 11:00:00+00:00,Peshawar,38.4,16,1001.5,1.55,15.4,55.2,205.0,0.0,2.3,139.0,100
2026-05-26 12:00:00+00:00,Peshawar,38.2,17,1001.2,1.76,13.3,47.1,289.0,5.6,2.5,129.0,113
2026-05-26 13:00:00+00:00,Peshawar,36.6,21,1001.3,1.68,23.7,49.2,535.0,29.2,4.6,106.0,117
2026-05-26 14:00:00+00:00,Peshawar,34.4,28,1001.8,1.24,40.0,67.3,864.0,61.4,7.5,74.0,109
2026-05-26 15:00:00+00:00,Peshawar,32.7,37,1002.6,2.58,54.4,81.7,1087.0,84.1,9.4,46.0,91
2026-05-26 16:00:00+00:00,Peshawar,32.1,31,1003.4,2.71,59.0,78.7,1116.0,88.6,9.5,26.0,85
2026-05-26 17:00:00+00:00,Peshawar,31.6,35,1004.3,0.16,57.3,71.2,1040.0,83.4,8.6,11.0,86
2026-05-26 18:00:00+00:00,Peshawar,31.6,36,1004.2,0.92,54.1,64.7,940.0,75.9,7.5,1.0,87
2026-05-26 19:00:00+00:00,Peshawar,30.7,39,1004.4,1.04,47.5,55.9,806.0,67.3,6.3,0.0,88
2026-05-26 20:00:00+00:00,Peshawar,28.9,43,1003.9,2.46,38.8,45.8,648.0,56.4,4.8,5.0,88
2026-05-26 21:00:00+00:00,Peshawar,27.9,43,1003.5,2.4,31.7,38.1,573.0,46.9,3.7,9.0,88
2026-05-26 22:00:00+00:00,Peshawar,27.8,42,1003.3,1.01,27.2,33.6,671.0,40.2,3.1,8.0,88
2026-05-26 23:00:00+00:00,Peshawar,27.0,44,1003.4,1.25,24.7,30.9,852.0,35.0,2.7,7.0,88
2026-05-27 00:00:00+00:00,Peshawar,26.9,46,1003.7,1.24,21.7,30.7,960.0,27.0,2.7,25.0,88
2026-05-27 01:00:00+00:00,Peshawar,26.8,47,1004.3,1.46,20.8,30.5,920.0,24.3,3.1,40.0,87
2026-05-27 02:00:00+00:00,Peshawar,28.8,43,1004.4,0.97,21.5,31.8,807.0,20.3,3.7,62.0,87
2026-05-27 03:00:00+00:00,Peshawar,32.0,36,1004.7,0.45,21.4,39.8,681.0,16.1,4.1,85.0,87
2026-05-27 04:00:00+00:00,Peshawar,34.5,27,1004.9,0.52,21.5,53.1,548.0,11.5,4.0,109.0,87
2026-05-27 05:00:00+00:00,Peshawar,36.6,21,1004.4,1.03,21.4,56.2,402.0,6.6,3.7,132.0,87
2026-05-27 06:00:00+00:00,Peshawar,37.8,17,1004.2,0.85,21.0,56.5,292.0,3.1,3.4,149.0,87
2026-05-27 07:00:00+00:00,Peshawar,39.2,15,1003.4,0.45,20.5,56.6,240.0,1.8,3.2,153.0,88
2026-05-27 08:00:00+00:00,Peshawar,40.0,14,1002.3,0.32,19.8,56.0,223.0,1.9,3.1,150.0,88
2026-05-27 09:00:00+00:00,Peshawar,40.5,14,1001.8,1.11,19.6,55.3,220.0,2.6,3.1,146.0,89
2026-05-27 10:00:00+00:00,Peshawar,40.8,13,1000.9,1.43,19.1,53.8,195.0,1.5,3.0,146.0,89
2026-05-27 11:00:00+00:00,Peshawar,40.7,12,1000.4,0.64,19.2,52.4,185.0,1.0,3.0,144.0,94
2026-05-27 12:00:00+00:00,Peshawar,40.6,13,999.6,1.72,16.2,47.0,275.0,6.0,3.2,134.0,107
2026-05-27 13:00:00+00:00,Peshawar,38.9,15,999.8,2.27,27.7,50.2,563.0,31.3,5.0,105.0,112
2026-05-27 14:00:00+00:00,Peshawar,36.6,18,1000.2,2.26,45.9,69.8,951.0,65.6,7.4,66.0,106
2026-05-27 15:00:00+00:00,Peshawar,34.7,23,1000.9,1.67,54.8,73.8,1233.0,86.0,8.8,37.0,91
2026-05-27 16:00:00+00:00,Peshawar,33.4,33,1001.9,1.35,45.4,57.9,1321.0,79.5,8.5,29.0,91
2026-05-27 17:00:00+00:00,Peshawar,32.3,39,1002.3,0.18,36.2,46.4,1303.0,59.2,7.2,31.0,90
2026-05-27 18:00:00+00:00,Peshawar,31.8,37,1001.9,1.42,30.9,39.1,1236.0,41.7,5.9,34.0,88
2026-05-27 19:00:00+00:00,Peshawar,30.2,44,1002.0,0.22,25.2,32.8,1125.0,33.0,4.9,34.0,86
2026-05-27 20:00:00+00:00,Peshawar,29.4,43,1002.1,1.23,21.3,28.0,965.0,27.0,3.8,36.0,84
2026-05-27 21:00:00+00:00,Peshawar,28.5,43,1002.2,1.47,18.3,23.9,801.0,22.3,3.1,37.0,83
2026-05-27 22:00:00+00:00,Peshawar,27.1,45,1001.9,1.22,15.8,20.7,630.0,18.3,2.7,37.0,82
2026-05-27 23:00:00+00:00,Peshawar,26.4,45,1002.1,1.35,13.9,18.4,455.0,15.6,2.7,38.0,81
2026-05-28 00:00:00+00:00,Peshawar,28.5,41,1001.8,0.87,12.5,17.3,334.0,10.9,2.4,49.0,80
2026-05-28 01:00:00+00:00,Peshawar,27.7,44,1002.6,0.25,12.7,17.2,311.0,11.9,3.3,58.0,79
2026-05-28 02:00:00+00:00,Peshawar,29.3,42,1003.4,0.92,14.5,19.4,341.0,13.2,4.5,71.0,79
2026-05-28 03:00:00+00:00,Peshawar,33.6,19,1003.7,2.84,15.8,23.0,349.0,13.0,5.1,86.0,78
2026-05-28 04:00:00+00:00,Peshawar,35.5,14,1003.9,6.12,11.8,24.9,296.0,9.9,4.4,105.0,78
2026-05-28 05:00:00+00:00,Peshawar,37.1,12,1004.0,6.61,9.2,20.7,221.0,5.4,3.1,127.0,77
2026-05-28 06:00:00+00:00,Peshawar,38.4,10,1004.1,5.45,7.5,17.3,166.0,2.1,2.1,143.0,76
2026-05-28 07:00:00+00:00,Peshawar,39.2,9,1003.7,5.12,6.8,15.5,149.0,1.2,1.7,151.0,75
2026-05-28 08:00:00+00:00,Peshawar,39.7,9,1002.9,4.95,6.5,14.8,151.0,1.4,1.5,154.0,74
2026-05-28 09:00:00+00:00,Peshawar,40.2,9,1002.2,4.12,6.2,14.0,160.0,2.1,1.4,154.0,73
2026-05-28 10:00:00+00:00,Peshawar,40.3,9,1001.5,3.47,5.8,12.7,160.0,2.0,1.3,153.0,77
2026-05-28 11:00:00+00:00,Peshawar,40.3,8,1001.0,3.08,5.4,11.4,167.0,2.3,1.2,150.0,95
2026-05-28 12:00:00+00:00,Peshawar,41.0,7,1000.0,2.36,3.8,4.5,214.0,6.1,1.7,144.0,108
2026-05-28 13:00:00+00:00,Peshawar,39.6,9,999.9,1.46,9.2,10.3,333.0,19.9,2.8,116.0,117
2026-05-28 14:00:00+00:00,Peshawar,37.2,12,999.7,0.9,18.0,19.6,493.0,38.9,4.4,77.0,114
2026-05-28 15:00:00+00:00,Peshawar,35.3,13,1000.0,1.5,26.4,28.2,635.0,52.0,5.4,46.0,100
2026-05-28 16:00:00+00:00,Peshawar,33.9,14,1000.6,1.98,28.5,29.9,743.0,54.3,5.5,31.0,78
2026-05-28 17:00:00+00:00,Peshawar,31.7,17,1001.2,2.09,27.6,29.0,833.0,50.8,5.2,23.0,61
2026-05-28 18:00:00+00:00,Peshawar,30.7,19,1000.8,2.33,25.4,26.7,894.0,45.7,4.6,20.0,61
2026-05-28 19:00:00+00:00,Peshawar,28.7,25,1000.6,0.46,21.5,22.9,914.0,39.5,3.8,22.0,60
2026-05-28 20:00:00+00:00,Peshawar,27.9,27,1000.5,0.8,17.5,19.2,905.0,31.7,2.9,27.0,60
2026-05-28 21:00:00+00:00,Peshawar,27.5,25,1000.3,0.38,14.3,16.3,898.0,25.3,2.2,32.0,60
2026-05-28 22:00:00+00:00,Peshawar,27.0,24,1000.1,1.38,12.3,14.6,897.0,21.2,1.8,32.0,59
2026-05-28 23:00:00+00:00,Peshawar,26.2,25,1000.3,0.87,11.1,13.7,896.0,18.5,1.7,31.0,59
2026-05-29 00:00:00+00:00,Peshawar,26.7,31,999.8,0.54,10.9,14.0,911.0,14.2,2.2,39.0,59
2026-05-29 01:00:00+00:00,Peshawar,26.5,30,1000.5,0.58,12.1,15.7,985.0,15.0,3.0,47.0,59
2026-05-29 02:00:00+00:00,Peshawar,28.1,28,1001.3,0.76,15.0,19.4,1075.0,15.9,4.1,58.0,59
2026-05-29 03:00:00+00:00,Peshawar,31.9,19,1002.1,0.55,16.9,24.2,1059.0,15.3,4.8,74.0,59
2026-05-29 04:00:00+00:00,Peshawar,34.6,17,1002.1,0.93,16.1,28.7,830.0,11.8,4.8,97.0,59
2026-05-29 05:00:00+00:00,Peshawar,36.7,16,1002.0,1.87,14.8,29.3,496.0,6.7,4.5,124.0,59
2026-05-29 06:00:00+00:00,Peshawar,38.8,12,1001.9,3.07,12.8,26.3,258.0,3.0,4.1,144.0,60
2026-05-29 07:00:00+00:00,Peshawar,39.2,13,1001.4,2.73,11.5,23.8,218.0,1.8,3.7,153.0,60
2026-05-29 08:00:00+00:00,Peshawar,39.6,14,1001.0,2.35,11.0,22.8,274.0,2.0,3.3,155.0,61
2026-05-29 09:00:00+00:00,Peshawar,39.7,15,1000.1,2.31,10.8,22.2,327.0,2.6,3.1,156.0,61
2026-05-29 10:00:00+00:00,Peshawar,39.7,15,999.5,1.95,10.7,21.7,321.0,0.9,2.9,160.0,71
2026-05-29 11:00:00+00:00,Peshawar,39.7,14,999.2,1.41,10.7,21.7,312.0,0.0,2.9,163.0,93
2026-05-29 12:00:00+00:00,Peshawar,39.9,12,998.5,1.77,4.9,7.9,370.0,5.2,2.4,138.0,112
2026-05-29 13:00:00+00:00,Peshawar,38.7,14,998.9,1.64,16.4,18.6,568.0,26.9,4.2,119.0,120
2026-05-29 14:00:00+00:00,Peshawar,36.3,21,999.6,1.81,30.9,33.3,833.0,56.9,6.8,91.0,119
2026-05-29 15:00:00+00:00,Peshawar,34.4,27,1000.2,0.81,41.2,43.9,1016.0,79.6,8.9,67.0,108
2026-05-29 16:00:00+00:00,Peshawar,32.8,32,1001.0,0.47,45.6,48.3,1048.0,88.9,10.4,49.0,90
2026-05-29 17:00:00+00:00,Peshawar,31.5,37,1002.0,2.56,48.5,51.9,997.0,90.9,11.5,34.0,67
2026-05-29 18:00:00+00:00,Peshawar,30.6,39,1002.1,1.7,51.1,54.8,921.0,88.6,11.8,24.0,68
2026-05-29 19:00:00+00:00,Peshawar,29.4,38,1002.0,2.31,49.1,52.5,816.0,81.0,10.7,20.0,70
2026-05-29 20:00:00+00:00,Peshawar,29.0,37,1002.2,1.53,46.4,50.5,685.0,69.1,8.9,20.0,72
2026-05-29 21:00:00+00:00,Peshawar,28.3,40,1002.5,0.9,45.1,50.2,593.0,58.2,7.3,20.0,74
2026-05-29 22:00:00+00:00,Peshawar,28.0,41,1002.8,0.86,43.9,50.2,573.0,50.0,6.3,17.0,77
2026-05-29 23:00:00+00:00,Peshawar,27.1,43,1003.5,0.84,42.7,49.7,593.0,43.0,5.6,14.0,79
2026-05-30 00:00:00+00:00,Peshawar,27.3,39,1002.6,1.46,35.5,37.0,622.0,40.4,3.7,6.0,82
2026-05-30 01:00:00+00:00,Peshawar,27.0,41,1003.3,1.86,36.3,39.0,665.0,39.7,5.3,24.0,84
2026-05-30 02:00:00+00:00,Peshawar,28.4,37,1004.5,1.04,43.0,47.1,717.0,38.4,7.6,50.0,86
2026-05-30 03:00:00+00:00,Peshawar,29.6,36,1005.7,1.4,42.5,53.7,738.0,34.5,9.5,84.0,88
2026-05-30 04:00:00+00:00,Peshawar,31.2,35,1006.3,1.43,54.6,95.5,705.0,25.6,10.6,135.0,90
2026-05-30 05:00:00+00:00,Peshawar,32.9,32,1006.7,1.2,62.9,128.5,640.0,14.1,11.2,194.0,93
2026-05-30 06:00:00+00:00,Peshawar,34.1,31,1005.4,1.08,65.2,141.6,568.0,5.6,11.4,232.0,97
2026-05-30 07:00:00+00:00,Peshawar,35.8,28,1005.0,1.3,63.6,149.0,486.0,2.7,11.0,234.0,101
2026-05-30 08:00:00+00:00,Peshawar,37.3,23,1004.0,0.59,61.0,160.2,396.0,2.6,10.3,215.0,106
2026-05-30 09:00:00+00:00,Peshawar,38.1,20,1003.3,1.72,63.3,181.1,332.0,3.1,9.6,198.0,115
2026-05-30 10:00:00+00:00,Peshawar,38.4,18,1002.6,2.28,62.4,186.3,299.0,1.3,9.0,193.0,151
2026-05-30 11:00:00+00:00,Peshawar,38.3,16,1002.2,3.81,62.2,191.4,291.0,0.0,8.6,189.0,174
2026-05-30 12:00:00+00:00,Peshawar,36.3,25,1001.6,4.96,35.5,86.4,323.0,5.6,5.2,174.0,191
2026-05-30 13:00:00+00:00,Peshawar,35.1,31,1001.8,4.57,43.0,85.2,419.0,20.8,6.5,149.0,197
2026-05-30 14:00:00+00:00,Peshawar,33.9,35,1002.3,3.02,55.2,106.4,555.0,41.8,8.2,113.0,190
2026-05-30 15:00:00+00:00,Peshawar,32.4,39,1003.2,3.25,66.1,124.3,667.0,57.9,9.8,84.0,171
2026-05-30 16:00:00+00:00,Peshawar,31.6,42,1004.0,3.15,73.3,136.9,732.0,64.5,11.1,68.0,146
2026-05-30 17:00:00+00:00,Peshawar,31.2,41,1004.6,2.99,79.2,148.1,774.0,66.2,12.2,59.0,142
2026-05-30 18:00:00+00:00,Peshawar,31.5,41,1003.6,2.45,82.4,155.1,803.0,65.6,12.7,52.0,145
2026-05-30 19:00:00+00:00,Peshawar,29.7,51,1004.1,0.16,82.0,155.1,809.0,62.7,12.3,47.0,148
2026-05-30 20:00:00+00:00,Peshawar,28.4,51,1004.4,0.57,80.1,150.4,803.0,57.5,11.3,44.0,150
2026-05-30 21:00:00+00:00,Peshawar,27.5,55,1005.1,1.05,78.7,147.6,823.0,53.1,10.4,41.0,151
2026-05-30 22:00:00+00:00,Peshawar,26.8,58,1005.4,1.12,78.2,147.1,918.0,51.4,9.8,34.0,152
2026-05-30 23:00:00+00:00,Peshawar,26.3,60,1006.0,1.77,78.0,145.3,1041.0,50.5,9.4,27.0,153
2026-05-31 00:00:00+00:00,Peshawar,26.2,59,1006.7,1.79,66.1,108.0,1087.0,37.8,8.1,43.0,155
2026-05-31 01:00:00+00:00,Peshawar,26.1,59,1007.4,2.2,64.7,99.7,986.0,31.7,8.6,61.0,155
2026-05-31 02:00:00+00:00,Peshawar,27.1,56,1008.0,1.64,56.8,86.6,808.0,23.0,9.4,87.0,156
2026-05-31 03:00:00+00:00,Peshawar,28.7,51,1008.6,1.34,39.1,62.9,661.0,15.5,9.7,114.0,157
2026-05-31 04:00:00+00:00,Peshawar,30.4,47,1008.6,0.9,30.0,48.9,593.0,10.2,9.4,142.0,157
2026-05-31 05:00:00+00:00,Peshawar,32.0,44,1008.2,0.18,29.8,51.7,556.0,5.9,8.7,172.0,156
2026-05-31 06:00:00+00:00,Peshawar,32.6,41,1008.6,0.64,33.1,61.5,514.0,2.9,8.0,191.0,155
2026-05-31 07:00:00+00:00,Peshawar,34.2,36,1007.8,0.72,37.5,73.3,447.0,1.6,7.5,195.0,154
2026-05-31 08:00:00+00:00,Peshawar,35.3,33,1007.0,0.76,44.4,91.3,375.0,1.6,6.9,189.0,153
2026-05-31 09:00:00+00:00,Peshawar,36.0,31,1006.1,0.74,45.6,96.6,321.0,1.9,6.5,181.0,153
2026-05-31 10:00:00+00:00,Peshawar,36.5,30,1005.2,0.88,45.1,96.6,288.0,1.1,6.0,176.0,152
2026-05-31 11:00:00+00:00,Peshawar,36.5,29,1004.7,1.5,44.2,95.9,272.0,0.5,5.6,169.0,154
2026-05-31 12:00:00+00:00,Peshawar,36.4,29,1004.2,1.86,51.1,109.9,290.0,3.2,6.0,162.0,163
2026-05-31 13:00:00+00:00,Peshawar,35.7,30,1004.0,1.09,50.4,96.9,364.0,10.8,6.7,143.0,166
2026-05-31 14:00:00+00:00,Peshawar,34.6,33,1004.4,0.85,55.5,99.4,472.0,21.4,7.6,116.0,162
2026-05-31 15:00:00+00:00,Peshawar,33.0,39,1005.0,1.19,61.5,105.5,557.0,30.5,8.6,93.0,152
2026-05-31 16:00:00+00:00,Peshawar,31.8,45,1005.7,1.19,65.7,109.2,599.0,36.8,9.8,79.0,152
2026-05-31 17:00:00+00:00,Peshawar,30.9,49,1006.3,0.72,71.0,115.5,618.0,41.6,11.1,68.0,151
2026-05-31 18:00:00+00:00,Peshawar,30.7,51,1006.2,0.4,75.9,119.2,623.0,44.7,11.5,58.0,151
2026-05-31 19:00:00+00:00,Peshawar,29.7,55,1005.9,0.87,76.6,115.3,610.0,45.6,10.5,47.0,151
2026-05-31 20:00:00+00:00,Peshawar,28.9,57,1006.1,1.75,74.0,103.6,583.0,44.6,8.7,36.0,151
2026-05-31 21:00:00+00:00,Peshawar,28.0,58,1006.2,2.23,69.2,90.8,558.0,42.9,7.2,29.0,151
2026-05-31 22:00:00+00:00,Peshawar,27.3,57,1006.2,2.34,65.0,84.5,539.0,40.5,6.3,25.0,150
2026-05-31 23:00:00+00:00,Peshawar,26.9,56,1006.3,1.92,61.9,81.7,523.0,37.4,5.8,24.0,150
2026-06-01 00:00:00+00:00,Peshawar,27.3,53,1006.3,2.14,70.1,92.4,519.0,40.4,6.6,22.0,148
2026-06-01 01:00:00+00:00,Peshawar,27.5,52,1006.7,1.78,71.2,93.6,540.0,35.7,8.6,40.0,149
2026-06-01 02:00:00+00:00,Peshawar,28.8,48,1007.2,1.27,69.2,97.3,573.0,28.9,11.4,66.0,149
2026-06-01 03:00:00+00:00,Peshawar,30.3,44,1007.3,1.07,66.1,110.8,587.0,22.1,13.1,96.0,150
2026-06-01 04:00:00+00:00,Peshawar,31.9,42,1007.5,0.85,62.4,119.7,567.0,15.3,12.8,133.0,151
2026-06-01 05:00:00+00:00,Peshawar,33.4,40,1007.5,0.49,61.5,125.7,528.0,8.6,11.4,173.0,152
2026-06-01 06:00:00+00:00,Peshawar,34.3,37,1007.6,0.92,60.1,128.5,484.0,3.7,10.1,200.0,153
2026-06-01 07:00:00+00:00,Peshawar,36.0,33,1006.8,0.82,57.3,127.6,436.0,1.9,9.1,203.0,154
2026-06-01 08:00:00+00:00,Peshawar,36.9,31,1005.8,1.2,54.4,124.3,383.0,2.0,8.1,192.0,154
2026-06-01 09:00:00+00:00,Peshawar,37.7,30,1004.7,1.99,52.5,122.0,342.0,2.4,7.4,180.0,155
2026-06-01 10:00:00+00:00,Peshawar,38.0,29,1004.1,2.09,50.1,116.4,308.0,1.6,6.9,172.0,155
2026-06-01 11:00:00+00:00,Peshawar,37.8,29,1003.6,2.1,47.7,110.6,285.0,1.1,6.5,164.0,155
2026-06-01 12:00:00+00:00,Peshawar,38.4,27,1003.0,1.23,33.1,71.5,307.0,4.6,6.4,151.0,163
2026-06-01 13:00:00+00:00,Peshawar,37.7,28,1003.0,0.49,34.2,65.0,414.0,16.6,7.3,128.0,166
2026-06-01 14:00:00+00:00,Peshawar,35.9,33,1003.7,1.38,43.0,71.5,566.0,33.2,8.5,96.0,159
2026-06-01 15:00:00+00:00,Peshawar,34.0,40,1004.2,1.63,51.9,80.6,674.0,47.0,9.8,70.0,154
2026-06-01 16:00:00+00:00,Peshawar,32.8,45,1005.3,1.46,57.2,86.1,693.0,55.2,11.2,55.0,153
2026-06-01 17:00:00+00:00,Peshawar,31.8,47,1005.8,1.7,63.3,93.1,668.0,60.5,12.5,45.0,153
2026-06-01 18:00:00+00:00,Peshawar,32.1,48,1005.1,1.25,68.2,98.5,650.0,63.2,13.1,37.0,153
2026-06-01 19:00:00+00:00,Peshawar,31.0,51,1005.1,1.37,69.8,98.7,659.0,62.9,12.4,29.0,153
2026-06-01 20:00:00+00:00,Peshawar,30.4,52,1005.0,0.93,68.9,95.7,674.0,59.9,11.1,24.0,152
2026-06-01 21:00:00+00:00,Peshawar,30.0,54,1005.0,0.47,66.4,88.7,684.0,56.0,9.7,20.0,152
2026-06-01 22:00:00+00:00,Peshawar,29.4,55,1005.4,0.73,63.1,81.3,688.0,51.2,8.3,17.0,152
2026-06-01 23:00:00+00:00,Peshawar,28.9,56,1006.0,1.01,59.5,75.2,688.0,45.4,7.0,16.0,152
2026-06-02 00:00:00+00:00,Peshawar,29.5,53,1006.1,1.56,68.0,92.0,677.0,46.3,8.2,16.0,152
2026-06-02 01:00:00+00:00,Peshawar,29.1,55,1006.5,1.4,68.9,92.0,650.0,41.2,9.8,34.0,152
2026-06-02 02:00:00+00:00,Peshawar,29.6,54,1007.6,1.56,66.8,89.4,613.0,33.9,12.0,59.0,152
2026-06-02 03:00:00+00:00,Peshawar,30.2,54,1008.3,2.76,66.4,129.0,576.0,26.4,13.3,88.0,152
2026-06-02 04:00:00+00:00,Peshawar,32.3,46,1008.4,1.81,69.8,156.9,542.0,18.4,12.8,124.0,152
2026-06-02 05:00:00+00:00,Peshawar,33.4,45,1007.8,2.64,71.9,169.5,507.0,10.2,11.5,164.0,152
2026-06-02 06:00:00+00:00,Peshawar,35.4,40,1007.1,2.02,71.0,172.8,473.0,4.3,10.1,191.0,152
2026-06-02 07:00:00+00:00,Peshawar,36.2,36,1006.2,0.89,67.1,164.8,439.0,2.1,9.0,197.0,153
2026-06-02 08:00:00+00:00,Peshawar,37.1,31,1005.4,1.39,63.6,156.5,406.0,2.1,8.0,189.0,153
2026-06-02 09:00:00+00:00,Peshawar,37.3,29,1004.0,1.35,58.7,143.0,378.0,2.6,7.2,180.0,153
2026-06-02 10:00:00+00:00,Peshawar,38.1,26,1003.1,2.6,53.3,128.5,347.0,1.0,6.5,173.0,153
2026-06-02 11:00:00+00:00,Peshawar,37.3,25,1003.2,3.4,48.9,115.9,322.0,0.0,5.9,164.0,154
2026-06-02 12:00:00+00:00,Peshawar,38.6,23,1001.3,2.62,34.6,79.6,328.0,4.6,5.4,146.0,158
2026-06-02 13:00:00+00:00,Peshawar,37.7,24,1001.2,1.03,41.0,72.2,388.0,23.4,6.6,115.0,161
2026-06-02 14:00:00+00:00,Peshawar,36.0,30,1001.8,2.3,50.6,82.2,480.0,49.2,8.3,72.0,154
2026-06-02 15:00:00+00:00,Peshawar,33.5,43,1002.8,2.99,61.9,95.2,568.0,68.1,9.5,38.0,154
2026-06-02 16:00:00+00:00,Peshawar,32.5,45,1003.6,1.86,72.6,100.1,642.0,73.9,9.9,21.0,154
2026-06-02 17:00:00+00:00,Peshawar,31.7,48,1003.9,1.48,75.9,98.0,711.0,72.8,9.8,14.0,155
2026-06-02 18:00:00+00:00,Peshawar,31.4,47,1003.9,1.6,75.7,95.9,771.0,69.1,9.4,10.0,155
2026-06-02 19:00:00+00:00,Peshawar,30.7,50,1004.0,0.99,72.4,92.7,817.0,62.7,8.6,10.0,155
2026-06-02 20:00:00+00:00,Peshawar,30.0,51,1004.1,1.29,68.7,89.2,853.0,53.6,7.4,15.0,156
2026-06-02 21:00:00+00:00,Peshawar,28.7,52,1004.2,1.93,66.6,88.9,887.0,46.6,6.5,18.0,156
2026-06-02 22:00:00+00:00,Peshawar,27.6,53,1004.3,2.47,65.7,89.9,932.0,44.4,5.9,15.0,156
2026-06-02 23:00:00+00:00,Peshawar,27.3,54,1004.4,1.39,64.0,89.9,974.0,44.3,5.6,10.0,156
2026-06-03 00:00:00+00:00,Peshawar,27.0,60,1004.4,1.82,82.0,121.5,980.0,66.7,12.7,11.0,156
2026-06-03 01:00:00+00:00,Peshawar,26.9,60,1005.2,0.8,82.9,120.1,920.0,57.5,13.6,29.0,156
2026-06-03 02:00:00+00:00,Peshawar,28.2,55,1005.4,0.4,76.6,106.4,823.0,44.4,14.8,55.0,157
2026-06-03 03:00:00+00:00,Peshawar,29.8,50,1005.4,0.41,71.7,104.3,743.0,32.1,15.3,87.0,157
2026-06-03 04:00:00+00:00,Peshawar,31.5,46,1005.2,0.45,63.8,97.3,710.0,21.6,14.6,132.0,157
2026-06-03 05:00:00+00:00,Peshawar,33.0,43,1004.5,0.92,57.4,92.2,694.0,11.9,13.2,182.0,157
2026-06-03 06:00:00+00:00,Peshawar,33.2,41,1004.9,1.2,52.6,92.2,656.0,5.0,11.7,215.0,156
2026-06-03 07:00:00+00:00,Peshawar,34.9,36,1003.9,1.0,49.2,93.8,564.0,2.3,10.3,218.0,156
2026-06-03 08:00:00+00:00,Peshawar,36.2,30,1002.7,1.06,47.1,95.7,449.0,2.5,8.9,204.0,155
2026-06-03 09:00:00+00:00,Peshawar,37.4,26,1001.1,1.04,47.3,101.7,367.0,3.1,7.7,188.0,155
2026-06-03 10:00:00+00:00,Peshawar,37.9,25,1000.3,2.27,45.3,102.2,328.0,1.5,6.7,178.0,154
2026-06-03 11:00:00+00:00,Peshawar,37.5,25,999.8,2.51,46.4,108.5,322.0,0.4,6.0,167.0,161
2026-06-03 12:00:00+00:00,Peshawar,37.9,23,999.0,2.11,28.3,67.3,370.0,5.4,5.7,148.0,174
2026-06-03 13:00:00+00:00,Peshawar,37.0,25,999.0,2.16,30.6,57.3,513.0,26.7,7.1,117.0,177
2026-06-03 14:00:00+00:00,Peshawar,35.5,29,999.1,1.67,42.0,66.4,711.0,55.9,9.1,74.0,166
2026-06-03 15:00:00+00:00,Peshawar,33.4,39,999.3,2.19,56.7,81.0,857.0,75.9,10.4,41.0,153
2026-06-03 16:00:00+00:00,Peshawar,32.2,45,999.9,1.14,62.9,84.5,907.0,78.2,10.6,27.0,153
2026-06-03 17:00:00+00:00,Peshawar,31.7,46,1000.1,1.08,65.2,79.2,907.0,71.4,10.2,22.0,153
2026-06-03 18:00:00+00:00,Peshawar,32.1,45,999.5,1.92,65.9,74.0,888.0,64.0,9.5,19.0,153
2026-06-03 19:00:00+00:00,Peshawar,31.1,50,999.0,0.62,65.0,71.7,843.0,58.1,8.4,17.0,152
2026-06-03 20:00:00+00:00,Peshawar,30.1,53,999.0,0.72,62.6,68.9,779.0,51.7,7.0,16.0,152
2026-06-03 21:00:00+00:00,Peshawar,29.3,55,999.2,1.0,58.8,65.4,748.0,47.0,5.9,16.0,152
2026-06-03 22:00:00+00:00,Peshawar,28.3,59,999.1,0.28,53.1,59.6,792.0,46.4,5.3,13.0,152
2026-06-03 23:00:00+00:00,Peshawar,27.4,61,999.3,1.87,46.3,52.9,868.0,47.5,5.0,10.0,151
2026-06-04 00:00:00+00:00,Peshawar,25.0,67,1001.6,0.6,39.7,47.1,901.0,32.8,5.2,33.0,151
2026-06-04 01:00:00+00:00,Peshawar,24.8,67,1003.2,2.21,39.6,45.6,847.0,27.6,5.7,54.0,148
2026-06-04 02:00:00+00:00,Peshawar,25.6,64,1003.8,1.7,36.4,44.6,750.0,20.4,6.3,84.0,144
2026-06-04 03:00:00+00:00,Peshawar,26.1,62,1003.3,1.6,29.1,41.3,658.0,14.2,6.7,112.0,140
2026-06-04 04:00:00+00:00,Peshawar,28.2,53,1003.6,1.6,27.4,40.7,586.0,10.1,6.5,135.0,135
2026-06-04 05:00:00+00:00,Peshawar,30.3,46,1003.5,2.07,26.7,40.5,520.0,7.0,6.1,156.0,132
2026-06-04 06:00:00+00:00,Peshawar,32.2,41,1002.5,1.13,26.5,44.5,469.0,4.8,5.6,170.0,128
2026-06-04 07:00:00+00:00,Peshawar,33.2,39,1002.2,1.41,23.9,43.7,439.0,3.5,5.1,174.0,126
2026-06-04 08:00:00+00:00,Peshawar,32.9,39,1001.9,2.64,23.5,45.1,425.0,3.1,4.5,170.0,123
2026-06-04 09:00:00+00:00,Peshawar,32.5,38,1001.6,1.93,24.2,47.5,414.0,3.1,4.1,167.0,121
2026-06-04 10:00:00+00:00,Peshawar,30.0,49,1002.6,2.47,25.4,51.8,394.0,1.7,3.8,169.0,118
2026-06-04 11:00:00+00:00,Peshawar,30.5,47,1002.2,1.44,25.4,52.6,378.0,0.7,3.8,170.0,133
2026-06-04 12:00:00+00:00,Peshawar,32.8,35,1001.8,2.76,27.5,48.5,393.0,7.0,4.3,157.0,145
2026-06-04 13:00:00+00:00,Peshawar,31.6,40,1002.0,2.25,27.5,49.2,455.0,12.9,4.8,142.0,150
2026-06-04 14:00:00+00:00,Peshawar,30.3,47,1002.3,3.08,31.0,46.4,549.0,21.6,5.6,121.0,147
2026-06-04 15:00:00+00:00,Peshawar,29.4,51,1002.3,1.99,36.7,51.1,658.0,31.8,6.4,97.0,137
2026-06-04 16:00:00+00:00,Peshawar,28.8,53,1002.7,2.4,49.5,63.1,810.0,45.9,7.3,69.0,120
2026-06-04 17:00:00+00:00,Peshawar,28.1,53,1002.7,1.46,60.1,71.2,978.0,61.6,8.3,40.0,109
2026-06-04 18:00:00+00:00,Peshawar,28.4,49,1001.7,0.43,63.6,71.5,1062.0,70.8,8.6,19.0,108
2026-06-04 19:00:00+00:00,Peshawar,27.1,56,1001.7,1.33,61.7,68.2,985.0,68.4,7.8,13.0,108
2026-06-04 20:00:00+00:00,Peshawar,26.1,60,1001.3,1.58,57.9,63.8,825.0,59.6,6.3,16.0,108
2026-06-04 21:00:00+00:00,Peshawar,25.3,62,1001.3,1.77,53.7,59.0,713.0,51.3,5.1,18.0,107
2026-06-04 22:00:00+00:00,Peshawar,24.7,64,1001.2,1.59,50.8,55.4,717.0,46.6,4.3,12.0,107
2026-06-04 23:00:00+00:00,Peshawar,24.2,66,1001.4,0.6,48.3,52.4,769.0,42.4,3.7,6.0,106
2026-06-05 00:00:00+00:00,Peshawar,24.3,67,1001.9,0.66,51.1,55.3,796.0,43.0,4.2,9.0,107
2026-06-05 01:00:00+00:00,Peshawar,24.3,68,1002.5,0.89,50.9,54.6,772.0,35.5,5.8,38.0,108
2026-06-05 02:00:00+00:00,Peshawar,26.2,60,1003.2,0.79,43.7,49.1,724.0,25.0,8.0,79.0,109
2026-06-05 03:00:00+00:00,Peshawar,28.8,49,1003.5,0.25,34.8,45.2,654.0,16.1,9.2,116.0,110
2026-06-05 04:00:00+00:00,Peshawar,30.7,42,1003.8,0.41,29.0,40.9,545.0,10.3,8.7,145.0,110
2026-06-05 05:00:00+00:00,Peshawar,32.3,35,1003.5,0.75,27.7,40.4,414.0,6.1,7.2,170.0,111
2026-06-05 06:00:00+00:00,Peshawar,32.9,32,1004.1,1.33,26.1,39.3,319.0,3.3,5.9,187.0,111
2026-06-05 07:00:00+00:00,Peshawar,33.9,29,1003.7,0.4,24.6,38.1,288.0,1.8,5.1,192.0,111
2026-06-05 08:00:00+00:00,Peshawar,34.9,26,1002.8,0.46,23.3,36.7,293.0,1.7,4.5,188.0,111
2026-06-05 09:00:00+00:00,Peshawar,35.2,25,1002.1,1.07,22.4,35.2,304.0,2.6,4.0,182.0,111
2026-06-05 10:00:00+00:00,Peshawar,35.4,25,1001.6,0.96,21.3,33.3,298.0,4.4,3.7,175.0,134
2026-06-05 11:00:00+00:00,Peshawar,35.1,26,1001.3,0.34,20.4,31.7,298.0,7.2,3.6,164.0,154
2026-06-05 12:00:00+00:00,Peshawar,34.3,28,1001.1,3.39,11.5,14.9,345.0,4.9,3.2,163.0,161
2026-06-05 13:00:00+00:00,Peshawar,34.0,27,1001.0,1.12,14.3,17.5,490.0,24.7,4.4,128.0,164
2026-06-05 14:00:00+00:00,Peshawar,33.0,30,1001.2,1.21,26.7,29.2,682.0,51.9,6.2,80.0,157
2026-06-05 15:00:00+00:00,Peshawar,31.3,36,1001.8,1.59,40.6,43.2,807.0,72.1,7.4,41.0,137
2026-06-05 16:00:00+00:00,Peshawar,30.3,40,1002.7,0.76,49.7,52.0,804.0,79.1,7.8,20.0,106
2026-06-05 17:00:00+00:00,Peshawar,29.8,46,1003.2,0.29,53.7,56.3,733.0,79.1,7.7,9.0,106
2026-06-05 18:00:00+00:00,Peshawar,29.8,40,1003.1,1.01,54.0,56.5,664.0,76.1,7.3,3.0,106
2026-06-05 19:00:00+00:00,Peshawar,28.8,45,1002.8,0.61,49.7,51.9,614.0,70.5,6.3,3.0,105
2026-06-05 20:00:00+00:00,Peshawar,28.2,53,1002.6,0.15,43.9,46.0,566.0,61.8,5.0,9.0,104
2026-06-05 21:00:00+00:00,Peshawar,27.1,56,1002.6,0.22,38.0,39.9,533.0,53.3,3.9,14.0,102
2026-06-05 22:00:00+00:00,Peshawar,26.0,60,1002.6,0.47,33.6,35.4,528.0,45.7,3.3,14.0,100
2026-06-05 23:00:00+00:00,Peshawar,25.2,61,1002.8,0.29,30.4,32.0,540.0,38.2,2.9,13.0,99
2026-06-06 00:00:00+00:00,Peshawar,24.8,61,1003.3,0.88,29.9,31.5,545.0,32.1,2.9,18.0,98
2026-06-06 01:00:00+00:00,Peshawar,24.6,62,1003.8,1.11,27.1,28.7,542.0,26.4,3.4,44.0,96
2026-06-06 02:00:00+00:00,Peshawar,27.1,53,1004.4,0.82,22.9,25.0,534.0,18.4,4.1,79.0,94
2026-06-06 03:00:00+00:00,Peshawar,30.2,41,1004.6,0.43,16.6,21.2,505.0,11.6,4.4,110.0,92
2026-06-06 04:00:00+00:00,Peshawar,32.3,33,1004.6,0.57,13.8,22.6,435.0,7.4,4.0,131.0,91
2026-06-06 05:00:00+00:00,Peshawar,33.8,29,1004.5,0.74,13.5,26.3,345.0,4.4,3.2,146.0,90
2026-06-06 06:00:00+00:00,Peshawar,34.9,24,1004.4,1.03,13.5,28.8,278.0,2.4,2.6,156.0,89
2026-06-06 07:00:00+00:00,Peshawar,36.4,21,1003.7,0.54,14.0,31.8,257.0,1.5,2.3,158.0,88
2026-06-06 08:00:00+00:00,Peshawar,37.2,19,1002.7,0.14,14.7,34.8,260.0,1.7,2.2,154.0,87
2026-06-06 09:00:00+00:00,Peshawar,37.7,18,1001.9,0.5,15.5,37.8,262.0,2.1,2.1,150.0,86
2026-06-06 10:00:00+00:00,Peshawar,37.5,20,1001.2,1.1,16.5,40.4,232.0,0.9,2.0,149.0,97
2026-06-06 11:00:00+00:00,Peshawar,37.5,20,1000.7,1.42,17.6,42.1,201.0,0.0,1.9,148.0,112
2026-06-06 12:00:00+00:00,Peshawar,37.2,21,1000.3,4.04,15.0,32.2,237.0,5.5,2.5,138.0,120
2026-06-06 13:00:00+00:00,Peshawar,34.9,28,1000.9,3.39,17.5,30.6,389.0,19.1,3.6,112.0,122
2026-06-06 14:00:00+00:00,Peshawar,34.0,31,1000.9,2.24,25.2,34.6,608.0,38.0,5.1,76.0,114
2026-06-06 15:00:00+00:00,Peshawar,33.0,34,1001.1,2.0,36.3,44.9,819.0,53.0,6.2,46.0,97
2026-06-06 16:00:00+00:00,Peshawar,31.5,39,1001.8,2.18,45.5,52.7,1016.0,61.1,6.8,27.0,85
2026-06-06 17:00:00+00:00,Peshawar,30.2,49,1002.5,0.5,51.1,57.3,1205.0,65.4,7.0,13.0,85
2026-06-06 18:00:00+00:00,Peshawar,29.4,46,1002.7,0.43,50.9,56.7,1324.0,66.1,6.8,4.0,85
2026-06-06 19:00:00+00:00,Peshawar,28.2,50,1002.6,0.76,46.4,52.2,1336.0,62.0,6.0,2.0,84
2026-06-06 20:00:00+00:00,Peshawar,27.6,51,1002.5,1.57,41.2,46.6,1279.0,54.4,4.7,6.0,84
2026-06-06 21:00:00+00:00,Peshawar,26.8,54,1002.3,1.77,36.2,41.1,1203.0,46.9,3.7,10.0,84
2026-06-06 22:00:00+00:00,Peshawar,26.2,55,1002.1,1.84,32.5,36.8,1117.0,40.8,3.1,10.0,84
2026-06-06 23:00:00+00:00,Peshawar,25.8,55,1002.2,1.54,29.6,33.5,1013.0,34.9,2.7,10.0,84
2026-06-07 00:00:00+00:00,Peshawar,26.0,53,1002.6,1.56,28.2,32.8,917.0,29.1,2.8,17.0,84
2026-06-07 01:00:00+00:00,Peshawar,26.0,54,1003.0,0.68,27.0,31.4,845.0,24.3,3.2,38.0,83
2026-06-07 02:00:00+00:00,Peshawar,28.0,49,1003.8,0.34,25.4,29.9,781.0,17.6,3.7,68.0,83
2026-06-07 03:00:00+00:00,Peshawar,30.7,41,1004.2,0.6,19.7,28.5,704.0,11.7,3.9,96.0,84
2026-06-07 04:00:00+00:00,Peshawar,33.0,34,1004.3,0.82,14.4,26.5,597.0,7.6,3.5,119.0,84
2026-06-07 05:00:00+00:00,Peshawar,35.1,28,1004.1,0.62,13.2,27.1,477.0,4.3,2.9,139.0,84
2026-06-07 06:00:00+00:00,Peshawar,36.4,24,1004.0,1.03,12.6,26.9,380.0,2.0,2.3,153.0,84
2026-06-07 07:00:00+00:00,Peshawar,37.8,20,1003.5,0.64,12.1,26.4,321.0,1.1,2.0,156.0,84
2026-06-07 08:00:00+00:00,Peshawar,38.4,19,1002.7,1.24,12.3,27.5,283.0,1.3,1.9,153.0,84
2026-06-07 09:00:00+00:00,Peshawar,38.7,18,1001.9,1.84,12.6,28.5,255.0,1.6,1.8,149.0,83
2026-06-07 10:00:00+00:00,Peshawar,38.8,16,1001.5,1.63,12.8,29.0,217.0,0.4,1.6,148.0,86
2026-06-07 11:00:00+00:00,Peshawar,38.6,15,1001.1,1.3,13.0,29.7,189.0,0.0,1.5,146.0,103
2026-06-07 12:00:00+00:00,Peshawar,39.0,13,1000.1,1.93,10.0,22.8,212.0,3.1,1.8,143.0,114
2026-06-07 13:00:00+00:00,Peshawar,37.5,15,1000.0,1.98,15.0,25.0,320.0,13.1,3.1,130.0,119
2026-06-07 14:00:00+00:00,Peshawar,35.6,20,1000.2,1.62,24.2,33.8,480.0,26.9,4.9,112.0,117
2026-06-07 15:00:00+00:00,Peshawar,33.6,26,1000.8,1.49,32.0,41.9,637.0,38.1,6.4,94.0,108
2026-06-07 16:00:00+00:00,Peshawar,32.5,31,1001.4,0.39,37.8,48.5,797.0,44.4,7.3,76.0,95
2026-06-07 17:00:00+00:00,Peshawar,32.1,31,1001.7,0.85,42.3,53.4,954.0,47.9,7.9,58.0,81
2026-06-07 18:00:00+00:00,Peshawar,31.9,35,1001.5,0.69,45.8,54.4,1040.0,49.2,7.8,42.0,80
2026-06-07 19:00:00+00:00,Peshawar,30.8,38,1001.2,0.59,43.2,49.1,1010.0,47.6,6.6,29.0,80
2026-06-07 20:00:00+00:00,Peshawar,30.2,39,1001.0,0.71,38.4,43.1,908.0,43.6,4.8,18.0,80
2026-06-07 21:00:00+00:00,Peshawar,29.2,41,1000.5,0.38,33.8,37.7,798.0,39.2,3.4,12.0,79
2026-06-07 22:00:00+00:00,Peshawar,27.7,45,1000.3,0.47,29.3,33.2,679.0,34.8,2.7,9.0,79
2026-06-07 23:00:00+00:00,Peshawar,26.6,46,1000.3,0.61,25.7,29.6,553.0,30.0,2.4,10.0,79
2026-06-08 00:00:00+00:00,Peshawar,26.3,46,1000.6,1.32,22.1,26.4,489.0,23.5,2.4,24.0,79
2026-06-08 01:00:00+00:00,Peshawar,26.0,47,1001.1,0.98,20.9,25.3,554.0,21.7,2.9,44.0,78
2026-06-08 02:00:00+00:00,Peshawar,27.9,43,1001.7,0.32,21.3,26.6,682.0,19.0,3.6,72.0,78
2026-06-08 03:00:00+00:00,Peshawar,30.6,36,1002.1,0.46,19.9,29.8,738.0,15.7,3.9,99.0,77
2026-06-08 04:00:00+00:00,Peshawar,33.3,30,1002.0,0.63,17.2,33.4,644.0,11.3,3.7,124.0,77
2026-06-08 05:00:00+00:00,Peshawar,35.9,23,1001.5,0.57,14.9,32.0,478.0,6.4,3.1,147.0,78
2026-06-08 06:00:00+00:00,Peshawar,37.6,18,1000.8,0.97,11.8,26.3,347.0,2.9,2.6,164.0,78
2026-06-08 07:00:00+00:00,Peshawar,40.0,12,1000.2,0.51,9.7,21.6,293.0,1.7,2.3,169.0,78
2026-06-08 08:00:00+00:00,Peshawar,40.7,11,999.2,1.42,8.6,19.2,274.0,1.9,2.0,167.0,78
2026-06-08 09:00:00+00:00,Peshawar,40.8,13,998.4,2.17,8.1,18.0,263.0,2.4,1.8,165.0,77
2026-06-08 10:00:00+00:00,Peshawar,40.7,13,998.0,2.13,7.7,17.0,227.0,0.6,1.5,167.0,102
2026-06-08 11:00:00+00:00,Peshawar,40.6,12,997.7,1.41,7.6,16.1,201.0,0.0,1.3,168.0,122
2026-06-08 12:00:00+00:00,Peshawar,40.3,11,997.5,1.12,4.0,6.3,259.0,5.4,1.7,163.0,137
2026-06-08 13:00:00+00:00,Peshawar,38.6,13,997.3,1.31,13.8,15.5,479.0,24.3,3.8,146.0,145
2026-06-08 14:00:00+00:00,Peshawar,36.1,19,997.4,2.03,26.9,28.9,785.0,50.5,6.6,122.0,145
2026-06-08 15:00:00+00:00,Peshawar,34.4,29,997.8,0.16,39.5,42.0,1020.0,70.5,8.7,97.0,136
2026-06-08 16:00:00+00:00,Peshawar,33.9,27,998.2,2.05,47.5,50.9,1124.0,79.2,9.4,69.0,121
2026-06-08 17:00:00+00:00,Peshawar,32.8,33,998.6,0.7,52.9,56.7,1157.0,81.7,9.3,39.0,100
2026-06-08 18:00:00+00:00,Peshawar,32.8,35,998.5,0.28,53.2,56.1,1153.0,80.0,8.6,17.0,78
2026-06-08 19:00:00+00:00,Peshawar,31.3,38,998.3,0.85,48.4,50.6,1116.0,73.0,7.2,7.0,78
2026-06-08 20:00:00+00:00,Peshawar,30.8,40,998.3,1.05,43.0,44.9,1040.0,61.9,5.2,5.0,79
2026-06-08 21:00:00+00:00,Peshawar,29.9,39,997.9,1.08,37.8,39.7,942.0,51.9,3.7,5.0,79
2026-06-08 22:00:00+00:00,Peshawar,28.3,41,997.9,1.28,33.2,34.9,798.0,45.0,3.0,4.0,80
2026-06-08 23:00:00+00:00,Peshawar,26.9,44,998.0,0.97,28.6,30.3,631.0,39.2,2.6,5.0,80
2026-06-09 00:00:00+00:00,Peshawar,26.5,37,998.0,1.68,25.0,26.4,532.0,33.3,2.7,17.0,80
2026-06-09 01:00:00+00:00,Peshawar,26.7,34,998.4,1.29,22.2,23.4,578.0,30.5,3.2,41.0,80
2026-06-09 02:00:00+00:00,Peshawar,29.0,29,998.7,0.57,21.1,22.2,691.0,26.4,3.9,74.0,80
2026-06-09 03:00:00+00:00,Peshawar,32.6,22,998.7,0.22,19.7,21.0,731.0,21.6,4.3,104.0,80
2026-06-09 04:00:00+00:00,Peshawar,35.4,18,998.7,1.01,12.1,14.8,612.0,15.4,4.1,128.0,80
2026-06-09 05:00:00+00:00,Peshawar,38.0,15,998.3,1.08,9.4,13.9,421.0,8.4,3.7,150.0,80
2026-06-09 06:00:00+00:00,Peshawar,40.4,10,998.0,2.46,8.2,13.9,273.0,3.4,3.2,164.0,80
2026-06-09 07:00:00+00:00,Peshawar,41.7,9,997.4,2.5,7.7,13.7,219.0,1.7,2.8,167.0,79
2026-06-09 08:00:00+00:00,Peshawar,42.2,9,996.4,2.13,7.2,13.3,208.0,1.9,2.3,163.0,79
2026-06-09 09:00:00+00:00,Peshawar,42.4,10,995.6,2.43,6.9,12.9,207.0,2.5,2.0,159.0,79
2026-06-09 10:00:00+00:00,Peshawar,42.0,12,995.3,3.15,6.8,12.8,183.0,0.8,1.7,159.0,102
2026-06-09 11:00:00+00:00,Peshawar,41.5,11,995.3,2.95,6.8,12.9,168.0,0.0,1.5,159.0,120
2026-06-09 12:00:00+00:00,Peshawar,41.8,10,994.5,2.84,3.2,4.2,227.0,5.8,1.8,149.0,132
2026-06-09 13:00:00+00:00,Peshawar,40.9,13,994.5,1.18,16.2,17.1,416.0,26.8,4.0,138.0,137
2026-06-09 14:00:00+00:00,Peshawar,38.7,13,994.6,1.94,30.7,32.0,677.0,55.7,6.9,122.0,134
2026-06-09 15:00:00+00:00,Peshawar,36.3,17,995.1,1.05,42.0,43.5,906.0,77.1,9.0,101.0,125
2026-06-09 16:00:00+00:00,Peshawar,34.0,20,996.1,0.86,48.8,50.6,1083.0,84.5,9.4,70.0,111
2026-06-09 17:00:00+00:00,Peshawar,33.4,20,996.8,1.07,51.3,53.4,1226.0,84.3,8.8,35.0,91
2026-06-09 18:00:00+00:00,Peshawar,33.9,26,996.6,0.05,50.1,52.3,1288.0,80.6,7.9,9.0,79
2026-06-09 19:00:00+00:00,Peshawar,32.0,25,996.8,0.6,45.4,47.4,1230.0,73.1,6.5,0.0,79
2026-06-09 20:00:00+00:00,Peshawar,30.7,27,996.7,0.54,39.7,41.8,1090.0,61.9,4.8,0.0,79
2026-06-09 21:00:00+00:00,Peshawar,29.7,27,996.7,1.1,34.1,36.3,932.0,51.7,3.4,2.0,79
2026-06-09 22:00:00+00:00,Peshawar,28.6,33,996.7,0.18,29.2,31.9,746.0,43.9,2.7,2.0,78
2026-06-09 23:00:00+00:00,Peshawar,27.5,31,997.2,0.76,25.1,28.3,542.0,37.0,2.4,5.0,78
2026-06-10 00:00:00+00:00,Peshawar,27.4,30,997.6,0.73,18.8,22.4,417.0,25.8,2.3,21.0,78
2026-06-10 01:00:00+00:00,Peshawar,27.4,29,998.2,1.66,18.9,23.2,453.0,24.6,3.0,41.0,77
2026-06-10 02:00:00+00:00,Peshawar,30.3,25,998.6,1.79,21.1,26.4,568.0,22.8,3.9,69.0,77
2026-06-10 03:00:00+00:00,Peshawar,33.8,22,998.7,1.17,23.0,30.6,618.0,19.8,4.4,95.0,77
2026-06-10 04:00:00+00:00,Peshawar,36.7,17,998.7,0.4,20.7,36.8,516.0,14.5,4.1,115.0,77
2026-06-10 05:00:00+00:00,Peshawar,39.2,14,998.2,2.01,19.3,38.4,348.0,7.9,3.5,133.0,78
2026-06-10 06:00:00+00:00,Peshawar,40.9,11,998.0,2.4,17.3,36.2,226.0,3.2,2.9,146.0,79
2026-06-10 07:00:00+00:00,Peshawar,41.7,11,997.6,1.75,15.7,33.6,205.0,1.6,2.6,153.0,79
2026-06-10 08:00:00+00:00,Peshawar,42.4,11,996.3,1.25,15.1,32.6,230.0,1.7,2.4,155.0,80
2026-06-10 09:00:00+00:00,Peshawar,42.7,11,995.6,1.55,15.1,32.5,254.0,2.7,2.3,156.0,81
2026-06-10 10:00:00+00:00,Peshawar,42.6,12,995.1,1.5,15.2,32.7,247.0,2.9,2.3,159.0,84
2026-06-10 11:00:00+00:00,Peshawar,42.3,13,994.6,1.21,15.5,32.7,239.0,3.8,2.6,160.0,103
2026-06-10 12:00:00+00:00,Peshawar,42.8,11,993.8,1.57,16.5,34.1,273.0,6.0,2.8,154.0,117
2026-06-10 13:00:00+00:00,Peshawar,42.0,12,993.7,2.93,29.7,43.5,378.0,32.7,4.6,123.0,125
2026-06-10 14:00:00+00:00,Peshawar,40.3,15,993.9,1.76,47.3,59.6,525.0,69.1,7.1,81.0,123
2026-06-10 15:00:00+00:00,Peshawar,37.2,21,994.1,1.76,59.8,70.8,668.0,93.8,8.7,46.0,109
2026-06-10 16:00:00+00:00,Peshawar,35.1,27,994.9,1.46,60.8,69.4,807.0,96.8,8.9,26.0,87
2026-06-10 17:00:00+00:00,Peshawar,34.5,31,995.9,1.48,56.2,64.0,943.0,88.0,8.2,13.0,88
2026-06-10 18:00:00+00:00,Peshawar,34.4,36,996.4,0.11,51.3,58.1,1028.0,76.5,7.3,8.0,89
2026-06-10 19:00:00+00:00,Peshawar,33.9,36,996.2,0.07,44.7,50.2,1046.0,63.3,6.1,14.0,89
2026-06-10 20:00:00+00:00,Peshawar,33.0,34,996.0,0.47,37.0,41.9,1014.0,47.3,4.7,28.0,89
2026-06-10 21:00:00+00:00,Peshawar,31.4,37,995.8,0.45,25.7,30.6,939.0,33.9,3.6,40.0,89
2026-06-10 22:00:00+00:00,Peshawar,30.1,39,995.9,0.76,18.5,23.9,787.0,24.9,2.9,45.0,88
2026-06-10 23:00:00+00:00,Peshawar,28.7,40,996.1,1.15,15.8,21.0,593.0,18.4,2.6,47.0,87
2026-06-11 00:00:00+00:00,Peshawar,29.1,35,996.5,0.87,19.9,25.0,465.0,21.8,2.6,29.0,86
2026-06-11 01:00:00+00:00,Peshawar,28.3,37,997.0,1.43,19.4,26.5,481.0,20.0,3.2,45.0,86
2026-06-11 02:00:00+00:00,Peshawar,31.1,34,997.4,1.5,21.9,32.8,562.0,17.4,4.1,67.0,87
2026-06-11 03:00:00+00:00,Peshawar,34.6,26,997.4,1.43,26.0,48.4,586.0,14.3,4.5,87.0,87
2026-06-11 04:00:00+00:00,Peshawar,37.5,16,997.6,1.74,23.3,64.5,475.0,10.2,4.0,101.0,87
2026-06-11 05:00:00+00:00,Peshawar,39.8,11,997.0,3.44,19.0,53.4,307.0,5.7,3.0,113.0,87
2026-06-11 06:00:00+00:00,Peshawar,41.0,10,996.9,3.19,15.8,42.5,185.0,2.4,2.2,122.0,87
2026-06-11 07:00:00+00:00,Peshawar,41.8,10,996.4,1.93,14.3,37.4,162.0,1.4,1.8,128.0,87
2026-06-11 08:00:00+00:00,Peshawar,42.6,9,995.6,0.76,14.1,36.1,185.0,1.6,1.7,131.0,87
2026-06-11 09:00:00+00:00,Peshawar,43.1,9,994.8,0.11,14.6,37.4,209.0,2.2,1.6,132.0,87
2026-06-11 10:00:00+00:00,Peshawar,43.3,9,994.4,0.4,15.8,41.1,215.0,1.0,1.5,135.0,87
2026-06-11 11:00:00+00:00,Peshawar,43.1,9,994.0,1.06,16.9,44.0,220.0,0.2,1.5,136.0,87
2026-06-11 12:00:00+00:00,Peshawar,43.1,8,993.1,0.93,16.4,42.8,231.0,4.8,1.8,127.0,87
2026-06-11 13:00:00+00:00,Peshawar,42.1,9,993.5,1.76,27.5,50.1,243.0,27.4,3.8,111.0,87
2026-06-11 14:00:00+00:00,Peshawar,39.1,16,993.7,2.4,44.5,66.8,260.0,58.6,6.7,88.0,87
2026-06-11 15:00:00+00:00,Peshawar,36.0,22,994.4,1.57,58.8,83.1,305.0,82.3,8.9,65.0,86
2026-06-11 16:00:00+00:00,Peshawar,35.3,23,995.7,1.53,65.2,88.9,408.0,92.1,9.9,41.0,86
2026-06-11 17:00:00+00:00,Peshawar,34.2,26,996.7,3.11,68.2,88.2,540.0,94.4,10.3,18.0,87
2026-06-11 18:00:00+00:00,Peshawar,33.6,28,996.1,1.87,67.8,87.5,630.0,91.9,10.5,5.0,88
2026-06-11 19:00:00+00:00,Peshawar,32.7,32,996.0,0.43,62.2,86.8,642.0,83.3,10.7,12.0,89
2026-06-11 20:00:00+00:00,Peshawar,31.3,34,997.3,2.96,62.2,92.7,614.0,69.9,10.7,30.0,90
2026-06-11 21:00:00+00:00,Peshawar,29.5,41,997.8,2.16,63.6,95.0,586.0,59.0,10.7,44.0,92
2026-06-11 22:00:00+00:00,Peshawar,28.8,46,999.1,2.58,66.8,100.4,572.0,54.2,10.4,44.0,95
2026-06-11 23:00:00+00:00,Peshawar,28.7,46,1000.6,2.79,67.1,105.7,559.0,51.9,10.1,39.0,99
2026-06-12 00:00:00+00:00,Peshawar,28.3,47,1001.0,1.32,69.8,123.9,553.0,56.3,9.8,30.0,104
2026-06-12 01:00:00+00:00,Peshawar,28.1,48,1002.2,1.65,74.3,135.5,572.0,47.9,11.2,50.0,109
2026-06-12 02:00:00+00:00,Peshawar,29.1,45,1003.1,1.25,82.2,146.2,599.0,36.0,13.1,78.0,115
2026-06-12 03:00:00+00:00,Peshawar,30.6,43,1003.6,1.13,99.2,256.1,582.0,25.4,13.9,102.0,121
2026-06-12 04:00:00+00:00,Peshawar,32.5,38,1004.7,1.48,93.1,255.2,476.0,17.3,12.5,119.0,129
2026-06-12 05:00:00+00:00,Peshawar,30.1,50,1005.8,5.71,74.3,198.8,327.0,10.5,10.0,132.0,136
2026-06-12 06:00:00+00:00,Peshawar,33.4,37,1006.1,2.09,66.4,178.3,225.0,5.5,8.0,143.0,142
2026-06-12 07:00:00+00:00,Peshawar,33.8,37,1005.8,1.07,63.8,183.5,218.0,3.1,7.0,153.0,147
2026-06-12 08:00:00+00:00,Peshawar,33.5,38,1005.5,1.03,61.9,183.0,257.0,2.6,6.5,160.0,151
2026-06-12 09:00:00+00:00,Peshawar,32.7,38,1004.9,1.98,63.1,186.7,291.0,2.7,6.2,165.0,152
2026-06-12 10:00:00+00:00,Peshawar,33.8,36,1004.8,1.6,63.1,185.3,291.0,1.5,5.9,170.0,154
2026-06-12 11:00:00+00:00,Peshawar,33.3,38,1004.7,2.72,61.7,178.3,285.0,0.9,5.8,172.0,155
2026-06-12 12:00:00+00:00,Peshawar,33.3,40,1002.9,1.9,42.8,109.9,304.0,5.9,5.7,159.0,156
2026-06-12 13:00:00+00:00,Peshawar,33.0,43,1003.0,3.72,44.1,111.8,375.0,20.9,6.5,129.0,157
2026-06-12 14:00:00+00:00,Peshawar,31.8,45,1003.7,3.15,50.2,103.1,471.0,41.3,7.7,86.0,158
2026-06-12 15:00:00+00:00,Peshawar,30.9,47,1004.0,1.9,62.6,104.3,541.0,55.2,8.5,55.0,158
2026-06-12 16:00:00+00:00,Peshawar,30.5,48,1005.7,2.7,66.6,101.7,557.0,56.0,8.8,45.0,158
2026-06-12 17:00:00+00:00,Peshawar,26.0,66,1007.9,3.66,62.2,99.0,547.0,50.3,8.8,46.0,158
2026-06-12 18:00:00+00:00,Peshawar,29.2,53,1004.8,1.86,59.6,92.4,550.0,45.5,8.6,46.0,158
2026-06-12 19:00:00+00:00,Peshawar,26.4,62,1005.5,4.37,59.5,90.3,585.0,44.8,8.1,40.0,157
2026-06-12 20:00:00+00:00,Peshawar,25.7,65,1005.3,1.86,57.9,84.3,633.0,45.1,7.5,33.0,157
2026-06-12 21:00:00+00:00,Peshawar,25.8,65,1005.3,0.86,58.6,84.8,671.0,44.5,6.8,27.0,157
2026-06-12 22:00:00+00:00,Peshawar,25.6,66,1005.1,1.2,58.7,82.4,694.0,42.6,6.1,19.0,157
2026-06-12 23:00:00+00:00,Peshawar,25.6,66,1005.3,1.3,55.3,76.8,707.0,39.7,5.3,12.0,157
2026-06-13 00:00:00+00:00,Peshawar,25.6,62,1004.4,1.3,42.6,57.3,709.0,30.3,4.9,25.0,157
2026-06-13 01:00:00+00:00,Peshawar,25.9,62,1005.1,0.22,42.0,52.5,704.0,26.1,5.8,45.0,156
2026-06-13 02:00:00+00:00,Peshawar,27.5,57,1005.7,0.43,39.8,57.6,688.0,20.3,7.1,73.0,155
2026-06-13 03:00:00+00:00,Peshawar,29.1,51,1006.0,0.56,40.9,75.0,646.0,14.8,7.9,101.0,153
2026-06-13 04:00:00+00:00,Peshawar,30.7,46,1006.1,1.15,41.9,83.6,555.0,10.1,7.8,128.0,152
2026-06-13 05:00:00+00:00,Peshawar,32.5,41,1006.1,2.46,42.5,87.3,439.0,5.9,7.3,153.0,150
2026-06-13 06:00:00+00:00,Peshawar,33.7,33,1006.3,2.73,41.7,85.9,351.0,2.9,6.8,171.0,147
2026-06-13 07:00:00+00:00,Peshawar,34.1,32,1005.9,2.98,40.5,83.6,317.0,1.8,6.3,175.0,145
2026-06-13 08:00:00+00:00,Peshawar,35.1,30,1005.1,2.58,38.3,78.9,311.0,2.0,5.8,171.0,142
2026-06-13 09:00:00+00:00,Peshawar,35.4,28,1004.2,2.25,36.7,75.7,309.0,2.4,5.4,166.0,140
2026-06-13 10:00:00+00:00,Peshawar,36.0,27,1003.7,2.33,35.3,73.3,294.0,1.2,4.9,164.0,137
2026-06-13 11:00:00+00:00,Peshawar,35.0,30,1003.6,2.11,36.2,75.4,282.0,0.2,4.5,161.0,134
2026-06-13 12:00:00+00:00,Peshawar,36.3,24,1002.8,1.59,25.0,54.2,299.0,3.9,3.7,145.0,141
2026-06-13 13:00:00+00:00,Peshawar,35.9,25,1002.6,1.49,26.4,52.9,377.0,19.9,4.7,119.0,144
2026-06-13 14:00:00+00:00,Peshawar,34.7,28,1003.1,2.91,38.5,60.1,484.0,41.8,6.1,84.0,137
2026-06-13 15:00:00+00:00,Peshawar,32.5,37,1003.7,2.98,46.1,68.0,553.0,56.5,7.2,58.0,127
2026-06-13 16:00:00+00:00,Peshawar,31.4,39,1004.7,2.83,37.3,55.4,539.0,56.7,7.6,50.0,125
2026-06-13 17:00:00+00:00,Peshawar,30.5,42,1005.1,1.88,37.8,54.7,487.0,49.7,7.6,51.0,122
2026-06-13 18:00:00+00:00,Peshawar,30.1,43,1004.6,1.59,40.9,57.5,460.0,45.0,7.7,51.0,119
2026-06-13 19:00:00+00:00,Peshawar,29.2,45,1004.4,1.3,42.7,59.6,488.0,46.9,7.9,46.0,118
2026-06-13 20:00:00+00:00,Peshawar,28.6,47,1003.9,0.95,44.7,62.4,541.0,51.1,8.2,40.0,116
2026-06-13 21:00:00+00:00,Peshawar,27.9,49,1003.7,0.57,47.8,66.4,589.0,54.1,8.3,34.0,114
2026-06-13 22:00:00+00:00,Peshawar,27.4,49,1003.8,0.99,51.1,69.8,630.0,55.6,7.9,24.0,113
2026-06-13 23:00:00+00:00,Peshawar,27.0,49,1003.8,1.36,53.3,70.8,665.0,56.0,7.4,15.0,113
2026-06-14 00:00:00+00:00,Peshawar,26.5,56,1003.8,1.32,53.7,71.5,671.0,55.7,8.6,19.0,112
2026-06-14 01:00:00+00:00,Peshawar,26.4,55,1004.2,1.12,54.8,69.2,625.0,44.5,9.5,43.0,113
2026-06-14 02:00:00+00:00,Peshawar,27.7,50,1004.4,0.74,44.7,61.9,549.0,28.9,10.7,78.0,115
2026-06-14 03:00:00+00:00,Peshawar,29.5,46,1004.4,0.59,32.4,56.7,484.0,16.2,11.2,110.0,115
2026-06-14 04:00:00+00:00,Peshawar,31.3,41,1004.4,0.3,30.9,61.0,449.0,9.3,10.2,138.0,114
2026-06-14 05:00:00+00:00,Peshawar,33.1,37,1003.9,0.45,31.8,65.7,425.0,5.4,8.5,163.0,113
2026-06-14 06:00:00+00:00,Peshawar,33.5,37,1003.7,0.93,31.9,66.8,399.0,2.8,7.0,179.0,112
2026-06-14 07:00:00+00:00,Peshawar,35.0,34,1002.8,0.95,30.0,62.2,363.0,1.5,6.0,181.0,111
2026-06-14 08:00:00+00:00,Peshawar,35.9,30,1001.8,1.08,27.9,57.5,325.0,1.6,5.2,174.0,110
2026-06-14 09:00:00+00:00,Peshawar,36.4,29,1000.7,0.92,26.1,53.7,299.0,1.9,4.6,166.0,109
2026-06-14 10:00:00+00:00,Peshawar,36.9,27,1000.0,1.0,24.8,51.0,288.0,1.1,4.0,161.0,119
2026-06-14 11:00:00+00:00,Peshawar,36.9,27,999.4,2.02,23.9,49.2,287.0,0.4,3.6,155.0,137
2026-06-14 12:00:00+00:00,Peshawar,37.7,24,998.0,3.21,18.5,37.6,300.0,3.3,3.6,143.0,147
2026-06-14 13:00:00+00:00,Peshawar,36.6,25,998.2,3.96,19.4,38.2,326.0,10.2,4.4,128.0,148
2026-06-14 14:00:00+00:00,Peshawar,35.0,28,998.5,3.79,25.4,42.5,365.0,20.0,5.6,106.0,140
2026-06-14 15:00:00+00:00,Peshawar,33.5,33,999.0,2.45,34.0,52.3,417.0,28.4,6.6,86.0,125
2026-06-14 16:00:00+00:00,Peshawar,32.4,37,999.9,1.66,39.9,59.0,496.0,34.5,7.6,71.0,105
2026-06-14 17:00:00+00:00,Peshawar,31.3,39,1000.7,1.7,45.4,65.0,589.0,39.3,8.4,57.0,102
2026-06-14 18:00:00+00:00,Peshawar,31.3,41,1000.1,1.44,48.9,67.3,655.0,41.8,8.7,46.0,103
2026-06-14 19:00:00+00:00,Peshawar,30.6,42,1000.1,1.5,47.8,61.0,672.0,40.8,7.8,38.0,103
2026-06-14 20:00:00+00:00,Peshawar,30.2,42,999.8,1.03,43.8,54.1,664.0,37.5,6.4,32.0,104
2026-06-14 21:00:00+00:00,Peshawar,29.7,44,999.7,0.62,40.4,49.8,658.0,34.4,5.2,28.0,104
2026-06-14 22:00:00+00:00,Peshawar,28.9,47,999.8,0.4,37.8,46.6,668.0,32.7,4.6,23.0,103
2026-06-14 23:00:00+00:00,Peshawar,28.2,48,1000.1,1.07,36.0,44.5,682.0,31.2,4.3,19.0,102
2026-06-15 00:00:00+00:00,Peshawar,28.1,51,1000.3,1.28,46.6,58.4,690.0,35.5,5.5,20.0,100
2026-06-15 01:00:00+00:00,Peshawar,28.1,51,1001.1,0.53,47.1,58.1,695.0,31.0,6.8,43.0,99
2026-06-15 02:00:00+00:00,Peshawar,29.8,46,1001.7,0.67,43.7,55.4,696.0,24.7,8.6,75.0,99
2026-06-15 03:00:00+00:00,Peshawar,32.1,39,1002.2,0.85,38.9,56.3,676.0,18.6,9.7,108.0,99
2026-06-15 04:00:00+00:00,Peshawar,33.8,36,1002.6,0.83,37.8,60.3,625.0,13.1,9.6,141.0,99
2026-06-15 05:00:00+00:00,Peshawar,35.5,33,1002.3,0.45,38.4,66.1,554.0,7.7,8.8,174.0,100
2026-06-15 06:00:00+00:00,Peshawar,36.3,31,1001.9,0.47,38.8,72.4,481.0,3.9,7.9,195.0,100
2026-06-15 07:00:00+00:00,Peshawar,37.6,28,1001.2,0.87,37.4,73.6,406.0,2.3,7.0,196.0,101
2026-06-15 08:00:00+00:00,Peshawar,38.3,26,1000.7,1.33,37.5,75.4,329.0,2.1,6.1,186.0,102
2026-06-15 09:00:00+00:00,Peshawar,38.9,22,1000.0,2.02,33.3,67.5,275.0,2.3,5.3,175.0,104
2026-06-15 10:00:00+00:00,Peshawar,39.2,21,999.7,2.28,31.2,63.6,252.0,0.9,4.7,170.0,132
2026-06-15 11:00:00+00:00,Peshawar,38.8,22,999.4,2.33,29.8,61.0,251.0,0.0,4.3,164.0,152
2026-06-15 12:00:00+00:00,Peshawar,40.0,18,997.7,1.26,43.3,88.9,269.0,4.4,4.2,150.0,161
2026-06-15 13:00:00+00:00,Peshawar,37.4,26,998.2,4.01,43.4,81.3,309.0,12.8,4.9,130.0,162
2026-06-15 14:00:00+00:00,Peshawar,35.3,32,999.1,2.53,49.1,80.1,368.0,24.5,6.0,102.0,155
2026-06-15 15:00:00+00:00,Peshawar,34.3,34,999.8,1.3,51.2,80.6,439.0,33.6,6.9,79.0,137
2026-06-15 16:00:00+00:00,Peshawar,33.6,36,1001.1,1.26,58.9,93.6,527.0,37.9,7.6,67.0,114
2026-06-15 17:00:00+00:00,Peshawar,33.0,38,1001.8,1.79,61.0,90.1,627.0,39.8,8.2,59.0,116
2026-06-15 18:00:00+00:00,Peshawar,33.0,39,1000.9,0.1,61.5,85.2,718.0,40.3,8.6,54.0,118
2026-06-15 19:00:00+00:00,Peshawar,31.8,43,1000.6,2.28,58.4,78.0,795.0,39.2,8.6,51.0,119
2026-06-15 20:00:00+00:00,Peshawar,26.3,62,1002.4,4.3,58.4,77.1,862.0,36.9,8.2,51.0,120
2026-06-15 21:00:00+00:00,Peshawar,27.0,59,1003.4,4.21,60.1,78.5,909.0,35.4,7.9,48.0,122
2026-06-15 22:00:00+00:00,Peshawar,26.3,62,1003.5,2.45,61.9,79.9,937.0,36.8,7.4,38.0,124
2026-06-15 23:00:00+00:00,Peshawar,26.3,64,1004.0,0.4,64.0,80.8,945.0,39.1,6.9,25.0,126
2026-06-16 00:00:00+00:00,Peshawar,27.5,57,1003.0,2.67,62.6,77.8,916.0,38.3,7.8,29.0,129
2026-06-16 01:00:00+00:00,Peshawar,27.0,60,1003.8,3.06,66.8,81.7,823.0,32.6,8.7,49.0,131
2026-06-16 02:00:00+00:00,Peshawar,28.1,56,1004.1,1.82,59.1,76.1,693.0,24.5,10.0,78.0,133
2026-06-16 03:00:00+00:00,Peshawar,29.8,50,1004.4,0.43,46.2,70.5,586.0,17.3,10.8,109.0,134
2026-06-16 04:00:00+00:00,Peshawar,31.2,47,1004.9,0.95,43.3,68.5,529.0,11.8,10.7,143.0,135
2026-06-16 05:00:00+00:00,Peshawar,32.9,43,1004.8,1.0,44.1,68.0,495.0,7.1,10.2,179.0,136
2026-06-16 06:00:00+00:00,Peshawar,34.1,37,1004.5,0.98,44.6,68.9,462.0,3.8,9.5,202.0,136
2026-06-16 07:00:00+00:00,Peshawar,36.3,33,1003.9,0.5,44.5,70.5,421.0,2.3,8.7,205.0,137
2026-06-16 08:00:00+00:00,Peshawar,38.0,28,1003.2,1.1,43.1,70.3,381.0,2.2,7.8,195.0,138
2026-06-16 09:00:00+00:00,Peshawar,38.5,27,1002.1,1.27,41.3,69.2,352.0,2.4,6.9,183.0,138
2026-06-16 10:00:00+00:00,Peshawar,38.8,26,1001.5,1.87,40.2,68.2,330.0,1.9,6.1,173.0,142
2026-06-16 11:00:00+00:00,Peshawar,38.6,25,1001.0,1.51,39.2,68.0,318.0,1.8,5.4,162.0,159
2026-06-16 12:00:00+00:00,Peshawar,38.6,27,1000.2,1.22,34.2,57.6,334.0,4.5,5.6,166.0,167
2026-06-16 13:00:00+00:00,Peshawar,38.0,27,1000.3,1.49,36.8,55.2,403.0,17.2,6.6,140.0,171
2026-06-16 14:00:00+00:00,Peshawar,36.0,34,1001.0,3.37,44.5,62.6,500.0,34.4,7.9,103.0,165
2026-06-16 15:00:00+00:00,Peshawar,34.0,40,1001.7,3.43,51.9,70.3,565.0,44.9,8.9,78.0,149
2026-06-16 16:00:00+00:00,Peshawar,33.5,40,1002.9,2.23,53.7,71.5,562.0,42.0,9.1,75.0,139
2026-06-16 17:00:00+00:00,Peshawar,32.7,43,1003.8,0.53,47.8,60.5,527.0,32.3,8.8,82.0,138
2026-06-16 18:00:00+00:00,Peshawar,32.6,42,1003.5,0.92,42.3,50.8,505.0,25.0,8.6,86.0,137
2026-06-16 19:00:00+00:00,Peshawar,31.5,45,1003.4,0.82,40.6,46.7,519.0,23.5,8.5,82.0,135
2026-06-16 20:00:00+00:00,Peshawar,30.8,47,1003.7,1.37,40.4,45.8,545.0,24.3,8.3,74.0,133
2026-06-16 21:00:00+00:00,Peshawar,30.0,50,1003.8,1.48,42.5,49.0,560.0,25.6,8.2,66.0,131
2026-06-16 22:00:00+00:00,Peshawar,29.3,52,1004.0,1.38,43.2,49.0,545.0,27.8,8.0,54.0,130
2026-06-16 23:00:00+00:00,Peshawar,29.0,53,1004.2,1.56,46.8,53.1,518.0,30.5,7.9,42.0,128
2026-06-17 00:00:00+00:00,Peshawar,29.0,54,1003.9,1.17,50.1,55.8,508.0,30.5,9.0,48.0,126
2026-06-17 01:00:00+00:00,Peshawar,28.8,55,1004.5,1.09,54.9,60.8,540.0,25.7,10.3,71.0,125
2026-06-17 02:00:00+00:00,Peshawar,30.3,51,1005.0,0.54,50.1,61.0,587.0,19.0,12.1,103.0,123
2026-06-17 03:00:00+00:00,Peshawar,31.9,46,1005.3,0.21,45.2,61.0,603.0,13.1,13.0,131.0,122
2026-06-17 04:00:00+00:00,Peshawar,33.2,44,1005.3,0.97,41.8,62.2,556.0,8.9,12.3,153.0,122
2026-06-17 05:00:00+00:00,Peshawar,32.6,47,1005.5,3.13,42.0,65.7,476.0,5.5,10.7,172.0,122
2026-06-17 06:00:00+00:00,Peshawar,35.4,37,1005.1,1.44,41.6,68.0,408.0,3.1,9.2,183.0,122
2026-06-17 07:00:00+00:00,Peshawar,36.6,34,1004.4,1.21,40.5,68.5,366.0,2.0,8.1,183.0,122
2026-06-17 08:00:00+00:00,Peshawar,37.2,31,1003.6,2.11,39.3,67.8,337.0,2.0,7.2,174.0,121
2026-06-17 09:00:00+00:00,Peshawar,37.1,32,1002.8,1.79,38.1,66.6,319.0,2.6,6.4,165.0,121
2026-06-17 10:00:00+00:00,Peshawar,37.5,30,1002.2,1.41,37.5,65.9,309.0,2.1,5.7,160.0,135
2026-06-17 11:00:00+00:00,Peshawar,37.5,28,1001.6,0.91,37.6,65.7,312.0,2.2,5.1,153.0,147
2026-06-17 12:00:00+00:00,Peshawar,37.6,28,1001.0,3.39,25.9,45.1,339.0,4.7,4.9,148.0,152
2026-06-17 13:00:00+00:00,Peshawar,36.4,32,1001.2,3.32,26.4,44.7,402.0,24.6,6.3,121.0,151
2026-06-17 14:00:00+00:00,Peshawar,35.3,36,1001.6,2.81,39.0,53.6,489.0,51.6,8.1,83.0,140
2026-06-17 15:00:00+00:00,Peshawar,34.0,41,1002.0,3.26,52.5,66.6,580.0,68.7,9.5,56.0,119
2026-06-17 16:00:00+00:00,Peshawar,32.8,45,1003.0,2.55,54.4,67.5,677.0,66.0,9.9,51.0,117
2026-06-17 17:00:00+00:00,Peshawar,32.2,46,1003.5,1.96,50.2,61.2,777.0,53.3,9.8,57.0,118
2026-06-17 18:00:00+00:00,Peshawar,29.6,51,1004.9,2.33,47.5,57.4,848.0,43.7,9.5,59.0,118
2026-06-17 19:00:00+00:00,Peshawar,28.9,54,1004.6,1.66,50.9,61.0,872.0,42.5,9.1,51.0,118
2026-06-17 20:00:00+00:00,Peshawar,28.5,55,1004.6,1.25,53.2,61.9,867.0,44.3,8.6,39.0,119
2026-06-17 21:00:00+00:00,Peshawar,28.2,56,1004.4,1.22,56.0,64.3,858.0,45.9,8.0,29.0,121
2026-06-17 22:00:00+00:00,Peshawar,27.9,58,1004.3,1.05,59.3,67.3,860.0,47.3,7.2,18.0,122
2026-06-17 23:00:00+00:00,Peshawar,27.5,60,1004.2,0.92,61.5,68.9,857.0,48.5,6.5,8.0,124
2026-06-18 00:00:00+00:00,Peshawar,27.3,67,1004.3,1.2,66.4,75.2,825.0,48.7,8.6,17.0,125
2026-06-18 01:00:00+00:00,Peshawar,27.4,66,1004.3,1.22,68.7,75.7,736.0,38.9,9.7,44.0,127
2026-06-18 02:00:00+00:00,Peshawar,28.9,58,1004.9,1.51,59.4,71.5,617.0,25.4,11.0,83.0,129
2026-06-18 03:00:00+00:00,Peshawar,30.7,51,1005.3,0.5,47.1,62.9,524.0,14.4,11.6,117.0,129
2026-06-18 04:00:00+00:00,Peshawar,32.7,42,1004.8,0.34,38.3,56.1,484.0,8.6,10.6,143.0,130
2026-06-18 05:00:00+00:00,Peshawar,34.3,38,1004.5,1.07,37.0,56.0,470.0,5.4,8.7,166.0,129
2026-06-18 06:00:00+00:00,Peshawar,35.6,31,1004.8,1.57,35.6,55.4,455.0,3.4,7.2,180.0,129
2026-06-18 07:00:00+00:00,Peshawar,35.5,31,1004.5,1.57,33.6,54.0,428.0,2.1,6.4,183.0,128
2026-06-18 08:00:00+00:00,Peshawar,35.6,31,1003.4,0.92,31.5,51.0,400.0,2.0,6.0,179.0,127
2026-06-18 09:00:00+00:00,Peshawar,36.9,28,1002.4,1.29,30.3,49.0,382.0,2.6,5.6,172.0,127
2026-06-18 10:00:00+00:00,Peshawar,37.0,27,1001.7,1.68,28.9,47.0,368.0,3.6,5.2,166.0,127
2026-06-18 11:00:00+00:00,Peshawar,36.7,28,1001.3,2.04,28.3,45.8,365.0,5.3,5.0,158.0,144
2026-06-18 12:00:00+00:00,Peshawar,36.7,27,1000.8,1.63,16.2,22.1,402.0,11.2,4.4,130.0,152
2026-06-18 13:00:00+00:00,Peshawar,35.9,29,1000.3,2.06,18.6,23.9,504.0,22.0,5.1,107.0,150
2026-06-18 14:00:00+00:00,Peshawar,34.7,33,1000.7,2.0,24.1,28.6,646.0,36.9,6.1,75.0,138
2026-06-18 15:00:00+00:00,Peshawar,33.0,39,1001.2,1.88,32.5,36.2,790.0,49.2,7.0,48.0,121
2026-06-18 16:00:00+00:00,Peshawar,32.1,51,1002.2,0.05,38.3,42.0,933.0,56.3,7.6,30.0,118
2026-06-18 17:00:00+00:00,Peshawar,31.5,45,1002.8,1.5,43.9,48.0,1076.0,60.8,8.1,17.0,117
2026-06-18 18:00:00+00:00,Peshawar,31.0,44,1001.6,2.18,46.3,50.3,1186.0,62.7,8.1,7.0,116
2026-06-18 19:00:00+00:00,Peshawar,29.7,48,1001.4,1.39,46.2,50.1,1250.0,61.4,7.5,2.0,116
2026-06-18 20:00:00+00:00,Peshawar,28.8,53,1001.5,0.96,45.2,48.9,1280.0,57.5,6.5,1.0,116
2026-06-18 21:00:00+00:00,Peshawar,28.4,57,1001.4,0.43,43.9,47.5,1278.0,53.7,5.6,1.0,115
2026-06-18 22:00:00+00:00,Peshawar,27.8,56,1001.7,1.36,43.1,46.2,1231.0,51.1,4.9,0.0,113
2026-06-18 23:00:00+00:00,Peshawar,27.3,58,1002.3,0.8,42.3,44.9,1152.0,48.5,4.4,0.0,112
2026-06-19 00:00:00+00:00,Peshawar,26.9,60,1002.0,0.74,36.9,39.3,1079.0,41.8,5.0,9.0,110
2026-06-19 01:00:00+00:00,Peshawar,26.9,60,1003.1,1.41,39.5,42.3,1045.0,37.8,5.7,22.0,107
2026-06-19 02:00:00+00:00,Peshawar,28.8,52,1003.6,1.03,36.9,40.0,1019.0,31.9,6.7,42.0,104
2026-06-19 03:00:00+00:00,Peshawar,31.0,44,1004.0,0.96,30.9,36.4,940.0,25.6,7.3,69.0,101
2026-06-19 04:00:00+00:00,Peshawar,33.2,36,1004.2,1.68,28.2,35.6,750.0,18.4,7.3,109.0,100
2026-06-19 05:00:00+00:00,Peshawar,34.9,29,1004.6,3.16,28.9,38.0,508.0,10.8,7.0,155.0,99
2026-06-19 06:00:00+00:00,Peshawar,34.9,30,1003.9,2.15,28.8,38.5,335.0,5.1,6.4,187.0,98
2026-06-19 07:00:00+00:00,Peshawar,36.4,27,1003.6,2.2,26.3,37.8,296.0,2.7,5.6,194.0,98
2026-06-19 08:00:00+00:00,Peshawar,36.5,26,1003.5,1.66,24.0,36.4,326.0,2.3,4.5,187.0,97
2026-06-19 09:00:00+00:00,Peshawar,36.6,26,1003.0,1.26,22.3,36.3,353.0,2.6,3.7,178.0,97
2026-06-19 10:00:00+00:00,Peshawar,36.1,28,1002.9,2.24,21.4,36.4,338.0,2.3,3.3,172.0,105
2026-06-19 11:00:00+00:00,Peshawar,35.7,29,1002.5,1.79,20.8,34.9,320.0,2.7,3.1,165.0,133
2026-06-19 12:00:00+00:00,Peshawar,35.3,31,1002.8,2.66,15.2,24.2,347.0,5.9,3.3,150.0,152
2026-06-19 13:00:00+00:00,Peshawar,34.8,31,1002.8,1.7,21.9,27.7,456.0,11.9,3.9,131.0,159
2026-06-19 14:00:00+00:00,Peshawar,34.1,33,1002.9,1.59,26.0,30.7,609.0,20.5,4.8,103.0,155
2026-06-19 15:00:00+00:00,Peshawar,33.3,38,1003.4,0.69,26.6,31.1,740.0,28.8,5.5,78.0,139
2026-06-19 16:00:00+00:00,Peshawar,32.5,39,1004.0,1.21,31.9,35.5,815.0,36.7,5.8,57.0,114
2026-06-19 17:00:00+00:00,Peshawar,31.2,46,1004.5,0.92,38.0,41.1,869.0,44.4,5.9,39.0,94
2026-06-19 18:00:00+00:00,Peshawar,29.4,50,1005.3,1.45,44.8,47.7,938.0,49.1,5.7,25.0,94
2026-06-19 19:00:00+00:00,Peshawar,28.3,56,1005.2,1.82,48.0,50.6,1070.0,49.1,5.2,18.0,94
2026-06-19 20:00:00+00:00,Peshawar,27.9,57,1004.9,0.92,47.6,49.9,1218.0,46.2,4.4,16.0,94
2026-06-19 21:00:00+00:00,Peshawar,27.8,57,1004.7,1.06,45.6,47.8,1274.0,42.9,3.7,14.0,94
2026-06-19 22:00:00+00:00,Peshawar,27.5,60,1004.2,0.34,43.4,45.6,1166.0,40.3,3.1,9.0,94
2026-06-19 23:00:00+00:00,Peshawar,27.0,62,1004.3,0.34,42.1,44.2,967.0,37.3,2.5,4.0,94
2026-06-20 00:00:00+00:00,Peshawar,26.1,62,1004.2,1.24,39.3,41.4,790.0,33.8,3.7,13.0,94
2026-06-20 01:00:00+00:00,Peshawar,26.3,60,1004.5,0.95,39.7,41.9,674.0,27.6,4.6,43.0,94
2026-06-20 02:00:00+00:00,Peshawar,28.4,53,1005.0,0.65,34.2,38.5,581.0,18.8,5.9,84.0,94
2026-06-20 03:00:00+00:00,Peshawar,30.8,44,1005.2,0.75,24.2,31.4,505.0,11.6,6.5,119.0,94
2026-06-20 04:00:00+00:00,Peshawar,32.8,38,1005.1,0.49,23.1,31.2,449.0,7.3,5.9,142.0,93
2026-06-20 05:00:00+00:00,Peshawar,34.5,33,1004.7,0.65,21.9,30.5,411.0,4.5,4.6,158.0,93
2026-06-20 06:00:00+00:00,Peshawar,35.6,29,1004.7,1.35,20.2,29.2,378.0,2.6,3.6,169.0,93
2026-06-20 07:00:00+00:00,Peshawar,36.3,27,1004.1,1.72,18.8,28.5,348.0,1.8,3.1,173.0,92
2026-06-20 08:00:00+00:00,Peshawar,37.0,25,1003.3,1.45,17.5,27.3,324.0,1.9,2.8,171.0,91
2026-06-20 09:00:00+00:00,Peshawar,37.5,25,1002.6,1.04,16.5,26.5,304.0,2.3,2.6,168.0,92
2026-06-20 10:00:00+00:00,Peshawar,37.7,24,1001.9,1.25,15.8,25.9,272.0,1.2,2.4,167.0,118
2026-06-20 11:00:00+00:00,Peshawar,37.4,23,1001.6,1.57,15.3,25.3,244.0,0.3,2.4,165.0,136
2026-06-20 12:00:00+00:00,Peshawar,37.9,22,1000.9,1.26,8.7,14.4,272.0,4.5,2.6,155.0,146
2026-06-20 13:00:00+00:00,Peshawar,37.2,23,1001.0,1.91,10.9,15.5,404.0,21.4,3.7,124.0,149
2026-06-20 14:00:00+00:00,Peshawar,35.6,27,1001.3,2.04,20.8,24.0,590.0,44.7,5.1,80.0,141
2026-06-20 15:00:00+00:00,Peshawar,33.8,33,1001.8,2.14,32.7,35.9,735.0,61.6,6.2,45.0,122
2026-06-20 16:00:00+00:00,Peshawar,32.7,35,1002.8,1.7,41.7,44.5,794.0,66.4,6.6,26.0,95
2026-06-20 17:00:00+00:00,Peshawar,31.9,36,1003.2,1.61,46.7,49.1,811.0,64.9,6.7,14.0,89
2026-06-20 18:00:00+00:00,Peshawar,32.4,35,1003.0,0.45,47.6,49.7,821.0,62.0,6.4,7.0,90
2026-06-20 19:00:00+00:00,Peshawar,31.5,37,1002.5,0.6,44.5,46.4,837.0,59.0,5.6,4.0,90
2026-06-20 20:00:00+00:00,Peshawar,31.1,46,1002.1,0.11,39.7,41.7,845.0,54.6,4.5,5.0,90
2026-06-20 21:00:00+00:00,Peshawar,30.0,44,1001.8,0.11,35.0,36.9,847.0,50.1,3.6,6.0,89
2026-06-20 22:00:00+00:00,Peshawar,28.4,47,1002.5,4.28,31.3,33.3,839.0,46.1,3.0,4.0,88
2026-06-20 23:00:00+00:00,Peshawar,26.2,55,1003.5,1.48,28.7,30.4,824.0,41.8,2.7,2.0,87
2026-06-21 00:00:00+00:00,Peshawar,27.4,51,1002.8,3.44,31.2,33.4,808.0,41.8,3.2,12.0,86
2026-06-21 01:00:00+00:00,Peshawar,27.7,49,1002.9,2.42,30.9,32.8,807.0,33.5,4.0,42.0,85
2026-06-21 02:00:00+00:00,Peshawar,28.8,47,1003.7,2.83,27.6,29.9,805.0,21.9,5.1,84.0,85
2026-06-21 03:00:00+00:00,Peshawar,30.1,45,1003.9,2.35,20.1,24.1,757.0,12.4,5.7,119.0,84
2026-06-21 04:00:00+00:00,Peshawar,32.2,39,1003.6,1.66,16.6,21.4,618.0,7.2,5.2,142.0,84
2026-06-21 05:00:00+00:00,Peshawar,34.2,34,1002.8,1.37,14.8,20.0,434.0,4.1,4.2,158.0,83
2026-06-21 06:00:00+00:00,Peshawar,36.1,29,1002.3,1.15,13.0,19.0,296.0,2.1,3.4,168.0,83
2026-06-21 07:00:00+00:00,Peshawar,37.5,26,1001.2,1.3,11.8,18.9,248.0,1.1,2.9,169.0,82
2026-06-21 08:00:00+00:00,Peshawar,38.3,24,1000.5,1.92,11.0,19.1,246.0,1.3,2.6,164.0,82
2026-06-21 09:00:00+00:00,Peshawar,38.5,23,999.5,2.83,10.3,18.7,246.0,1.6,2.4,158.0,89
2026-06-21 10:00:00+00:00,Peshawar,38.4,21,999.2,3.11,10.1,18.6,229.0,0.9,2.2,157.0,114
2026-06-21 11:00:00+00:00,Peshawar,37.9,21,999.0,2.25,10.1,18.6,214.0,0.3,2.1,156.0,129
2026-06-21 12:00:00+00:00,Peshawar,38.5,20,998.0,2.44,9.3,18.2,219.0,3.0,2.2,150.0,137
2026-06-21 13:00:00+00:00,Peshawar,37.4,22,998.7,2.75,12.3,19.9,253.0,13.3,3.2,127.0,139
2026-06-21 14:00:00+00:00,Peshawar,35.7,28,999.1,2.62,21.5,28.0,307.0,27.6,4.7,95.0,132
2026-06-21 15:00:00+00:00,Peshawar,33.9,35,999.7,2.71,32.6,38.9,363.0,38.9,5.9,68.0,117
2026-06-21 16:00:00+00:00,Peshawar,32.5,37,1000.6,2.47,40.4,45.9,422.0,44.6,6.8,51.0,95
2026-06-21 17:00:00+00:00,Peshawar,31.4,41,1001.3,0.76,43.4,49.2,484.0,47.4,7.4,38.0,80
2026-06-21 18:00:00+00:00,Peshawar,31.5,38,1001.0,1.66,45.8,51.9,533.0,48.2,7.6,28.0,80
2026-06-21 19:00:00+00:00,Peshawar,30.8,40,1001.0,1.25,45.5,51.7,569.0,46.7,7.0,22.0,80
2026-06-21 20:00:00+00:00,Peshawar,29.9,42,1001.1,0.97,44.0,49.2,593.0,43.2,5.9,18.0,80
2026-06-21 21:00:00+00:00,Peshawar,29.2,49,1001.3,0.07,42.4,46.6,591.0,40.0,4.9,16.0,80
2026-06-21 22:00:00+00:00,Peshawar,28.9,50,1001.3,0.11,40.4,44.1,538.0,38.2,4.2,11.0,81
2026-06-21 23:00:00+00:00,Peshawar,27.1,54,1002.3,3.89,38.8,42.3,458.0,36.6,3.6,8.0,81
2026-06-22 00:00:00+00:00,Peshawar,25.2,65,1003.5,4.23,41.3,45.4,413.0,38.3,5.1,16.0,82
2026-06-22 01:00:00+00:00,Peshawar,25.2,68,1004.0,1.49,38.9,42.0,445.0,32.3,6.1,34.0,83
2026-06-22 02:00:00+00:00,Peshawar,26.6,59,1004.5,1.98,34.3,39.5,511.0,23.8,7.4,59.0,83
2026-06-22 03:00:00+00:00,Peshawar,28.8,51,1004.8,1.84,30.0,38.4,545.0,16.3,8.1,86.0,84
2026-06-22 04:00:00+00:00,Peshawar,30.5,46,1004.6,1.41,27.9,38.9,512.0,10.9,7.7,115.0,85
2026-06-22 05:00:00+00:00,Peshawar,32.3,41,1004.3,1.35,27.4,39.9,447.0,6.4,6.7,145.0,86
2026-06-22 06:00:00+00:00,Peshawar,34.1,36,1003.9,1.36,26.8,40.6,383.0,3.3,5.8,167.0,87
2026-06-22 07:00:00+00:00,Peshawar,35.5,32,1003.0,1.23,26.3,41.1,327.0,2.0,5.2,175.0,88
2026-06-22 08:00:00+00:00,Peshawar,36.4,29,1002.4,1.95,25.6,40.0,273.0,2.0,4.8,174.0,89
2026-06-22 09:00:00+00:00,Peshawar,36.8,26,1001.5,2.29,24.3,38.0,237.0,2.3,4.4,171.0,90
2026-06-22 10:00:00+00:00,Peshawar,36.6,26,1001.1,2.05,22.9,35.4,224.0,1.5,3.9,170.0,99
2026-06-22 11:00:00+00:00,Peshawar,36.0,29,1001.0,3.67,22.3,33.3,230.0,1.0,3.5,167.0,122
2026-06-22 12:00:00+00:00,Peshawar,36.4,26,1000.2,2.34,14.2,17.9,255.0,4.0,3.6,156.0,140
2026-06-22 13:00:00+00:00,Peshawar,35.3,30,1000.6,2.23,15.0,19.0,308.0,9.9,4.0,138.0,148
2026-06-22 14:00:00+00:00,Peshawar,33.3,38,1000.9,4.06,18.2,21.8,381.0,18.3,4.7,113.0,147
2026-06-22 15:00:00+00:00,Peshawar,31.7,40,1001.6,3.86,25.1,28.4,453.0,27.6,5.4,87.0,135
2026-06-22 16:00:00+00:00,Peshawar,31.0,42,1002.5,1.87,33.4,36.3,519.0,38.9,6.3,61.0,117
2026-06-22 17:00:00+00:00,Peshawar,30.6,45,1003.0,1.95,41.3,44.1,585.0,50.9,7.4,35.0,93
2026-06-22 18:00:00+00:00,Peshawar,30.9,46,1002.0,1.58,45.5,48.0,639.0,58.4,7.8,16.0,92
2026-06-22 19:00:00+00:00,Peshawar,30.5,48,1001.8,1.36,44.8,47.1,681.0,58.1,7.2,8.0,92
2026-06-22 20:00:00+00:00,Peshawar,29.8,51,1001.7,0.39,42.4,44.6,712.0,53.2,6.0,7.0,92
2026-06-22 21:00:00+00:00,Peshawar,29.1,53,1001.5,0.34,40.2,42.0,728.0,48.2,5.0,7.0,92
2026-06-22 22:00:00+00:00,Peshawar,28.4,55,1001.5,0.32,38.0,39.6,718.0,44.9,4.2,2.0,92
2026-06-22 23:00:00+00:00,Peshawar,27.8,57,1001.7,0.4,36.0,37.3,693.0,41.4,3.6,0.0,92
2026-06-23 00:00:00+00:00,Peshawar,28.0,56,1001.6,0.68,47.0,48.7,683.0,46.5,5.3,8.0,91
2026-06-23 01:00:00+00:00,Peshawar,27.8,57,1001.8,0.21,46.2,47.7,722.0,38.7,6.8,37.0,92
2026-06-23 02:00:00+00:00,Peshawar,29.3,53,1002.2,0.36,39.5,41.6,776.0,27.9,8.7,77.0,92
2026-06-23 03:00:00+00:00,Peshawar,31.4,46,1002.3,0.49,28.0,31.8,776.0,18.4,9.7,114.0,93
2026-06-23 04:00:00+00:00,Peshawar,33.3,40,1002.0,0.86,24.4,28.7,668.0,11.8,8.9,144.0,93
2026-06-23 05:00:00+00:00,Peshawar,34.9,34,1001.6,1.06,22.3,27.1,506.0,6.7,7.2,170.0,92
2026-06-23 06:00:00+00:00,Peshawar,35.8,32,1001.3,0.93,20.3,24.6,384.0,3.2,5.7,188.0,92
2026-06-23 07:00:00+00:00,Peshawar,36.9,29,1000.3,0.88,18.3,22.1,345.0,1.8,4.8,193.0,91
2026-06-23 08:00:00+00:00,Peshawar,37.8,28,999.0,1.03,16.6,20.0,347.0,1.9,4.2,189.0,91
2026-06-23 09:00:00+00:00,Peshawar,38.3,27,997.8,1.15,15.3,18.6,352.0,2.4,3.7,184.0,103
2026-06-23 10:00:00+00:00,Peshawar,38.5,27,997.0,1.44,14.1,17.3,344.0,1.6,3.2,182.0,134
2026-06-23 11:00:00+00:00,Peshawar,38.3,27,996.3,2.05,13.2,16.5,340.0,1.1,2.9,179.0,155
2026-06-23 12:00:00+00:00,Peshawar,38.4,26,995.4,2.15,7.4,7.4,357.0,4.3,3.1,175.0,165
2026-06-23 13:00:00+00:00,Peshawar,37.5,27,995.2,2.15,8.3,8.9,398.0,14.6,4.1,154.0,170
2026-06-23 14:00:00+00:00,Peshawar,36.2,28,995.5,2.62,15.2,16.2,458.0,29.0,5.6,125.0,168
2026-06-23 15:00:00+00:00,Peshawar,34.9,32,995.9,2.32,25.7,27.1,544.0,41.8,7.0,97.0,158
2026-06-23 16:00:00+00:00,Peshawar,33.6,36,996.9,1.1,34.2,36.0,688.0,52.0,8.4,73.0,140
2026-06-23 17:00:00+00:00,Peshawar,32.9,39,997.4,0.54,40.7,43.1,857.0,60.6,9.7,50.0,115
2026-06-23 18:00:00+00:00,Peshawar,33.2,40,997.0,0.81,44.5,47.4,955.0,64.8,10.2,33.0,87
2026-06-23 19:00:00+00:00,Peshawar,31.8,45,997.4,2.27,45.1,48.0,921.0,61.9,9.3,25.0,87
2026-06-23 20:00:00+00:00,Peshawar,30.9,47,997.9,1.84,42.5,44.8,817.0,54.6,7.5,23.0,87
2026-06-23 21:00:00+00:00,Peshawar,30.7,47,998.0,1.23,38.5,40.5,733.0,48.0,6.0,21.0,87
2026-06-23 22:00:00+00:00,Peshawar,30.2,48,998.3,0.9,35.4,36.9,704.0,44.3,5.0,15.0,87
2026-06-23 23:00:00+00:00,Peshawar,29.5,50,998.4,0.51,33.2,34.3,696.0,41.2,4.4,9.0,86
2026-06-24 00:00:00+00:00,Peshawar,29.7,48,998.8,1.05,36.3,37.5,690.0,41.5,5.0,18.0,86
2026-06-24 01:00:00+00:00,Peshawar,29.5,48,999.3,1.6,35.7,36.7,687.0,35.2,6.1,49.0,85
2026-06-24 02:00:00+00:00,Peshawar,31.0,44,1000.0,0.66,33.3,34.1,688.0,26.4,7.7,92.0,84
2026-06-24 03:00:00+00:00,Peshawar,33.1,40,1000.3,0.67,24.0,24.6,676.0,18.6,8.8,133.0,84
2026-06-24 04:00:00+00:00,Peshawar,35.1,37,1000.5,1.16,22.9,23.6,644.0,12.8,9.1,171.0,84
2026-06-24 05:00:00+00:00,Peshawar,36.9,34,1000.3,1.35,22.5,23.6,601.0,7.9,8.9,206.0,84
2026-06-24 06:00:00+00:00,Peshawar,37.8,32,1000.0,1.31,21.8,23.8,553.0,4.4,8.4,228.0,84
2026-06-24 07:00:00+00:00,Peshawar,39.2,29,999.2,1.52,20.0,22.6,500.0,2.8,7.4,228.0,84
2026-06-24 08:00:00+00:00,Peshawar,40.0,27,998.1,1.88,18.0,21.2,444.0,2.6,6.0,214.0,106
2026-06-24 09:00:00+00:00,Peshawar,40.4,26,997.1,1.91,16.3,20.4,396.0,2.7,4.9,200.0,147
2026-06-24 10:00:00+00:00,Peshawar,40.6,25,996.5,1.57,15.3,20.5,347.0,1.9,4.2,191.0,172
2026-06-24 11:00:00+00:00,Peshawar,40.7,23,995.6,1.24,15.1,21.7,307.0,1.5,3.8,181.0,188
2026-06-24 12:00:00+00:00,Peshawar,41.1,21,994.3,1.5,15.8,23.7,312.0,4.3,3.8,166.0,196
2026-06-24 13:00:00+00:00,Peshawar,40.0,23,994.4,1.66,18.1,27.3,396.0,12.8,4.6,141.0,195
2026-06-24 14:00:00+00:00,Peshawar,38.3,27,994.8,2.1,23.8,32.9,525.0,24.6,5.8,110.0,184
2026-06-24 15:00:00+00:00,Peshawar,36.7,33,995.6,1.81,32.0,41.9,638.0,35.2,7.0,83.0,166
2026-06-24 16:00:00+00:00,Peshawar,35.5,38,996.7,1.11,39.3,49.6,710.0,44.0,8.0,61.0,140
2026-06-24 17:00:00+00:00,Peshawar,34.5,42,997.5,1.06,45.6,56.1,765.0,51.5,9.0,43.0,108
2026-06-24 18:00:00+00:00,Peshawar,34.0,43,997.6,0.36,48.9,59.0,816.0,55.4,9.4,30.0,88
2026-06-24 19:00:00+00:00,Peshawar,33.1,46,997.7,1.23,48.1,57.5,882.0,53.3,8.9,25.0,88
2026-06-24 20:00:00+00:00,Peshawar,32.3,47,998.1,2.02,45.9,55.2,943.0,47.5,7.8,25.0,88
2026-06-24 21:00:00+00:00,Peshawar,31.2,50,998.6,2.85,44.1,53.7,950.0,42.3,7.0,26.0,89
2026-06-24 22:00:00+00:00,Peshawar,29.8,55,999.7,4.52,43.1,52.9,858.0,39.3,6.5,23.0,89
2026-06-24 23:00:00+00:00,Peshawar,29.0,55,1000.5,2.16,42.5,51.6,712.0,36.9,6.2,20.0,90
2026-06-25 00:00:00+00:00,Peshawar,26.2,72,1001.9,3.27,42.4,49.6,602.0,34.1,6.4,23.0,90
2026-06-25 01:00:00+00:00,Peshawar,27.4,64,1002.0,1.4,42.1,47.6,578.0,30.9,7.5,34.0,91
2026-06-25 02:00:00+00:00,Peshawar,28.5,61,1002.8,1.13,40.7,47.4,589.0,27.4,9.0,52.0,91
2026-06-25 03:00:00+00:00,Peshawar,30.1,55,1003.4,0.95,38.8,54.6,581.0,23.1,10.0,76.0,92
2026-06-25 04:00:00+00:00,Peshawar,32.0,48,1003.7,0.78,41.3,66.1,523.0,17.0,9.9,114.0,93
2026-06-25 05:00:00+00:00,Peshawar,34.3,42,1003.4,0.81,44.2,74.5,444.0,10.1,9.2,158.0,94
2026-06-25 06:00:00+00:00,Peshawar,35.9,38,1003.0,1.05,45.4,79.4,378.0,4.9,8.5,189.0,96
2026-06-25 07:00:00+00:00,Peshawar,37.5,35,1002.3,1.84,45.3,82.0,336.0,2.8,7.8,195.0,98
2026-06-25 08:00:00+00:00,Peshawar,38.5,33,1001.6,2.41,44.5,82.2,307.0,2.4,7.1,188.0,100
2026-06-25 09:00:00+00:00,Peshawar,39.4,31,1000.4,2.41,42.0,78.5,287.0,2.5,6.5,178.0,103
2026-06-25 10:00:00+00:00,Peshawar,39.7,30,999.7,2.87,39.0,72.6,271.0,1.5,5.9,171.0,111
2026-06-25 11:00:00+00:00,Peshawar,39.0,31,999.3,3.47,36.1,67.3,264.0,0.9,5.3,161.0,136
2026-06-25 12:00:00+00:00,Peshawar,37.5,35,1000.2,2.73,31.3,49.2,281.0,4.1,4.8,146.0,153
2026-06-25 13:00:00+00:00,Peshawar,36.8,37,999.9,2.47,31.7,48.9,338.0,11.9,5.4,129.0,158
2026-06-25 14:00:00+00:00,Peshawar,36.4,38,999.9,1.96,35.7,50.1,418.0,22.9,6.3,104.0,154
2026-06-25 15:00:00+00:00,Peshawar,35.0,43,1000.2,3.5,42.4,56.0,493.0,32.3,7.3,83.0,137
2026-06-25 16:00:00+00:00,Peshawar,33.6,47,1001.1,3.26,45.9,58.8,555.0,38.6,8.4,70.0,115
2026-06-25 17:00:00+00:00,Peshawar,33.0,48,1001.6,2.3,47.8,60.3,610.0,43.3,9.5,59.0,116
2026-06-25 18:00:00+00:00,Peshawar,33.2,47,1001.3,1.45,50.6,63.1,651.0,46.6,10.3,51.0,116
2026-06-25 19:00:00+00:00,Peshawar,32.5,49,1001.3,1.46,52.5,65.0,673.0,48.5,10.5,44.0,117
2026-06-25 20:00:00+00:00,Peshawar,32.2,50,1001.5,0.65,55.1,67.3,681.0,49.0,10.3,38.0,117
2026-06-25 21:00:00+00:00,Peshawar,31.9,54,1001.3,0.32,56.6,68.5,678.0,48.6,9.9,33.0,118
2026-06-25 22:00:00+00:00,Peshawar,31.4,56,1001.8,0.22,57.9,69.2,656.0,47.8,9.2,26.0,119
2026-06-25 23:00:00+00:00,Peshawar,30.8,55,1002.2,0.5,58.9,69.6,623.0,46.1,8.2,19.0,121
2026-06-26 00:00:00+00:00,Peshawar,30.9,55,1002.5,1.46,63.3,75.7,609.0,50.4,10.1,21.0,123
2026-06-26 01:00:00+00:00,Peshawar,30.5,57,1003.4,1.49,64.7,75.9,644.0,43.8,10.9,40.0,125
2026-06-26 02:00:00+00:00,Peshawar,31.2,56,1004.1,0.98,57.6,68.5,697.0,34.4,12.0,67.0,127
2026-06-26 03:00:00+00:00,Peshawar,32.6,52,1004.5,0.64,50.3,63.8,709.0,25.4,12.4,96.0,129
2026-06-26 04:00:00+00:00,Peshawar,34.4,47,1004.6,0.34,42.7,59.0,638.0,17.3,11.4,129.0,130
2026-06-26 05:00:00+00:00,Peshawar,36.0,41,1004.2,0.63,41.3,63.1,525.0,9.5,9.7,164.0,130
2026-06-26 06:00:00+00:00,Peshawar,36.6,36,1004.3,1.68,41.2,67.8,434.0,4.0,8.1,186.0,130
2026-06-26 07:00:00+00:00,Peshawar,37.4,34,1003.8,1.4,40.5,68.7,389.0,1.8,7.0,186.0,129
2026-06-26 08:00:00+00:00,Peshawar,38.3,32,1003.1,0.4,39.7,68.2,365.0,1.8,6.1,174.0,129
2026-06-26 09:00:00+00:00,Peshawar,38.7,31,1001.9,1.14,38.4,66.8,352.0,2.3,5.4,162.0,128
2026-06-26 10:00:00+00:00,Peshawar,38.8,31,1001.4,1.35,37.1,64.7,346.0,0.8,4.9,157.0,128
2026-06-26 11:00:00+00:00,Peshawar,38.8,31,1001.0,1.61,36.9,64.5,352.0,0.0,4.6,152.0,133
2026-06-26 12:00:00+00:00,Peshawar,38.5,30,1000.1,2.82,35.0,60.8,369.0,4.9,4.9,149.0,145
2026-06-26 13:00:00+00:00,Peshawar,37.3,34,1000.4,2.05,36.9,61.2,392.0,23.5,6.2,119.0,149
2026-06-26 14:00:00+00:00,Peshawar,36.4,38,1000.4,2.13,47.8,65.7,426.0,49.3,7.9,78.0,140
2026-06-26 15:00:00+00:00,Peshawar,35.9,40,1000.8,0.6,62.6,80.3,490.0,68.9,9.4,45.0,130
2026-06-26 16:00:00+00:00,Peshawar,35.3,40,1001.6,1.35,74.3,91.0,611.0,76.9,10.4,27.0,132
2026-06-26 17:00:00+00:00,Peshawar,34.2,45,1002.1,1.59,82.7,97.6,762.0,78.8,11.0,16.0,135
2026-06-26 18:00:00+00:00,Peshawar,33.5,49,1002.3,1.52,86.1,98.5,882.0,77.4,11.0,10.0,139
2026-06-26 19:00:00+00:00,Peshawar,32.4,54,1002.2,1.32,84.1,94.3,945.0,72.4,9.9,8.0,143
2026-06-26 20:00:00+00:00,Peshawar,31.7,56,1002.2,1.53,76.4,85.9,976.0,64.2,8.1,9.0,146
2026-06-26 21:00:00+00:00,Peshawar,31.2,58,1002.0,1.59,68.5,78.5,990.0,56.9,6.6,11.0,148
2026-06-26 22:00:00+00:00,Peshawar,30.8,58,1002.2,1.07,63.1,73.1,992.0,52.4,5.7,8.0,149
2026-06-26 23:00:00+00:00,Peshawar,30.4,60,1002.5,0.25,59.8,69.2,977.0,48.7,5.1,4.0,150
2026-06-27 00:00:00+00:00,Peshawar,30.3,60,1002.5,1.43,72.6,83.6,943.0,50.0,6.4,14.0,150
2026-06-27 01:00:00+00:00,Peshawar,30.4,59,1003.1,1.08,71.0,81.0,888.0,41.9,8.1,45.0,150
2026-06-27 02:00:00+00:00,Peshawar,31.9,53,1003.5,0.43,62.4,74.3,814.0,30.6,10.3,89.0,150
2026-06-27 03:00:00+00:00,Peshawar,33.8,46,1003.5,0.55,51.8,67.8,728.0,20.6,11.8,129.0,151
2026-06-27 04:00:00+00:00,Peshawar,35.7,40,1003.5,0.65,46.9,64.7,620.0,13.5,11.7,163.0,151
2026-06-27 05:00:00+00:00,Peshawar,37.4,35,1003.0,0.29,44.8,63.1,501.0,7.8,10.8,193.0,151
2026-06-27 06:00:00+00:00,Peshawar,38.0,32,1002.9,1.16,44.0,64.7,409.0,3.8,9.8,212.0,151
2026-06-27 07:00:00+00:00,Peshawar,39.1,30,1001.9,1.22,43.7,66.8,365.0,2.1,8.8,212.0,151
2026-06-27 08:00:00+00:00,Peshawar,40.0,28,1000.6,0.94,41.6,65.4,347.0,2.1,7.7,201.0,151
2026-06-27 09:00:00+00:00,Peshawar,40.7,26,999.4,0.9,39.2,63.1,332.0,2.5,6.7,189.0,151
2026-06-27 10:00:00+00:00,Peshawar,41.2,25,998.4,1.27,36.8,60.5,301.0,1.7,5.9,181.0,159
2026-06-27 11:00:00+00:00,Peshawar,41.2,25,997.4,1.66,35.2,59.1,272.0,1.2,5.4,172.0,173
2026-06-27 12:00:00+00:00,Peshawar,41.2,24,996.7,2.74,16.5,27.3,278.0,4.2,4.7,153.0,180
2026-06-27 13:00:00+00:00,Peshawar,39.2,28,996.9,3.95,18.9,29.9,344.0,14.5,5.5,132.0,179
2026-06-27 14:00:00+00:00,Peshawar,37.7,32,997.0,2.7,26.0,35.6,445.0,28.9,6.5,103.0,169
2026-06-27 15:00:00+00:00,Peshawar,36.5,36,997.1,2.38,34.1,43.7,539.0,41.4,7.6,77.0,152
2026-06-27 16:00:00+00:00,Peshawar,35.8,38,998.2,2.0,40.9,50.3,617.0,50.6,8.8,58.0,145
2026-06-27 17:00:00+00:00,Peshawar,35.1,38,998.6,2.17,45.8,55.2,687.0,57.9,10.0,43.0,141
2026-06-27 18:00:00+00:00,Peshawar,35.4,37,998.2,1.87,49.2,58.1,735.0,61.7,10.4,31.0,137
2026-06-27 19:00:00+00:00,Peshawar,34.8,38,998.3,1.21,50.6,56.3,745.0,60.5,9.3,22.0,133
2026-06-27 20:00:00+00:00,Peshawar,34.3,39,998.0,0.45,48.2,51.7,732.0,55.9,7.4,17.0,130
2026-06-27 21:00:00+00:00,Peshawar,34.0,42,997.9,0.11,43.8,46.9,732.0,51.0,5.9,13.0,127
2026-06-27 22:00:00+00:00,Peshawar,33.4,44,998.0,0.16,40.2,43.2,766.0,47.2,5.0,6.0,124
2026-06-27 23:00:00+00:00,Peshawar,32.4,51,998.3,0.05,38.0,40.9,811.0,43.2,4.3,1.0,122
2026-06-28 00:00:00+00:00,Peshawar,31.5,48,998.0,0.99,39.2,41.9,837.0,40.0,4.7,13.0,120
2026-06-28 01:00:00+00:00,Peshawar,30.8,50,998.5,2.05,39.5,42.0,828.0,32.8,6.0,49.0,116
2026-06-28 02:00:00+00:00,Peshawar,31.7,48,999.2,1.61,37.8,41.1,800.0,22.7,7.8,100.0,113
2026-06-28 03:00:00+00:00,Peshawar,33.5,45,999.4,0.95,31.3,36.6,762.0,14.3,9.2,145.0,110
2026-06-28 04:00:00+00:00,Peshawar,35.5,41,999.5,0.71,31.5,37.1,719.0,9.4,9.8,181.0,108
2026-06-28 05:00:00+00:00,Peshawar,37.5,37,999.3,0.54,31.5,37.7,668.0,6.2,10.0,212.0,107
2026-06-28 06:00:00+00:00,Peshawar,39.3,34,998.8,0.29,31.3,38.9,608.0,3.9,9.7,230.0,105
2026-06-28 07:00:00+00:00,Peshawar,40.9,30,997.9,0.21,29.9,39.6,533.0,2.6,8.6,227.0,104
2026-06-28 08:00:00+00:00,Peshawar,42.2,25,996.9,0.3,26.8,38.1,449.0,2.2,7.0,211.0,113
2026-06-28 09:00:00+00:00,Peshawar,43.0,23,995.8,0.57,24.3,36.1,380.0,2.2,5.7,196.0,154
2026-06-28 10:00:00+00:00,Peshawar,43.5,20,994.8,0.98,22.1,34.1,329.0,1.0,4.8,188.0,177
2026-06-28 11:00:00+00:00,Peshawar,43.3,20,994.1,1.01,20.5,32.7,293.0,0.1,4.3,181.0,191
2026-06-28 12:00:00+00:00,Peshawar,42.9,20,993.6,1.1,19.8,32.0,285.0,3.3,4.3,169.0,197
2026-06-28 13:00:00+00:00,Peshawar,41.7,23,993.6,2.39,21.7,33.1,318.0,14.2,5.3,147.0,195
2026-06-28 14:00:00+00:00,Peshawar,39.4,27,994.1,2.91,32.0,42.1,378.0,29.2,7.0,120.0,184
2026-06-28 15:00:00+00:00,Peshawar,37.8,33,994.6,2.43,42.6,53.3,439.0,41.0,8.4,95.0,167
2026-06-28 16:00:00+00:00,Peshawar,36.7,39,995.5,1.7,48.7,60.1,498.0,46.7,9.4,76.0,145
2026-06-28 17:00:00+00:00,Peshawar,35.9,42,995.9,1.57,53.1,65.0,557.0,49.1,10.2,59.0,116
2026-06-28 18:00:00+00:00,Peshawar,36.5,40,995.7,1.38,56.2,67.1,600.0,49.7,10.3,45.0,100
2026-06-28 19:00:00+00:00,Peshawar,35.7,42,995.7,0.79,55.6,63.3,609.0,48.3,9.2,35.0,101
2026-06-28 20:00:00+00:00,Peshawar,35.2,44,995.6,0.57,52.3,57.7,601.0,45.1,7.4,28.0,101
2026-06-28 21:00:00+00:00,Peshawar,33.9,48,995.7,0.25,47.7,52.3,609.0,41.6,5.9,23.0,102
2026-06-28 22:00:00+00:00,Peshawar,32.7,50,996.0,0.7,43.4,47.7,657.0,38.3,4.9,15.0,102
2026-06-28 23:00:00+00:00,Peshawar,31.7,53,996.3,0.85,40.2,44.2,721.0,34.8,4.3,10.0,103
2026-06-29 00:00:00+00:00,Peshawar,31.5,56,996.3,1.96,35.3,38.2,755.0,31.9,3.8,16.0,103
2026-06-29 01:00:00+00:00,Peshawar,31.3,56,996.5,1.08,34.5,37.3,734.0,27.5,4.7,50.0,102
2026-06-29 02:00:00+00:00,Peshawar,33.1,49,996.6,0.55,36.8,39.5,683.0,21.2,6.0,99.0,102
2026-06-29 03:00:00+00:00,Peshawar,35.0,45,996.9,0.6,28.0,33.6,632.0,15.5,7.0,143.0,102
2026-06-29 04:00:00+00:00,Peshawar,36.9,41,997.0,0.39,27.0,34.1,593.0,10.9,7.6,179.0,101
2026-06-29 05:00:00+00:00,Peshawar,38.9,36,996.5,0.36,27.8,36.2,554.0,6.9,7.9,211.0,101
2026-06-29 06:00:00+00:00,Peshawar,39.6,32,996.6,0.4,25.6,34.8,512.0,4.1,7.8,232.0,101
2026-06-29 07:00:00+00:00,Peshawar,41.4,28,996.0,0.21,22.6,32.4,460.0,2.9,7.0,236.0,100
2026-06-29 08:00:00+00:00,Peshawar,42.4,25,995.3,0.63,19.9,30.3,405.0,2.8,5.9,229.0,115
2026-06-29 09:00:00+00:00,Peshawar,43.0,24,994.4,1.07,18.2,28.8,361.0,3.1,5.0,221.0,157
2026-06-29 10:00:00+00:00,Peshawar,43.3,23,993.7,1.2,17.6,28.2,325.0,2.2,4.6,217.0,185
2026-06-29 11:00:00+00:00,Peshawar,43.2,23,992.7,1.76,17.8,28.3,301.0,1.6,4.5,212.0,201
2026-06-29 12:00:00+00:00,Peshawar,43.1,23,992.4,3.32,8.7,11.5,312.0,7.5,3.9,197.0,206
2026-06-29 13:00:00+00:00,Peshawar,41.9,27,992.2,3.46,15.8,18.3,382.0,20.6,5.4,176.0,207
2026-06-29 14:00:00+00:00,Peshawar,39.9,32,992.4,4.1,26.8,29.5,487.0,38.7,7.4,146.0,205
2026-06-29 15:00:00+00:00,Peshawar,38.2,36,992.9,2.35,36.1,39.0,587.0,53.0,9.1,118.0,198
2026-06-29 16:00:00+00:00,Peshawar,37.4,38,993.8,2.25,40.6,43.8,674.0,60.2,10.3,93.0,179
2026-06-29 17:00:00+00:00,Peshawar,36.7,38,994.2,1.9,45.8,49.1,754.0,63.6,11.2,69.0,158
2026-06-29 18:00:00+00:00,Peshawar,36.7,39,993.7,1.42,49.8,52.5,806.0,64.3,11.3,51.0,128
2026-06-29 19:00:00+00:00,Peshawar,35.4,43,993.8,0.97,48.3,50.3,816.0,61.9,10.0,40.0,94
2026-06-29 20:00:00+00:00,Peshawar,34.7,46,994.1,1.77,44.5,46.2,798.0,56.8,7.8,33.0,93
2026-06-29 21:00:00+00:00,Peshawar,34.0,52,994.2,1.88,40.9,42.5,766.0,51.7,6.2,30.0,93
2026-06-29 22:00:00+00:00,Peshawar,33.5,57,994.4,1.71,37.7,39.6,715.0,47.4,5.4,26.0,92
2026-06-29 23:00:00+00:00,Peshawar,33.0,59,994.7,1.46,35.4,37.5,652.0,43.0,5.1,24.0,92
2026-06-30 00:00:00+00:00,Peshawar,33.2,58,994.9,2.2,43.1,45.3,607.0,44.3,5.9,28.0,91
2026-06-30 01:00:00+00:00,Peshawar,33.0,61,995.8,1.96,44.4,46.7,598.0,38.7,8.1,61.0,92
2026-06-30 02:00:00+00:00,Peshawar,33.7,61,996.2,2.37,44.5,47.5,609.0,30.7,11.0,108.0,93
2026-06-30 03:00:00+00:00,Peshawar,35.1,56,996.5,2.48,41.4,47.0,619.0,23.0,13.1,151.0,93
2026-06-30 04:00:00+00:00,Peshawar,36.7,50,996.4,2.12,45.9,56.6,630.0,16.1,13.6,187.0,94
2026-06-30 05:00:00+00:00,Peshawar,38.6,44,996.0,1.5,47.4,61.2,641.0,9.4,13.2,219.0,96
2026-06-30 06:00:00+00:00,Peshawar,39.6,42,996.2,1.29,46.9,60.8,628.0,4.7,12.5,241.0,97
2026-06-30 07:00:00+00:00,Peshawar,41.2,38,995.8,1.46,44.7,57.0,569.0,2.8,11.4,251.0,104
2026-06-30 08:00:00+00:00,Peshawar,42.2,34,994.8,2.05,40.7,52.3,487.0,2.8,10.0,250.0,132
2026-06-30 09:00:00+00:00,Peshawar,43.1,27,993.9,2.02,36.6,47.3,422.0,3.2,8.7,243.0,172
2026-06-30 10:00:00+00:00,Peshawar,43.5,25,993.3,1.53,32.8,43.2,397.0,2.1,7.6,229.0,200
2026-06-30 11:00:00+00:00,Peshawar,44.0,23,992.4,1.35,30.2,40.4,389.0,1.3,6.7,207.0,208
2026-06-30 12:00:00+00:00,Peshawar,44.0,23,991.9,1.59,29.5,39.6,376.0,5.5,6.0,166.0,212
2026-06-30 13:00:00+00:00,Peshawar,43.6,22,992.0,2.75,30.6,39.0,340.0,16.2,6.7,140.0,211
2026-06-30 14:00:00+00:00,Peshawar,42.0,25,992.4,4.52,35.5,43.1,297.0,31.0,7.7,103.0,205
2026-06-30 15:00:00+00:00,Peshawar,40.5,28,992.8,3.97,42.5,50.3,279.0,43.2,8.5,72.0,191
2026-06-30 16:00:00+00:00,Peshawar,39.5,29,993.9,2.74,46.9,54.7,307.0,50.2,9.1,51.0,162
2026-06-30 17:00:00+00:00,Peshawar,38.3,32,994.6,1.17,51.6,59.4,358.0,54.5,9.6,36.0,124
2026-06-30 18:00:00+00:00,Peshawar,38.6,33,994.0,2.67,55.1,62.9,395.0,56.6,9.9,25.0,115
2026-06-30 19:00:00+00:00,Peshawar,37.4,37,994.2,2.82,55.9,64.0,398.0,56.2,10.0,21.0,115
2026-06-30 20:00:00+00:00,Peshawar,36.5,41,994.5,1.67,55.5,64.0,388.0,53.6,9.9,22.0,116
2026-06-30 21:00:00+00:00,Peshawar,35.2,46,994.6,1.34,56.1,65.4,383.0,50.8,9.8,23.0,117
2026-06-30 22:00:00+00:00,Peshawar,34.0,53,995.0,1.92,58.0,67.8,392.0,48.7,9.4,19.0,119
2026-06-30 23:00:00+00:00,Peshawar,33.2,60,995.7,1.89,58.8,67.8,408.0,46.3,8.9,15.0,121
2026-07-01 00:00:00+00:00,Peshawar,33.8,57,995.1,2.37,59.1,65.2,428.0,38.7,6.7,10.0,123
2026-07-01 01:00:00+00:00,Peshawar,33.7,59,995.7,2.2,62.2,67.5,459.0,36.3,8.6,29.0,125
2026-07-01 02:00:00+00:00,Peshawar,34.4,57,996.1,1.79,59.3,69.2,495.0,32.7,11.2,56.0,127
2026-07-01 03:00:00+00:00,Peshawar,35.7,54,996.6,1.03,58.4,77.5,512.0,28.0,12.7,86.0,128
2026-07-01 04:00:00+00:00,Peshawar,37.1,50,997.0,0.4,58.2,82.7,493.0,21.4,12.3,119.0,130
2026-07-01 05:00:00+00:00,Peshawar,38.6,45,997.0,0.05,58.7,86.1,456.0,13.7,11.0,154.0,131
2026-07-01 06:00:00+00:00,Peshawar,39.5,39,997.0,0.79,56.3,82.4,429.0,7.8,9.6,181.0,132
2026-07-01 07:00:00+00:00,Peshawar,40.8,34,996.2,1.41,53.8,77.5,423.0,4.9,8.6,195.0,133
2026-07-01 08:00:00+00:00,Peshawar,42.0,30,995.5,2.41,50.3,73.3,427.0,3.7,7.5,200.0,134
2026-07-01 09:00:00+00:00,Peshawar,42.1,28,994.6,3.63,47.3,70.1,434.0,3.3,6.7,198.0,135
2026-07-01 10:00:00+00:00,Peshawar,42.1,27,994.2,3.45,44.2,66.8,436.0,2.8,6.0,186.0,137
2026-07-01 11:00:00+00:00,Peshawar,41.6,27,994.5,2.0,40.7,61.9,441.0,3.1,5.5,166.0,147
2026-07-01 12:00:00+00:00,Peshawar,36.9,46,994.2,6.7,40.6,57.5,467.0,10.8,5.4,138.0,161
2026-07-01 13:00:00+00:00,Peshawar,31.1,68,996.0,6.04,44.5,59.1,523.0,14.0,5.8,133.0,164
2026-07-01 14:00:00+00:00,Peshawar,31.1,68,997.3,4.51,48.1,61.0,600.0,18.7,6.4,125.0,160
2026-07-01 15:00:00+00:00,Peshawar,29.3,76,998.4,2.95,52.0,62.2,682.0,23.9,7.0,113.0,151
2026-07-01 16:00:00+00:00,Peshawar,30.2,71,999.7,1.49,56.2,65.0,802.0,30.8,7.6,94.0,144
2026-07-01 17:00:00+00:00,Peshawar,30.1,72,1000.7,0.93,61.7,68.5,928.0,38.1,8.2,71.0,145
2026-07-01 18:00:00+00:00,Peshawar,28.4,71,1001.4,1.74,63.1,69.4,950.0,41.2,8.3,56.0,146
2026-07-01 19:00:00+00:00,Peshawar,28.5,71,1001.2,1.13,63.6,70.5,774.0,36.7,7.4,56.0,147
2026-07-01 20:00:00+00:00,Peshawar,28.3,72,1001.0,1.39,61.5,68.5,494.0,27.9,6.0,65.0,147
2026-07-01 21:00:00+00:00,Peshawar,28.1,73,1001.0,1.42,53.0,60.3,286.0,20.7,5.1,73.0,148
2026-07-01 22:00:00+00:00,Peshawar,28.0,73,1000.7,1.0,50.3,60.3,229.0,17.3,5.1,76.0,148
2026-07-01 23:00:00+00:00,Peshawar,27.8,72,1000.6,1.48,50.6,59.8,244.0,15.5,5.5,78.0,147
2026-07-02 00:00:00+00:00,Peshawar,28.6,65,1000.1,1.32,60.1,73.6,274.0,21.1,8.7,67.0,146
2026-07-02 01:00:00+00:00,Peshawar,28.6,66,1000.6,0.18,65.0,77.1,311.0,19.5,9.7,78.0,146
2026-07-02 02:00:00+00:00,Peshawar,29.4,63,1001.2,0.85,60.8,80.1,364.0,17.1,11.0,93.0,146
2026-07-02 03:00:00+00:00,Peshawar,30.3,60,1001.5,1.25,54.7,84.5,396.0,14.3,11.7,112.0,147
2026-07-02 04:00:00+00:00,Peshawar,31.4,56,1001.6,0.8,57.6,99.7,390.0,10.7,11.4,137.0,146
2026-07-02 05:00:00+00:00,Peshawar,33.4,50,1001.1,0.11,60.1,109.0,365.0,6.6,10.5,166.0,146
2026-07-02 06:00:00+00:00,Peshawar,34.7,44,1001.5,1.81,61.7,115.3,340.0,3.6,9.6,185.0,146
2026-07-02 07:00:00+00:00,Peshawar,35.8,43,1000.5,1.81,61.5,115.9,321.0,2.4,8.8,189.0,147
2026-07-02 08:00:00+00:00,Peshawar,36.4,43,999.6,1.23,60.1,113.4,303.0,2.2,7.9,184.0,148
2026-07-02 09:00:00+00:00,Peshawar,37.3,41,998.8,1.05,57.3,108.0,292.0,2.5,7.1,176.0,149
2026-07-02 10:00:00+00:00,Peshawar,37.5,41,998.0,0.81,53.8,100.6,290.0,1.2,6.3,168.0,150
2026-07-02 11:00:00+00:00,Peshawar,37.5,40,997.4,0.93,50.5,93.4,296.0,0.4,5.5,157.0,150
2026-07-02 12:00:00+00:00,Peshawar,37.1,40,997.5,2.01,31.2,55.6,305.0,4.9,5.5,142.0,155
2026-07-02 13:00:00+00:00,Peshawar,36.9,40,997.5,0.89,33.3,55.8,318.0,23.7,6.5,111.0,155
2026-07-02 14:00:00+00:00,Peshawar,36.2,42,997.4,1.49,43.5,56.5,335.0,49.4,8.0,68.0,150
2026-07-02 15:00:00+00:00,Peshawar,35.0,48,997.8,2.9,54.9,67.3,356.0,67.0,8.9,36.0,149
2026-07-02 16:00:00+00:00,Peshawar,33.9,52,999.1,2.81,60.8,75.7,381.0,68.9,9.0,28.0,149
2026-07-02 17:00:00+00:00,Peshawar,33.1,55,999.5,1.79,63.6,75.9,411.0,62.7,8.7,30.0,150
2026-07-02 18:00:00+00:00,Peshawar,29.4,77,1000.7,3.19,52.5,61.5,444.0,55.8,8.1,33.0,150
2026-07-02 19:00:00+00:00,Peshawar,28.1,86,1001.9,0.92,47.4,54.0,487.0,50.7,7.0,29.0,149
2026-07-02 20:00:00+00:00,Peshawar,27.3,84,1002.4,2.91,44.0,49.2,533.0,45.0,5.6,25.0,147
2026-07-02 21:00:00+00:00,Peshawar,26.5,85,1003.0,3.05,42.0,47.6,562.0,38.6,4.6,26.0,145
2026-07-02 22:00:00+00:00,Peshawar,26.4,82,1003.5,2.69,37.1,47.6,557.0,30.5,4.2,37.0,144
2026-07-02 23:00:00+00:00,Peshawar,26.2,83,1003.7,2.27,32.9,44.9,535.0,21.6,4.1,54.0,143
2026-07-03 00:00:00+00:00,Peshawar,26.5,93,1002.5,0.96,50.4,59.8,523.0,35.9,6.8,30.0,141
2026-07-03 01:00:00+00:00,Peshawar,26.5,96,1003.0,0.68,51.6,60.8,543.0,31.8,7.6,45.0,140
2026-07-03 02:00:00+00:00,Peshawar,27.5,89,1003.8,0.93,50.4,62.6,574.0,25.9,8.7,67.0,139
2026-07-03 03:00:00+00:00,Peshawar,29.2,76,1003.9,0.85,44.0,62.2,574.0,20.0,9.2,91.0,138
2026-07-03 04:00:00+00:00,Peshawar,30.7,65,1003.8,0.9,37.1,55.5,513.0,14.0,8.6,120.0,136
2026-07-03 05:00:00+00:00,Peshawar,32.2,59,1003.7,0.9,33.1,51.1,423.0,8.1,7.5,151.0,134
2026-07-03 06:00:00+00:00,Peshawar,33.2,51,1002.8,0.63,32.4,50.6,355.0,3.8,6.4,173.0,132
2026-07-03 07:00:00+00:00,Peshawar,35.2,45,1002.5,0.35,31.7,51.3,332.0,2.3,5.7,180.0,128
2026-07-03 08:00:00+00:00,Peshawar,36.2,43,1001.1,0.43,31.5,53.4,332.0,2.5,5.1,178.0,125
2026-07-03 09:00:00+00:00,Peshawar,37.0,40,1000.2,0.65,32.6,58.0,340.0,3.1,4.6,174.0,122
2026-07-03 10:00:00+00:00,Peshawar,37.4,40,999.2,1.41,32.7,59.0,333.0,1.8,4.1,173.0,120
2026-07-03 11:00:00+00:00,Peshawar,37.1,41,998.3,2.37,32.2,58.6,333.0,0.8,3.8,169.0,130
2026-07-03 12:00:00+00:00,Peshawar,36.3,42,998.0,2.09,30.9,53.0,392.0,8.2,4.1,137.0,147
2026-07-03 13:00:00+00:00,Peshawar,35.2,47,998.0,1.45,32.7,53.7,558.0,28.7,5.6,112.0,150
2026-07-03 14:00:00+00:00,Peshawar,34.1,57,997.9,0.45,45.3,60.1,782.0,57.0,7.8,77.0,142
2026-07-03 15:00:00+00:00,Peshawar,32.8,66,998.3,0.11,60.5,78.0,976.0,78.7,9.8,49.0,122
2026-07-03 16:00:00+00:00,Peshawar,31.8,72,999.1,0.4,71.0,91.5,1096.0,88.1,11.6,36.0,116
2026-07-03 17:00:00+00:00,Peshawar,31.3,75,999.5,0.55,75.4,98.5,1185.0,90.8,13.2,31.0,117
2026-07-03 18:00:00+00:00,Peshawar,30.6,74,999.3,1.17,78.5,100.4,1283.0,89.7,13.7,26.0,119
2026-07-03 19:00:00+00:00,Peshawar,30.3,68,999.4,0.96,76.8,92.7,1419.0,84.4,12.1,19.0,121
2026-07-03 20:00:00+00:00,Peshawar,29.8,68,999.1,0.3,74.3,86.6,1564.0,75.2,9.3,13.0,124
2026-07-03 21:00:00+00:00,Peshawar,29.4,70,999.2,0.25,70.1,79.6,1675.0,66.2,7.1,9.0,128
2026-07-03 22:00:00+00:00,Peshawar,28.9,75,999.7,1.27,64.7,72.6,1750.0,58.8,6.0,5.0,131
2026-07-03 23:00:00+00:00,Peshawar,28.4,79,1000.1,0.78,60.3,67.3,1790.0,51.5,5.4,2.0,133
2026-07-04 00:00:00+00:00,Peshawar,28.8,76,1000.1,1.43,60.3,67.8,1758.0,48.4,5.3,8.0,136
2026-07-04 01:00:00+00:00,Peshawar,29.1,73,1000.8,0.76,56.1,61.7,1617.0,40.1,6.5,38.0,137
2026-07-04 02:00:00+00:00,Peshawar,31.0,62,1001.3,0.07,51.5,57.9,1404.0,28.5,8.1,80.0,138
2026-07-04 03:00:00+00:00,Peshawar,32.9,53,1001.4,0.63,44.4,59.4,1186.0,18.6,9.2,119.0,138
2026-07-04 04:00:00+00:00,Peshawar,34.7,46,1000.9,0.94,39.5,58.1,971.0,12.1,9.5,153.0,138
2026-07-04 05:00:00+00:00,Peshawar,36.4,41,1000.1,0.87,38.2,59.5,752.0,7.2,9.3,185.0,138
2026-07-04 06:00:00+00:00,Peshawar,37.3,35,1000.4,0.76,38.4,62.2,574.0,3.8,8.8,205.0,139
2026-07-04 07:00:00+00:00,Peshawar,38.2,32,999.5,0.3,38.0,62.4,461.0,2.1,8.0,206.0,139
2026-07-04 08:00:00+00:00,Peshawar,39.1,29,998.1,0.35,36.8,61.2,390.0,1.9,6.9,196.0,140
2026-07-04 09:00:00+00:00,Peshawar,39.9,27,997.0,0.8,35.5,59.0,339.0,2.6,6.0,184.0,141
2026-07-04 10:00:00+00:00,Peshawar,40.2,26,996.0,1.4,34.6,57.9,293.0,1.9,5.3,176.0,149
2026-07-04 11:00:00+00:00,Peshawar,40.4,25,995.1,1.3,33.9,56.7,268.0,2.1,4.7,166.0,165
2026-07-04 12:00:00+00:00,Peshawar,41.1,22,994.8,1.3,20.5,32.8,285.0,5.1,4.6,156.0,172
2026-07-04 13:00:00+00:00,Peshawar,40.5,23,994.4,0.66,26.0,35.4,351.0,22.1,5.9,134.0,173
2026-07-04 14:00:00+00:00,Peshawar,37.9,31,994.6,2.76,36.8,46.2,460.0,45.5,7.6,103.0,164
2026-07-04 15:00:00+00:00,Peshawar,35.4,40,995.1,2.44,47.7,57.9,619.0,63.3,9.1,76.0,147
2026-07-04 16:00:00+00:00,Peshawar,34.7,44,995.7,1.4,53.6,64.3,887.0,70.5,10.1,57.0,137
2026-07-04 17:00:00+00:00,Peshawar,34.3,45,996.2,1.53,57.6,69.4,1206.0,72.0,10.8,41.0,135
2026-07-04 18:00:00+00:00,Peshawar,34.6,43,995.9,1.68,60.3,71.7,1406.0,70.7,10.7,29.0,134
2026-07-04 19:00:00+00:00,Peshawar,34.0,46,996.1,0.43,60.3,68.5,1372.0,66.2,9.3,22.0,132
2026-07-04 20:00:00+00:00,Peshawar,33.5,52,996.1,0.05,57.3,62.4,1219.0,58.7,7.2,18.0,130
2026-07-04 21:00:00+00:00,Peshawar,32.6,53,996.3,0.05,53.2,57.5,1123.0,52.0,5.5,15.0,128
2026-07-04 22:00:00+00:00,Peshawar,31.7,53,996.6,0.1,49.6,53.6,1183.0,47.8,4.4,8.0,126
2026-07-04 23:00:00+00:00,Peshawar,30.9,54,996.8,0.27,46.6,50.3,1299.0,44.2,3.8,1.0,125
2026-07-05 00:00:00+00:00,Peshawar,30.7,54,997.1,1.61,45.4,49.6,1346.0,39.2,4.5,15.0,123
2026-07-05 01:00:00+00:00,Peshawar,30.4,55,997.7,1.11,43.3,47.4,1256.0,33.2,5.6,45.0,122
2026-07-05 02:00:00+00:00,Peshawar,31.8,51,998.3,0.7,43.1,47.8,1096.0,24.7,7.1,88.0,121
2026-07-05 03:00:00+00:00,Peshawar,33.5,47,998.6,0.74,36.1,45.2,942.0,17.2,8.3,130.0,120
2026-07-05 04:00:00+00:00,Peshawar,35.6,42,998.4,0.66,36.8,47.6,820.0,11.9,9.1,173.0,119
2026-07-05 05:00:00+00:00,Peshawar,37.6,37,998.0,0.39,38.3,51.2,705.0,7.6,9.6,215.0,118
2026-07-05 06:00:00+00:00,Peshawar,38.3,34,998.4,0.25,39.6,56.3,595.0,4.5,9.5,239.0,119
2026-07-05 07:00:00+00:00,Peshawar,39.2,32,997.5,0.45,39.0,59.6,481.0,2.8,8.5,234.0,119
2026-07-05 08:00:00+00:00,Peshawar,40.1,30,996.5,0.64,37.4,59.6,372.0,2.2,7.0,212.0,119
2026-07-05 09:00:00+00:00,Peshawar,40.9,28,995.5,0.68,35.4,58.2,293.0,2.2,5.8,190.0,151
2026-07-05 10:00:00+00:00,Peshawar,41.5,25,994.7,0.47,33.9,56.7,254.0,1.3,5.0,176.0,174
2026-07-05 11:00:00+00:00,Peshawar,41.4,25,994.3,0.8,34.0,55.5,244.0,1.0,4.5,163.0,188
2026-07-05 12:00:00+00:00,Peshawar,41.6,25,993.9,1.97,28.7,46.1,262.0,6.6,4.6,141.0,193
2026-07-05 13:00:00+00:00,Peshawar,40.5,28,993.7,1.6,32.7,45.6,312.0,19.7,6.0,125.0,188
2026-07-05 14:00:00+00:00,Peshawar,38.5,35,993.8,2.25,43.8,55.9,390.0,37.9,7.9,103.0,173
2026-07-05 15:00:00+00:00,Peshawar,36.8,40,994.0,1.66,56.3,68.9,474.0,51.8,9.3,81.0,152
2026-07-05 16:00:00+00:00,Peshawar,35.7,44,994.9,0.53,61.9,74.3,571.0,57.9,9.9,60.0,122
2026-07-05 17:00:00+00:00,Peshawar,35.2,48,995.5,1.68,67.1,78.2,675.0,59.8,10.0,40.0,123
2026-07-05 18:00:00+00:00,Peshawar,34.8,52,996.0,1.88,69.4,78.2,746.0,58.6,9.6,26.0,124
2026-07-05 19:00:00+00:00,Peshawar,34.2,54,995.8,1.5,64.5,71.5,759.0,53.4,8.5,22.0,125
2026-07-05 20:00:00+00:00,Peshawar,33.9,54,995.7,0.34,55.3,61.7,739.0,45.1,6.9,23.0,125
2026-07-05 21:00:00+00:00,Peshawar,33.5,58,995.6,0.05,48.8,54.5,723.0,38.2,5.6,24.0,125
2026-07-05 22:00:00+00:00,Peshawar,32.5,58,995.9,0.35,44.5,49.7,725.0,34.8,4.7,17.0,124
2026-07-05 23:00:00+00:00,Peshawar,31.7,60,996.2,0.29,41.4,46.3,731.0,32.7,4.0,10.0,124
2026-07-06 00:00:00+00:00,Peshawar,30.6,62,996.8,0.86,40.5,45.5,729.0,31.8,4.5,17.0,123
2026-07-06 01:00:00+00:00,Peshawar,30.0,66,997.6,2.02,41.0,45.6,715.0,28.2,5.5,43.0,123
2026-07-06 02:00:00+00:00,Peshawar,31.2,63,998.3,1.79,43.3,47.8,693.0,23.1,7.0,81.0,123
2026-07-06 03:00:00+00:00,Peshawar,32.7,59,998.7,1.5,38.2,48.2,668.0,18.1,8.3,121.0,123
2026-07-06 04:00:00+00:00,Peshawar,34.5,55,998.6,1.03,46.9,62.2,645.0,13.3,9.4,166.0,123
2026-07-06 05:00:00+00:00,Peshawar,36.2,50,998.2,0.59,54.6,72.9,619.0,8.7,10.4,212.0,124
2026-07-06 06:00:00+00:00,Peshawar,37.3,43,998.2,0.63,57.3,76.8,582.0,5.2,10.8,243.0,126
2026-07-06 07:00:00+00:00,Peshawar,38.8,36,997.6,0.85,57.6,77.5,522.0,3.3,10.1,249.0,127
2026-07-06 08:00:00+00:00,Peshawar,40.3,31,996.6,0.54,55.4,75.9,452.0,2.6,8.8,239.0,129
2026-07-06 09:00:00+00:00,Peshawar,40.9,29,995.5,0.63,52.3,73.6,402.0,3.0,7.8,225.0,153
2026-07-06 10:00:00+00:00,Peshawar,41.7,25,994.7,0.35,51.5,73.6,382.0,3.5,7.3,213.0,182
2026-07-06 11:00:00+00:00,Peshawar,41.2,26,994.5,1.68,51.0,74.3,383.0,5.1,7.0,196.0,201
2026-07-06 12:00:00+00:00,Peshawar,38.4,36,994.8,3.18,57.2,80.3,410.0,19.6,6.4,143.0,206
2026-07-06 13:00:00+00:00,Peshawar,37.5,39,995.0,3.04,54.8,67.8,471.0,31.9,6.8,114.0,205
2026-07-06 14:00:00+00:00,Peshawar,36.4,43,995.0,2.84,56.3,66.1,559.0,48.9,7.4,73.0,196
2026-07-06 15:00:00+00:00,Peshawar,35.0,51,995.6,3.01,64.7,72.6,657.0,62.0,7.7,41.0,169
2026-07-06 16:00:00+00:00,Peshawar,34.4,53,996.6,2.43,77.8,85.7,771.0,67.7,7.7,25.0,144
2026-07-06 17:00:00+00:00,Peshawar,33.6,55,997.3,1.94,89.2,98.7,895.0,69.5,7.5,16.0,146
2026-07-06 18:00:00+00:00,Peshawar,30.6,58,999.6,1.64,89.4,99.0,998.0,69.5,7.2,11.0,148
2026-07-06 19:00:00+00:00,Peshawar,30.1,60,999.2,1.57,92.0,101.5,1098.0,68.9,6.6,6.0,150
2026-07-06 20:00:00+00:00,Peshawar,29.7,60,999.2,1.38,94.8,104.5,1177.0,66.5,6.0,4.0,151
2026-07-06 21:00:00+00:00,Peshawar,29.4,60,999.2,1.2,95.9,105.0,1147.0,61.0,5.7,7.0,152
2026-07-06 22:00:00+00:00,Peshawar,29.3,60,999.3,1.43,82.2,89.2,905.0,50.0,6.2,19.0,153
2026-07-06 23:00:00+00:00,Peshawar,29.1,60,999.5,1.35,75.9,82.2,553.0,36.0,7.1,37.0,155
2026-07-07 00:00:00+00:00,Peshawar,29.6,63,999.5,0.95,89.4,95.7,314.0,48.9,4.8,4.0,156
2026-07-07 01:00:00+00:00,Peshawar,29.2,67,1000.3,0.46,99.2,106.2,306.0,40.3,7.2,32.0,157
2026-07-07 02:00:00+00:00,Peshawar,29.5,63,1000.6,0.57,94.3,105.5,410.0,28.2,10.4,71.0,159
2026-07-07 03:00:00+00:00,Peshawar,27.7,69,1001.1,1.74,71.0,92.7,493.0,18.0,12.3,109.0,160
2026-07-07 04:00:00+00:00,Peshawar,30.4,60,1000.8,0.95,64.0,88.9,503.0,11.6,11.8,143.0,161
2026-07-07 05:00:00+00:00,Peshawar,32.4,54,1000.1,0.45,63.1,89.9,492.0,7.2,10.1,174.0,162
2026-07-07 06:00:00+00:00,Peshawar,33.8,46,999.7,0.4,61.7,90.6,478.0,4.1,8.6,196.0,162
2026-07-07 07:00:00+00:00,Peshawar,36.0,40,998.8,0.43,58.8,89.6,465.0,2.6,7.7,203.0,162
2026-07-07 08:00:00+00:00,Peshawar,37.1,37,997.3,0.43,54.9,85.4,449.0,2.5,6.9,200.0,162
2026-07-07 09:00:00+00:00,Peshawar,38.1,34,996.1,0.97,51.8,81.7,433.0,3.0,6.3,194.0,162
2026-07-07 10:00:00+00:00,Peshawar,38.3,33,995.1,1.1,49.2,78.2,404.0,0.8,5.7,190.0,162
2026-07-07 11:00:00+00:00,Peshawar,38.7,32,994.4,0.96,47.3,75.0,376.0,0.0,5.4,184.0,162
2026-07-07 12:00:00+00:00,Peshawar,38.9,31,993.8,0.85,20.4,30.6,385.0,6.2,5.1,164.0,174
2026-07-07 13:00:00+00:00,Peshawar,38.6,32,993.3,0.29,25.1,33.1,458.0,27.6,6.7,134.0,177
2026-07-07 14:00:00+00:00,Peshawar,37.2,36,993.5,2.03,38.4,46.0,570.0,57.0,8.9,93.0,171
2026-07-07 15:00:00+00:00,Peshawar,35.3,42,994.4,2.72,52.7,61.0,682.0,78.4,10.6,59.0,159
2026-07-07 16:00:00+00:00,Peshawar,34.6,45,995.5,1.44,61.2,70.1,798.0,84.7,11.5,39.0,159
2026-07-07 17:00:00+00:00,Peshawar,34.0,48,996.2,1.01,65.0,74.0,915.0,82.9,11.9,26.0,159
2026-07-07 18:00:00+00:00,Peshawar,34.0,47,995.9,1.91,66.6,75.2,987.0,77.9,11.6,18.0,158
2026-07-07 19:00:00+00:00,Peshawar,32.8,53,995.8,2.06,65.0,72.2,980.0,70.0,10.2,15.0,157
2026-07-07 20:00:00+00:00,Peshawar,31.9,57,996.1,1.3,62.6,68.2,928.0,59.0,8.1,16.0,156
2026-07-07 21:00:00+00:00,Peshawar,31.5,58,996.5,1.42,58.7,63.6,894.0,49.0,6.4,19.0,155
2026-07-07 22:00:00+00:00,Peshawar,31.2,58,996.6,1.06,47.5,52.5,911.0,41.4,5.6,20.0,154
2026-07-07 23:00:00+00:00,Peshawar,30.8,59,996.9,0.97,40.2,44.8,946.0,34.8,5.2,22.0,153
2026-07-08 00:00:00+00:00,Peshawar,26.4,72,997.9,5.15,36.7,39.8,959.0,31.0,5.4,28.0,152
2026-07-08 01:00:00+00:00,Peshawar,25.3,85,998.0,1.07,35.7,38.3,932.0,27.8,5.9,48.0,151
2026-07-08 02:00:00+00:00,Peshawar,26.1,85,998.1,1.01,34.1,36.8,883.0,23.3,6.5,76.0,146
2026-07-08 03:00:00+00:00,Peshawar,30.5,60,998.4,1.03,29.5,35.2,825.0,18.5,6.9,105.0,140
2026-07-08 04:00:00+00:00,Peshawar,33.6,44,998.2,0.87,25.7,32.7,762.0,13.3,7.0,136.0,135
2026-07-08 05:00:00+00:00,Peshawar,35.8,40,997.6,0.46,25.8,34.3,690.0,7.8,6.9,169.0,131
2026-07-08 06:00:00+00:00,Peshawar,37.9,32,996.7,0.71,26.6,36.4,609.0,3.8,6.6,191.0,127
2026-07-08 07:00:00+00:00,Peshawar,39.5,28,996.2,2.02,26.1,36.4,507.0,2.3,6.0,196.0,124
2026-07-08 08:00:00+00:00,Peshawar,39.0,26,996.3,3.65,25.1,35.9,397.0,2.3,5.3,190.0,120
2026-07-08 09:00:00+00:00,Peshawar,38.4,26,994.9,2.38,23.9,34.9,315.0,2.9,4.7,183.0,117
2026-07-08 10:00:00+00:00,Peshawar,39.6,24,994.3,3.02,23.1,34.3,262.0,2.1,4.3,179.0,132
2026-07-08 11:00:00+00:00,Peshawar,40.2,22,993.6,2.64,23.7,35.4,237.0,1.8,4.1,174.0,153
2026-07-08 12:00:00+00:00,Peshawar,40.4,22,992.7,3.85,14.0,17.8,278.0,5.3,5.2,176.0,164
2026-07-08 13:00:00+00:00,Peshawar,39.0,24,993.2,4.31,22.5,25.5,441.0,21.6,6.1,142.0,170
2026-07-08 14:00:00+00:00,Peshawar,37.9,27,993.6,3.12,30.0,33.2,669.0,43.9,7.3,96.0,166
2026-07-08 15:00:00+00:00,Peshawar,36.5,31,994.6,4.3,41.2,44.1,826.0,58.6,8.4,62.0,151
2026-07-08 16:00:00+00:00,Peshawar,35.5,34,995.5,4.0,49.0,51.2,835.0,58.4,9.1,53.0,122
2026-07-08 17:00:00+00:00,Peshawar,34.8,36,996.3,2.92,50.8,53.3,772.0,50.7,9.6,56.0,105
2026-07-08 18:00:00+00:00,Peshawar,31.2,47,998.1,4.04,52.2,55.5,730.0,44.1,9.9,58.0,103
2026-07-08 19:00:00+00:00,Peshawar,31.1,49,997.9,0.5,56.7,60.3,746.0,41.4,9.7,54.0,102
2026-07-08 20:00:00+00:00,Peshawar,30.4,52,998.1,3.23,61.2,64.5,783.0,39.7,9.3,48.0,101
2026-07-08 21:00:00+00:00,Peshawar,29.5,55,998.4,2.42,64.7,68.0,815.0,39.1,8.9,42.0,101
2026-07-08 22:00:00+00:00,Peshawar,29.3,56,998.3,1.48,69.4,72.6,844.0,41.1,8.4,31.0,101
2026-07-08 23:00:00+00:00,Peshawar,29.2,57,998.5,1.52,73.1,76.6,868.0,44.1,8.0,19.0,104
2026-07-09 00:00:00+00:00,Peshawar,28.6,64,998.5,2.32,75.0,80.3,860.0,34.7,10.3,41.0,107
2026-07-09 01:00:00+00:00,Peshawar,28.4,66,999.0,2.51,77.3,82.0,792.0,29.6,12.0,65.0,111
2026-07-09 02:00:00+00:00,Peshawar,29.4,62,999.2,2.21,80.3,89.6,691.0,22.5,14.3,98.0,115
2026-07-09 03:00:00+00:00,Peshawar,30.9,56,999.0,1.48,75.0,87.1,608.0,16.1,15.5,132.0,120
2026-07-09 04:00:00+00:00,Peshawar,32.9,48,998.6,1.0,69.8,82.9,566.0,11.2,14.8,166.0,125
2026-07-09 05:00:00+00:00,Peshawar,35.1,41,997.8,0.49,69.2,82.9,541.0,7.1,13.0,199.0,130
2026-07-09 06:00:00+00:00,Peshawar,35.5,38,998.3,0.81,66.4,80.1,512.0,4.2,11.3,222.0,134
2026-07-09 07:00:00+00:00,Peshawar,37.1,35,997.6,1.58,61.2,74.3,466.0,2.9,9.9,227.0,138
2026-07-09 08:00:00+00:00,Peshawar,38.2,32,996.7,1.98,54.7,67.1,416.0,2.8,8.4,221.0,142
2026-07-09 09:00:00+00:00,Peshawar,39.4,27,995.8,1.43,47.0,59.4,375.0,3.1,7.3,213.0,149
2026-07-09 10:00:00+00:00,Peshawar,40.2,24,995.3,0.98,42.1,54.9,347.0,2.0,6.5,206.0,173
2026-07-09 11:00:00+00:00,Peshawar,40.2,25,994.7,1.49,39.7,53.3,329.0,1.2,5.9,197.0,190
2026-07-09 12:00:00+00:00,Peshawar,39.8,29,994.4,3.25,25.7,33.8,328.0,4.8,5.8,189.0,200
2026-07-09 13:00:00+00:00,Peshawar,39.3,30,994.3,2.3,29.0,37.8,351.0,15.8,6.7,162.0,202
2026-07-09 14:00:00+00:00,Peshawar,38.7,29,994.8,1.92,37.1,45.3,391.0,31.2,7.9,124.0,199
2026-07-09 15:00:00+00:00,Peshawar,36.3,39,995.8,2.66,46.8,56.0,440.0,43.8,9.1,92.0,183
2026-07-09 16:00:00+00:00,Peshawar,34.7,46,996.9,2.19,52.4,62.6,497.0,51.3,10.4,72.0,161
2026-07-09 17:00:00+00:00,Peshawar,33.7,50,997.7,1.81,57.4,68.7,561.0,56.0,11.6,58.0,151
2026-07-09 18:00:00+00:00,Peshawar,33.7,51,997.3,1.6,61.5,73.6,625.0,58.2,11.9,47.0,152
2026-07-09 19:00:00+00:00,Peshawar,33.1,50,997.7,1.72,62.2,70.5,699.0,56.9,10.6,37.0,152
2026-07-09 20:00:00+00:00,Peshawar,32.7,49,997.6,1.55,59.3,65.0,771.0,53.1,8.5,29.0,152
2026-07-09 21:00:00+00:00,Peshawar,32.3,49,997.5,1.21,55.6,60.1,802.0,49.2,6.8,24.0,152
2026-07-09 22:00:00+00:00,Peshawar,31.9,50,997.6,0.95,52.5,55.9,752.0,46.3,5.8,18.0,152
2026-07-09 23:00:00+00:00,Peshawar,31.3,52,998.0,0.62,49.1,51.9,661.0,43.5,5.2,15.0,151
2026-07-10 00:00:00+00:00,Peshawar,31.2,51,998.1,1.56,65.2,70.3,599.0,44.7,6.4,20.0,150
2026-07-10 01:00:00+00:00,Peshawar,30.9,52,998.5,2.3,66.6,71.5,610.0,41.4,8.6,41.0,150
2026-07-10 02:00:00+00:00,Peshawar,31.2,57,998.6,2.86,62.4,70.5,651.0,36.5,11.6,70.0,149
2026-07-10 03:00:00+00:00,Peshawar,32.2,55,999.1,2.15,61.7,77.1,669.0,30.4,13.5,105.0,147
2026-07-10 04:00:00+00:00,Peshawar,34.0,49,998.7,1.32,62.9,86.6,639.0,22.0,13.5,150.0,146
2026-07-10 05:00:00+00:00,Peshawar,36.2,43,998.1,0.95,63.6,92.0,585.0,12.5,12.5,199.0,145
2026-07-10 06:00:00+00:00,Peshawar,37.7,38,997.4,0.54,60.3,89.4,535.0,5.4,11.1,231.0,145
2026-07-10 07:00:00+00:00,Peshawar,39.5,34,996.5,1.02,52.4,77.5,494.0,2.7,9.4,234.0,144
2026-07-10 08:00:00+00:00,Peshawar,40.4,31,995.3,1.74,44.2,65.0,455.0,2.6,7.5,220.0,143
2026-07-10 09:00:00+00:00,Peshawar,40.8,29,994.4,2.33,37.5,55.6,425.0,2.9,6.0,206.0,142
2026-07-10 10:00:00+00:00,Peshawar,41.4,27,993.8,2.39,33.4,51.1,403.0,2.4,5.3,199.0,163
2026-07-10 11:00:00+00:00,Peshawar,41.7,26,993.1,2.79,31.8,49.7,389.0,2.3,5.0,191.0,184
2026-07-10 12:00:00+00:00,Peshawar,42.0,23,992.2,3.0,27.6,45.3,389.0,4.3,5.9,178.0,197
2026-07-10 13:00:00+00:00,Peshawar,41.0,25,992.6,2.09,29.5,47.1,403.0,10.0,6.4,156.0,201
2026-07-10 14:00:00+00:00,Peshawar,39.6,30,993.1,1.56,33.5,48.8,431.0,17.9,7.1,124.0,195
2026-07-10 15:00:00+00:00,Peshawar,38.1,34,993.7,2.82,37.7,50.6,475.0,24.6,7.8,98.0,178
2026-07-10 16:00:00+00:00,Peshawar,37.2,38,994.8,3.18,41.2,53.7,557.0,29.3,8.4,80.0,156
2026-07-10 17:00:00+00:00,Peshawar,36.3,40,995.3,1.27,44.4,56.9,655.0,32.7,9.0,68.0,137
2026-07-10 18:00:00+00:00,Peshawar,36.4,41,994.7,1.1,46.4,59.0,713.0,33.5,9.3,61.0,136
2026-07-10 19:00:00+00:00,Peshawar,35.5,45,994.7,0.86,54.0,71.9,697.0,29.9,9.0,64.0,134
2026-07-10 20:00:00+00:00,Peshawar,34.6,46,994.8,1.36,48.3,62.2,639.0,23.7,8.4,72.0,133
2026-07-10 21:00:00+00:00,Peshawar,33.1,52,994.7,2.44,43.8,53.4,581.0,19.1,8.0,78.0,132
2026-07-10 22:00:00+00:00,Peshawar,28.5,67,996.0,6.88,46.1,55.4,525.0,18.3,7.8,73.0,131
2026-07-10 23:00:00+00:00,Peshawar,26.0,88,997.1,2.45,46.4,55.4,469.0,19.1,7.8,65.0,130
2026-07-11 00:00:00+00:00,Peshawar,29.5,68,996.2,2.67,42.1,52.7,440.0,11.9,7.3,98.0,130
2026-07-11 01:00:00+00:00,Peshawar,28.3,76,997.1,1.32,44.0,54.0,463.0,12.0,7.8,104.0,128
2026-07-11 02:00:00+00:00,Peshawar,28.9,73,997.2,2.39,44.7,57.0,514.0,12.0,8.4,112.0,125
2026-07-11 03:00:00+00:00,Peshawar,29.9,68,997.5,1.87,40.7,57.7,553.0,11.2,8.7,125.0,123
2026-07-11 04:00:00+00:00,Peshawar,31.8,60,997.4,0.66,41.7,61.5,568.0,8.9,8.5,147.0,121
2026-07-11 05:00:00+00:00,Peshawar,33.8,53,996.8,0.3,43.1,65.4,572.0,5.8,7.9,172.0,119
2026-07-11 06:00:00+00:00,Peshawar,35.4,47,996.9,0.83,45.6,71.9,558.0,3.5,7.4,190.0,117
2026-07-11 07:00:00+00:00,Peshawar,36.0,46,996.0,1.54,44.5,70.5,516.0,2.6,7.1,193.0,115
2026-07-11 08:00:00+00:00,Peshawar,37.0,42,995.3,0.87,43.5,70.3,457.0,2.4,6.8,189.0,115
2026-07-11 09:00:00+00:00,Peshawar,37.6,39,994.1,0.61,42.4,69.6,409.0,2.6,6.5,181.0,129
2026-07-11 10:00:00+00:00,Peshawar,38.3,37,993.6,0.74,41.8,69.2,378.0,1.9,6.0,173.0,145
2026-07-11 11:00:00+00:00,Peshawar,38.3,35,993.2,1.95,40.4,66.6,359.0,1.5,5.5,163.0,156
2026-07-11 12:00:00+00:00,Peshawar,36.6,41,993.7,1.47,36.0,57.7,356.0,4.2,5.6,147.0,162
2026-07-11 13:00:00+00:00,Peshawar,36.1,42,993.7,1.88,37.6,58.9,385.0,16.4,6.4,124.0,162
2026-07-11 14:00:00+00:00,Peshawar,34.9,47,994.5,3.74,43.3,59.0,432.0,33.1,7.5,92.0,154
2026-07-11 15:00:00+00:00,Peshawar,33.6,53,995.3,3.78,53.9,72.6,459.0,44.3,8.3,68.0,135
2026-07-11 16:00:00+00:00,Peshawar,33.2,55,996.2,2.36,50.6,64.3,449.0,44.9,8.5,60.0,121
2026-07-11 17:00:00+00:00,Peshawar,32.6,57,996.6,2.1,48.5,60.3,420.0,40.1,8.3,61.0,122
2026-07-11 18:00:00+00:00,Peshawar,32.2,58,996.5,1.63,61.0,86.4,391.0,35.2,7.9,61.0,123
2026-07-11 19:00:00+00:00,Peshawar,28.3,75,997.0,3.86,53.8,67.8,363.0,32.2,7.1,57.0,124
2026-07-11 20:00:00+00:00,Peshawar,25.4,86,998.2,0.59,52.0,61.7,334.0,29.2,6.2,54.0,124
2026-07-11 21:00:00+00:00,Peshawar,25.1,88,997.7,2.19,50.4,61.9,317.0,26.0,5.5,53.0,125
2026-07-11 22:00:00+00:00,Peshawar,24.6,86,997.4,1.77,48.4,60.1,317.0,22.5,5.5,56.0,125
2026-07-11 23:00:00+00:00,Peshawar,25.0,82,996.8,1.59,44.2,55.8,329.0,18.9,5.8,62.0,125
2026-07-12 00:00:00+00:00,Peshawar,25.7,86,996.4,0.21,36.2,39.5,345.0,20.4,5.4,58.0,125
2026-07-12 01:00:00+00:00,Peshawar,25.9,85,996.4,0.47,36.9,40.2,368.0,17.0,5.6,77.0,125
2026-07-12 02:00:00+00:00,Peshawar,26.7,77,996.2,0.89,33.6,40.4,395.0,12.2,6.0,104.0,124
2026-07-12 03:00:00+00:00,Peshawar,27.3,73,996.3,0.4,27.0,32.8,415.0,8.1,6.2,128.0,123
2026-07-12 04:00:00+00:00,Peshawar,27.6,71,996.6,0.75,28.1,34.5,423.0,5.5,6.2,147.0,121
2026-07-12 05:00:00+00:00,Peshawar,28.8,67,996.9,1.0,31.0,41.0,424.0,3.7,6.1,164.0,120
2026-07-12 06:00:00+00:00,Peshawar,29.9,62,996.7,1.76,31.9,44.8,419.0,2.4,5.9,175.0,119
2026-07-12 07:00:00+00:00,Peshawar,31.9,55,996.6,1.61,29.9,44.2,405.0,1.8,5.5,179.0,117
2026-07-12 08:00:00+00:00,Peshawar,32.7,51,996.5,1.96,28.4,44.1,385.0,1.8,5.1,177.0,116
2026-07-12 09:00:00+00:00,Peshawar,33.6,49,996.0,2.96,27.2,44.4,371.0,2.0,4.7,174.0,114
2026-07-12 10:00:00+00:00,Peshawar,33.7,48,996.3,2.3,26.4,44.9,363.0,1.4,4.4,172.0,132
2026-07-12 11:00:00+00:00,Peshawar,32.9,52,996.3,0.57,27.9,49.2,360.0,0.9,4.2,168.0,146
2026-07-12 12:00:00+00:00,Peshawar,31.1,52,996.3,1.74,27.5,46.9,373.0,3.5,4.4,154.0,154
2026-07-12 13:00:00+00:00,Peshawar,31.1,54,996.8,0.95,28.6,45.2,404.0,10.4,5.1,136.0,155
2026-07-12 14:00:00+00:00,Peshawar,30.8,55,997.0,1.15,33.9,45.8,450.0,20.0,6.0,112.0,150
2026-07-12 15:00:00+00:00,Peshawar,30.3,59,997.4,1.51,42.3,57.5,512.0,28.5,6.9,89.0,137
2026-07-12 16:00:00+00:00,Peshawar,29.6,65,998.5,0.89,50.6,62.9,607.0,35.0,7.7,71.0,118
2026-07-12 17:00:00+00:00,Peshawar,29.2,65,999.0,0.63,50.6,60.5,719.0,40.3,8.4,55.0,106
2026-07-12 18:00:00+00:00,Peshawar,29.4,65,998.9,0.51,54.7,64.3,794.0,43.5,8.6,42.0,106
2026-07-12 19:00:00+00:00,Peshawar,29.1,65,998.7,0.7,57.3,65.7,810.0,43.4,8.1,35.0,105
2026-07-12 20:00:00+00:00,Peshawar,28.9,66,998.3,0.8,56.2,63.1,789.0,41.0,7.1,31.0,106
2026-07-12 21:00:00+00:00,Peshawar,28.5,67,998.1,0.65,52.4,59.8,750.0,38.7,6.2,28.0,106
2026-07-12 22:00:00+00:00,Peshawar,28.1,69,997.9,0.75,50.2,56.0,685.0,37.7,5.4,19.0,106
2026-07-12 23:00:00+00:00,Peshawar,27.7,71,997.6,0.92,48.2,54.0,602.0,36.7,4.7,11.0,106
2026-07-13 00:00:00+00:00,Peshawar,28.2,70,997.7,1.25,56.5,65.2,541.0,41.6,6.3,17.0,107
2026-07-13 01:00:00+00:00,Peshawar,28.2,70,997.7,1.26,55.9,64.0,526.0,33.0,7.0,49.0,109
2026-07-13 02:00:00+00:00,Peshawar,29.7,63,997.7,1.01,48.4,58.6,533.0,21.1,7.9,93.0,111
2026-07-13 03:00:00+00:00,Peshawar,31.6,56,997.8,0.4,36.2,52.3,525.0,11.5,8.1,130.0,112
2026-07-13 04:00:00+00:00,Peshawar,33.5,48,997.6,0.43,32.6,48.5,484.0,6.7,7.0,151.0,113
2026-07-13 05:00:00+00:00,Peshawar,35.3,41,997.2,0.43,29.6,46.4,429.0,4.4,5.3,164.0,114
2026-07-13 06:00:00+00:00,Peshawar,36.0,38,997.4,1.44,26.8,45.6,382.0,2.9,4.0,172.0,114
2026-07-13 07:00:00+00:00,Peshawar,36.7,36,996.9,0.45,24.8,45.5,351.0,2.0,3.5,176.0,113
2026-07-13 08:00:00+00:00,Peshawar,37.9,32,996.3,0.6,23.6,45.1,328.0,2.1,3.3,175.0,113
2026-07-13 09:00:00+00:00,Peshawar,38.6,30,995.9,1.87,22.6,43.9,312.0,2.5,3.3,173.0,112
2026-07-13 10:00:00+00:00,Peshawar,37.7,31,995.7,2.72,22.2,42.7,300.0,1.7,3.2,174.0,129
2026-07-13 11:00:00+00:00,Peshawar,37.2,33,996.3,3.06,22.2,41.1,296.0,1.3,3.2,173.0,146
2026-07-13 12:00:00+00:00,Peshawar,37.5,30,995.3,2.31,18.7,33.4,311.0,4.6,3.3,165.0,154
2026-07-13 13:00:00+00:00,Peshawar,37.0,31,995.6,2.52,22.2,34.8,349.0,20.8,4.7,140.0,156
2026-07-13 14:00:00+00:00,Peshawar,35.8,37,996.3,2.4,30.5,43.8,407.0,43.1,6.7,105.0,152
2026-07-13 15:00:00+00:00,Peshawar,34.5,43,996.7,2.62,43.8,56.7,485.0,59.4,8.4,77.0,139
2026-07-13 16:00:00+00:00,Peshawar,33.6,47,997.7,1.17,48.2,61.9,605.0,63.7,9.6,64.0,118
2026-07-13 17:00:00+00:00,Peshawar,33.2,48,997.9,1.16,48.8,63.1,746.0,61.9,10.5,57.0,109
2026-07-13 18:00:00+00:00,Peshawar,33.0,49,998.1,1.61,50.8,64.5,844.0,59.9,10.8,50.0,108
2026-07-13 19:00:00+00:00,Peshawar,32.2,51,998.1,2.05,52.3,64.0,862.0,59.7,10.0,39.0,108
2026-07-13 20:00:00+00:00,Peshawar,31.5,54,997.9,1.38,53.9,63.3,837.0,59.3,8.7,29.0,107
2026-07-13 21:00:00+00:00,Peshawar,31.5,54,997.9,0.45,53.4,60.3,823.0,57.9,7.4,20.0,107
2026-07-13 22:00:00+00:00,Peshawar,31.5,54,997.5,0.47,51.9,57.3,848.0,55.7,6.4,11.0,107
2026-07-13 23:00:00+00:00,Peshawar,29.5,58,998.2,5.08,50.8,55.6,884.0,52.4,5.4,3.0,108
2026-07-14 00:00:00+00:00,Peshawar,30.0,58,998.3,0.85,52.6,57.5,898.0,53.6,5.3,4.0,108
2026-07-14 01:00:00+00:00,Peshawar,28.7,67,999.3,2.64,54.5,59.4,879.0,44.8,7.2,36.0,107
2026-07-14 02:00:00+00:00,Peshawar,30.1,59,999.7,1.08,53.9,59.8,839.0,32.4,9.8,81.0,107
2026-07-14 03:00:00+00:00,Peshawar,31.6,55,999.8,1.52,38.0,45.9,783.0,21.5,11.1,121.0,108
2026-07-14 04:00:00+00:00,Peshawar,33.4,50,1000.0,1.44,31.2,40.0,703.0,13.8,10.0,153.0,108
2026-07-14 05:00:00+00:00,Peshawar,35.3,43,999.6,0.71,28.2,38.0,606.0,7.6,7.6,181.0,108
2026-07-14 06:00:00+00:00,Peshawar,36.2,40,999.7,1.28,25.6,37.1,520.0,3.4,5.7,199.0,108
2026-07-14 07:00:00+00:00,Peshawar,36.8,38,999.2,1.27,23.6,37.0,454.0,1.8,4.8,204.0,108
2026-07-14 08:00:00+00:00,Peshawar,37.3,35,998.4,1.53,22.2,37.3,398.0,2.1,4.3,199.0,107
2026-07-14 09:00:00+00:00,Peshawar,38.2,31,997.7,1.18,20.9,36.3,354.0,2.7,4.0,193.0,116
2026-07-14 10:00:00+00:00,Peshawar,38.7,27,997.0,1.1,19.8,35.2,316.0,2.0,3.8,191.0,150
2026-07-14 11:00:00+00:00,Peshawar,38.9,25,996.6,1.55,19.7,34.3,290.0,1.5,3.7,187.0,167
2026-07-14 12:00:00+00:00,Peshawar,38.5,28,996.5,1.8,9.9,13.6,291.0,4.5,3.8,169.0,178
2026-07-14 13:00:00+00:00,Peshawar,38.0,30,996.5,1.84,12.0,16.1,329.0,10.3,4.2,148.0,180
2026-07-14 14:00:00+00:00,Peshawar,36.9,33,997.1,1.55,17.1,20.8,395.0,18.6,4.8,119.0,175
2026-07-14 15:00:00+00:00,Peshawar,35.4,38,997.8,2.58,21.4,25.2,473.0,26.9,5.6,92.0,162
2026-07-14 16:00:00+00:00,Peshawar,34.3,40,998.7,1.74,26.1,30.4,576.0,35.2,6.7,71.0,143
2026-07-14 17:00:00+00:00,Peshawar,33.2,43,999.5,1.27,33.4,38.6,692.0,43.5,7.9,53.0,115
2026-07-14 18:00:00+00:00,Peshawar,32.6,49,999.2,1.7,38.1,44.5,769.0,49.2,8.7,39.0,98
2026-07-14 19:00:00+00:00,Peshawar,31.5,54,999.2,2.27,38.8,45.8,776.0,51.0,8.8,32.0,97
2026-07-14 20:00:00+00:00,Peshawar,30.8,56,999.7,2.57,39.3,46.6,744.0,50.2,8.4,29.0,96
2026-07-14 21:00:00+00:00,Peshawar,30.2,58,999.8,2.47,39.6,46.8,713.0,48.8,7.9,26.0,95
2026-07-14 22:00:00+00:00,Peshawar,29.7,58,999.8,2.06,40.2,46.8,694.0,47.4,7.0,19.0,93
2026-07-14 23:00:00+00:00,Peshawar,29.5,59,1000.0,1.98,40.3,45.5,677.0,45.3,5.9,12.0,93
2026-07-15 00:00:00+00:00,Peshawar,29.9,58,1000.4,1.43,46.1,51.7,673.0,45.9,6.6,12.0,92
2026-07-15 01:00:00+00:00,Peshawar,29.5,60,1000.7,1.08,46.7,51.8,701.0,39.8,8.1,33.0,91
2026-07-15 02:00:00+00:00,Peshawar,30.4,57,1001.2,1.48,43.7,52.9,743.0,31.1,10.0,64.0,91
2026-07-15 03:00:00+00:00,Peshawar,31.7,53,1001.5,1.36,41.0,55.8,753.0,22.9,11.1,95.0,90
2026-07-15 04:00:00+00:00,Peshawar,33.5,48,1001.3,0.47,39.6,61.5,705.0,15.6,10.4,129.0,90
2026-07-15 05:00:00+00:00,Peshawar,34.9,45,1001.3,0.32,43.5,73.3,625.0,8.7,8.8,163.0,91
2026-07-15 06:00:00+00:00,Peshawar,35.9,42,1001.3,1.32,49.5,89.4,545.0,3.8,7.4,186.0,92
2026-07-15 07:00:00+00:00,Peshawar,36.6,39,1000.6,0.94,53.7,100.1,470.0,1.9,6.5,189.0,94
2026-07-15 08:00:00+00:00,Peshawar,37.7,35,999.7,0.43,54.0,102.0,395.0,2.0,5.8,181.0,96
2026-07-15 09:00:00+00:00,Peshawar,38.4,34,999.2,0.84,53.0,100.6,340.0,2.5,5.3,172.0,99
2026-07-15 10:00:00+00:00,Peshawar,39.1,33,998.5,1.43,52.3,99.9,313.0,2.3,4.9,167.0,117
2026-07-15 11:00:00+00:00,Peshawar,39.0,33,998.2,2.0,51.0,97.6,307.0,2.4,4.7,161.0,139
2026-07-15 12:00:00+00:00,Peshawar,38.2,36,998.2,2.82,46.7,88.9,318.0,4.4,4.3,153.0,152
2026-07-15 13:00:00+00:00,Peshawar,37.0,40,998.3,3.64,48.7,87.5,349.0,10.1,4.8,134.0,156
2026-07-15 14:00:00+00:00,Peshawar,35.8,45,998.8,3.13,50.1,78.2,397.0,18.2,5.6,108.0,152
2026-07-15 15:00:00+00:00,Peshawar,34.5,50,999.7,1.79,52.2,76.8,457.0,26.6,6.4,84.0,136
2026-07-15 16:00:00+00:00,Peshawar,33.6,54,1000.7,1.7,56.6,80.8,538.0,35.4,7.5,64.0,122
2026-07-15 17:00:00+00:00,Peshawar,32.7,57,1001.3,1.43,63.3,88.5,631.0,44.4,8.6,47.0,126
2026-07-15 18:00:00+00:00,Peshawar,32.4,59,1001.3,1.3,68.2,95.5,698.0,50.6,9.3,33.0,129
2026-07-15 19:00:00+00:00,Peshawar,31.7,61,1001.4,1.36,69.4,97.3,718.0,52.2,9.1,25.0,132
2026-07-15 20:00:00+00:00,Peshawar,31.2,60,1001.6,1.88,68.9,92.9,712.0,51.1,8.4,22.0,135
2026-07-15 21:00:00+00:00,Peshawar,30.8,61,1001.8,2.16,65.2,85.0,710.0,49.2,7.6,19.0,138
2026-07-15 22:00:00+00:00,Peshawar,30.3,61,1001.9,1.89,62.4,79.2,723.0,47.5,6.7,12.0,141
2026-07-15 23:00:00+00:00,Peshawar,30.1,62,1001.9,1.5,59.8,70.8,739.0,45.1,5.7,5.0,143
2026-07-16 00:00:00+00:00,Peshawar,30.4,60,1002.2,1.31,64.0,75.9,752.0,46.3,6.8,9.0,145
2026-07-16 01:00:00+00:00,Peshawar,30.3,61,1002.5,1.35,62.9,70.8,767.0,40.1,8.5,33.0,147
2026-07-16 02:00:00+00:00,Peshawar,31.4,56,1002.7,1.49,61.9,74.3,778.0,31.4,10.7,67.0,149
2026-07-16 03:00:00+00:00,Peshawar,32.9,52,1002.7,1.43,58.0,83.4,766.0,23.1,12.0,101.0,150
2026-07-16 04:00:00+00:00,Peshawar,34.5,47,1002.2,1.27,58.3,92.7,716.0,15.7,11.5,135.0,151
2026-07-16 05:00:00+00:00,Peshawar,36.3,42,1001.8,0.65,61.7,105.2,641.0,8.8,9.9,170.0,151
2026-07-16 06:00:00+00:00,Peshawar,37.0,39,1002.0,0.78,61.9,108.3,563.0,3.9,8.5,192.0,152
2026-07-16 07:00:00+00:00,Peshawar,38.3,35,1001.2,1.58,59.3,105.0,478.0,2.0,7.4,195.0,152
2026-07-16 08:00:00+00:00,Peshawar,39.2,33,1000.2,1.41,56.1,100.4,390.0,2.1,6.5,187.0,152
2026-07-16 09:00:00+00:00,Peshawar,40.0,31,999.2,1.38,52.6,94.8,327.0,2.5,5.7,177.0,152
2026-07-16 10:00:00+00:00,Peshawar,40.7,29,998.3,2.07,50.4,91.5,299.0,1.9,5.1,172.0,152
2026-07-16 11:00:00+00:00,Peshawar,40.7,28,998.0,2.62,49.4,89.6,297.0,1.7,4.8,165.0,152
2026-07-16 12:00:00+00:00,Peshawar,40.7,29,997.6,2.7,36.4,65.4,321.0,4.2,4.6,146.0,160
2026-07-16 13:00:00+00:00,Peshawar,39.6,31,997.5,2.68,37.4,64.0,383.0,12.2,5.1,126.0,161
2026-07-16 14:00:00+00:00,Peshawar,37.6,40,997.7,3.37,41.4,61.7,471.0,23.5,5.9,97.0,154
2026-07-16 15:00:00+00:00,Peshawar,35.9,48,998.0,3.16,45.9,65.0,553.0,33.8,6.8,72.0,151
2026-07-16 16:00:00+00:00,Peshawar,35.0,50,998.5,2.08,50.4,69.6,620.0,42.5,8.0,54.0,151
2026-07-16 17:00:00+00:00,Peshawar,34.4,52,998.9,1.33,56.8,77.1,682.0,50.3,9.2,40.0,151
2026-07-16 18:00:00+00:00,Peshawar,34.5,54,998.4,0.43,60.5,80.1,729.0,54.7,9.8,30.0,151
2026-07-16 19:00:00+00:00,Peshawar,33.7,55,998.2,1.12,59.6,75.0,760.0,53.8,9.2,24.0,151
2026-07-16 20:00:00+00:00,Peshawar,33.1,56,998.1,1.42,56.8,68.2,776.0,49.5,7.9,22.0,150
2026-07-16 21:00:00+00:00,Peshawar,32.6,55,998.0,1.27,53.1,64.7,782.0,45.3,6.8,21.0,150
2026-07-16 22:00:00+00:00,Peshawar,32.1,56,998.0,1.25,50.9,61.5,775.0,42.7,6.1,17.0,148
2026-07-16 23:00:00+00:00,Peshawar,31.6,57,998.3,1.13,49.2,58.9,757.0,40.2,5.7,13.0,147
2026-07-17 00:00:00+00:00,Peshawar,31.4,59,998.9,0.99,54.8,64.5,733.0,39.0,5.4,14.0,146
2026-07-17 01:00:00+00:00,Peshawar,31.1,59,999.5,1.23,54.4,64.0,706.0,35.6,7.1,37.0,145
2026-07-17 02:00:00+00:00,Peshawar,32.0,55,1000.1,0.91,54.5,68.2,674.0,30.6,9.3,70.0,144
2026-07-17 03:00:00+00:00,Peshawar,33.5,50,1000.5,0.92,55.2,82.0,632.0,24.9,10.7,103.0,144
2026-07-17 04:00:00+00:00,Peshawar,35.4,46,1000.5,0.85,55.6,91.7,571.0,17.8,10.4,136.0,143
2026-07-17 05:00:00+00:00,Peshawar,37.3,40,1000.1,0.28,53.0,92.9,500.0,9.9,9.2,168.0,143
2026-07-17 06:00:00+00:00,Peshawar,38.0,36,1000.3,0.51,48.0,86.8,442.0,4.1,8.0,189.0,142
2026-07-17 07:00:00+00:00,Peshawar,39.4,33,999.7,0.99,43.2,78.7,409.0,2.0,7.1,191.0,141
2026-07-17 08:00:00+00:00,Peshawar,40.2,32,998.8,1.19,40.6,74.0,389.0,2.0,6.2,181.0,139
2026-07-17 09:00:00+00:00,Peshawar,40.8,32,997.9,1.63,39.0,71.0,370.0,2.4,5.6,171.0,137
2026-07-17 10:00:00+00:00,Peshawar,40.9,32,997.2,2.15,37.8,68.9,337.0,1.5,5.2,166.0,136
2026-07-17 11:00:00+00:00,Peshawar,40.4,33,996.7,2.65,37.0,67.1,305.0,1.0,4.9,160.0,144
2026-07-17 12:00:00+00:00,Peshawar,40.3,35,996.1,3.03,34.5,63.6,310.0,4.6,5.0,139.0,155
2026-07-17 13:00:00+00:00,Peshawar,39.4,37,996.0,3.07,36.0,57.9,380.0,14.7,5.7,119.0,155
2026-07-17 14:00:00+00:00,Peshawar,38.0,42,996.3,3.48,41.1,61.0,487.0,28.8,6.8,92.0,146
2026-07-17 15:00:00+00:00,Peshawar,36.6,47,996.7,2.55,48.4,68.9,584.0,41.2,8.0,68.0,133
2026-07-17 16:00:00+00:00,Peshawar,35.9,49,997.6,1.42,54.0,75.0,662.0,50.5,9.5,52.0,133
2026-07-17 17:00:00+00:00,Peshawar,35.3,51,998.1,0.85,60.8,82.4,729.0,58.1,11.1,41.0,134
2026-07-17 18:00:00+00:00,Peshawar,35.7,51,997.2,1.65,66.1,88.2,769.0,62.4,11.8,32.0,134
2026-07-17 19:00:00+00:00,Peshawar,35.1,51,997.3,1.3,67.5,87.1,767.0,61.8,11.1,26.0,135
2026-07-17 20:00:00+00:00,Peshawar,34.6,52,997.4,0.78,66.4,80.3,738.0,57.8,9.5,23.0,135
2026-07-17 21:00:00+00:00,Peshawar,34.1,53,997.6,0.5,61.9,76.8,703.0,53.7,8.2,21.0,136
2026-07-17 22:00:00+00:00,Peshawar,33.3,56,997.7,1.38,60.3,75.0,663.0,50.5,7.5,17.0,137
2026-07-17 23:00:00+00:00,Peshawar,32.1,62,998.2,2.53,58.9,72.6,617.0,47.2,7.1,15.0,138
2026-07-18 00:00:00+00:00,Peshawar,32.0,62,998.4,2.22,55.8,68.0,590.0,46.1,7.3,13.0,139
2026-07-18 01:00:00+00:00,Peshawar,31.9,63,999.0,1.73,56.5,66.4,601.0,42.3,8.4,32.0,139
2026-07-18 02:00:00+00:00,Peshawar,32.9,61,999.3,1.49,56.5,67.5,629.0,36.8,9.8,60.0,140
2026-07-18 03:00:00+00:00,Peshawar,34.3,56,999.2,1.58,55.5,74.5,641.0,30.3,10.7,93.0,140
2026-07-18 04:00:00+00:00,Peshawar,36.0,51,999.0,1.07,53.0,78.0,624.0,21.8,10.7,136.0,140
2026-07-18 05:00:00+00:00,Peshawar,37.8,45,998.6,0.07,51.8,80.3,590.0,12.3,10.1,184.0,140
2026-07-18 06:00:00+00:00,Peshawar,38.4,41,998.4,0.88,49.0,78.9,539.0,5.3,9.4,215.0,139
2026-07-18 07:00:00+00:00,Peshawar,39.4,38,997.7,1.63,44.5,72.9,457.0,2.6,8.5,219.0,140
2026-07-18 08:00:00+00:00,Peshawar,40.3,34,996.8,1.3,41.0,67.5,358.0,2.5,7.4,206.0,140
2026-07-18 09:00:00+00:00,Peshawar,41.4,32,995.9,0.86,38.9,64.7,286.0,2.8,6.5,191.0,140
2026-07-18 10:00:00+00:00,Peshawar,41.9,31,995.2,1.82,39.6,66.8,259.0,2.4,6.0,179.0,144
2026-07-18 11:00:00+00:00,Peshawar,42.0,31,994.6,2.16,36.9,62.6,260.0,2.4,5.7,165.0,164
2026-07-18 12:00:00+00:00,Peshawar,42.0,31,994.2,2.53,35.0,59.5,280.0,4.5,5.5,141.0,176
2026-07-18 13:00:00+00:00,Peshawar,41.0,33,994.6,2.97,35.6,56.9,333.0,9.0,5.8,125.0,177
2026-07-18 14:00:00+00:00,Peshawar,40.2,35,994.7,2.67,37.6,53.1,406.0,15.4,6.2,102.0,167
2026-07-18 15:00:00+00:00,Peshawar,38.9,37,995.8,3.23,38.9,52.6,450.0,22.3,6.7,81.0,149
2026-07-18 16:00:00+00:00,Peshawar,37.8,38,996.8,2.69,41.3,53.8,431.0,30.5,7.5,62.0,139
2026-07-18 17:00:00+00:00,Peshawar,36.9,40,997.7,2.16,46.7,58.7,383.0,39.2,8.3,45.0,137
2026-07-18 18:00:00+00:00,Peshawar,37.5,41,996.7,2.62,51.7,63.8,366.0,44.2,8.8,33.0,136
2026-07-18 19:00:00+00:00,Peshawar,36.4,44,996.7,2.22,51.3,62.4,419.0,42.5,8.6,30.0,134
2026-07-18 20:00:00+00:00,Peshawar,35.7,48,997.1,0.65,47.7,58.0,503.0,37.2,8.0,33.0,133
2026-07-18 21:00:00+00:00,Peshawar,33.9,56,997.5,3.44,47.1,57.6,554.0,32.9,7.6,34.0,131
2026-07-18 22:00:00+00:00,Peshawar,30.2,72,998.6,2.94,47.1,56.3,540.0,32.0,7.4,29.0,129
2026-07-18 23:00:00+00:00,Peshawar,30.1,74,999.2,2.65,46.9,55.4,495.0,32.1,7.3,23.0,128
2026-07-19 00:00:00+00:00,Peshawar,33.7,60,997.7,1.16,46.0,54.5,455.0,27.6,7.6,31.0,126
2026-07-19 01:00:00+00:00,Peshawar,32.9,64,998.4,2.08,46.6,55.6,436.0,23.8,8.6,51.0,125
2026-07-19 02:00:00+00:00,Peshawar,32.5,68,999.3,2.11,47.1,61.2,422.0,18.4,9.9,79.0,124
2026-07-19 03:00:00+00:00,Peshawar,33.1,67,999.7,2.29,48.1,68.2,411.0,13.5,10.7,106.0,123
2026-07-19 04:00:00+00:00,Peshawar,34.8,59,999.7,1.33,46.2,69.6,404.0,9.7,10.5,130.0,123
2026-07-19 05:00:00+00:00,Peshawar,36.3,53,999.6,0.78,44.9,68.5,399.0,6.5,9.9,154.0,122
2026-07-19 06:00:00+00:00,Peshawar,36.9,49,999.8,0.5,44.0,67.3,385.0,4.1,9.1,170.0,121
2026-07-19 07:00:00+00:00,Peshawar,37.6,47,999.2,1.9,50.1,75.9,354.0,2.8,8.3,177.0,121
2026-07-19 08:00:00+00:00,Peshawar,36.9,49,998.9,1.25,41.4,62.9,315.0,2.4,7.5,177.0,121
2026-07-19 09:00:00+00:00,Peshawar,38.7,44,997.8,1.52,39.0,60.3,284.0,2.3,6.7,172.0,121
2026-07-19 10:00:00+00:00,Peshawar,39.6,42,997.2,1.75,37.5,59.1,263.0,2.3,6.0,162.0,121
2026-07-19 11:00:00+00:00,Peshawar,39.8,40,996.5,2.21,37.3,60.3,250.0,2.6,5.5,147.0,132
2026-07-19 12:00:00+00:00,Peshawar,39.8,39,996.1,2.65,44.8,70.1,252.0,4.0,5.3,142.0,141
2026-07-19 13:00:00+00:00,Peshawar,38.4,42,996.2,2.99,45.2,68.2,279.0,7.1,5.7,132.0,143
2026-07-19 14:00:00+00:00,Peshawar,37.1,47,996.7,3.28,46.2,65.4,322.0,11.3,6.3,117.0,139
2026-07-19 15:00:00+00:00,Peshawar,34.8,57,997.5,3.25,48.4,63.8,360.0,14.6,6.9,105.0,127
2026-07-19 16:00:00+00:00,Peshawar,34.2,61,998.4,2.3,49.5,61.5,391.0,16.1,7.5,98.0,125
2026-07-19 17:00:00+00:00,Peshawar,33.9,62,999.2,2.14,49.5,61.0,418.0,16.6,8.0,94.0,126
2026-07-19 18:00:00+00:00,Peshawar,34.7,60,997.5,1.16,50.6,64.5,421.0,16.3,8.3,92.0,126
2026-07-19 19:00:00+00:00,Peshawar,32.9,70,997.7,2.8,49.0,63.6,383.0,14.8,8.3,92.0,126
2026-07-19 20:00:00+00:00,Peshawar,28.2,88,1000.1,4.3,45.9,62.4,323.0,12.5,8.0,94.0,126
2026-07-19 21:00:00+00:00,Peshawar,28.5,88,999.9,1.59,41.8,60.1,278.0,10.7,7.7,94.0,126
2026-07-19 22:00:00+00:00,Peshawar,28.0,91,1000.2,2.71,38.6,54.8,261.0,9.9,7.2,91.0,125
2026-07-19 23:00:00+00:00,Peshawar,28.2,88,1000.4,1.36,37.4,51.9,259.0,9.6,6.6,87.0,124
2026-07-20 00:00:00+00:00,Peshawar,30.4,76,998.4,0.72,32.5,45.1,271.0,8.2,4.9,98.0,123
2026-07-20 01:00:00+00:00,Peshawar,28.8,87,999.2,2.62,30.7,44.2,304.0,8.9,5.3,101.0,122
2026-07-20 02:00:00+00:00,Peshawar,26.3,95,1000.4,2.98,31.5,47.4,350.0,9.8,5.8,106.0,120
2026-07-20 03:00:00+00:00,Peshawar,26.7,92,1000.7,2.1,32.6,54.6,383.0,9.9,6.1,113.0,119
2026-07-20 04:00:00+00:00,Peshawar,28.4,82,1001.0,1.53,32.5,58.2,390.0,8.4,6.2,125.0,117
2026-07-20 05:00:00+00:00,Peshawar,31.0,72,1000.5,0.8,30.7,55.1,382.0,6.1,6.1,139.0,116
2026-07-20 06:00:00+00:00,Peshawar,32.1,66,1000.5,1.87,29.7,51.9,372.0,4.3,5.9,149.0,114
2026-07-20 07:00:00+00:00,Peshawar,32.4,67,999.7,0.9,27.6,47.7,361.0,3.5,5.7,154.0,113
2026-07-20 08:00:00+00:00,Peshawar,33.2,66,999.7,1.87,27.1,46.8,346.0,3.1,5.4,156.0,110
2026-07-20 09:00:00+00:00,Peshawar,34.2,62,998.5,1.43,26.3,45.4,332.0,3.2,5.1,154.0,109
2026-07-20 10:00:00+00:00,Peshawar,32.2,70,998.8,1.91,27.1,46.9,307.0,3.3,4.7,149.0,107
2026-07-20 11:00:00+00:00,Peshawar,32.1,69,998.6,0.3,25.4,43.3,283.0,3.9,4.2,141.0,109
2026-07-20 12:00:00+00:00,Peshawar,34.1,61,997.6,2.31,24.6,44.2,297.0,4.5,4.0,132.0,115
2026-07-20 13:00:00+00:00,Peshawar,34.0,61,997.9,3.08,25.7,45.4,394.0,10.2,4.5,117.0,116
2026-07-20 14:00:00+00:00,Peshawar,33.1,64,998.4,2.88,29.0,44.2,529.0,17.9,5.1,96.0,112
2026-07-20 15:00:00+00:00,Peshawar,29.6,81,999.3,3.26,32.5,45.4,607.0,23.4,5.8,81.0,100
2026-07-20 16:00:00+00:00,Peshawar,28.0,93,1000.7,2.96,35.2,46.0,572.0,24.7,6.4,75.0,98
2026-07-20 17:00:00+00:00,Peshawar,26.2,95,1002.7,2.57,36.3,46.8,479.0,23.7,7.1,74.0,97
2026-07-20 18:00:00+00:00,Peshawar,28.9,89,1000.3,1.68,34.8,48.8,401.0,21.9,7.5,76.0,96
2026-07-20 19:00:00+00:00,Peshawar,27.7,91,1000.4,2.72,33.8,52.5,366.0,19.0,7.7,81.0,95
2026-07-20 20:00:00+00:00,Peshawar,26.7,92,1000.9,3.54,34.2,55.8,347.0,15.1,7.7,87.0,93
2026-07-20 21:00:00+00:00,Peshawar,26.1,93,1001.0,2.87,33.2,54.1,331.0,12.4,7.6,91.0,93
2026-07-20 22:00:00+00:00,Peshawar,25.9,93,1000.5,2.89,29.6,45.1,311.0,11.4,7.4,89.0,92
2026-07-20 23:00:00+00:00,Peshawar,26.1,92,1000.3,2.14,29.9,45.6,295.0,11.4,7.1,83.0,91
2026-07-21 00:00:00+00:00,Peshawar,26.0,97,1000.9,1.42,22.0,35.7,293.0,10.0,5.7,90.0,91
2026-07-21 01:00:00+00:00,Peshawar,25.9,97,1001.3,1.12,22.4,35.4,320.0,11.5,6.1,90.0,90
2026-07-21 02:00:00+00:00,Peshawar,25.9,96,1001.7,0.75,22.1,36.2,360.0,13.3,6.5,90.0,89
2026-07-21 03:00:00+00:00,Peshawar,25.9,96,1002.0,0.21,21.1,36.2,385.0,13.8,6.6,94.0,88
2026-07-21 04:00:00+00:00,Peshawar,26.6,91,1001.7,1.22,20.4,36.6,378.0,11.5,6.0,105.0,87
2026-07-21 05:00:00+00:00,Peshawar,27.9,84,1001.6,1.19,17.0,30.7,355.0,7.7,5.0,121.0,87
2026-07-21 06:00:00+00:00,Peshawar,27.2,84,1002.5,2.51,16.1,28.3,329.0,4.8,4.1,131.0,85
2026-07-21 07:00:00+00:00,Peshawar,27.7,82,1002.2,2.17,15.1,26.3,299.0,3.5,3.5,133.0,84
2026-07-21 08:00:00+00:00,Peshawar,29.1,76,1001.8,2.47,14.8,26.4,266.0,3.1,2.9,130.0,83
2026-07-21 09:00:00+00:00,Peshawar,28.2,81,1001.6,3.47,14.3,25.6,248.0,3.4,2.6,126.0,82
2026-07-21 10:00:00+00:00,Peshawar,28.0,80,1001.8,3.32,14.6,25.3,248.0,4.6,2.6,121.0,81
2026-07-21 11:00:00+00:00,Peshawar,28.2,80,1001.4,2.29,15.4,26.4,264.0,6.6,2.7,114.0,81
2026-07-21 12:00:00+00:00,Peshawar,29.0,71,1001.4,2.14,25.3,46.2,300.0,5.2,3.6,117.0,80
2026-07-21 13:00:00+00:00,Peshawar,29.1,71,1001.3,1.5,24.0,38.3,374.0,11.5,4.5,104.0,80
2026-07-21 14:00:00+00:00,Peshawar,28.1,79,1002.4,2.33,26.0,37.5,469.0,20.1,5.8,87.0,80
2026-07-21 15:00:00+00:00,Peshawar,27.2,81,1003.0,2.4,29.6,39.8,544.0,26.8,6.9,72.0,79
2026-07-21 16:00:00+00:00,Peshawar,26.3,86,1003.7,1.9,30.7,41.3,590.0,29.8,7.6,63.0,79
2026-07-21 17:00:00+00:00,Peshawar,25.7,91,1004.2,2.18,33.2,42.6,615.0,30.8,8.2,56.0,79
2026-07-21 18:00:00+00:00,Peshawar,25.7,94,1003.9,2.23,33.5,41.7,607.0,30.8,8.5,51.0,79
2026-07-21 19:00:00+00:00,Peshawar,25.6,93,1003.6,1.96,30.7,39.3,542.0,29.7,8.4,47.0,78
2026-07-21 20:00:00+00:00,Peshawar,25.5,94,1003.1,1.73,32.2,40.4,443.0,27.7,8.1,45.0,78
2026-07-21 21:00:00+00:00,Peshawar,25.3,95,1002.7,1.59,31.2,38.8,366.0,26.0,7.9,43.0,78
2026-07-21 22:00:00+00:00,Peshawar,25.3,95,1002.7,1.32,30.9,38.0,329.0,24.9,7.9,40.0,78
2026-07-21 23:00:00+00:00,Peshawar,25.2,95,1003.1,1.05,29.2,35.2,314.0,24.1,7.9,37.0,78
2026-07-22 00:00:00+00:00,Peshawar,25.2,93,1002.5,0.65,40.0,48.4,318.0,30.5,8.5,33.0,78
2026-07-22 01:00:00+00:00,Peshawar,24.9,95,1003.0,1.49,41.0,50.8,353.0,26.9,9.5,47.0,79
2026-07-22 02:00:00+00:00,Peshawar,25.4,92,1003.0,1.12,36.6,51.6,408.0,21.7,10.9,67.0,81
2026-07-22 03:00:00+00:00,Peshawar,25.9,88,1003.2,0.81,30.0,49.9,442.0,16.6,11.4,88.0,82
2026-07-22 04:00:00+00:00,Peshawar,26.5,84,1003.1,0.5,29.2,51.9,437.0,11.8,10.4,110.0,83
2026-07-22 05:00:00+00:00,Peshawar,28.5,74,1002.9,0.36,29.7,56.3,412.0,7.0,8.6,133.0,83
2026-07-22 06:00:00+00:00,Peshawar,28.2,73,1003.5,1.55,28.5,55.3,387.0,3.6,7.1,149.0,84
2026-07-22 07:00:00+00:00,Peshawar,28.6,73,1002.8,1.41,25.5,49.0,363.0,2.2,6.3,155.0,85
2026-07-22 08:00:00+00:00,Peshawar,29.6,69,1001.6,1.3,20.9,39.0,339.0,2.2,5.7,155.0,86
2026-07-22 09:00:00+00:00,Peshawar,30.1,66,1000.9,1.12,18.5,32.2,336.0,2.7,5.1,152.0,87
2026-07-22 10:00:00+00:00,Peshawar,30.6,65,1000.6,1.52,17.3,28.8,369.0,3.0,4.4,148.0,87
2026-07-22 11:00:00+00:00,Peshawar,31.2,63,1000.1,1.59,25.8,44.5,423.0,3.7,3.8,142.0,98
2026-07-22 12:00:00+00:00,Peshawar,30.7,63,1000.7,2.59,37.0,64.7,474.0,4.9,4.5,148.0,110
2026-07-22 13:00:00+00:00,Peshawar,29.5,71,1000.9,2.06,31.8,48.0,521.0,9.0,4.9,135.0,118
2026-07-22 14:00:00+00:00,Peshawar,27.8,82,1001.6,2.99,30.6,40.7,565.0,14.8,5.5,116.0,118
2026-07-22 15:00:00+00:00,Peshawar,27.2,85,1002.7,2.79,29.4,34.8,589.0,19.1,5.9,101.0,111
2026-07-22 16:00:00+00:00,Peshawar,25.9,83,1004.0,3.16,30.6,35.2,580.0,21.1,6.2,92.0,100
2026-07-22 17:00:00+00:00,Peshawar,25.1,87,1004.4,2.4,34.9,41.1,550.0,21.7,6.4,87.0,90
2026-07-22 18:00:00+00:00,Peshawar,26.7,86,1003.1,1.2,33.1,40.2,522.0,20.8,6.3,85.0,90
2026-07-22 19:00:00+00:00,Peshawar,26.0,88,1003.0,1.46,33.5,41.7,502.0,17.5,5.8,89.0,90
2026-07-22 20:00:00+00:00,Peshawar,25.5,89,1002.7,1.52,32.1,40.6,483.0,12.7,5.0,96.0,90
2026-07-22 21:00:00+00:00,Peshawar,24.8,92,1002.7,1.57,22.1,29.5,465.0,9.4,4.4,100.0,90
2026-07-22 22:00:00+00:00,Peshawar,24.0,93,1002.5,2.34,16.0,22.2,443.0,8.9,4.1,95.0,89
2026-07-22 23:00:00+00:00,Peshawar,23.5,92,1002.5,2.23,15.4,22.1,422.0,9.9,4.0,86.0,88
2026-07-23 00:00:00+00:00,Peshawar,25.0,97,1002.3,0.68,26.5,34.7,419.0,13.6,4.9,75.0,87
2026-07-23 01:00:00+00:00,Peshawar,24.8,97,1002.3,1.08,27.8,37.3,450.0,12.9,4.5,83.0,86
2026-07-23 02:00:00+00:00,Peshawar,25.4,93,1002.2,1.05,22.0,34.5,499.0,11.8,4.1,94.0,85
2026-07-23 03:00:00+00:00,Peshawar,26.9,85,1002.3,0.56,15.7,27.7,529.0,10.3,3.7,107.0,84
2026-07-23 04:00:00+00:00,Peshawar,28.4,78,1002.2,0.32,14.0,25.1,526.0,8.0,3.6,123.0,83
2026-07-23 05:00:00+00:00,Peshawar,29.8,71,1001.6,0.7,13.5,23.6,504.0,5.3,3.5,141.0,82
2026-07-23 06:00:00+00:00,Peshawar,29.8,62,1002.6,0.5,13.6,21.9,470.0,3.3,3.6,155.0,80
2026-07-23 07:00:00+00:00,Peshawar,30.1,64,1001.9,1.01,15.7,23.1,413.0,2.6,3.8,162.0,79
2026-07-23 08:00:00+00:00,Peshawar,30.7,63,1001.2,0.25,17.6,23.9,345.0,2.7,4.0,165.0,78
2026-07-23 09:00:00+00:00,Peshawar,31.2,63,1000.6,1.2,19.3,23.9,307.0,3.2,4.2,165.0,86
2026-07-23 10:00:00+00:00,Peshawar,30.1,69,1000.7,0.58,20.4,23.9,311.0,3.4,4.4,164.0,103
2026-07-23 11:00:00+00:00,Peshawar,29.3,74,1000.1,2.42,21.6,24.8,345.0,3.9,4.6,161.0,118
2026-07-23 12:00:00+00:00,Peshawar,30.0,69,1000.1,1.5,24.3,28.9,422.0,5.6,4.1,145.0,129
2026-07-23 13:00:00+00:00,Peshawar,29.0,73,1000.2,1.7,28.2,32.2,567.0,18.5,4.7,120.0,134
2026-07-23 14:00:00+00:00,Peshawar,28.0,80,1000.8,0.74,34.7,39.2,754.0,36.0,5.5,86.0,130
2026-07-23 15:00:00+00:00,Peshawar,25.8,90,1002.3,2.71,39.8,44.4,920.0,47.5,6.1,61.0,115
2026-07-23 16:00:00+00:00,Peshawar,25.5,95,1003.2,1.77,41.0,44.9,1049.0,47.0,6.4,55.0,93
2026-07-23 17:00:00+00:00,Peshawar,25.3,95,1003.5,1.15,44.4,48.2,1157.0,40.4,6.4,58.0,79
2026-07-23 18:00:00+00:00,Peshawar,26.4,97,1002.4,0.32,40.3,45.9,1230.0,35.0,6.4,59.0,80
2026-07-23 19:00:00+00:00,Peshawar,26.0,99,1002.3,0.49,42.5,47.5,1277.0,34.0,6.3,53.0,80
2026-07-23 20:00:00+00:00,Peshawar,24.5,91,1002.8,3.37,43.2,48.3,1288.0,34.1,6.1,45.0,81
2026-07-23 21:00:00+00:00,Peshawar,23.2,96,1003.4,0.9,31.7,34.8,1224.0,32.8,5.8,41.0,82
2026-07-23 22:00:00+00:00,Peshawar,23.2,97,1003.7,0.36,39.2,44.5,1022.0,28.3,5.3,43.0,82
2026-07-23 23:00:00+00:00,Peshawar,23.4,98,1003.6,1.95,34.8,40.5,744.0,22.4,4.7,50.0,84
2026-07-24 00:00:00+00:00,Peshawar,24.1,96,1002.5,0.96,39.0,43.4,538.0,22.4,5.2,44.0,86
2026-07-24 01:00:00+00:00,Peshawar,24.1,96,1002.9,1.35,40.2,44.6,482.0,20.3,5.6,59.0,87
2026-07-24 02:00:00+00:00,Peshawar,25.1,92,1003.2,1.09,40.0,44.2,499.0,17.3,6.1,81.0,88
2026-07-24 03:00:00+00:00,Peshawar,26.5,83,1003.6,0.45,28.2,36.7,503.0,14.0,6.3,102.0,89
2026-07-24 04:00:00+00:00,Peshawar,28.1,73,1003.3,0.76,27.0,35.7,460.0,10.2,5.7,124.0,90
2026-07-24 05:00:00+00:00,Peshawar,29.4,65,1003.2,1.05,25.3,32.9,405.0,6.0,4.8,145.0,91
2026-07-24 06:00:00+00:00,Peshawar,29.7,62,1003.6,1.22,24.9,30.9,359.0,3.1,4.1,160.0,92
2026-07-24 07:00:00+00:00,Peshawar,30.9,58,1002.7,1.0,24.9,29.7,326.0,2.1,3.8,162.0,93
2026-07-24 08:00:00+00:00,Peshawar,31.6,57,1002.1,0.47,24.4,28.3,303.0,2.2,3.7,157.0,94
2026-07-24 09:00:00+00:00,Peshawar,32.0,56,1001.0,0.76,23.5,26.8,293.0,2.7,3.7,153.0,94
2026-07-24 10:00:00+00:00,Peshawar,32.2,55,1000.0,0.63,22.9,25.7,255.0,1.2,3.7,157.0,97
2026-07-24 11:00:00+00:00,Peshawar,32.1,54,999.2,0.82,22.9,25.8,231.0,0.2,3.9,162.0,113
2026-07-24 12:00:00+00:00,Peshawar,32.4,53,998.9,1.25,11.6,13.0,356.0,5.3,4.2,154.0,126
2026-07-24 13:00:00+00:00,Peshawar,31.5,59,998.7,0.87,14.9,16.1,774.0,22.1,5.4,127.0,132
2026-07-24 14:00:00+00:00,Peshawar,30.1,75,999.1,0.27,23.3,24.2,1341.0,45.6,7.2,88.0,129
2026-07-24 15:00:00+00:00,Peshawar,28.9,81,999.5,1.1,36.9,37.7,1754.0,65.1,8.7,56.0,113
2026-07-24 16:00:00+00:00,Peshawar,28.1,82,1000.7,1.69,48.5,49.6,1887.0,77.6,10.1,37.0,92
2026-07-24 17:00:00+00:00,Peshawar,27.5,82,1001.1,1.12,57.2,58.7,1866.0,86.1,11.3,24.0,92
2026-07-24 18:00:00+00:00,Peshawar,27.8,79,1000.6,1.14,65.9,67.1,1767.0,89.4,11.5,14.0,93
2026-07-24 19:00:00+00:00,Peshawar,27.1,81,1000.9,1.14,66.1,67.3,1541.0,85.2,10.1,7.0,95
2026-07-24 20:00:00+00:00,Peshawar,26.6,83,1000.9,1.17,64.3,65.2,1236.0,75.8,7.7,2.0,97
2026-07-24 21:00:00+00:00,Peshawar,26.1,86,1000.9,0.9,61.7,62.6,1071.0,67.1,5.7,0.0,99
2026-07-24 22:00:00+00:00,Peshawar,25.9,89,1000.9,0.59,58.3,59.0,1192.0,61.7,4.4,0.0,102
2026-07-24 23:00:00+00:00,Peshawar,25.5,92,1001.3,0.82,54.8,55.4,1453.0,56.9,3.4,0.0,104
2026-07-25 00:00:00+00:00,Peshawar,25.7,91,1001.6,0.54,60.5,61.7,1638.0,58.6,6.3,4.0,106
2026-07-25 01:00:00+00:00,Peshawar,25.6,92,1001.8,0.85,59.5,61.0,1667.0,49.7,7.7,31.0,108
2026-07-25 02:00:00+00:00,Peshawar,27.0,88,1002.2,0.8,54.6,55.8,1620.0,37.1,9.5,69.0,110
2026-07-25 03:00:00+00:00,Peshawar,28.6,78,1002.5,0.46,36.1,37.8,1516.0,25.8,10.5,106.0,111
2026-07-25 04:00:00+00:00,Peshawar,29.7,73,1002.9,0.29,25.1,26.5,1337.0,16.9,9.7,140.0,112
2026-07-25 05:00:00+00:00,Peshawar,30.8,69,1002.9,0.53,19.9,21.1,1101.0,9.3,8.0,171.0,112
2026-07-25 06:00:00+00:00,Peshawar,32.3,62,1002.1,1.73,19.9,21.8,883.0,4.0,6.7,193.0,112
2026-07-25 07:00:00+00:00,Peshawar,33.1,59,1002.0,1.66,19.9,21.5,685.0,2.2,6.3,199.0,111
2026-07-25 08:00:00+00:00,Peshawar,32.9,57,1002.1,3.0,22.5,24.0,505.0,2.9,6.3,195.0,110
2026-07-25 09:00:00+00:00,Peshawar,32.7,57,1001.9,1.19,25.8,27.1,406.0,3.8,6.3,188.0,110
2026-07-25 10:00:00+00:00,Peshawar,33.1,56,1001.4,1.11,27.0,28.0,407.0,3.1,6.0,180.0,135
2026-07-25 11:00:00+00:00,Peshawar,33.0,55,1001.2,1.6,27.0,27.8,490.0,2.7,5.6,169.0,156
2026-07-25 12:00:00+00:00,Peshawar,29.8,71,1001.8,0.42,19.0,19.3,663.0,8.8,4.1,120.0,166
2026-07-25 13:00:00+00:00,Peshawar,29.2,74,1002.1,1.9,20.1,20.5,1011.0,18.6,4.9,103.0,163
2026-07-25 14:00:00+00:00,Peshawar,28.4,81,1002.7,1.31,22.9,23.3,1450.0,32.4,6.0,79.0,152
2026-07-25 15:00:00+00:00,Peshawar,28.0,85,1003.0,0.92,36.8,37.0,1738.0,45.3,6.9,56.0,129
2026-07-25 16:00:00+00:00,Peshawar,27.8,87,1003.8,0.67,49.1,49.4,1726.0,56.7,7.6,35.0,113
2026-07-25 17:00:00+00:00,Peshawar,27.7,88,1004.4,0.82,59.3,59.4,1563.0,67.2,8.2,14.0,113
2026-07-25 18:00:00+00:00,Peshawar,27.8,86,1004.0,1.48,62.6,62.9,1449.0,73.3,8.3,0.0,113
2026-07-25 19:00:00+00:00,Peshawar,27.2,86,1004.0,1.5,66.6,66.8,1489.0,72.4,7.6,0.0,113
2026-07-25 20:00:00+00:00,Peshawar,26.8,87,1003.9,0.83,64.3,64.5,1578.0,67.2,6.5,0.0,113
2026-07-25 21:00:00+00:00,Peshawar,26.6,89,1003.7,0.6,61.5,61.7,1598.0,62.4,5.6,1.0,113
2026-07-25 22:00:00+00:00,Peshawar,26.2,91,1003.8,0.56,61.9,62.2,1486.0,60.8,5.1,0.0,113
2026-07-25 23:00:00+00:00,Peshawar,26.1,93,1004.1,0.53,62.9,63.1,1305.0,59.5,4.9,0.0,113
2026-07-26 00:00:00+00:00,Peshawar,25.2,96,1004.3,1.23,71.2,71.7,1129.0,59.5,9.3,9.0,114
2026-07-26 01:00:00+00:00,Peshawar,25.1,97,1004.7,0.96,76.1,76.4,974.0,47.7,10.2,32.0,115
2026-07-26 02:00:00+00:00,Peshawar,25.9,93,1004.7,0.57,67.3,67.5,825.0,31.3,11.3,65.0,117
2026-07-26 03:00:00+00:00,Peshawar,27.3,86,1004.8,0.35,41.2,41.8,703.0,18.0,11.6,95.0,118
2026-07-26 04:00:00+00:00,Peshawar,28.8,77,1005.0,0.43,28.8,29.6,626.0,10.8,10.2,119.0,119
2026-07-26 05:00:00+00:00,Peshawar,29.4,75,1004.9,0.3,26.7,27.7,577.0,6.6,7.9,140.0,119
2026-07-26 06:00:00+00:00,Peshawar,30.4,71,1005.0,1.2,26.6,27.9,530.0,3.8,6.0,155.0,120
2026-07-26 07:00:00+00:00,Peshawar,31.0,68,1004.6,1.28,25.3,26.9,474.0,2.2,5.0,160.0,120
2026-07-26 08:00:00+00:00,Peshawar,31.6,65,1004.1,1.36,23.2,24.7,420.0,2.1,4.4,159.0,121
2026-07-26 09:00:00+00:00,Peshawar,32.1,63,1002.9,1.14,21.6,23.1,379.0,2.3,3.9,156.0,121
2026-07-26 10:00:00+00:00,Peshawar,32.4,63,1001.9,1.0,21.1,22.6,331.0,1.1,3.4,156.0,121
2026-07-26 11:00:00+00:00,Peshawar,32.6,62,1001.0,0.38,18.8,20.0,297.0,0.3,2.9,154.0,120
2026-07-26 12:00:00+00:00,Peshawar,32.1,60,1000.8,0.3,19.5,20.7,347.0,4.3,3.5,134.0,122
2026-07-26 13:00:00+00:00,Peshawar,31.6,63,1000.3,0.56,19.3,20.5,556.0,16.0,4.7,115.0,125
2026-07-26 14:00:00+00:00,Peshawar,30.5,73,1000.1,0.32,28.9,29.7,849.0,32.3,6.4,88.0,119
2026-07-26 15:00:00+00:00,Peshawar,29.3,76,1000.3,1.07,41.8,42.7,1074.0,46.1,7.9,64.0,120
2026-07-26 16:00:00+00:00,Peshawar,28.6,77,1000.7,1.47,53.4,54.5,1148.0,55.2,9.3,48.0,120
2026-07-26 17:00:00+00:00,Peshawar,28.0,80,1001.0,1.05,61.0,61.9,1154.0,61.8,10.6,35.0,121
2026-07-26 18:00:00+00:00,Peshawar,28.0,81,999.9,1.06,66.1,66.8,1191.0,65.2,11.0,24.0,121
2026-07-26 19:00:00+00:00,Peshawar,27.6,84,999.8,0.56,67.8,68.5,1325.0,64.2,9.8,15.0,121
2026-07-26 20:00:00+00:00,Peshawar,27.3,87,999.8,0.59,66.1,66.6,1490.0,60.1,7.6,7.0,121
2026-07-26 21:00:00+00:00,Peshawar,27.1,88,999.6,0.35,64.0,64.5,1592.0,55.4,5.8,2.0,121
2026-07-26 22:00:00+00:00,Peshawar,26.7,90,999.7,0.0,63.1,63.3,1593.0,51.3,4.5,0.0,122
2026-07-26 23:00:00+00:00,Peshawar,26.2,93,999.8,0.35,61.0,61.5,1530.0,46.7,3.6,0.0,122
2026-07-27 00:00:00+00:00,Peshawar,26.5,93,999.6,0.41,63.6,64.0,1419.0,50.0,5.5,3.0,122
2026-07-27 01:00:00+00:00,Peshawar,26.7,89,999.7,0.9,62.6,63.1,1238.0,41.8,7.2,31.0,121
2026-07-27 02:00:00+00:00,Peshawar,28.0,82,999.9,1.14,58.0,58.3,1008.0,30.2,9.5,71.0,119
2026-07-27 03:00:00+00:00,Peshawar,29.9,71,999.9,0.92,39.9,40.7,813.0,20.1,10.7,107.0,118
2026-07-27 04:00:00+00:00,Peshawar,31.2,66,999.4,0.43,30.5,31.3,688.0,13.0,9.9,137.0,118
2026-07-27 05:00:00+00:00,Peshawar,32.5,61,999.1,0.2,27.6,28.6,596.0,7.4,8.1,164.0,119
2026-07-27 06:00:00+00:00,Peshawar,33.7,57,998.8,0.93,24.6,25.5,517.0,3.6,6.5,181.0,119
2026-07-27 07:00:00+00:00,Peshawar,34.3,55,998.3,1.06,22.0,22.9,433.0,2.0,5.6,184.0,118
2026-07-27 08:00:00+00:00,Peshawar,34.8,53,997.2,1.14,20.6,22.0,361.0,2.2,4.9,179.0,118
2026-07-27 09:00:00+00:00,Peshawar,35.2,50,996.3,0.97,19.3,21.0,325.0,2.8,4.5,173.0,118
2026-07-27 10:00:00+00:00,Peshawar,35.2,48,995.4,1.21,18.5,20.2,301.0,1.6,4.2,174.0,121
2026-07-27 11:00:00+00:00,Peshawar,34.8,49,994.5,1.5,18.2,20.1,314.0,0.8,4.0,175.0,143
2026-07-27 12:00:00+00:00,Peshawar,34.6,56,994.1,1.99,11.7,14.1,462.0,5.7,4.0,153.0,155
2026-07-27 13:00:00+00:00,Peshawar,33.3,69,993.8,1.83,16.7,18.3,862.0,17.4,4.9,128.0,158
2026-07-27 14:00:00+00:00,Peshawar,31.9,74,994.2,1.45,24.9,26.3,1397.0,33.7,6.1,94.0,152
2026-07-27 15:00:00+00:00,Peshawar,30.8,79,994.8,1.03,31.0,32.4,1812.0,47.4,7.3,65.0,135
2026-07-27 16:00:00+00:00,Peshawar,30.1,83,995.9,1.63,34.6,35.9,2010.0,56.1,8.7,49.0,115
2026-07-27 17:00:00+00:00,Peshawar,29.4,82,996.3,2.01,40.0,41.3,2087.0,62.2,10.1,38.0,113
2026-07-27 18:00:00+00:00,Peshawar,29.8,80,995.7,0.69,47.7,48.8,2078.0,64.9,10.7,30.0,110
2026-07-27 19:00:00+00:00,Peshawar,29.3,83,995.9,0.78,50.9,51.8,1951.0,62.8,9.7,23.0,109
2026-07-27 20:00:00+00:00,Peshawar,29.0,85,995.8,0.67,50.2,51.1,1738.0,57.3,7.8,19.0,107
2026-07-27 21:00:00+00:00,Peshawar,28.9,86,995.9,0.25,48.3,49.1,1567.0,52.4,6.3,16.0,105
2026-07-27 22:00:00+00:00,Peshawar,28.6,87,996.2,0.43,46.2,47.0,1508.0,49.8,5.7,13.0,103
2026-07-27 23:00:00+00:00,Peshawar,28.2,88,996.2,0.43,43.0,43.7,1491.0,47.8,5.6,12.0,102
2026-07-28 00:00:00+00:00,Peshawar,28.2,87,995.8,1.07,49.6,50.6,1438.0,44.9,6.0,19.0,100
2026-07-28 01:00:00+00:00,Peshawar,27.8,88,996.4,1.25,49.6,50.5,1299.0,39.1,7.7,43.0,99
2026-07-28 02:00:00+00:00,Peshawar,28.6,84,997.0,1.63,49.6,50.3,1124.0,30.8,10.1,77.0,98
2026-07-28 03:00:00+00:00,Peshawar,29.7,78,997.6,1.87,35.4,36.7,982.0,23.0,11.5,112.0,97
2026-07-28 04:00:00+00:00,Peshawar,31.2,73,997.6,1.1,28.6,30.2,911.0,16.1,11.0,147.0,97
2026-07-28 05:00:00+00:00,Peshawar,32.6,70,997.7,0.56,25.8,27.6,873.0,9.6,9.6,181.0,97
2026-07-28 06:00:00+00:00,Peshawar,34.0,64,997.3,0.55,24.2,26.1,826.0,4.9,8.3,206.0,96
2026-07-28 07:00:00+00:00,Peshawar,34.9,62,996.8,0.35,23.3,25.3,747.0,3.0,7.4,215.0,96
2026-07-28 08:00:00+00:00,Peshawar,35.6,58,996.1,0.53,21.8,24.0,659.0,3.0,6.6,214.0,97
2026-07-28 09:00:00+00:00,Peshawar,36.0,55,995.2,1.19,20.3,22.8,590.0,3.4,5.9,208.0,121
2026-07-28 10:00:00+00:00,Peshawar,36.2,51,994.5,1.25,18.4,21.2,534.0,2.4,5.1,199.0,154
2026-07-28 11:00:00+00:00,Peshawar,36.0,49,993.9,1.55,16.9,20.0,498.0,1.9,4.4,186.0,174
2026-07-28 12:00:00+00:00,Peshawar,36.0,52,993.0,1.87,19.7,23.9,527.0,6.7,4.1,160.0,186
2026-07-28 13:00:00+00:00,Peshawar,34.4,63,993.2,2.33,24.6,27.4,674.0,19.0,5.0,132.0,188
2026-07-28 14:00:00+00:00,Peshawar,32.9,70,993.9,2.33,30.3,33.3,887.0,36.1,6.3,94.0,180
2026-07-28 15:00:00+00:00,Peshawar,31.9,72,994.8,1.53,38.2,41.6,1055.0,50.4,7.6,63.0,162
2026-07-28 16:00:00+00:00,Peshawar,31.0,76,995.7,1.41,45.4,48.8,1145.0,59.6,9.0,46.0,134
2026-07-28 17:00:00+00:00,Peshawar,30.2,80,996.5,1.74,49.9,53.2,1189.0,65.9,10.4,37.0,100
2026-07-28 18:00:00+00:00,Peshawar,31.1,77,995.6,1.58,55.9,58.9,1174.0,68.5,11.0,30.0,101
2026-07-28 19:00:00+00:00,Peshawar,29.9,80,995.9,1.49,57.2,59.5,1069.0,66.4,9.9,25.0,101
2026-07-28 20:00:00+00:00,Peshawar,29.3,78,996.2,2.81,55.5,57.5,905.0,60.5,8.0,23.0,102
2026-07-28 21:00:00+00:00,Peshawar,26.3,84,997.8,2.51,54.2,56.3,759.0,53.5,6.6,25.0,103
2026-07-28 22:00:00+00:00,Peshawar,25.1,92,999.0,2.44,51.8,53.8,647.0,45.1,6.5,34.0,103
2026-07-28 23:00:00+00:00,Peshawar,24.7,96,999.4,1.14,46.9,49.6,552.0,35.4,6.9,48.0,104
2026-07-29 00:00:00+00:00,Peshawar,28.0,87,998.0,1.46,44.9,47.7,501.0,26.9,7.6,52.0,104
2026-07-29 01:00:00+00:00,Peshawar,27.2,87,999.1,2.65,46.2,48.5,526.0,24.1,7.9,64.0,104
2026-07-29 02:00:00+00:00,Peshawar,27.1,82,999.8,2.51,45.1,48.7,595.0,20.2,8.3,82.0,103
2026-07-29 03:00:00+00:00,Peshawar,28.1,78,1000.4,1.74,39.3,45.4,640.0,16.2,8.4,102.0,103
2026-07-29 04:00:00+00:00,Peshawar,29.2,75,1000.6,1.1,41.0,47.4,630.0,12.2,8.1,125.0,103
2026-07-29 05:00:00+00:00,Peshawar,30.7,70,1000.5,0.5,41.4,48.5,596.0,8.1,7.7,149.0,105
2026-07-29 06:00:00+00:00,Peshawar,31.4,66,1000.6,0.54,38.4,45.3,564.0,5.1,7.2,169.0,106
2026-07-29 07:00:00+00:00,Peshawar,32.1,64,999.8,0.7,35.5,42.1,541.0,3.7,6.8,182.0,108
2026-07-29 08:00:00+00:00,Peshawar,32.9,61,999.1,0.86,33.8,40.6,520.0,3.3,6.3,190.0,109
2026-07-29 09:00:00+00:00,Peshawar,33.4,61,998.6,1.52,31.7,38.9,499.0,3.4,6.0,193.0,110
2026-07-29 10:00:00+00:00,Peshawar,33.9,61,997.8,1.98,30.3,38.1,461.0,2.7,5.8,193.0,120
2026-07-29 11:00:00+00:00,Peshawar,34.4,58,997.0,2.62,29.3,37.6,424.0,2.6,5.7,188.0,144
2026-07-29 12:00:00+00:00,Peshawar,34.2,57,997.0,3.14,30.3,38.3,443.0,5.7,5.5,159.0,159
2026-07-29 13:00:00+00:00,Peshawar,33.2,66,996.5,2.53,32.6,40.7,554.0,11.2,6.0,142.0,164
2026-07-29 14:00:00+00:00,Peshawar,31.7,72,996.7,2.08,37.0,44.2,721.0,19.1,6.8,117.0,163
2026-07-29 15:00:00+00:00,Peshawar,30.7,75,997.4,1.81,40.9,48.5,885.0,26.6,7.5,94.0,155
2026-07-29 16:00:00+00:00,Peshawar,30.0,79,998.4,0.98,44.2,51.5,1053.0,33.6,8.2,74.0,138
2026-07-29 17:00:00+00:00,Peshawar,29.2,84,998.8,1.25,50.2,56.9,1218.0,40.3,8.8,57.0,117
2026-07-29 18:00:00+00:00,Peshawar,29.5,85,998.4,1.46,53.8,60.3,1304.0,44.3,9.1,44.0,117
2026-07-29 19:00:00+00:00,Peshawar,28.7,88,998.3,1.03,55.1,61.5,1266.0,44.3,8.9,39.0,117
2026-07-29 20:00:00+00:00,Peshawar,28.3,90,998.4,0.94,54.1,60.8,1149.0,41.7,8.5,39.0,116
2026-07-29 21:00:00+00:00,Peshawar,26.0,95,999.1,3.01,55.6,62.6,1006.0,38.3,8.2,41.0,116
2026-07-29 22:00:00+00:00,Peshawar,25.6,99,998.9,1.16,56.2,63.3,825.0,34.2,8.2,43.0,116
2026-07-29 23:00:00+00:00,Peshawar,25.5,98,999.1,0.95,54.6,62.2,619.0,29.3,8.3,46.0,117
2026-07-30 00:00:00+00:00,Peshawar,25.4,96,998.9,2.94,57.5,64.0,476.0,33.6,8.3,35.0,118
2026-07-30 01:00:00+00:00,Peshawar,25.7,96,999.1,1.72,61.0,67.3,453.0,28.4,9.2,57.0,119
2026-07-30 02:00:00+00:00,Peshawar,26.8,91,999.4,0.7,57.5,68.0,494.0,21.0,10.3,88.0,121
2026-07-30 03:00:00+00:00,Peshawar,27.9,84,999.8,1.36,41.2,57.2,522.0,14.6,10.7,115.0,122
2026-07-30 04:00:00+00:00,Peshawar,29.1,77,999.5,0.99,35.7,52.0,506.0,10.1,9.6,133.0,122
2026-07-30 05:00:00+00:00,Peshawar,30.6,73,999.3,0.18,34.1,50.4,477.0,6.5,7.8,147.0,121
2026-07-30 06:00:00+00:00,Peshawar,32.3,67,998.7,1.21,32.9,48.8,455.0,4.0,6.4,158.0,121
2026-07-30 07:00:00+00:00,Peshawar,33.2,64,998.3,1.06,34.0,49.6,450.0,2.8,5.8,167.0,120
2026-07-30 08:00:00+00:00,Peshawar,33.7,63,997.8,1.56,32.5,46.7,452.0,2.7,5.5,174.0,120
2026-07-30 09:00:00+00:00,Peshawar,34.4,60,997.0,1.6,31.8,45.5,454.0,2.9,5.3,177.0,120
2026-07-30 10:00:00+00:00,Peshawar,34.8,58,996.2,1.66,32.0,46.1,436.0,2.1,5.0,178.0,120
2026-07-30 11:00:00+00:00,Peshawar,34.9,57,995.6,1.97,31.0,44.9,417.0,1.5,4.8,175.0,132
2026-07-30 12:00:00+00:00,Peshawar,35.5,53,994.6,2.73,25.2,35.7,450.0,5.7,5.3,161.0,145
2026-07-30 13:00:00+00:00,Peshawar,34.7,61,994.7,2.36,26.3,36.4,587.0,13.5,5.9,139.0,151
2026-07-30 14:00:00+00:00,Peshawar,33.1,69,995.5,2.54,30.9,39.3,776.0,24.2,6.7,107.0,149
2026-07-30 15:00:00+00:00,Peshawar,32.1,71,996.1,2.05,37.3,45.5,910.0,32.7,7.5,82.0,138
2026-07-30 16:00:00+00:00,Peshawar,31.2,77,997.3,0.63,42.8,51.2,953.0,37.5,8.3,67.0,120
2026-07-30 17:00:00+00:00,Peshawar,30.7,78,998.2,1.82,47.7,55.2,942.0,40.1,9.0,59.0,118
2026-07-30 18:00:00+00:00,Peshawar,31.1,75,997.8,1.0,46.2,52.7,882.0,39.3,9.3,57.0,118
2026-07-30 19:00:00+00:00,Peshawar,27.9,90,998.4,3.69,41.1,46.8,744.0,33.1,8.8,65.0,117
2026-07-30 20:00:00+00:00,Peshawar,25.3,98,1000.0,1.91,39.9,44.8,557.0,23.5,7.8,80.0,115
2026-07-30 21:00:00+00:00,Peshawar,25.4,96,1000.4,2.33,37.5,42.8,417.0,15.8,7.1,92.0,114
2026-07-30 22:00:00+00:00,Peshawar,25.6,96,1000.7,1.91,36.8,42.1,362.0,12.1,7.0,99.0,112
2026-07-30 23:00:00+00:00,Peshawar,25.2,96,1001.2,1.3,34.7,39.2,353.0,10.2,7.0,103.0,110
2026-07-31 00:00:00+00:00,Peshawar,24.7,99,1001.1,3.36,27.8,31.4,373.0,8.1,6.0,115.0,108
2026-07-31 01:00:00+00:00,Peshawar,24.6,99,1001.3,1.72,30.2,33.2,430.0,11.1,5.9,111.0,105
2026-07-31 02:00:00+00:00,Peshawar,24.9,99,1002.2,2.15,30.2,32.7,514.0,15.1,5.8,105.0,102
2026-07-31 03:00:00+00:00,Peshawar,25.2,97,1002.8,2.21,28.2,30.7,582.0,17.2,5.7,105.0,99
2026-07-31 04:00:00+00:00,Peshawar,25.3,96,1003.3,1.23,26.2,28.9,618.0,15.8,5.7,114.0,98
2026-07-31 05:00:00+00:00,Peshawar,25.9,93,1003.6,1.48,25.7,28.4,638.0,12.6,5.8,128.0,97
2026-07-31 06:00:00+00:00,Peshawar,26.8,86,1003.8,1.8,24.5,27.5,640.0,9.5,5.7,143.0,97
2026-07-31 07:00:00+00:00,Peshawar,28.7,76,1003.0,0.43,23.8,27.0,616.0,7.0,5.3,159.0,96
2026-07-31 08:00:00+00:00,Peshawar,30.1,70,1002.3,0.35,22.8,26.0,575.0,4.6,4.8,176.0,95
2026-07-31 09:00:00+00:00,Peshawar,30.0,70,1001.3,0.25,22.4,25.3,543.0,3.2,4.4,188.0,94
2026-07-31 10:00:00+00:00,Peshawar,30.5,69,1000.5,0.67,22.8,25.6,508.0,2.2,4.2,195.0,104
2026-07-31 11:00:00+00:00,Peshawar,30.7,69,1000.0,0.63,21.7,24.3,481.0,2.2,4.1,198.0,123
2026-07-31 12:00:00+00:00,Peshawar,30.2,69,1000.3,1.87,34.1,38.4,525.0,6.1,4.7,183.0,143
2026-07-31 13:00:00+00:00,Peshawar,30.1,70,1000.1,0.57,37.3,41.7,702.0,15.9,5.5,159.0,156
2026-07-31 14:00:00+00:00,Peshawar,29.1,78,1000.7,0.45,45.1,48.2,949.0,29.6,6.7,125.0,161
2026-07-31 15:00:00+00:00,Peshawar,28.1,86,1001.3,1.25,54.0,56.9,1143.0,41.8,7.8,95.0,158
2026-07-31 16:00:00+00:00,Peshawar,27.7,88,1002.0,1.38,62.9,65.7,1230.0,50.8,9.0,73.0,147
2026-07-31 17:00:00+00:00,Peshawar,27.4,89,1002.3,1.46,70.8,73.6,1264.0,58.3,10.1,55.0,125
2026-07-31 18:00:00+00:00,Peshawar,27.7,88,1001.9,0.94,78.7,81.3,1283.0,64.0,10.7,40.0,100
2026-07-31 19:00:00+00:00,Peshawar,27.3,90,1001.7,0.36,84.5,86.8,1282.0,67.8,10.4,29.0,103
2026-07-31 20:00:00+00:00,Peshawar,27.1,91,1002.0,0.14,89.9,92.2,1266.0,69.7,9.6,21.0,107
2026-07-31 21:00:00+00:00,Peshawar,26.8,92,1002.1,0.43,92.9,95.2,1283.0,69.6,8.9,15.0,113
2026-07-31 22:00:00+00:00,Peshawar,26.7,93,1002.2,0.51,93.8,95.7,1391.0,67.7,8.2,8.0,118
2026-07-31 23:00:00+00:00,Peshawar,26.4,94,1002.2,0.25,92.2,94.1,1532.0,63.7,7.5,4.0,124
2026-08-01 00:00:00+00:00,Peshawar,26.4,95,1002.1,0.61,85.7,87.3,1579.0,55.8,7.3,10.0,130
2026-08-01 01:00:00+00:00,Peshawar,26.5,95,1002.4,0.76,87.5,89.9,1457.0,45.6,9.2,44.0,136
2026-08-01 02:00:00+00:00,Peshawar,27.9,87,1002.7,0.34,87.8,89.4,1241.0,31.4,11.8,91.0,142
2026-08-01 03:00:00+00:00,Peshawar,29.2,78,1002.6,0.57,62.6,65.7,1026.0,19.5,13.1,132.0,148
2026-08-01 04:00:00+00:00,Peshawar,30.2,72,1002.6,0.32,48.8,51.6,830.0,12.2,12.0,159.0,151
2026-08-01 05:00:00+00:00,Peshawar,30.9,68,1002.4,0.53,43.9,46.3,635.0,7.3,9.6,180.0,151
2026-08-01 06:00:00+00:00,Peshawar,31.0,66,1002.8,0.72,39.0,40.9,488.0,3.9,7.7,193.0,152
2026-08-01 07:00:00+00:00,Peshawar,31.8,64,1001.6,0.81,35.7,37.4,414.0,2.3,6.8,196.0,152
2026-08-01 08:00:00+00:00,Peshawar,32.3,63,1000.9,0.49,32.0,33.5,388.0,2.4,6.3,190.0,153
2026-08-01 09:00:00+00:00,Peshawar,32.4,62,999.7,0.86,29.0,30.6,383.0,2.9,6.0,184.0,153
2026-08-01 10:00:00+00:00,Peshawar,32.8,63,998.7,0.68,27.0,28.6,363.0,2.4,5.7,181.0,153
2026-08-01 11:00:00+00:00,Peshawar,33.1,61,998.0,0.81,25.4,27.1,364.0,2.2,5.4,178.0,163
2026-08-01 12:00:00+00:00,Peshawar,33.5,58,997.3,2.61,33.9,36.8,472.0,5.7,5.3,167.0,170
2026-08-01 13:00:00+00:00,Peshawar,32.3,67,997.1,1.44,34.2,36.8,753.0,17.8,5.9,139.0,172
2026-08-01 14:00:00+00:00,Peshawar,31.1,75,997.6,1.03,40.7,42.7,1141.0,34.6,6.8,99.0,165
2026-08-01 15:00:00+00:00,Peshawar,29.9,84,998.3,1.39,48.8,50.8,1525.0,48.9,7.8,66.0,153
2026-08-01 16:00:00+00:00,Peshawar,29.4,87,999.3,1.32,57.5,59.6,1916.0,58.4,8.9,47.0,153
2026-08-01 17:00:00+00:00,Peshawar,29.1,88,999.8,1.46,62.9,65.2,2304.0,65.4,10.0,34.0,153
2026-08-01 18:00:00+00:00,Peshawar,29.5,86,999.4,0.49,67.5,70.1,2546.0,69.0,10.7,26.0,152
2026-08-01 19:00:00+00:00,Peshawar,29.2,85,999.5,0.92,69.6,72.2,2600.0,68.1,10.7,22.0,152
2026-08-01 20:00:00+00:00,Peshawar,28.5,87,999.8,1.05,69.4,71.9,2508.0,63.9,10.3,23.0,152
2026-08-01 21:00:00+00:00,Peshawar,27.9,90,999.9,1.25,69.2,71.7,2260.0,59.1,9.8,25.0,151
2026-08-01 22:00:00+00:00,Peshawar,26.9,95,1000.2,1.91,70.5,72.9,1737.0,54.9,9.3,25.0,150
2026-08-01 23:00:00+00:00,Peshawar,25.9,93,1001.0,3.96,70.1,71.9,1058.0,50.1,8.8,27.0,149
2026-08-02 00:00:00+00:00,Peshawar,26.7,92,1001.1,1.17,71.0,74.0,568.0,52.0,7.8,13.0,147
2026-08-02 01:00:00+00:00,Peshawar,26.3,95,1002.0,1.81,74.0,76.6,452.0,45.0,8.7,33.0,145
2026-08-02 02:00:00+00:00,Peshawar,26.7,95,1002.1,1.29,76.1,77.8,526.0,35.2,9.9,62.0,144
2026-08-02 03:00:00+00:00,Peshawar,27.2,91,1002.8,1.94,57.6,61.2,581.0,25.7,10.4,92.0,142
2026-08-02 04:00:00+00:00,Peshawar,28.0,86,1002.9,0.18,41.4,46.7,537.0,17.1,9.7,123.0,142
2026-08-02 05:00:00+00:00,Peshawar,29.5,77,1002.5,0.53,34.6,40.0,474.0,9.0,8.5,154.0,141
2026-08-02 06:00:00+00:00,Peshawar,29.9,76,1002.2,0.16,31.5,36.3,422.0,3.3,7.4,176.0,140
2026-08-02 07:00:00+00:00,Peshawar,31.4,71,1001.4,0.36,29.6,33.6,393.0,1.3,6.9,183.0,139
2026-08-02 08:00:00+00:00,Peshawar,32.5,67,1000.8,0.54,28.5,32.0,376.0,1.7,6.6,181.0,139
2026-08-02 09:00:00+00:00,Peshawar,32.8,64,999.8,0.35,27.8,31.1,367.0,2.4,6.3,177.0,138
2026-08-02 10:00:00+00:00,Peshawar,32.9,63,998.8,0.46,27.4,30.5,358.0,1.9,5.9,176.0,138
2026-08-02 11:00:00+00:00,Peshawar,32.7,65,998.4,0.66,27.0,29.9,357.0,1.6,5.5,173.0,138
2026-08-02 12:00:00+00:00,Peshawar,33.0,65,997.9,2.23,19.8,21.5,391.0,4.1,5.5,156.0,152
2026-08-02 13:00:00+00:00,Peshawar,32.1,70,998.0,1.38,23.6,24.7,482.0,12.8,6.1,133.0,157
2026-08-02 14:00:00+00:00,Peshawar,31.1,80,998.6,0.46,28.6,29.6,606.0,24.9,7.0,101.0,154
2026-08-02 15:00:00+00:00,Peshawar,30.1,85,999.4,0.27,35.5,36.3,720.0,34.7,8.0,75.0,139
2026-08-02 16:00:00+00:00,Peshawar,29.4,91,1000.4,0.65,40.3,41.1,833.0,39.9,9.3,64.0,133
2026-08-02 17:00:00+00:00,Peshawar,29.0,95,1001.0,0.79,44.2,45.1,936.0,42.8,10.7,59.0,131
2026-08-02 18:00:00+00:00,Peshawar,30.1,89,1000.3,0.16,47.1,48.0,949.0,44.3,11.4,54.0,129
2026-08-02 19:00:00+00:00,Peshawar,29.6,90,1000.3,0.6,49.9,50.6,798.0,44.2,11.0,47.0,127
2026-08-02 20:00:00+00:00,Peshawar,27.9,95,1000.6,3.36,51.6,52.4,557.0,42.7,10.0,40.0,125
2026-08-02 21:00:00+00:00,Peshawar,26.0,96,1001.8,3.0,51.8,52.5,376.0,40.8,8.9,34.0,123
2026-08-02 22:00:00+00:00,Peshawar,25.8,95,1001.3,1.1,49.8,50.4,316.0,39.0,7.6,25.0,122
2026-08-02 23:00:00+00:00,Peshawar,25.8,95,1001.2,1.27,47.1,47.7,314.0,36.8,6.2,17.0,119
2026-08-03 00:00:00+00:00,Peshawar,28.2,87,1000.6,1.46,52.6,53.2,336.0,38.7,6.7,20.0,117
2026-08-03 01:00:00+00:00,Peshawar,27.7,88,1000.2,1.46,53.0,53.7,389.0,35.1,8.0,40.0,115
2026-08-03 02:00:00+00:00,Peshawar,28.5,86,1000.4,1.45,52.9,53.6,465.0,29.8,9.8,69.0,113
2026-08-03 03:00:00+00:00,Peshawar,29.5,80,1000.3,1.52,41.9,43.3,502.0,24.1,10.9,100.0,111
2026-08-03 04:00:00+00:00,Peshawar,30.8,72,1000.7,2.0,36.6,38.1,461.0,17.5,10.8,135.0,109
2026-08-03 05:00:00+00:00,Peshawar,30.8,70,1001.3,2.85,38.9,40.9,381.0,10.4,10.1,172.0,108
2026-08-03 06:00:00+00:00,Peshawar,32.3,63,1000.9,0.89,42.8,45.5,323.0,5.2,9.2,196.0,109
2026-08-03 07:00:00+00:00,Peshawar,33.2,61,1000.6,1.04,45.2,47.8,311.0,3.1,8.0,200.0,110
2026-08-03 08:00:00+00:00,Peshawar,33.2,63,1000.2,1.48,44.9,47.7,322.0,2.9,6.6,192.0,112
2026-08-03 09:00:00+00:00,Peshawar,33.1,65,999.4,2.09,42.8,45.9,342.0,3.6,5.6,182.0,113
2026-08-03 10:00:00+00:00,Peshawar,33.0,67,999.1,2.24,41.0,44.1,350.0,3.6,5.0,177.0,132
2026-08-03 11:00:00+00:00,Peshawar,32.9,68,998.6,2.41,40.7,43.8,368.0,4.6,4.8,170.0,153
2026-08-03 12:00:00+00:00,Peshawar,29.9,80,999.5,2.11,51.2,55.1,448.0,16.0,5.1,126.0,165
2026-08-03 13:00:00+00:00,Peshawar,29.1,86,999.8,1.25,58.9,61.9,649.0,27.8,5.8,104.0,163
2026-08-03 14:00:00+00:00,Peshawar,28.6,89,1000.2,2.06,63.8,66.1,912.0,44.1,6.8,73.0,152
2026-08-03 15:00:00+00:00,Peshawar,28.2,90,1001.1,2.6,67.3,69.4,1109.0,56.7,7.7,47.0,128
2026-08-03 16:00:00+00:00,Peshawar,28.0,92,1001.6,1.17,74.0,75.9,1212.0,62.8,8.4,31.0,132
2026-08-03 17:00:00+00:00,Peshawar,27.0,94,1002.4,2.16,79.6,81.3,1250.0,65.2,9.1,21.0,135
2026-08-03 18:00:00+00:00,Peshawar,27.5,93,1002.2,0.9,78.0,79.9,1183.0,63.5,9.3,17.0,139
2026-08-03 19:00:00+00:00,Peshawar,26.4,99,1002.2,2.08,76.1,77.5,931.0,56.1,8.8,22.0,142
2026-08-03 20:00:00+00:00,Peshawar,24.9,98,1002.5,2.67,73.3,75.0,574.0,44.8,7.9,34.0,145
2026-08-03 21:00:00+00:00,Peshawar,24.6,98,1002.6,1.32,63.6,66.8,315.0,34.3,7.2,47.0,147
2026-08-03 22:00:00+00:00,Peshawar,24.5,97,1003.0,1.92,49.4,53.6,249.0,25.9,6.9,59.0,148
2026-08-03 23:00:00+00:00,Peshawar,24.6,95,1003.1,0.66,41.3,45.3,280.0,18.5,6.7,73.0,148
2026-08-04 00:00:00+00:00,Peshawar,25.7,94,1002.6,1.35,72.4,74.3,322.0,40.5,8.1,21.0,148
2026-08-04 01:00:00+00:00,Peshawar,25.4,96,1002.5,0.87,72.9,75.2,354.0,34.5,9.1,43.0,150
2026-08-04 02:00:00+00:00,Peshawar,25.7,95,1003.3,1.18,66.1,68.9,396.0,26.0,10.5,75.0,151
2026-08-04 03:00:00+00:00,Peshawar,26.2,93,1003.5,0.92,54.9,58.8,429.0,18.5,11.1,105.0,151
2026-08-04 04:00:00+00:00,Peshawar,28.1,83,1003.6,0.4,42.1,46.2,445.0,12.9,10.3,130.0,151
2026-08-04 05:00:00+00:00,Peshawar,29.8,76,1003.3,0.47,48.7,55.4,451.0,8.1,8.8,154.0,151
2026-08-04 06:00:00+00:00,Peshawar,30.6,72,1003.6,0.96,46.7,51.5,446.0,4.8,7.5,170.0,152
2026-08-04 07:00:00+00:00,Peshawar,31.4,69,1002.9,0.96,46.4,51.2,420.0,3.4,6.7,176.0,152
2026-08-04 08:00:00+00:00,Peshawar,32.0,67,1001.9,0.93,49.1,54.7,382.0,3.3,6.0,174.0,152
2026-08-04 09:00:00+00:00,Peshawar,32.5,64,1000.8,1.1,45.5,51.3,362.0,3.7,5.5,172.0,152
2026-08-04 10:00:00+00:00,Peshawar,33.0,62,999.6,1.71,45.6,51.3,357.0,2.8,5.2,174.0,152
2026-08-04 11:00:00+00:00,Peshawar,32.8,64,998.9,2.31,45.5,50.9,369.0,2.3,5.0,175.0,152
2026-08-04 12:00:00+00:00,Peshawar,33.2,60,998.1,2.16,56.0,63.1,434.0,6.1,5.0,158.0,152
2026-08-04 13:00:00+00:00,Peshawar,32.1,69,998.1,2.44,57.9,62.2,613.0,15.0,5.7,134.0,153
2026-08-04 14:00:00+00:00,Peshawar,31.1,75,998.2,2.52,61.9,65.2,845.0,27.4,6.6,100.0,153
2026-08-04 15:00:00+00:00,Peshawar,30.1,79,999.0,2.28,64.7,67.5,980.0,38.2,7.7,73.0,152
2026-08-04 16:00:00+00:00,Peshawar,29.4,82,1000.2,1.48,68.2,71.0,934.0,46.1,9.1,58.0,152
2026-08-04 17:00:00+00:00,Peshawar,28.9,85,1000.7,1.56,73.1,76.1,791.0,52.5,10.6,49.0,152
2026-08-04 18:00:00+00:00,Peshawar,29.5,83,999.7,1.39,79.6,83.1,649.0,56.0,11.3,42.0,152
2026-08-04 19:00:00+00:00,Peshawar,29.0,85,999.5,1.17,83.1,86.6,527.0,55.4,10.7,38.0,152
2026-08-04 20:00:00+00:00,Peshawar,28.1,90,999.3,1.02,83.1,86.6,406.0,52.0,9.4,36.0,152
2026-08-04 21:00:00+00:00,Peshawar,27.2,93,999.0,0.51,82.0,85.2,328.0,48.6,8.3,34.0,153
2026-08-04 22:00:00+00:00,Peshawar,26.7,96,998.9,0.15,81.0,84.1,316.0,46.7,7.7,29.0,153
2026-08-04 23:00:00+00:00,Peshawar,26.6,97,998.8,0.32,81.0,84.1,347.0,44.9,7.4,24.0,154
2026-08-05 00:00:00+00:00,Peshawar,27.6,92,998.4,1.31,80.1,83.1,396.0,42.4,7.9,25.0,155
2026-08-05 01:00:00+00:00,Peshawar,26.9,93,998.8,2.16,83.8,87.5,472.0,35.9,8.9,43.0,155
2026-08-05 02:00:00+00:00,Peshawar,27.4,92,999.3,1.75,70.8,78.5,567.0,26.8,10.3,69.0,156
2026-08-05 03:00:00+00:00,Peshawar,28.8,86,999.2,0.72,49.2,55.9,628.0,18.8,11.1,97.0,156
2026-08-05 04:00:00+00:00,Peshawar,30.1,81,999.3,0.78,46.9,54.8,632.0,13.0,10.8,127.0,156
2026-08-05 05:00:00+00:00,Peshawar,31.4,76,998.8,0.29,44.6,51.8,602.0,8.2,10.0,158.0,156
2026-08-05 06:00:00+00:00,Peshawar,32.9,65,998.6,0.95,43.8,50.9,562.0,4.9,9.1,181.0,156
2026-08-05 07:00:00+00:00,Peshawar,33.8,60,997.8,1.06,42.6,50.8,504.0,3.4,8.3,191.0,156
2026-08-05 08:00:00+00:00,Peshawar,34.4,57,996.9,1.9,41.3,50.5,435.0,3.2,7.5,192.0,156
2026-08-05 09:00:00+00:00,Peshawar,34.8,55,996.0,1.8,40.7,50.6,398.0,3.5,6.9,189.0,155
2026-08-05 10:00:00+00:00,Peshawar,34.7,55,995.4,1.98,41.0,50.9,406.0,2.7,6.5,185.0,155
2026-08-05 11:00:00+00:00,Peshawar,34.3,56,994.8,2.77,41.2,49.7,445.0,2.5,6.3,177.0,155
2026-08-05 12:00:00+00:00,Peshawar,34.3,57,994.0,3.13,28.2,35.0,518.0,6.2,6.4,159.0,161
2026-08-05 13:00:00+00:00,Peshawar,32.8,64,994.4,2.68,32.1,36.9,662.0,16.1,7.0,134.0,166
2026-08-05 14:00:00+00:00,Peshawar,31.2,69,994.7,2.3,37.8,41.9,839.0,30.0,7.8,100.0,162
2026-08-05 15:00:00+00:00,Peshawar,30.5,75,995.7,1.01,44.4,48.5,942.0,41.5,8.6,71.0,153
2026-08-05 16:00:00+00:00,Peshawar,29.8,79,996.6,0.87,49.6,54.1,908.0,49.0,9.6,53.0,152
2026-08-05 17:00:00+00:00,Peshawar,28.9,85,997.3,1.57,53.6,58.6,798.0,54.0,10.6,42.0,151
2026-08-05 18:00:00+00:00,Peshawar,30.3,81,996.4,0.93,57.3,62.9,691.0,55.3,10.9,36.0,151
2026-08-05 19:00:00+00:00,Peshawar,30.1,76,996.5,1.15,60.3,66.1,604.0,51.0,9.9,38.0,150
2026-08-05 20:00:00+00:00,Peshawar,29.6,80,996.4,0.67,59.5,65.7,519.0,42.9,8.2,46.0,148
2026-08-05 21:00:00+00:00,Peshawar,27.9,87,996.8,3.9,48.3,54.1,457.0,35.0,6.9,54.0,146
2026-08-05 22:00:00+00:00,Peshawar,23.6,92,999.1,3.05,23.0,26.7,428.0,28.2,6.4,58.0,142
2026-08-05 23:00:00+00:00,Peshawar,23.4,94,1000.3,2.75,20.6,25.0,421.0,21.6,6.2,61.0,136
2026-08-06 00:00:00+00:00,Peshawar,25.9,91,998.1,1.6,36.2,41.6,429.0,16.5,7.5,70.0,130
2026-08-06 01:00:00+00:00,Peshawar,25.6,94,999.0,0.59,34.2,38.5,457.0,16.2,7.5,79.0,125
2026-08-06 02:00:00+00:00,Peshawar,26.6,92,999.4,1.34,29.1,37.4,500.0,15.6,7.6,92.0,120
2026-08-06 03:00:00+00:00,Peshawar,27.8,83,999.7,0.85,26.3,36.7,529.0,14.2,7.5,107.0,116
2026-08-06 04:00:00+00:00,Peshawar,29.3,75,999.7,0.73,26.1,36.4,531.0,11.1,7.2,125.0,114
2026-08-06 05:00:00+00:00,Peshawar,30.6,70,999.6,0.97,24.0,33.1,519.0,7.1,6.9,144.0,111
2026-08-06 06:00:00+00:00,Peshawar,31.0,65,999.7,1.08,22.4,30.0,508.0,4.2,6.6,160.0,109
2026-08-06 07:00:00+00:00,Peshawar,32.0,63,999.1,0.76,22.0,29.5,499.0,3.2,6.5,170.0,107
2026-08-06 08:00:00+00:00,Peshawar,32.7,60,998.4,0.36,21.9,29.7,490.0,3.2,6.5,175.0,105
2026-08-06 09:00:00+00:00,Peshawar,33.4,56,997.6,1.3,22.6,31.5,489.0,3.6,6.5,178.0,103
2026-08-06 10:00:00+00:00,Peshawar,33.7,55,997.0,2.2,24.0,34.0,462.0,1.7,6.2,181.0,111
2026-08-06 11:00:00+00:00,Peshawar,33.7,57,996.6,2.55,25.3,36.0,444.0,0.1,6.0,181.0,130
2026-08-06 12:00:00+00:00,Peshawar,33.9,58,996.6,2.35,26.7,46.2,545.0,7.3,5.2,141.0,146
2026-08-06 13:00:00+00:00,Peshawar,32.6,67,996.9,2.45,31.5,47.8,881.0,25.2,6.5,112.0,149
2026-08-06 14:00:00+00:00,Peshawar,31.1,73,997.3,2.7,43.9,55.8,1336.0,49.8,8.3,71.0,143
2026-08-06 15:00:00+00:00,Peshawar,30.0,77,998.4,2.12,55.8,71.9,1673.0,67.8,9.7,40.0,124
2026-08-06 16:00:00+00:00,Peshawar,29.2,82,999.7,0.74,61.2,79.4,1820.0,74.1,10.5,27.0,99
2026-08-06 17:00:00+00:00,Peshawar,28.7,85,1000.4,0.97,64.7,84.1,1850.0,73.7,11.0,23.0,100
2026-08-06 18:00:00+00:00,Peshawar,28.9,88,999.7,1.42,69.2,86.1,1741.0,69.0,10.9,24.0,102
2026-08-06 19:00:00+00:00,Peshawar,25.5,92,1000.6,2.67,67.1,81.3,1403.0,57.9,9.8,31.0,103
2026-08-06 20:00:00+00:00,Peshawar,25.3,94,1000.2,2.09,57.0,69.6,927.0,42.4,8.0,43.0,104
2026-08-06 21:00:00+00:00,Peshawar,25.2,94,1001.0,0.35,47.0,57.7,562.0,30.7,6.7,51.0,103
2026-08-06 22:00:00+00:00,Peshawar,24.9,94,1002.0,1.46,41.3,52.4,415.0,26.8,6.0,47.0,103
2026-08-06 23:00:00+00:00,Peshawar,24.4,93,1001.9,2.3,42.6,53.7,380.0,26.6,5.7,38.0,105
2026-08-07 00:00:00+00:00,Peshawar,25.2,94,1000.6,0.11,32.9,41.3,390.0,14.4,6.4,79.0,107
2026-08-07 01:00:00+00:00,Peshawar,25.2,97,1001.4,0.72,34.5,41.0,447.0,14.3,7.0,87.0,107
2026-08-07 02:00:00+00:00,Peshawar,26.1,91,1001.7,1.6,33.3,41.9,549.0,14.0,7.7,98.0,107
2026-08-07 03:00:00+00:00,Peshawar,27.5,80,1002.1,1.56,28.1,39.7,624.0,12.8,8.0,112.0,107
2026-08-07 04:00:00+00:00,Peshawar,29.0,75,1002.2,1.12,26.3,40.2,644.0,9.9,7.4,132.0,108
2026-08-07 05:00:00+00:00,Peshawar,30.3,71,1001.9,0.58,26.3,40.7,637.0,6.2,6.4,155.0,108
2026-08-07 06:00:00+00:00,Peshawar,31.5,62,1002.1,1.13,25.9,40.6,614.0,3.4,5.5,172.0,108
2026-08-07 07:00:00+00:00,Peshawar,32.4,59,1001.2,1.19,25.3,40.2,565.0,2.5,5.0,180.0,108
2026-08-07 08:00:00+00:00,Peshawar,33.0,55,1000.3,0.91,24.9,39.3,499.0,2.5,4.8,182.0,109
2026-08-07 09:00:00+00:00,Peshawar,33.9,50,999.4,0.45,24.9,39.0,461.0,3.0,4.6,182.0,109
2026-08-07 10:00:00+00:00,Peshawar,33.9,51,998.8,1.53,24.6,38.0,452.0,2.2,4.4,184.0,125
2026-08-07 11:00:00+00:00,Peshawar,33.4,57,998.2,2.21,24.4,37.3,471.0,1.8,4.4,184.0,143
2026-08-07 12:00:00+00:00,Peshawar,32.8,61,998.0,3.44,24.6,38.4,552.0,5.9,4.3,159.0,156
2026-08-07 13:00:00+00:00,Peshawar,31.9,68,998.2,2.41,26.4,38.4,740.0,22.0,5.5,130.0,160
2026-08-07 14:00:00+00:00,Peshawar,30.8,71,998.7,2.58,37.6,47.0,992.0,44.5,7.1,90.0,156
2026-08-07 15:00:00+00:00,Peshawar,29.7,76,999.4,1.47,46.9,56.5,1209.0,62.9,8.7,57.0,141
2026-08-07 16:00:00+00:00,Peshawar,28.9,83,1000.4,1.04,53.3,62.6,1375.0,74.0,10.2,38.0,115
2026-08-07 17:00:00+00:00,Peshawar,28.4,86,1001.0,1.66,62.4,71.0,1506.0,81.0,11.6,27.0,106
2026-08-07 18:00:00+00:00,Peshawar,28.6,85,1000.7,1.38,68.9,76.6,1558.0,83.7,12.1,20.0,106
2026-08-07 19:00:00+00:00,Peshawar,28.1,88,1000.7,1.6,70.1,75.4,1496.0,80.1,11.1,17.0,106
2026-08-07 20:00:00+00:00,Peshawar,27.7,88,1000.8,1.54,66.4,70.3,1354.0,72.2,9.2,19.0,106
2026-08-07 21:00:00+00:00,Peshawar,27.4,88,1000.8,0.93,59.4,63.6,1194.0,65.2,7.6,20.0,107
2026-08-07 22:00:00+00:00,Peshawar,27.2,88,1001.1,1.09,56.1,60.1,1012.0,61.8,6.7,16.0,108
2026-08-07 23:00:00+00:00,Peshawar,27.0,89,1001.2,1.5,54.8,58.7,812.0,59.3,6.2,11.0,110
2026-08-08 00:00:00+00:00,Peshawar,27.0,78,1001.3,2.69,61.5,64.7,665.0,62.7,7.4,7.0,111
2026-08-08 01:00:00+00:00,Peshawar,25.6,82,1002.0,2.02,56.7,61.2,612.0,49.7,7.1,35.0,114
2026-08-08 02:00:00+00:00,Peshawar,26.5,81,1002.0,0.83,52.9,56.9,614.0,31.7,6.6,74.0,116
2026-08-08 03:00:00+00:00,Peshawar,28.4,72,1002.7,0.66,31.5,39.5,621.0,17.3,6.2,110.0,118
2026-08-08 04:00:00+00:00,Peshawar,29.8,67,1002.7,0.21,25.3,34.0,630.0,10.0,5.8,141.0,119
2026-08-08 05:00:00+00:00,Peshawar,31.0,66,1002.5,0.28,24.6,33.9,645.0,6.3,5.4,169.0,119
2026-08-08 06:00:00+00:00,Peshawar,32.4,62,1002.7,0.53,24.1,34.0,632.0,3.9,5.0,188.0,118
2026-08-08 07:00:00+00:00,Peshawar,33.2,59,1002.3,0.72,23.8,34.6,558.0,2.5,4.7,193.0,118
2026-08-08 08:00:00+00:00,Peshawar,33.9,55,1001.6,0.35,24.2,36.3,456.0,2.5,4.4,189.0,118
2026-08-08 09:00:00+00:00,Peshawar,34.6,51,1000.8,0.53,23.6,35.6,389.0,2.9,4.2,183.0,118
2026-08-08 10:00:00+00:00,Peshawar,34.8,52,1000.2,1.4,23.4,36.2,376.0,1.3,3.9,182.0,132
2026-08-08 11:00:00+00:00,Peshawar,34.7,53,999.9,1.84,23.4,36.7,399.0,0.2,3.7,180.0,154
2026-08-08 12:00:00+00:00,Peshawar,34.6,54,999.7,1.67,22.8,35.9,465.0,6.4,3.8,152.0,165
2026-08-08 13:00:00+00:00,Peshawar,33.3,62,1000.2,0.05,28.1,37.6,561.0,13.1,4.6,134.0,166
2026-08-08 14:00:00+00:00,Peshawar,31.9,74,1001.2,0.16,30.6,38.9,701.0,22.8,5.8,109.0,161
2026-08-08 15:00:00+00:00,Peshawar,30.5,82,1001.9,0.93,36.2,43.3,934.0,34.1,6.9,83.0,148
2026-08-08 16:00:00+00:00,Peshawar,29.6,85,1002.8,1.0,45.6,51.5,1367.0,49.2,8.1,56.0,124
2026-08-08 17:00:00+00:00,Peshawar,29.0,87,1003.3,1.31,56.5,61.9,1893.0,65.8,9.2,28.0,115
2026-08-08 18:00:00+00:00,Peshawar,29.1,86,1002.8,1.83,64.3,69.8,2238.0,75.7,9.7,9.0,114
2026-08-08 19:00:00+00:00,Peshawar,28.4,87,1003.2,1.68,67.8,72.6,2255.0,73.8,9.2,6.0,114
2026-08-08 20:00:00+00:00,Peshawar,27.9,89,1003.0,0.9,65.2,70.1,2091.0,65.2,8.1,11.0,114
2026-08-08 21:00:00+00:00,Peshawar,27.6,91,1003.2,0.5,59.5,64.5,1920.0,56.9,7.0,16.0,114
2026-08-08 22:00:00+00:00,Peshawar,27.4,91,1003.3,1.17,55.1,59.5,1808.0,51.5,6.1,12.0,114
2026-08-08 23:00:00+00:00,Peshawar,27.4,90,1003.4,0.7,52.4,56.1,1688.0,46.4,5.3,7.0,113
2026-08-09 00:00:00+00:00,Peshawar,27.4,92,1003.0,1.13,60.8,64.7,1533.0,52.0,6.2,7.0,113
2026-08-09 01:00:00+00:00,Peshawar,27.2,93,1003.5,0.55,59.6,64.0,1306.0,42.7,7.2,33.0,113
2026-08-09 02:00:00+00:00,Peshawar,27.4,90,1004.1,0.94,54.1,58.8,1044.0,29.7,8.5,69.0,113
2026-08-09 03:00:00+00:00,Peshawar,29.0,82,1004.2,1.02,39.8,48.3,826.0,18.6,9.1,104.0,114
2026-08-09 04:00:00+00:00,Peshawar,30.8,74,1004.3,0.84,30.9,41.1,684.0,11.5,8.5,135.0,114
2026-08-09 05:00:00+00:00,Peshawar,32.3,66,1004.1,0.58,28.5,39.7,585.0,6.4,7.2,164.0,115
2026-08-09 06:00:00+00:00,Peshawar,33.3,60,1003.7,0.9,27.3,38.9,513.0,3.0,6.1,184.0,115
2026-08-09 07:00:00+00:00,Peshawar,34.1,58,1003.1,0.9,26.3,37.7,463.0,1.6,5.4,189.0,116
2026-08-09 08:00:00+00:00,Peshawar,34.5,56,1002.6,0.96,25.5,36.9,440.0,1.8,4.9,184.0,116
2026-08-09 09:00:00+00:00,Peshawar,34.8,54,1001.6,0.87,24.3,35.4,435.0,2.3,4.5,179.0,116
2026-08-09 10:00:00+00:00,Peshawar,35.0,53,1000.9,1.49,23.2,33.1,431.0,1.4,4.1,179.0,123
2026-08-09 11:00:00+00:00,Peshawar,34.6,56,1000.3,2.23,22.9,32.1,446.0,0.8,3.9,179.0,147
2026-08-09 12:00:00+00:00,Peshawar,34.8,56,999.6,2.55,26.9,39.2,522.0,4.3,3.9,156.0,160
2026-08-09 13:00:00+00:00,Peshawar,33.3,63,999.5,2.34,28.2,38.5,701.0,14.8,5.0,135.0,163
2026-08-09 14:00:00+00:00,Peshawar,31.8,71,999.6,1.14,37.5,45.2,941.0,29.5,6.6,105.0,158
2026-08-09 15:00:00+00:00,Peshawar,31.4,72,1000.0,0.67,46.9,54.8,1161.0,41.6,8.0,79.0,144
2026-08-09 16:00:00+00:00,Peshawar,30.5,76,1000.6,0.65,53.2,61.2,1356.0,48.8,9.2,61.0,121
2026-08-09 17:00:00+00:00,Peshawar,29.8,82,1000.8,1.01,58.6,66.4,1531.0,53.4,10.2,47.0,119
2026-08-09 18:00:00+00:00,Peshawar,30.6,79,1000.0,0.3,66.6,73.6,1621.0,55.5,10.4,36.0,119
2026-08-09 19:00:00+00:00,Peshawar,29.8,81,1000.2,0.54,69.6,75.4,1566.0,54.3,9.4,28.0,120
2026-08-09 20:00:00+00:00,Peshawar,29.1,84,1000.1,0.81,69.6,74.3,1426.0,50.7,7.6,23.0,120
2026-08-09 21:00:00+00:00,Peshawar,28.5,85,1000.1,1.05,67.5,71.2,1317.0,46.9,6.2,20.0,120
2026-08-09 22:00:00+00:00,Peshawar,28.0,85,1000.3,1.14,64.3,68.5,1293.0,43.7,5.4,16.0,121
2026-08-09 23:00:00+00:00,Peshawar,27.5,87,1000.5,0.96,62.9,67.1,1301.0,40.4,5.0,13.0,122
2026-08-10 00:00:00+00:00,Peshawar,28.0,83,1000.6,1.01,72.9,76.1,1294.0,42.6,6.1,17.0,123
2026-08-10 01:00:00+00:00,Peshawar,27.4,88,1001.0,1.21,72.2,76.8,1259.0,38.5,7.1,34.0,124
2026-08-10 02:00:00+00:00,Peshawar,28.3,85,1001.5,0.74,64.3,71.7,1209.0,32.5,8.5,60.0,126
2026-08-10 03:00:00+00:00,Peshawar,29.7,77,1001.8,1.0,60.1,68.7,1142.0,26.1,9.4,90.0,127
2026-08-10 04:00:00+00:00,Peshawar,30.8,75,1001.6,1.33,48.3,55.3,1049.0,18.7,9.4,130.0,129
2026-08-10 05:00:00+00:00,Peshawar,32.1,72,1001.2,1.15,38.5,45.1,939.0,10.8,9.0,174.0,131
2026-08-10 06:00:00+00:00,Peshawar,33.2,66,1001.2,0.45,36.3,44.6,837.0,5.1,8.4,206.0,132
2026-08-10 07:00:00+00:00,Peshawar,33.9,63,1000.6,0.39,36.3,47.7,745.0,3.0,7.6,215.0,133
2026-08-10 08:00:00+00:00,Peshawar,34.6,60,999.7,0.07,36.3,49.9,660.0,2.9,6.7,211.0,134
2026-08-10 09:00:00+00:00,Peshawar,35.3,56,998.5,0.2,35.7,50.8,598.0,3.4,6.0,204.0,135
2026-08-10 10:00:00+00:00,Peshawar,35.7,53,997.5,0.3,35.4,51.5,551.0,2.4,5.4,199.0,141
2026-08-10 11:00:00+00:00,Peshawar,35.6,54,996.7,1.06,35.0,51.7,527.0,1.8,5.0,192.0,165
2026-08-10 12:00:00+00:00,Peshawar,35.1,57,996.3,2.06,23.5,34.1,566.0,6.2,4.6,157.0,182
2026-08-10 13:00:00+00:00,Peshawar,33.6,67,996.6,2.25,26.7,36.0,724.0,16.9,5.3,131.0,186
2026-08-10 14:00:00+00:00,Peshawar,32.4,71,996.8,2.25,34.7,41.3,946.0,31.7,6.4,94.0,179
2026-08-10 15:00:00+00:00,Peshawar,31.6,78,997.7,0.81,41.3,47.1,1104.0,43.9,7.5,65.0,161
2026-08-10 16:00:00+00:00,Peshawar,30.9,83,998.7,0.45,44.9,49.9,1135.0,50.7,8.7,50.0,137
2026-08-10 17:00:00+00:00,Peshawar,30.2,87,999.1,1.05,49.1,54.2,1103.0,54.8,9.9,43.0,136
2026-08-10 18:00:00+00:00,Peshawar,30.4,87,998.3,1.31,53.4,58.7,1072.0,57.4,10.5,37.0,135
2026-08-10 19:00:00+00:00,Peshawar,29.6,89,998.6,1.33,57.4,62.6,1067.0,58.9,10.2,30.0,134
2026-08-10 20:00:00+00:00,Peshawar,29.0,87,998.4,1.98,61.5,66.4,1062.0,58.9,9.3,24.0,133
2026-08-10 21:00:00+00:00,Peshawar,28.5,86,998.4,1.45,61.7,65.9,1044.0,57.2,8.4,21.0,132
2026-08-10 22:00:00+00:00,Peshawar,28.0,83,998.9,3.0,56.0,59.8,1000.0,53.4,7.5,19.0,131
2026-08-10 23:00:00+00:00,Peshawar,26.8,83,1000.1,3.93,51.1,54.5,942.0,47.8,6.6,19.0,130
2026-08-11 00:00:00+00:00,Peshawar,27.8,84,999.5,1.7,55.9,59.4,898.0,49.8,8.0,18.0,129
2026-08-11 01:00:00+00:00,Peshawar,27.8,87,1000.2,0.72,49.5,55.2,891.0,42.3,8.3,39.0,127
2026-08-11 02:00:00+00:00,Peshawar,28.6,86,1000.5,0.67,48.1,55.4,897.0,31.8,8.8,69.0,125
2026-08-11 03:00:00+00:00,Peshawar,30.1,78,1001.1,1.03,44.4,53.1,875.0,22.4,8.9,101.0,123
2026-08-11 04:00:00+00:00,Peshawar,31.5,71,1001.0,1.37,32.2,42.3,793.0,15.1,8.4,135.0,122
2026-08-11 05:00:00+00:00,Peshawar,32.7,67,1001.1,0.9,30.6,40.9,682.0,8.9,7.5,169.0,120
2026-08-11 06:00:00+00:00,Peshawar,33.9,62,1001.0,0.86,30.5,39.9,596.0,4.6,6.8,195.0,119
2026-08-11 07:00:00+00:00,Peshawar,34.5,60,1000.5,0.63,30.2,39.1,557.0,2.8,6.4,206.0,119
2026-08-11 08:00:00+00:00,Peshawar,35.0,58,999.5,0.43,29.7,38.1,544.0,2.9,6.2,208.0,118
2026-08-11 09:00:00+00:00,Peshawar,36.0,53,998.7,0.54,29.1,37.3,545.0,3.5,6.0,206.0,117
2026-08-11 10:00:00+00:00,Peshawar,36.2,53,997.9,0.35,29.6,38.5,555.0,2.8,5.7,205.0,141
2026-08-11 11:00:00+00:00,Peshawar,35.7,56,997.3,0.75,30.2,40.6,579.0,2.6,5.5,200.0,165
2026-08-11 12:00:00+00:00,Peshawar,36.1,52,997.3,0.47,40.9,53.2,624.0,18.0,5.5,144.0,180
2026-08-11 13:00:00+00:00,Peshawar,35.0,60,997.4,0.93,48.7,56.7,693.0,36.1,6.5,114.0,182
2026-08-11 14:00:00+00:00,Peshawar,33.1,72,997.5,1.52,60.8,67.3,783.0,60.7,7.9,72.0,173
2026-08-11 15:00:00+00:00,Peshawar,32.0,78,998.4,1.6,71.2,77.1,886.0,77.3,9.0,40.0,154
2026-08-11 16:00:00+00:00,Peshawar,31.2,81,999.3,1.8,73.6,79.2,1047.0,79.1,9.5,27.0,125
2026-08-11 17:00:00+00:00,Peshawar,30.6,82,1000.0,1.41,77.8,83.6,1221.0,72.9,9.6,25.0,128
2026-08-11 18:00:00+00:00,Peshawar,30.6,83,999.5,1.45,80.3,86.4,1271.0,63.6,9.3,28.0,131
2026-08-11 19:00:00+00:00,Peshawar,28.7,90,1000.2,1.32,74.3,80.3,1083.0,50.7,8.4,39.0,134
2026-08-11 20:00:00+00:00,Peshawar,27.7,89,1000.7,3.49,50.4,59.4,770.0,34.9,7.1,55.0,136
2026-08-11 21:00:00+00:00,Peshawar,25.2,96,1002.4,4.12,39.1,45.9,532.0,22.7,6.2,68.0,135
2026-08-11 22:00:00+00:00,Peshawar,25.3,95,1003.3,1.74,30.3,35.5,453.0,17.4,6.0,72.0,133
2026-08-11 23:00:00+00:00,Peshawar,25.4,95,1003.7,2.27,39.9,46.8,449.0,15.9,6.1,71.0,130
2026-08-12 00:00:00+00:00,Peshawar,24.5,99,1004.2,1.99,46.6,54.7,467.0,12.2,7.4,97.0,129
2026-08-12 01:00:00+00:00,Peshawar,25.0,96,1005.1,1.17,46.7,53.7,503.0,13.5,8.0,99.0,128
2026-08-12 02:00:00+00:00,Peshawar,25.4,93,1005.6,1.72,44.0,52.4,561.0,15.2,8.8,103.0,127
2026-08-12 03:00:00+00:00,Peshawar,26.4,87,1005.7,1.66,38.0,46.6,598.0,15.3,9.1,113.0,127
2026-08-12 04:00:00+00:00,Peshawar,27.6,81,1005.9,1.43,34.5,43.3,590.0,12.3,8.6,133.0,126
2026-08-12 05:00:00+00:00,Peshawar,28.6,76,1005.7,1.03,31.8,40.4,561.0,7.8,7.5,159.0,127
2026-08-12 06:00:00+00:00,Peshawar,28.6,75,1006.0,0.89,30.9,39.7,539.0,4.4,6.7,180.0,127
2026-08-12 07:00:00+00:00,Peshawar,30.4,68,1004.9,0.1,31.1,39.7,531.0,3.3,6.2,191.0,127
2026-08-12 08:00:00+00:00,Peshawar,31.3,66,1003.6,0.32,40.0,53.2,530.0,3.3,5.9,197.0,127
2026-08-12 09:00:00+00:00,Peshawar,32.5,61,1002.2,0.4,29.1,38.5,542.0,3.7,5.7,201.0,128
2026-08-12 10:00:00+00:00,Peshawar,32.8,61,1001.1,0.78,29.2,39.0,553.0,3.2,5.6,207.0,138
2026-08-12 11:00:00+00:00,Peshawar,32.8,62,999.9,0.95,29.3,39.3,578.0,3.2,5.7,211.0,158
2026-08-12 12:00:00+00:00,Peshawar,32.5,62,1000.0,0.36,36.1,48.7,662.0,7.2,6.2,198.0,173
2026-08-12 13:00:00+00:00,Peshawar,31.5,68,999.8,0.96,38.0,48.4,841.0,19.0,6.9,165.0,184
2026-08-12 14:00:00+00:00,Peshawar,29.8,83,1000.4,0.55,44.5,51.6,1080.0,35.3,7.9,120.0,185
2026-08-12 15:00:00+00:00,Peshawar,28.9,86,1001.1,1.2,50.6,56.0,1323.0,47.9,8.8,83.0,175
2026-08-12 16:00:00+00:00,Peshawar,28.6,88,1002.3,0.43,53.1,57.6,1574.0,53.2,9.5,64.0,158
2026-08-12 17:00:00+00:00,Peshawar,28.3,89,1003.3,0.21,56.6,60.8,1830.0,54.6,10.1,54.0,132
2026-08-12 18:00:00+00:00,Peshawar,28.6,88,1003.0,0.64,61.7,65.9,2025.0,54.6,10.3,46.0,118
2026-08-12 19:00:00+00:00,Peshawar,28.0,91,1003.3,1.37,65.4,69.4,2139.0,53.5,9.9,40.0,116
2026-08-12 20:00:00+00:00,Peshawar,27.6,93,1003.6,0.67,67.1,70.3,2193.0,51.0,9.1,37.0,115
2026-08-12 21:00:00+00:00,Peshawar,27.5,94,1003.8,0.34,68.7,71.9,2185.0,47.6,8.4,35.0,117
2026-08-12 22:00:00+00:00,Peshawar,27.4,94,1003.6,0.55,69.6,73.3,2090.0,43.4,8.0,32.0,120
2026-08-12 23:00:00+00:00,Peshawar,27.4,93,1003.6,0.57,67.8,71.5,1933.0,38.3,7.7,30.0,124
2026-08-13 00:00:00+00:00,Peshawar,27.6,90,1003.7,1.05,67.3,73.1,1792.0,36.2,7.5,43.0,127
2026-08-13 01:00:00+00:00,Peshawar,27.3,91,1003.9,0.5,51.1,55.1,1713.0,32.8,8.2,58.0,129
2026-08-13 02:00:00+00:00,Peshawar,28.4,89,1003.8,0.28,50.4,54.5,1650.0,27.9,9.1,80.0,130
2026-08-13 03:00:00+00:00,Peshawar,30.1,78,1003.6,0.27,42.7,50.9,1534.0,22.5,9.6,105.0,130
2026-08-13 04:00:00+00:00,Peshawar,31.7,70,1003.2,0.14,39.8,52.9,1311.0,16.1,9.2,137.0,131
2026-08-13 05:00:00+00:00,Peshawar,33.0,65,1002.6,0.32,39.2,52.7,1035.0,9.2,8.3,171.0,131
2026-08-13 06:00:00+00:00,Peshawar,34.0,61,1002.6,0.85,38.4,52.0,805.0,4.3,7.4,196.0,132
2026-08-13 07:00:00+00:00,Peshawar,34.9,58,1001.5,0.96,37.0,51.1,653.0,2.6,6.7,203.0,133
2026-08-13 08:00:00+00:00,Peshawar,35.6,56,1000.6,1.0,36.2,50.8,546.0,2.8,6.1,199.0,133
2026-08-13 09:00:00+00:00,Peshawar,36.1,52,999.6,0.96,35.3,50.2,482.0,3.5,5.7,195.0,133
2026-08-13 10:00:00+00:00,Peshawar,36.4,50,998.5,0.49,36.2,51.5,459.0,3.0,5.5,197.0,140
2026-08-13 11:00:00+00:00,Peshawar,36.2,51,997.9,1.2,36.7,51.8,479.0,3.1,5.5,199.0,161
2026-08-13 12:00:00+00:00,Peshawar,35.5,55,997.5,3.04,33.6,45.4,548.0,7.1,5.6,177.0,176
2026-08-13 13:00:00+00:00,Peshawar,33.7,63,997.7,2.73,40.7,49.5,688.0,17.9,6.3,149.0,183
2026-08-13 14:00:00+00:00,Peshawar,32.6,70,997.9,1.84,48.4,56.0,876.0,32.9,7.4,109.0,179
2026-08-13 15:00:00+00:00,Peshawar,31.7,76,998.7,1.4,54.0,61.0,1049.0,45.8,8.5,77.0,165
2026-08-13 16:00:00+00:00,Peshawar,30.9,82,999.6,1.73,59.0,66.6,1199.0,54.6,10.0,59.0,143
2026-08-13 17:00:00+00:00,Peshawar,30.2,83,1000.1,1.6,64.7,72.6,1334.0,61.2,11.5,49.0,137
2026-08-13 18:00:00+00:00,Peshawar,30.7,80,999.4,1.42,71.7,79.6,1410.0,65.1,12.2,40.0,137
2026-08-13 19:00:00+00:00,Peshawar,30.0,83,999.7,1.15,75.4,82.4,1416.0,65.4,11.3,31.0,138
2026-08-13 20:00:00+00:00,Peshawar,29.5,84,999.5,1.68,74.7,80.6,1365.0,62.9,9.6,25.0,139
2026-08-13 21:00:00+00:00,Peshawar,28.9,84,999.3,1.65,72.9,77.8,1248.0,59.7,8.1,20.0,140
2026-08-13 22:00:00+00:00,Peshawar,27.5,86,999.8,2.83,71.7,76.4,1010.0,56.7,7.1,15.0,141
2026-08-13 23:00:00+00:00,Peshawar,25.5,95,1000.7,3.36,69.4,74.3,707.0,53.1,6.5,12.0,141
2026-08-14 00:00:00+00:00,Peshawar,28.5,86,999.4,2.32,72.2,78.5,499.0,46.5,7.5,26.0,141
2026-08-14 01:00:00+00:00,Peshawar,27.3,89,1000.1,2.71,68.9,75.0,479.0,39.7,7.8,45.0,142
2026-08-14 02:00:00+00:00,Peshawar,26.3,95,1001.5,1.04,53.8,59.6,556.0,30.2,8.2,72.0,143
2026-08-14 03:00:00+00:00,Peshawar,27.2,92,1001.7,0.82,49.5,59.4,612.0,21.7,8.3,98.0,144
2026-08-14 04:00:00+00:00,Peshawar,28.6,82,1001.9,1.16,40.3,52.0,603.0,15.2,7.7,121.0,145
2026-08-14 05:00:00+00:00,Peshawar,30.7,75,1002.0,1.2,37.6,49.4,573.0,9.8,6.7,143.0,145
2026-08-14 06:00:00+00:00,Peshawar,31.0,73,1002.0,1.86,34.8,44.8,546.0,5.9,5.9,163.0,144
2026-08-14 07:00:00+00:00,Peshawar,31.5,72,1002.0,0.32,32.9,41.8,527.0,3.9,5.6,182.0,144
2026-08-14 08:00:00+00:00,Peshawar,32.5,69,1000.9,0.36,33.9,42.6,510.0,3.4,5.6,200.0,144
2026-08-14 09:00:00+00:00,Peshawar,33.4,66,1000.4,1.65,33.8,41.8,499.0,4.2,5.7,208.0,143
2026-08-14 10:00:00+00:00,Peshawar,33.8,65,999.5,2.72,33.6,41.6,487.0,5.2,5.7,205.0,143
2026-08-14 11:00:00+00:00,Peshawar,33.5,67,999.2,3.37,36.3,45.5,483.0,7.5,5.8,194.0,147
2026-08-14 12:00:00+00:00,Peshawar,34.3,65,998.9,2.8,47.4,58.3,512.0,14.1,5.6,155.0,163
2026-08-14 13:00:00+00:00,Peshawar,33.1,72,998.9,3.58,51.5,61.0,613.0,19.2,6.1,137.0,169
2026-08-14 14:00:00+00:00,Peshawar,31.7,74,999.5,4.35,55.6,63.8,749.0,26.1,6.8,112.0,168
2026-08-14 15:00:00+00:00,Peshawar,29.4,74,1000.8,5.12,55.3,62.6,834.0,30.9,7.3,92.0,160
2026-08-14 16:00:00+00:00,Peshawar,25.8,86,1002.8,4.04,52.6,59.4,826.0,32.1,7.5,82.0,146
2026-08-14 17:00:00+00:00,Peshawar,25.8,87,1003.2,3.65,55.9,61.9,767.0,31.2,7.6,77.0,146
2026-08-14 18:00:00+00:00,Peshawar,27.9,81,1002.2,0.9,55.2,61.9,699.0,28.5,7.5,78.0,145
2026-08-14 19:00:00+00:00,Peshawar,27.3,87,1002.2,0.11,51.9,58.4,626.0,22.8,7.1,87.0,143
2026-08-14 20:00:00+00:00,Peshawar,27.0,88,1002.1,1.17,47.5,54.0,542.0,15.3,6.5,102.0,141
2026-08-14 21:00:00+00:00,Peshawar,26.9,88,1001.8,1.33,34.6,39.6,477.0,9.6,6.0,113.0,138
2026-08-14 22:00:00+00:00,Peshawar,26.8,89,1001.8,1.2,22.1,25.7,436.0,7.2,5.6,116.0,134
2026-08-14 23:00:00+00:00,Peshawar,26.5,90,1001.6,0.81,19.4,22.5,412.0,6.6,5.3,115.0,129
2026-08-15 00:00:00+00:00,Peshawar,27.1,95,1002.1,0.63,56.8,63.8,415.0,18.8,8.4,72.0,123
2026-08-15 01:00:00+00:00,Peshawar,26.2,98,1002.8,2.73,61.9,68.7,467.0,18.3,8.8,82.0,122
2026-08-15 02:00:00+00:00,Peshawar,26.2,95,1003.5,2.23,56.1,61.7,546.0,17.4,9.4,95.0,121
2026-08-15 03:00:00+00:00,Peshawar,27.4,85,1004.1,1.45,41.9,50.2,595.0,15.7,9.5,111.0,121
2026-08-15 04:00:00+00:00,Peshawar,28.7,76,1004.4,1.48,38.5,46.9,583.0,12.4,8.7,129.0,121
2026-08-15 05:00:00+00:00,Peshawar,30.7,68,1004.4,0.38,36.1,44.4,542.0,8.2,7.4,149.0,120
2026-08-15 06:00:00+00:00,Peshawar,32.4,61,1003.6,1.0,34.8,42.5,505.0,5.0,6.4,166.0,120
2026-08-15 07:00:00+00:00,Peshawar,32.4,62,1003.1,1.54,34.2,41.8,484.0,3.7,6.0,180.0,120
2026-08-15 08:00:00+00:00,Peshawar,32.7,63,1002.1,1.36,34.5,42.1,468.0,3.3,5.8,191.0,120
2026-08-15 09:00:00+00:00,Peshawar,33.2,61,1001.1,1.97,34.7,42.6,462.0,3.5,5.7,196.0,120
2026-08-15 10:00:00+00:00,Peshawar,34.0,59,999.7,1.27,35.5,43.8,459.0,3.1,5.5,196.0,125
2026-08-15 11:00:00+00:00,Peshawar,34.0,60,998.9,1.84,36.6,45.8,466.0,3.2,5.5,190.0,147
2026-08-15 12:00:00+00:00,Peshawar,34.1,60,998.4,2.58,32.7,39.8,511.0,8.6,5.8,169.0,160
2026-08-15 13:00:00+00:00,Peshawar,32.7,68,998.4,2.6,35.4,41.7,611.0,20.2,6.5,140.0,167
2026-08-15 14:00:00+00:00,Peshawar,31.4,73,998.7,2.25,43.4,48.9,749.0,36.4,7.4,101.0,165
2026-08-15 15:00:00+00:00,Peshawar,30.8,77,998.8,1.52,50.3,55.3,902.0,49.4,8.3,69.0,155
2026-08-15 16:00:00+00:00,Peshawar,29.9,82,999.7,1.37,52.5,57.0,1088.0,56.2,9.3,53.0,133
2026-08-15 17:00:00+00:00,Peshawar,29.3,85,1000.3,1.35,57.3,61.9,1289.0,59.9,10.3,45.0,116
2026-08-15 18:00:00+00:00,Peshawar,29.8,84,999.6,1.64,65.4,70.1,1433.0,61.4,10.6,39.0,116
2026-08-15 19:00:00+00:00,Peshawar,29.2,83,999.6,2.04,68.7,71.9,1504.0,60.7,9.7,32.0,117
2026-08-15 20:00:00+00:00,Peshawar,28.7,83,999.5,1.52,67.1,69.2,1518.0,57.8,8.2,26.0,119
2026-08-15 21:00:00+00:00,Peshawar,28.2,85,999.2,0.85,64.3,66.1,1450.0,54.4,7.0,23.0,121
2026-08-15 22:00:00+00:00,Peshawar,27.8,86,999.1,0.89,61.2,63.6,1250.0,51.3,6.6,20.0,124
2026-08-15 23:00:00+00:00,Peshawar,27.8,87,999.2,0.38,61.0,62.9,969.0,47.5,6.6,19.0,128
2026-08-16 00:00:00+00:00,Peshawar,27.0,97,999.5,1.08,69.2,71.7,734.0,50.3,6.6,17.0,132
2026-08-16 01:00:00+00:00,Peshawar,26.3,97,1000.2,3.32,71.7,74.0,592.0,41.5,8.2,45.0,133
2026-08-16 02:00:00+00:00,Peshawar,26.8,93,1000.4,1.5,72.9,75.4,495.0,29.3,10.4,85.0,134
2026-08-16 03:00:00+00:00,Peshawar,28.2,84,1000.5,0.29,51.1,57.3,432.0,18.8,11.7,121.0,136
2026-08-16 04:00:00+00:00,Peshawar,29.8,77,1000.4,0.79,45.4,56.0,410.0,12.0,11.2,150.0,137
2026-08-16 05:00:00+00:00,Peshawar,31.4,72,999.9,0.68,43.5,56.1,421.0,6.9,9.7,176.0,138
2026-08-16 06:00:00+00:00,Peshawar,32.7,66,999.9,1.11,41.1,54.4,428.0,3.5,8.3,194.0,139
2026-08-16 07:00:00+00:00,Peshawar,33.6,63,999.3,1.2,38.4,52.7,414.0,2.0,7.4,200.0,139
2026-08-16 08:00:00+00:00,Peshawar,34.3,59,998.6,1.5,36.0,51.0,396.0,2.2,6.7,198.0,140
2026-08-16 09:00:00+00:00,Peshawar,35.1,53,997.8,1.91,34.8,49.9,386.0,2.6,6.1,193.0,140
2026-08-16 10:00:00+00:00,Peshawar,35.2,52,997.2,2.06,34.2,48.8,382.0,2.3,5.7,186.0,147
2026-08-16 11:00:00+00:00,Peshawar,34.9,54,996.7,2.62,34.1,48.0,387.0,2.2,5.5,176.0,164
2026-08-16 12:00:00+00:00,Peshawar,34.8,56,996.6,4.16,30.5,40.9,421.0,4.9,5.7,161.0,172
2026-08-16 13:00:00+00:00,Peshawar,33.8,63,996.7,3.07,30.3,39.9,508.0,9.3,6.0,141.0,174
2026-08-16 14:00:00+00:00,Peshawar,32.3,69,997.2,2.45,33.5,41.1,624.0,15.5,6.4,113.0,169
2026-08-16 15:00:00+00:00,Peshawar,31.4,72,998.1,1.54,37.6,44.2,724.0,20.9,6.9,89.0,156
2026-08-16 16:00:00+00:00,Peshawar,30.6,76,999.2,1.19,39.7,46.0,803.0,24.8,7.4,74.0,136
2026-08-16 17:00:00+00:00,Peshawar,30.0,78,999.9,1.67,44.0,49.9,866.0,27.9,8.0,62.0,135
2026-08-16 18:00:00+00:00,Peshawar,30.6,76,999.2,1.56,47.6,53.3,880.0,29.7,8.3,54.0,134
2026-08-16 19:00:00+00:00,Peshawar,30.0,77,999.0,1.03,47.8,53.0,814.0,29.7,8.2,48.0,132
2026-08-16 20:00:00+00:00,Peshawar,29.4,79,999.0,2.35,47.5,52.3,699.0,28.5,7.8,45.0,130
2026-08-16 21:00:00+00:00,Peshawar,26.5,90,1000.1,4.6,46.8,50.9,592.0,26.6,7.4,45.0,128
2026-08-16 22:00:00+00:00,Peshawar,25.8,94,1000.7,2.31,44.2,48.5,500.0,23.9,7.1,46.0,126
2026-08-16 23:00:00+00:00,Peshawar,25.4,98,1000.4,1.85,43.4,48.5,415.0,20.7,6.8,50.0,124
2026-08-17 00:00:00+00:00,Peshawar,26.2,98,999.8,1.56,41.4,46.3,378.0,21.2,7.9,52.0,122
2026-08-17 01:00:00+00:00,Peshawar,26.1,97,1000.2,0.72,46.2,50.4,428.0,20.1,9.1,68.0,119
2026-08-17 02:00:00+00:00,Peshawar,26.6,97,1000.5,0.65,46.1,52.3,525.0,18.3,10.7,91.0,117
2026-08-17 03:00:00+00:00,Peshawar,28.1,86,1000.7,0.63,39.6,51.2,584.0,15.9,11.7,114.0,114
2026-08-17 04:00:00+00:00,Peshawar,29.7,77,1000.8,0.49,38.5,53.4,561.0,12.1,11.5,138.0,113
2026-08-17 05:00:00+00:00,Peshawar,30.8,73,1000.7,0.74,38.3,54.1,500.0,7.6,10.6,162.0,112
2026-08-17 06:00:00+00:00,Peshawar,32.3,66,1000.9,1.14,38.1,54.0,449.0,4.2,9.6,179.0,111
2026-08-17 07:00:00+00:00,Peshawar,33.0,64,999.9,1.1,35.6,50.4,424.0,2.9,8.7,185.0,111
2026-08-17 08:00:00+00:00,Peshawar,33.9,61,999.2,1.17,33.6,47.6,408.0,2.8,7.8,184.0,111
2026-08-17 09:00:00+00:00,Peshawar,34.7,59,998.5,1.19,32.1,45.6,397.0,3.1,7.0,180.0,111
2026-08-17 10:00:00+00:00,Peshawar,35.3,56,997.9,0.89,32.5,46.9,378.0,3.0,6.5,175.0,129
2026-08-17 11:00:00+00:00,Peshawar,35.7,52,997.3,0.96,32.6,47.0,363.0,3.2,6.1,166.0,147
2026-08-17 12:00:00+00:00,Peshawar,34.9,60,997.2,2.6,37.7,55.2,387.0,5.2,5.8,150.0,156
2026-08-17 13:00:00+00:00,Peshawar,33.5,70,997.4,2.55,38.9,54.8,489.0,12.3,6.4,131.0,158
2026-08-17 14:00:00+00:00,Peshawar,31.8,78,998.0,2.16,44.9,56.8,631.0,22.0,7.2,104.0,153
2026-08-17 15:00:00+00:00,Peshawar,30.9,80,998.9,1.75,49.2,60.5,727.0,29.6,8.0,82.0,138
2026-08-17 16:00:00+00:00,Peshawar,30.3,83,999.8,1.03,53.0,63.1,744.0,33.0,8.7,70.0,116
2026-08-17 17:00:00+00:00,Peshawar,29.6,86,1000.7,1.28,56.2,65.4,716.0,34.2,9.3,64.0,115
2026-08-17 18:00:00+00:00,Peshawar,28.7,87,1000.4,1.98,58.4,67.5,663.0,34.3,9.6,59.0,117
2026-08-17 19:00:00+00:00,Peshawar,27.8,90,1001.0,2.76,57.6,66.1,576.0,33.7,9.5,54.0,118
2026-08-17 20:00:00+00:00,Peshawar,27.4,90,1001.4,2.6,57.0,64.5,464.0,31.9,9.1,50.0,119
2026-08-17 21:00:00+00:00,Peshawar,26.5,93,1001.1,2.3,57.4,65.0,378.0,29.3,8.7,50.0,120
2026-08-17 22:00:00+00:00,Peshawar,25.1,97,1001.9,2.46,53.9,62.2,338.0,25.1,8.3,56.0,121
2026-08-17 23:00:00+00:00,Peshawar,24.7,100,1002.2,1.53,52.6,59.8,324.0,19.9,8.0,65.0,122
2026-08-18 00:00:00+00:00,Peshawar,25.6,99,1001.3,0.95,42.8,50.8,329.0,14.1,7.8,85.0,123
2026-08-18 01:00:00+00:00,Peshawar,25.5,99,1001.9,1.7,41.2,48.7,363.0,14.4,8.1,89.0,123
2026-08-18 02:00:00+00:00,Peshawar,26.2,95,1002.8,0.87,37.6,45.8,417.0,14.6,8.4,96.0,122
2026-08-18 03:00:00+00:00,Peshawar,26.8,92,1003.0,0.42,30.9,40.5,454.0,13.9,8.6,108.0,122
2026-08-18 04:00:00+00:00,Peshawar,28.0,85,1003.0,0.76,29.0,39.5,456.0,11.2,8.5,129.0,121
2026-08-18 05:00:00+00:00,Peshawar,29.8,75,1002.9,0.51,29.7,41.8,442.0,7.4,8.4,156.0,120
2026-08-18 06:00:00+00:00,Peshawar,30.3,74,1003.0,0.89,30.7,43.5,431.0,4.6,8.1,177.0,119
2026-08-18 07:00:00+00:00,Peshawar,31.5,71,1001.9,0.27,32.2,46.2,432.0,3.5,7.8,189.0,118
2026-08-18 08:00:00+00:00,Peshawar,32.0,69,1001.5,0.75,33.4,49.0,436.0,3.2,7.4,197.0,118
2026-08-18 09:00:00+00:00,Peshawar,32.3,67,1000.7,1.97,34.0,50.9,439.0,3.4,7.1,200.0,118
2026-08-18 10:00:00+00:00,Peshawar,32.8,66,999.8,2.35,34.0,51.2,425.0,3.2,6.8,200.0,133
2026-08-18 11:00:00+00:00,Peshawar,33.1,65,999.3,2.77,33.9,50.9,411.0,3.4,6.5,196.0,154
2026-08-18 12:00:00+00:00,Peshawar,33.1,64,998.8,3.5,37.6,54.8,437.0,6.3,6.2,167.0,168
2026-08-18 13:00:00+00:00,Peshawar,32.2,70,998.9,2.2,39.7,53.4,555.0,14.2,6.8,144.0,174
2026-08-18 14:00:00+00:00,Peshawar,31.2,75,999.4,1.78,44.5,55.6,715.0,25.4,7.6,111.0,172
2026-08-18 15:00:00+00:00,Peshawar,30.5,79,1000.2,1.59,50.5,60.8,805.0,35.0,8.3,83.0,161
2026-08-18 16:00:00+00:00,Peshawar,29.8,82,1001.4,1.64,56.6,66.1,762.0,41.5,9.0,65.0,143
2026-08-18 17:00:00+00:00,Peshawar,28.9,86,1002.1,1.76,62.2,71.0,649.0,46.6,9.6,52.0,119
2026-08-18 18:00:00+00:00,Peshawar,27.8,89,1001.7,2.08,66.4,75.0,549.0,50.0,10.0,42.0,119
2026-08-18 19:00:00+00:00,Peshawar,26.9,94,1001.8,2.77,69.6,78.9,491.0,51.9,9.9,34.0,120
2026-08-18 20:00:00+00:00,Peshawar,26.5,91,1002.0,2.7,73.1,82.4,445.0,52.2,9.5,29.0,121
2026-08-18 21:00:00+00:00,Peshawar,25.7,96,1002.3,2.04,73.8,81.7,407.0,50.9,9.0,26.0,123
2026-08-18 22:00:00+00:00,Peshawar,25.5,96,1002.8,1.76,71.7,78.5,366.0,47.3,8.3,24.0,125
2026-08-18 23:00:00+00:00,Peshawar,25.0,96,1003.2,2.62,69.2,76.4,332.0,42.0,7.4,24.0,127
2026-08-19 00:00:00+00:00,Peshawar,26.7,95,1001.6,0.14,71.9,79.9,334.0,44.4,7.2,22.0,128
2026-08-19 01:00:00+00:00,Peshawar,26.4,98,1002.2,0.9,72.6,80.6,407.0,40.8,8.6,39.0,131
2026-08-19 02:00:00+00:00,Peshawar,27.0,96,1002.7,0.55,72.9,78.9,516.0,35.5,10.5,64.0,135
2026-08-19 03:00:00+00:00,Peshawar,27.9,89,1003.3,0.35,65.4,76.4,578.0,29.3,11.8,94.0,138
2026-08-19 04:00:00+00:00,Peshawar,28.5,84,1003.7,0.68,61.2,77.5,545.0,21.4,12.1,135.0,142
2026-08-19 05:00:00+00:00,Peshawar,29.6,80,1003.8,1.56,59.8,81.5,466.0,12.6,11.9,180.0,145
2026-08-19 06:00:00+00:00,Peshawar,28.5,84,1003.9,3.02,58.0,85.2,402.0,6.1,11.3,212.0,148
2026-08-19 07:00:00+00:00,Peshawar,30.3,75,1003.2,1.7,57.5,90.3,376.0,3.6,10.2,220.0,150
2026-08-19 08:00:00+00:00,Peshawar,31.6,69,1002.6,1.97,56.3,92.0,366.0,3.4,8.7,215.0,151
2026-08-19 09:00:00+00:00,Peshawar,31.8,69,1002.1,2.28,53.8,89.6,369.0,3.7,7.5,204.0,152
2026-08-19 10:00:00+00:00,Peshawar,32.0,69,1001.3,2.56,55.3,95.5,367.0,3.5,6.8,191.0,152
2026-08-19 11:00:00+00:00,Peshawar,32.0,68,1000.7,3.43,50.9,87.8,377.0,3.9,6.3,173.0,169
2026-08-19 12:00:00+00:00,Peshawar,32.5,66,1000.4,3.41,68.9,120.1,453.0,6.3,6.4,143.0,181
2026-08-19 13:00:00+00:00,Peshawar,31.6,75,1000.7,1.35,62.4,96.4,679.0,8.5,6.8,134.0,183
2026-08-19 14:00:00+00:00,Peshawar,29.5,86,1001.4,1.55,60.8,91.7,971.0,11.6,7.3,121.0,175
2026-08-19 15:00:00+00:00,Peshawar,28.7,91,1002.8,0.45,60.1,88.9,1126.0,14.6,7.8,109.0,161
2026-08-19 16:00:00+00:00,Peshawar,26.5,96,1004.5,3.22,66.8,97.6,1018.0,17.4,8.3,99.0,156
2026-08-19 17:00:00+00:00,Peshawar,25.9,97,1004.9,2.2,63.1,87.3,774.0,19.9,8.8,89.0,156
2026-08-19 18:00:00+00:00,Peshawar,26.0,97,1004.4,2.51,57.4,77.3,570.0,21.4,9.1,81.0,156
2026-08-19 19:00:00+00:00,Peshawar,25.4,97,1004.2,2.82,53.6,71.5,475.0,21.1,9.0,75.0,156
2026-08-19 20:00:00+00:00,Peshawar,24.5,98,1004.6,2.48,53.2,70.8,420.0,19.6,8.7,70.0,155
2026-08-19 21:00:00+00:00,Peshawar,24.5,98,1004.6,2.5,53.0,68.0,380.0,18.0,8.5,68.0,155
2026-08-19 22:00:00+00:00,Peshawar,24.7,97,1004.7,2.25,48.9,64.0,345.0,16.1,8.4,68.0,154
2026-08-19 23:00:00+00:00,Peshawar,24.8,97,1004.6,2.19,41.6,54.5,325.0,14.1,8.4,70.0,154
2026-05-21 00:00:00+00:00,Multan,29.2,51,1001.3,4.1,20.7,26.3,323.0,9.3,4.7,74.0,125
2026-05-21 01:00:00+00:00,Multan,29.1,51,1001.8,4.25,19.6,28.1,328.0,8.8,5.3,80.0,120
2026-05-21 02:00:00+00:00,Multan,30.0,47,1002.3,3.39,21.7,31.5,349.0,8.1,6.1,90.0,117
2026-05-21 03:00:00+00:00,Multan,31.3,43,1003.3,3.93,24.0,41.8,355.0,7.1,6.6,101.0,114
2026-05-21 04:00:00+00:00,Multan,32.8,40,1003.7,3.6,26.7,51.7,327.0,5.4,6.5,116.0,113
2026-05-21 05:00:00+00:00,Multan,35.0,34,1003.6,2.92,28.1,56.5,284.0,3.5,6.0,134.0,112
2026-05-21 06:00:00+00:00,Multan,37.7,26,1003.7,3.11,27.8,56.9,251.0,2.0,5.6,147.0,111
2026-05-21 07:00:00+00:00,Multan,38.9,23,1003.1,3.15,27.6,58.0,239.0,1.5,5.4,152.0,109
2026-05-21 08:00:00+00:00,Multan,39.8,21,1002.3,2.93,27.7,58.8,239.0,1.4,5.3,152.0,107
2026-05-21 09:00:00+00:00,Multan,40.3,20,1001.3,2.69,28.1,59.4,242.0,1.6,5.2,152.0,106
2026-05-21 10:00:00+00:00,Multan,40.4,20,1000.4,2.45,28.8,60.8,247.0,0.9,5.0,155.0,104
2026-05-21 11:00:00+00:00,Multan,40.3,21,1000.0,2.26,29.9,63.1,257.0,0.4,4.8,158.0,103
2026-05-21 12:00:00+00:00,Multan,40.1,22,999.3,2.25,24.2,65.9,273.0,2.7,4.4,147.0,115
2026-05-21 13:00:00+00:00,Multan,39.4,23,999.8,1.61,29.0,61.9,301.0,11.2,5.5,126.0,121
2026-05-21 14:00:00+00:00,Multan,38.0,25,1000.4,2.01,40.6,65.4,336.0,22.5,6.9,97.0,119
2026-05-21 15:00:00+00:00,Multan,36.3,30,1001.4,3.13,41.6,61.2,360.0,28.4,7.6,78.0,109
2026-05-21 16:00:00+00:00,Multan,34.9,34,1002.5,4.5,36.1,52.3,368.0,23.3,6.8,80.0,100
2026-05-21 17:00:00+00:00,Multan,33.2,37,1003.1,6.14,23.9,34.5,365.0,12.8,5.4,91.0,96
2026-05-21 18:00:00+00:00,Multan,30.0,46,1004.1,5.56,20.6,30.5,356.0,5.3,4.3,98.0,93
2026-05-21 19:00:00+00:00,Multan,29.1,47,1003.7,4.45,21.6,32.9,335.0,4.7,4.3,94.0,90
2026-05-21 20:00:00+00:00,Multan,29.4,45,1003.3,4.08,22.8,34.9,308.0,7.1,4.7,86.0,88
2026-05-21 21:00:00+00:00,Multan,28.8,48,1003.6,3.43,23.7,35.0,289.0,9.2,4.9,79.0,87
2026-05-21 22:00:00+00:00,Multan,27.8,52,1003.9,2.86,24.8,36.4,283.0,9.9,4.7,74.0,86
2026-05-21 23:00:00+00:00,Multan,27.1,56,1004.6,2.31,26.1,40.3,286.0,10.2,4.3,70.0,85
2026-05-22 00:00:00+00:00,Multan,28.5,56,1004.1,2.03,24.9,40.5,304.0,10.4,4.7,69.0,84
2026-05-22 01:00:00+00:00,Multan,28.2,57,1004.8,1.49,25.6,41.9,352.0,9.8,5.0,72.0,84
2026-05-22 02:00:00+00:00,Multan,29.2,53,1005.8,0.93,27.9,50.2,414.0,8.9,5.4,77.0,85
2026-05-22 03:00:00+00:00,Multan,30.8,48,1006.6,1.03,30.9,63.1,453.0,7.7,5.5,86.0,85
2026-05-22 04:00:00+00:00,Multan,33.0,42,1006.6,0.5,34.6,79.4,448.0,5.9,5.2,102.0,86
2026-05-22 05:00:00+00:00,Multan,35.4,34,1006.6,0.34,35.4,85.0,418.0,3.8,4.6,121.0,86
2026-05-22 06:00:00+00:00,Multan,37.1,29,1006.4,0.81,33.9,83.8,385.0,2.2,4.2,136.0,87
2026-05-22 07:00:00+00:00,Multan,38.6,26,1005.6,0.76,32.7,80.6,350.0,1.5,3.9,143.0,87
2026-05-22 08:00:00+00:00,Multan,39.7,24,1004.7,1.23,32.1,76.8,311.0,1.4,3.8,145.0,88
2026-05-22 09:00:00+00:00,Multan,40.0,23,1003.6,1.6,31.7,74.5,286.0,1.5,3.8,146.0,88
2026-05-22 10:00:00+00:00,Multan,40.0,24,1003.1,2.16,31.9,75.7,275.0,0.3,4.0,149.0,88
2026-05-22 11:00:00+00:00,Multan,39.8,24,1002.6,2.15,32.9,78.5,277.0,0.0,4.4,150.0,89
2026-05-22 12:00:00+00:00,Multan,39.7,23,1002.1,1.85,28.6,80.3,307.0,2.9,5.6,143.0,99
2026-05-22 13:00:00+00:00,Multan,39.1,24,1001.9,2.17,33.4,74.0,373.0,14.2,6.1,116.0,108
2026-05-22 14:00:00+00:00,Multan,37.8,27,1002.0,2.55,50.1,81.3,466.0,29.8,6.7,78.0,106
2026-05-22 15:00:00+00:00,Multan,36.5,31,1002.5,2.3,62.9,92.4,572.0,42.3,7.3,48.0,94
2026-05-22 16:00:00+00:00,Multan,35.7,33,1003.0,2.19,67.8,95.2,714.0,48.2,7.7,35.0,92
2026-05-22 17:00:00+00:00,Multan,34.9,35,1003.2,2.09,73.6,99.7,868.0,51.0,7.9,29.0,94
2026-05-22 18:00:00+00:00,Multan,35.6,35,1002.6,1.46,82.7,109.7,955.0,53.5,8.1,24.0,98
2026-05-22 19:00:00+00:00,Multan,33.9,40,1002.6,2.4,89.9,119.0,918.0,57.9,8.2,16.0,104
2026-05-22 20:00:00+00:00,Multan,33.0,41,1002.4,2.71,92.7,123.9,813.0,62.1,8.2,8.0,111
2026-05-22 21:00:00+00:00,Multan,32.5,40,1002.4,1.79,89.4,118.5,724.0,62.4,8.2,5.0,119
2026-05-22 22:00:00+00:00,Multan,32.0,40,1002.4,2.4,77.1,102.9,680.0,56.2,8.3,10.0,125
2026-05-22 23:00:00+00:00,Multan,30.8,44,1002.6,2.59,66.6,91.7,651.0,46.2,8.5,19.0,131
2026-05-23 00:00:00+00:00,Multan,30.8,48,1002.4,2.02,68.0,92.9,634.0,49.0,7.0,18.0,135
2026-05-23 01:00:00+00:00,Multan,29.6,52,1003.0,2.19,73.8,100.8,643.0,43.6,8.0,28.0,140
2026-05-23 02:00:00+00:00,Multan,29.8,53,1003.5,1.83,75.4,99.9,663.0,35.9,9.3,43.0,145
2026-05-23 03:00:00+00:00,Multan,31.5,51,1004.5,2.7,65.9,103.8,644.0,27.9,10.7,66.0,150
2026-05-23 04:00:00+00:00,Multan,34.3,42,1005.0,2.87,61.0,101.3,546.0,19.6,12.2,107.0,151
2026-05-23 05:00:00+00:00,Multan,36.8,35,1005.0,2.85,55.9,95.2,410.0,11.2,13.7,158.0,152
2026-05-23 06:00:00+00:00,Multan,38.7,29,1004.9,2.14,50.2,94.1,305.0,4.9,14.2,191.0,152
2026-05-23 07:00:00+00:00,Multan,39.8,26,1004.5,2.48,47.3,106.6,265.0,2.3,13.0,194.0,153
2026-05-23 08:00:00+00:00,Multan,40.7,23,1003.9,2.9,42.6,110.4,256.0,1.8,10.7,180.0,153
2026-05-23 09:00:00+00:00,Multan,41.2,21,1003.1,2.72,35.2,96.9,255.0,1.9,9.0,167.0,154
2026-05-23 10:00:00+00:00,Multan,41.9,17,1002.2,1.86,29.9,82.9,247.0,1.0,8.4,164.0,154
2026-05-23 11:00:00+00:00,Multan,41.9,15,1001.4,1.17,27.4,75.0,245.0,0.5,8.2,163.0,154
2026-05-23 12:00:00+00:00,Multan,42.2,14,1001.0,2.4,21.2,51.7,270.0,3.3,6.9,155.0,153
2026-05-23 13:00:00+00:00,Multan,40.9,16,1001.2,2.63,27.2,48.8,335.0,11.1,6.6,132.0,156
2026-05-23 14:00:00+00:00,Multan,39.1,19,1001.3,1.93,40.7,59.3,427.0,21.8,6.2,99.0,153
2026-05-23 15:00:00+00:00,Multan,37.6,21,1001.3,1.86,42.7,58.7,516.0,28.7,5.8,76.0,153
2026-05-23 16:00:00+00:00,Multan,36.4,24,1002.1,2.31,40.0,55.1,611.0,28.0,5.6,71.0,152
2026-05-23 17:00:00+00:00,Multan,35.4,28,1002.2,2.27,38.9,53.1,704.0,23.5,5.4,74.0,151
2026-05-23 18:00:00+00:00,Multan,35.9,30,1001.3,2.82,37.6,51.3,747.0,20.3,5.2,75.0,150
2026-05-23 19:00:00+00:00,Multan,34.2,33,1000.6,2.95,35.4,49.1,696.0,19.7,4.9,70.0,146
2026-05-23 20:00:00+00:00,Multan,34.2,32,1000.7,2.02,34.3,47.4,594.0,20.4,4.7,64.0,141
2026-05-23 21:00:00+00:00,Multan,32.8,33,1000.8,1.74,34.8,48.9,527.0,23.2,4.6,56.0,135
2026-05-23 22:00:00+00:00,Multan,32.2,33,1000.4,2.74,37.7,56.0,533.0,30.9,4.9,45.0,129
2026-05-23 23:00:00+00:00,Multan,31.8,35,1000.2,1.15,42.4,63.3,573.0,40.7,5.4,32.0,125
2026-05-24 00:00:00+00:00,Multan,31.8,40,1000.2,1.48,28.2,44.5,619.0,16.1,3.9,65.0,122
2026-05-24 01:00:00+00:00,Multan,30.7,43,1001.0,0.87,28.1,43.5,681.0,14.9,3.9,62.0,118
2026-05-24 02:00:00+00:00,Multan,31.3,42,1001.2,0.45,31.5,49.9,748.0,13.2,4.1,60.0,113
2026-05-24 03:00:00+00:00,Multan,33.0,39,1001.7,1.03,36.9,64.0,762.0,11.3,5.6,68.0,109
2026-05-24 04:00:00+00:00,Multan,34.7,37,1002.2,2.29,43.5,83.4,675.0,9.3,9.7,95.0,106
2026-05-24 05:00:00+00:00,Multan,36.2,35,1002.3,2.79,47.0,89.4,535.0,7.1,15.1,133.0,104
2026-05-24 06:00:00+00:00,Multan,38.0,32,1002.3,3.11,45.1,83.4,422.0,5.3,18.8,165.0,103
2026-05-24 07:00:00+00:00,Multan,39.4,29,1001.9,3.26,39.9,72.4,368.0,3.9,19.3,186.0,102
2026-05-24 08:00:00+00:00,Multan,40.8,25,1001.1,2.83,38.6,74.7,341.0,2.9,18.0,201.0,102
2026-05-24 09:00:00+00:00,Multan,41.7,21,1000.1,2.76,38.2,82.2,325.0,2.3,16.5,210.0,101
2026-05-24 10:00:00+00:00,Multan,42.2,19,999.7,2.16,39.5,90.8,315.0,1.8,15.1,211.0,104
2026-05-24 11:00:00+00:00,Multan,42.3,19,999.1,2.1,40.6,95.0,316.0,1.6,13.4,206.0,136
2026-05-24 12:00:00+00:00,Multan,42.7,18,998.7,0.67,27.3,77.3,332.0,2.6,5.8,164.0,162
2026-05-24 13:00:00+00:00,Multan,41.5,20,999.0,0.98,30.9,64.5,370.0,7.3,6.0,145.0,173
2026-05-24 14:00:00+00:00,Multan,39.6,24,999.5,2.61,38.4,65.2,424.0,14.0,6.4,119.0,175
2026-05-24 15:00:00+00:00,Multan,38.3,26,1000.0,2.86,43.2,67.5,475.0,20.6,6.8,96.0,167
2026-05-24 16:00:00+00:00,Multan,37.5,28,1000.2,2.95,46.8,71.7,523.0,27.0,7.5,80.0,153
2026-05-24 17:00:00+00:00,Multan,36.9,29,1000.7,2.26,55.9,82.4,569.0,33.4,8.4,66.0,128
2026-05-24 18:00:00+00:00,Multan,36.7,29,1000.8,1.97,67.8,96.4,601.0,38.2,8.8,54.0,107
2026-05-24 19:00:00+00:00,Multan,35.0,33,1000.7,1.77,74.5,103.1,617.0,41.0,8.4,42.0,110
2026-05-24 20:00:00+00:00,Multan,33.0,36,1000.5,1.63,70.3,90.1,620.0,42.2,7.7,32.0,114
2026-05-24 21:00:00+00:00,Multan,32.0,37,1000.4,1.15,61.7,77.5,607.0,41.3,7.1,26.0,118
2026-05-24 22:00:00+00:00,Multan,31.8,37,1000.4,1.54,56.9,73.6,559.0,37.4,6.9,26.0,121
2026-05-24 23:00:00+00:00,Multan,31.2,37,1000.5,1.76,53.1,70.8,495.0,31.5,7.0,30.0,123
2026-05-25 00:00:00+00:00,Multan,31.7,33,1000.3,2.14,51.0,66.4,470.0,28.1,7.0,34.0,124
2026-05-25 01:00:00+00:00,Multan,30.8,35,1001.0,2.08,48.2,61.9,531.0,25.2,7.7,45.0,127
2026-05-25 02:00:00+00:00,Multan,31.3,37,1002.0,1.91,47.8,60.1,631.0,21.0,8.8,62.0,129
2026-05-25 03:00:00+00:00,Multan,33.1,34,1002.5,1.63,44.6,65.4,684.0,16.6,9.5,85.0,130
2026-05-25 04:00:00+00:00,Multan,35.6,29,1002.6,1.05,44.2,78.2,644.0,11.9,9.8,119.0,131
2026-05-25 05:00:00+00:00,Multan,38.0,25,1002.6,1.0,45.5,101.7,556.0,7.0,9.8,159.0,131
2026-05-25 06:00:00+00:00,Multan,39.8,21,1002.7,1.03,44.8,110.8,475.0,3.4,9.5,186.0,131
2026-05-25 07:00:00+00:00,Multan,41.5,18,1002.1,0.6,40.0,101.7,418.0,1.8,8.6,189.0,131
2026-05-25 08:00:00+00:00,Multan,42.7,14,1001.2,0.53,33.6,84.1,368.0,1.5,7.4,179.0,131
2026-05-25 09:00:00+00:00,Multan,43.1,12,1000.4,1.74,27.2,65.4,324.0,1.6,6.5,170.0,131
2026-05-25 10:00:00+00:00,Multan,43.3,11,999.9,1.93,23.0,53.8,269.0,1.1,6.3,170.0,129
2026-05-25 11:00:00+00:00,Multan,43.3,9,999.2,1.82,21.0,48.0,221.0,0.9,6.4,170.0,134
2026-05-25 12:00:00+00:00,Multan,42.9,8,999.0,2.28,16.6,34.7,233.0,3.2,7.2,160.0,151
2026-05-25 13:00:00+00:00,Multan,41.9,9,999.0,2.48,25.3,37.8,356.0,12.6,7.3,135.0,158
2026-05-25 14:00:00+00:00,Multan,41.1,11,999.3,2.2,41.3,53.0,539.0,25.5,7.3,100.0,154
2026-05-25 15:00:00+00:00,Multan,39.3,13,999.9,1.55,50.5,62.6,679.0,35.1,7.4,73.0,137
2026-05-25 16:00:00+00:00,Multan,37.5,18,1000.5,1.3,51.1,63.1,736.0,37.5,7.5,64.0,125
2026-05-25 17:00:00+00:00,Multan,36.3,20,1001.1,1.06,53.2,65.2,750.0,36.6,7.5,64.0,125
2026-05-25 18:00:00+00:00,Multan,35.6,27,1000.6,2.55,59.5,73.1,735.0,36.5,7.5,62.0,125
2026-05-25 19:00:00+00:00,Multan,35.2,28,1000.1,2.53,63.3,78.0,671.0,39.5,7.4,53.0,124
2026-05-25 20:00:00+00:00,Multan,33.9,29,999.8,2.55,65.4,78.7,577.0,43.3,7.2,42.0,123
2026-05-25 21:00:00+00:00,Multan,32.9,29,999.6,2.69,61.2,73.6,529.0,45.4,6.9,35.0,123
2026-05-25 22:00:00+00:00,Multan,31.8,30,999.8,2.86,54.8,65.7,571.0,44.6,6.5,32.0,123
2026-05-25 23:00:00+00:00,Multan,31.0,31,1000.4,0.71,50.4,61.5,657.0,42.0,6.1,33.0,122
2026-05-26 00:00:00+00:00,Multan,31.3,30,1000.7,1.2,56.5,71.5,730.0,41.4,6.3,38.0,122
2026-05-26 01:00:00+00:00,Multan,30.4,33,1001.3,2.51,55.1,72.4,781.0,36.2,6.4,49.0,123
2026-05-26 02:00:00+00:00,Multan,31.2,33,1001.9,1.27,58.4,73.3,818.0,28.8,6.6,65.0,123
2026-05-26 03:00:00+00:00,Multan,33.1,29,1002.6,0.76,46.0,71.0,803.0,21.6,6.6,85.0,124
2026-05-26 04:00:00+00:00,Multan,35.6,26,1003.0,1.51,39.9,74.0,696.0,14.9,6.2,115.0,125
2026-05-26 05:00:00+00:00,Multan,38.4,21,1002.8,1.43,38.6,77.3,536.0,8.3,5.5,149.0,124
2026-05-26 06:00:00+00:00,Multan,40.5,17,1003.0,1.2,36.6,78.2,407.0,3.6,5.0,173.0,123
2026-05-26 07:00:00+00:00,Multan,42.3,15,1002.9,1.5,32.8,78.0,342.0,1.7,4.7,178.0,123
2026-05-26 08:00:00+00:00,Multan,43.3,13,1002.1,1.99,29.8,78.0,308.0,1.6,4.4,172.0,122
2026-05-26 09:00:00+00:00,Multan,43.8,11,1001.3,2.94,27.6,74.5,285.0,1.9,4.4,166.0,121
2026-05-26 10:00:00+00:00,Multan,43.7,11,1000.7,4.14,25.3,66.6,257.0,1.2,4.7,165.0,121
2026-05-26 11:00:00+00:00,Multan,43.4,9,1000.8,4.04,22.8,57.6,241.0,0.9,5.2,164.0,122
2026-05-26 12:00:00+00:00,Multan,43.2,11,999.5,5.28,13.9,33.5,268.0,3.0,2.8,140.0,139
2026-05-26 13:00:00+00:00,Multan,41.2,13,999.4,3.96,20.3,33.1,376.0,11.7,3.5,119.0,145
2026-05-26 14:00:00+00:00,Multan,39.6,17,1000.0,3.0,31.2,43.2,529.0,23.7,4.4,90.0,138
2026-05-26 15:00:00+00:00,Multan,37.9,22,1000.9,1.95,45.1,57.9,645.0,33.2,5.3,67.0,120
2026-05-26 16:00:00+00:00,Multan,37.1,23,1002.0,1.68,54.4,67.3,681.0,37.1,6.0,57.0,119
2026-05-26 17:00:00+00:00,Multan,36.4,23,1002.5,2.6,58.2,71.2,681.0,38.4,6.5,54.0,120
2026-05-26 18:00:00+00:00,Multan,36.2,25,1002.1,2.83,61.7,75.7,699.0,40.2,6.9,51.0,120
2026-05-26 19:00:00+00:00,Multan,35.2,26,1002.0,2.16,64.7,78.9,774.0,43.2,7.0,47.0,121
2026-05-26 20:00:00+00:00,Multan,34.6,27,1001.4,2.86,66.4,81.3,867.0,46.7,7.0,43.0,121
2026-05-26 21:00:00+00:00,Multan,33.8,28,1000.8,2.55,67.5,83.1,916.0,51.2,7.0,37.0,121
2026-05-26 22:00:00+00:00,Multan,33.2,29,1000.4,2.97,68.2,84.3,887.0,59.7,7.4,25.0,121
2026-05-26 23:00:00+00:00,Multan,32.8,29,1000.5,2.44,72.4,88.7,814.0,69.2,7.8,11.0,123
2026-05-27 00:00:00+00:00,Multan,32.9,25,1000.7,3.15,55.5,68.2,740.0,44.3,6.0,32.0,125
2026-05-27 01:00:00+00:00,Multan,32.1,26,1001.5,3.58,46.2,57.7,675.0,36.6,5.5,43.0,125
2026-05-27 02:00:00+00:00,Multan,33.2,26,1001.8,3.25,37.1,48.7,609.0,25.8,4.9,59.0,124
2026-05-27 03:00:00+00:00,Multan,35.1,24,1001.9,2.95,30.9,40.6,554.0,16.7,5.3,80.0,122
2026-05-27 04:00:00+00:00,Multan,37.2,21,1002.6,2.37,23.5,31.3,518.0,11.1,7.5,108.0,120
2026-05-27 05:00:00+00:00,Multan,38.5,20,1002.5,2.55,24.3,36.9,494.0,7.3,10.6,141.0,119
2026-05-27 06:00:00+00:00,Multan,40.5,19,1002.4,2.5,26.7,44.0,463.0,4.6,13.4,172.0,117
2026-05-27 07:00:00+00:00,Multan,41.8,17,1001.9,2.72,28.7,46.8,414.0,3.3,15.6,200.0,116
2026-05-27 08:00:00+00:00,Multan,42.9,15,1001.2,2.75,31.8,53.6,360.0,3.2,17.4,225.0,116
2026-05-27 09:00:00+00:00,Multan,43.5,15,1000.4,2.05,32.4,61.0,322.0,3.4,18.3,240.0,116
2026-05-27 10:00:00+00:00,Multan,44.0,15,999.5,1.49,31.4,64.7,282.0,2.9,17.8,241.0,127
2026-05-27 11:00:00+00:00,Multan,44.3,13,999.0,1.28,30.3,65.4,258.0,2.7,16.5,232.0,162
2026-05-27 12:00:00+00:00,Multan,45.2,9,998.2,1.03,17.1,39.1,326.0,4.2,10.2,176.0,186
2026-05-27 13:00:00+00:00,Multan,44.3,9,998.7,0.54,25.2,41.2,577.0,12.1,10.1,153.0,197
2026-05-27 14:00:00+00:00,Multan,42.0,13,999.0,0.86,39.9,54.9,919.0,23.0,9.9,122.0,199
2026-05-27 15:00:00+00:00,Multan,40.7,16,999.7,0.69,45.6,61.5,1158.0,31.2,9.8,97.0,191
2026-05-27 16:00:00+00:00,Multan,40.2,16,1000.1,1.01,46.3,62.9,1203.0,33.8,9.8,85.0,174
2026-05-27 17:00:00+00:00,Multan,38.4,18,1000.4,2.35,49.1,67.1,1145.0,33.7,9.8,79.0,152
2026-05-27 18:00:00+00:00,Multan,37.2,22,999.8,2.4,55.9,74.7,1057.0,33.7,9.6,73.0,119
2026-05-27 19:00:00+00:00,Multan,35.5,28,999.5,2.55,61.2,79.9,931.0,34.8,9.2,63.0,117
2026-05-27 20:00:00+00:00,Multan,34.6,29,999.3,3.65,61.5,76.6,775.0,36.0,8.5,53.0,117
2026-05-27 21:00:00+00:00,Multan,34.6,26,998.5,3.97,55.5,70.1,691.0,36.6,8.0,45.0,116
2026-05-27 22:00:00+00:00,Multan,34.9,27,998.3,3.34,51.8,66.8,756.0,36.8,7.4,38.0,115
2026-05-27 23:00:00+00:00,Multan,33.4,33,998.6,0.4,48.9,64.0,893.0,36.4,6.9,33.0,113
2026-05-28 00:00:00+00:00,Multan,33.3,39,997.7,3.27,48.3,68.7,971.0,32.7,7.0,38.0,111
2026-05-28 01:00:00+00:00,Multan,32.6,41,998.1,2.73,48.5,66.8,926.0,31.0,7.9,47.0,110
2026-05-28 02:00:00+00:00,Multan,33.2,40,999.2,2.19,52.4,66.6,824.0,28.4,9.3,61.0,110
2026-05-28 03:00:00+00:00,Multan,33.9,38,999.8,2.6,53.4,68.7,726.0,24.5,11.1,86.0,112
2026-05-28 04:00:00+00:00,Multan,35.2,37,1000.1,3.18,49.8,65.4,653.0,18.3,14.0,133.0,114
2026-05-28 05:00:00+00:00,Multan,37.6,32,1000.2,3.01,43.5,59.3,585.0,10.8,17.3,191.0,117
2026-05-28 06:00:00+00:00,Multan,40.4,27,1000.1,3.26,38.8,58.0,529.0,5.1,18.7,228.0,119
2026-05-28 07:00:00+00:00,Multan,41.8,24,999.8,3.2,34.2,58.0,491.0,2.7,16.6,228.0,120
2026-05-28 08:00:00+00:00,Multan,43.1,21,999.1,3.69,31.3,56.6,465.0,2.1,12.6,208.0,121
2026-05-28 09:00:00+00:00,Multan,43.7,16,998.8,4.58,29.1,58.3,437.0,2.0,9.2,189.0,121
2026-05-28 10:00:00+00:00,Multan,43.3,15,998.5,4.43,28.6,60.1,396.0,1.5,7.4,177.0,148
2026-05-28 11:00:00+00:00,Multan,43.1,13,998.0,3.97,26.7,57.3,354.0,1.5,6.3,166.0,167
2026-05-28 12:00:00+00:00,Multan,43.9,12,997.1,3.29,14.6,36.7,331.0,3.0,4.9,138.0,180
2026-05-28 13:00:00+00:00,Multan,43.0,12,997.5,2.42,20.4,34.6,338.0,12.5,5.6,118.0,181
2026-05-28 14:00:00+00:00,Multan,41.6,14,997.9,0.86,32.7,46.7,365.0,25.3,6.6,90.0,169
2026-05-28 15:00:00+00:00,Multan,39.7,15,998.6,1.55,43.9,57.4,400.0,33.6,7.5,72.0,146
2026-05-28 16:00:00+00:00,Multan,38.1,19,999.4,2.62,45.5,57.7,452.0,32.8,8.2,74.0,118
2026-05-28 17:00:00+00:00,Multan,37.1,22,1000.0,3.29,43.2,53.0,513.0,27.4,8.9,85.0,118
2026-05-28 18:00:00+00:00,Multan,36.5,25,999.6,3.36,39.0,47.5,541.0,23.1,9.2,91.0,117
2026-05-28 19:00:00+00:00,Multan,35.3,27,999.4,3.33,35.3,44.0,508.0,22.0,8.9,86.0,116
2026-05-28 20:00:00+00:00,Multan,34.7,27,999.1,3.2,33.9,42.5,442.0,22.0,8.3,75.0,113
2026-05-28 21:00:00+00:00,Multan,33.9,25,999.1,3.15,34.6,42.3,396.0,22.9,7.9,66.0,110
2026-05-28 22:00:00+00:00,Multan,32.6,26,999.1,3.24,42.7,78.2,382.0,25.7,8.0,58.0,108
2026-05-28 23:00:00+00:00,Multan,31.4,30,999.3,2.69,55.6,148.5,387.0,29.4,8.2,51.0,107
2026-05-29 00:00:00+00:00,Multan,31.1,40,999.0,0.85,56.7,102.0,421.0,35.2,7.9,32.0,108
2026-05-29 01:00:00+00:00,Multan,31.0,41,999.2,0.5,61.2,131.3,521.0,29.5,8.1,43.0,109
2026-05-29 02:00:00+00:00,Multan,32.5,38,999.3,1.28,66.8,157.9,651.0,21.5,8.3,60.0,110
2026-05-29 03:00:00+00:00,Multan,35.2,33,999.8,1.2,70.5,191.9,713.0,14.5,8.3,80.0,111
2026-05-29 04:00:00+00:00,Multan,37.6,28,1000.1,1.55,70.1,183.9,646.0,9.4,7.8,106.0,113
2026-05-29 05:00:00+00:00,Multan,39.9,25,999.8,2.1,66.4,177.0,510.0,5.2,6.9,135.0,115
2026-05-29 06:00:00+00:00,Multan,41.6,20,1000.2,2.15,63.6,236.6,392.0,2.3,6.1,155.0,118
2026-05-29 07:00:00+00:00,Multan,43.0,14,999.5,3.11,55.9,245.9,318.0,1.0,5.3,160.0,120
2026-05-29 08:00:00+00:00,Multan,43.5,11,999.0,3.47,46.2,204.9,261.0,1.0,4.4,157.0,123
2026-05-29 09:00:00+00:00,Multan,43.1,11,998.3,3.58,41.8,183.0,224.0,1.3,3.8,153.0,124
2026-05-29 10:00:00+00:00,Multan,42.4,11,997.9,3.37,38.8,167.2,211.0,1.5,3.4,153.0,125
2026-05-29 11:00:00+00:00,Multan,42.7,11,997.4,2.95,35.0,145.8,219.0,1.9,3.3,152.0,126
2026-05-29 12:00:00+00:00,Multan,42.6,12,996.6,4.35,18.6,55.2,237.0,3.1,3.9,159.0,127
2026-05-29 13:00:00+00:00,Multan,41.5,13,996.8,3.95,27.6,61.5,272.0,6.2,4.1,143.0,128
2026-05-29 14:00:00+00:00,Multan,39.6,15,997.3,3.63,35.7,80.6,319.0,10.5,4.4,122.0,129
2026-05-29 15:00:00+00:00,Multan,38.3,16,997.8,3.99,38.5,88.9,349.0,13.5,4.7,106.0,129
2026-05-29 16:00:00+00:00,Multan,37.3,16,998.5,3.65,36.0,83.4,351.0,13.9,5.0,102.0,128
2026-05-29 17:00:00+00:00,Multan,36.6,15,999.4,3.51,33.8,67.3,338.0,13.0,5.3,103.0,127
2026-05-29 18:00:00+00:00,Multan,36.4,20,999.0,4.85,34.0,68.0,318.0,12.1,5.8,104.0,126
2026-05-29 19:00:00+00:00,Multan,35.6,21,999.0,4.73,58.8,170.9,286.0,11.5,6.6,101.0,126
2026-05-29 20:00:00+00:00,Multan,34.8,21,999.1,5.52,74.7,228.6,247.0,10.9,7.6,96.0,128
2026-05-29 21:00:00+00:00,Multan,33.4,28,999.0,5.08,86.4,285.0,230.0,10.3,8.1,93.0,132
2026-05-29 22:00:00+00:00,Multan,32.7,33,998.9,4.49,98.0,326.0,251.0,9.9,7.7,91.0,138
2026-05-29 23:00:00+00:00,Multan,32.1,36,999.2,4.58,104.3,333.4,294.0,9.6,6.9,89.0,144
2026-05-30 00:00:00+00:00,Multan,31.1,38,999.8,1.13,96.2,291.5,335.0,10.0,5.0,84.0,149
2026-05-30 01:00:00+00:00,Multan,30.8,39,1000.0,1.76,96.2,282.2,375.0,9.9,4.9,84.0,151
2026-05-30 02:00:00+00:00,Multan,32.1,37,1000.8,1.88,92.4,257.0,412.0,9.7,4.7,85.0,152
2026-05-30 03:00:00+00:00,Multan,34.0,36,1001.9,3.23,81.3,244.9,424.0,8.8,4.5,90.0,153
2026-05-30 04:00:00+00:00,Multan,32.1,38,1003.8,7.83,69.2,210.0,389.0,6.7,4.2,103.0,153
2026-05-30 05:00:00+00:00,Multan,34.1,37,1003.9,5.07,66.1,204.9,328.0,4.0,3.8,119.0,153
2026-05-30 06:00:00+00:00,Multan,37.2,29,1002.7,6.02,66.1,208.6,279.0,2.0,3.5,131.0,153
2026-05-30 07:00:00+00:00,Multan,38.3,28,1002.7,5.79,65.7,212.3,256.0,1.5,3.5,135.0,153
2026-05-30 08:00:00+00:00,Multan,37.9,29,1002.3,5.26,65.0,215.6,245.0,1.8,3.6,134.0,153
2026-05-30 09:00:00+00:00,Multan,38.4,31,1002.4,4.53,61.5,177.9,242.0,2.2,3.7,133.0,154
2026-05-30 10:00:00+00:00,Multan,35.1,35,1003.4,2.69,61.5,178.8,248.0,1.9,3.6,133.0,154
2026-05-30 11:00:00+00:00,Multan,33.9,37,1002.8,4.83,61.0,196.0,261.0,1.6,3.5,133.0,155
2026-05-30 12:00:00+00:00,Multan,36.6,34,1001.7,3.8,84.1,271.0,278.0,2.6,4.0,141.0,156
2026-05-30 13:00:00+00:00,Multan,36.0,35,1001.7,3.16,82.2,266.4,292.0,5.6,4.4,130.0,158
2026-05-30 14:00:00+00:00,Multan,35.5,33,1002.6,4.13,79.4,216.5,309.0,9.8,5.0,115.0,159
2026-05-30 15:00:00+00:00,Multan,33.3,37,1003.3,4.96,77.1,188.1,340.0,12.9,5.4,104.0,161
2026-05-30 16:00:00+00:00,Multan,32.3,41,1004.1,4.04,70.5,157.4,396.0,13.8,5.5,100.0,162
2026-05-30 17:00:00+00:00,Multan,31.5,43,1004.8,3.93,61.0,129.5,467.0,13.6,5.5,99.0,163
2026-05-30 18:00:00+00:00,Multan,31.3,43,1004.3,3.99,52.6,106.9,533.0,13.2,5.6,99.0,164
2026-05-30 19:00:00+00:00,Multan,30.5,45,1004.4,3.29,46.0,92.2,590.0,12.9,5.8,99.0,164
2026-05-30 20:00:00+00:00,Multan,29.9,46,1004.1,3.0,41.0,83.1,642.0,12.5,6.0,99.0,164
2026-05-30 21:00:00+00:00,Multan,29.4,48,1004.3,2.29,37.0,78.7,679.0,12.2,6.3,98.0,163
2026-05-30 22:00:00+00:00,Multan,28.8,49,1004.1,2.34,34.6,78.7,701.0,12.4,6.8,96.0,161
2026-05-30 23:00:00+00:00,Multan,28.3,51,1004.4,2.36,33.5,81.5,708.0,12.9,7.5,92.0,160
2026-05-31 00:00:00+00:00,Multan,28.4,50,1004.7,2.22,55.3,164.8,688.0,14.5,8.2,84.0,157
2026-05-31 01:00:00+00:00,Multan,28.1,52,1005.2,2.36,55.6,167.2,627.0,13.8,9.2,88.0,156
2026-05-31 02:00:00+00:00,Multan,29.0,51,1005.7,2.25,58.2,190.0,540.0,12.6,10.6,94.0,155
2026-05-31 03:00:00+00:00,Multan,30.7,47,1006.6,2.5,68.0,270.1,458.0,10.9,11.1,103.0,154
2026-05-31 04:00:00+00:00,Multan,32.5,42,1007.0,2.69,71.7,291.5,387.0,8.0,10.1,119.0,154
2026-05-31 05:00:00+00:00,Multan,34.1,38,1006.9,2.55,65.9,261.7,321.0,4.5,8.2,139.0,154
2026-05-31 06:00:00+00:00,Multan,34.9,35,1007.3,2.26,62.4,249.6,272.0,1.9,6.6,152.0,154
2026-05-31 07:00:00+00:00,Multan,35.9,34,1006.9,2.26,57.6,232.4,249.0,1.0,5.4,154.0,154
2026-05-31 08:00:00+00:00,Multan,36.7,32,1006.1,2.31,53.9,217.0,244.0,1.0,4.5,151.0,153
2026-05-31 09:00:00+00:00,Multan,37.2,32,1005.3,2.15,52.3,207.7,245.0,1.1,3.8,147.0,153
2026-05-31 10:00:00+00:00,Multan,37.5,31,1004.6,2.21,51.8,203.5,249.0,0.9,3.5,147.0,153
2026-05-31 11:00:00+00:00,Multan,37.4,32,1004.3,2.48,51.3,197.0,259.0,0.9,3.6,147.0,152
2026-05-31 12:00:00+00:00,Multan,36.9,32,1004.5,3.3,47.7,175.6,274.0,1.8,3.9,141.0,152
2026-05-31 13:00:00+00:00,Multan,35.9,34,1004.4,3.26,47.3,159.7,292.0,4.6,4.3,131.0,151
2026-05-31 14:00:00+00:00,Multan,35.2,36,1004.6,2.75,48.3,114.6,314.0,8.4,4.8,118.0,150
2026-05-31 15:00:00+00:00,Multan,34.5,38,1004.9,2.7,49.2,104.3,345.0,11.4,5.3,107.0,147
2026-05-31 16:00:00+00:00,Multan,33.9,39,1005.4,2.03,49.2,99.2,394.0,12.8,5.6,103.0,144
2026-05-31 17:00:00+00:00,Multan,33.3,41,1006.0,2.26,50.5,97.6,452.0,13.3,5.9,102.0,142
2026-05-31 18:00:00+00:00,Multan,33.2,42,1006.0,2.08,52.3,98.3,492.0,13.9,6.1,100.0,141
2026-05-31 19:00:00+00:00,Multan,32.2,46,1005.5,2.33,53.3,98.3,498.0,15.0,6.2,94.0,140
2026-05-31 20:00:00+00:00,Multan,31.5,48,1005.4,2.49,54.9,99.9,486.0,16.1,6.3,87.0,141
2026-05-31 21:00:00+00:00,Multan,31.1,49,1005.0,2.58,56.8,102.7,482.0,16.6,6.5,82.0,143
2026-05-31 22:00:00+00:00,Multan,30.7,49,1004.7,2.63,59.1,113.6,497.0,16.0,6.7,80.0,145
2026-05-31 23:00:00+00:00,Multan,30.0,49,1004.9,2.46,66.8,156.9,520.0,14.8,7.0,81.0,147
2026-06-01 00:00:00+00:00,Multan,30.1,48,1005.0,2.46,72.6,195.1,538.0,15.7,7.7,79.0,150
2026-06-01 01:00:00+00:00,Multan,29.8,47,1005.4,2.53,86.1,262.6,557.0,14.7,8.6,83.0,151
2026-06-01 02:00:00+00:00,Multan,30.7,44,1006.0,2.38,107.6,380.0,571.0,13.2,9.8,89.0,152
2026-06-01 03:00:00+00:00,Multan,32.5,41,1006.2,2.14,129.5,501.1,557.0,11.1,10.6,100.0,153
2026-06-01 04:00:00+00:00,Multan,34.9,36,1006.5,2.34,136.4,551.3,489.0,8.0,10.6,121.0,155
2026-06-01 05:00:00+00:00,Multan,36.8,32,1006.5,2.37,124.3,493.6,392.0,4.4,10.1,147.0,157
2026-06-01 06:00:00+00:00,Multan,37.8,30,1006.3,1.84,104.1,396.7,318.0,1.8,9.5,163.0,159
2026-06-01 07:00:00+00:00,Multan,39.3,28,1005.7,1.37,89.4,339.9,290.0,0.9,8.6,162.0,160
2026-06-01 08:00:00+00:00,Multan,39.9,26,1005.1,1.12,82.2,311.1,286.0,1.0,7.5,152.0,161
2026-06-01 09:00:00+00:00,Multan,39.2,28,1004.5,1.96,76.4,285.0,287.0,1.3,6.6,143.0,162
2026-06-01 10:00:00+00:00,Multan,39.3,28,1003.6,2.91,74.7,272.9,285.0,1.2,6.1,140.0,162
2026-06-01 11:00:00+00:00,Multan,39.1,29,1003.2,2.9,71.2,253.3,289.0,1.2,5.8,139.0,163
2026-06-01 12:00:00+00:00,Multan,39.6,27,1002.3,1.52,61.2,208.2,308.0,2.4,6.0,137.0,164
2026-06-01 13:00:00+00:00,Multan,39.0,28,1002.5,2.65,60.3,197.4,348.0,6.8,6.2,122.0,164
2026-06-01 14:00:00+00:00,Multan,37.2,32,1003.2,4.05,63.3,149.9,402.0,12.8,6.5,102.0,164
2026-06-01 15:00:00+00:00,Multan,36.0,35,1003.5,3.7,67.5,143.4,459.0,17.2,6.7,87.0,165
2026-06-01 16:00:00+00:00,Multan,35.2,37,1004.3,3.36,68.9,140.6,529.0,18.5,6.9,82.0,165
2026-06-01 17:00:00+00:00,Multan,34.5,38,1005.3,2.45,68.0,129.9,603.0,18.3,7.0,82.0,166
2026-06-01 18:00:00+00:00,Multan,34.4,39,1005.4,2.02,63.6,111.3,640.0,17.9,7.1,82.0,167
2026-06-01 19:00:00+00:00,Multan,33.2,43,1004.9,2.67,56.5,90.1,608.0,18.0,7.1,80.0,167
2026-06-01 20:00:00+00:00,Multan,32.4,44,1004.6,2.9,50.8,71.9,538.0,18.0,7.0,77.0,167
2026-06-01 21:00:00+00:00,Multan,31.8,43,1004.3,2.76,46.0,58.7,488.0,17.6,7.0,77.0,167
2026-06-01 22:00:00+00:00,Multan,31.4,43,1004.7,2.5,40.0,48.7,484.0,16.6,7.3,80.0,167
2026-06-01 23:00:00+00:00,Multan,31.0,44,1004.9,2.41,35.9,50.9,500.0,15.2,7.7,84.0,166
2026-06-02 00:00:00+00:00,Multan,31.4,46,1004.8,2.55,44.2,86.8,509.0,20.1,7.7,67.0,165
2026-06-02 01:00:00+00:00,Multan,31.1,47,1005.1,2.8,45.4,102.0,506.0,18.3,8.4,77.0,164
2026-06-02 02:00:00+00:00,Multan,32.2,43,1005.6,2.41,53.6,167.2,497.0,15.7,9.3,92.0,163
2026-06-02 03:00:00+00:00,Multan,34.2,38,1006.0,2.39,78.5,351.1,476.0,12.7,9.7,109.0,161
2026-06-02 04:00:00+00:00,Multan,36.4,32,1006.2,2.84,102.4,480.6,431.0,8.9,9.2,129.0,160
2026-06-02 05:00:00+00:00,Multan,38.1,28,1006.0,2.93,91.0,405.1,372.0,4.7,8.1,150.0,159
2026-06-02 06:00:00+00:00,Multan,39.2,25,1006.2,2.08,79.2,320.4,330.0,1.7,7.3,164.0,158
2026-06-02 07:00:00+00:00,Multan,40.0,24,1005.1,2.4,75.0,290.6,316.0,0.7,6.9,164.0,157
2026-06-02 08:00:00+00:00,Multan,40.5,24,1004.2,2.73,72.4,278.5,318.0,0.9,6.6,157.0,157
2026-06-02 09:00:00+00:00,Multan,40.8,23,1003.4,2.95,70.5,271.0,324.0,1.3,6.5,150.0,156
2026-06-02 10:00:00+00:00,Multan,40.0,24,1002.7,3.51,69.8,266.4,328.0,0.6,6.3,149.0,156
2026-06-02 11:00:00+00:00,Multan,39.6,25,1002.0,3.58,70.3,267.3,335.0,0.2,6.3,149.0,156
2026-06-02 12:00:00+00:00,Multan,40.2,23,1001.4,3.26,59.4,224.0,353.0,2.9,6.0,143.0,156
2026-06-02 13:00:00+00:00,Multan,38.6,26,1001.1,3.99,60.5,215.1,383.0,8.2,6.3,128.0,156
2026-06-02 14:00:00+00:00,Multan,37.6,28,1001.3,2.44,69.4,185.3,423.0,15.5,6.7,107.0,156
2026-06-02 15:00:00+00:00,Multan,36.4,32,1001.8,2.49,78.0,198.8,476.0,20.9,6.9,91.0,156
2026-06-02 16:00:00+00:00,Multan,35.5,35,1002.8,2.61,83.6,218.4,552.0,22.6,6.9,85.0,156
2026-06-02 17:00:00+00:00,Multan,34.8,38,1003.0,2.98,88.9,231.9,641.0,22.4,6.9,84.0,157
2026-06-02 18:00:00+00:00,Multan,34.7,37,1003.0,2.26,90.3,238.0,708.0,21.9,6.6,83.0,158
2026-06-02 19:00:00+00:00,Multan,33.7,38,1003.3,2.21,84.5,233.8,742.0,21.7,5.9,80.0,158
2026-06-02 20:00:00+00:00,Multan,33.3,37,1002.7,3.1,79.6,221.7,755.0,21.1,5.1,78.0,159
2026-06-02 21:00:00+00:00,Multan,33.0,36,1002.7,2.72,76.4,198.8,745.0,20.2,4.7,76.0,160
2026-06-02 22:00:00+00:00,Multan,32.5,36,1002.5,2.8,66.8,154.1,699.0,18.8,5.2,75.0,161
2026-06-02 23:00:00+00:00,Multan,32.2,36,1002.0,2.94,57.7,128.5,630.0,17.0,6.1,74.0,162
2026-06-03 00:00:00+00:00,Multan,31.0,43,1002.2,2.32,58.8,137.4,577.0,18.0,4.8,71.0,162
2026-06-03 01:00:00+00:00,Multan,30.6,44,1002.6,2.53,56.9,143.0,567.0,17.1,6.6,74.0,163
2026-06-03 02:00:00+00:00,Multan,32.0,41,1002.9,2.1,60.8,175.6,572.0,15.8,9.0,80.0,163
2026-06-03 03:00:00+00:00,Multan,34.3,36,1002.8,2.13,69.4,256.1,551.0,13.6,10.5,91.0,163
2026-06-03 04:00:00+00:00,Multan,36.7,31,1002.9,2.62,74.7,303.6,473.0,9.8,10.3,113.0,163
2026-06-03 05:00:00+00:00,Multan,38.4,28,1002.5,3.08,69.6,282.2,368.0,5.1,9.2,140.0,162
2026-06-03 06:00:00+00:00,Multan,39.2,26,1003.0,2.73,61.7,231.9,288.0,1.7,8.2,158.0,162
2026-06-03 07:00:00+00:00,Multan,40.1,25,1002.1,2.7,56.0,197.9,256.0,0.7,7.5,158.0,161
2026-06-03 08:00:00+00:00,Multan,40.9,24,1001.1,2.75,51.8,177.0,249.0,0.9,6.8,149.0,161
2026-06-03 09:00:00+00:00,Multan,41.3,23,999.8,2.91,48.8,160.7,249.0,1.4,6.2,140.0,160
2026-06-03 10:00:00+00:00,Multan,41.3,23,998.8,2.93,46.2,146.2,249.0,0.3,5.7,137.0,159
2026-06-03 11:00:00+00:00,Multan,41.3,22,998.7,2.74,44.0,132.2,257.0,0.0,5.2,135.0,159
2026-06-03 12:00:00+00:00,Multan,40.7,20,998.2,2.82,38.6,120.6,277.0,2.6,5.5,133.0,158
2026-06-03 13:00:00+00:00,Multan,40.5,21,998.0,1.37,40.9,102.9,312.0,16.2,7.5,110.0,157
2026-06-03 14:00:00+00:00,Multan,39.4,24,997.7,2.32,58.9,114.8,359.0,35.1,10.2,77.0,157
2026-06-03 15:00:00+00:00,Multan,38.1,27,998.0,2.28,73.8,129.9,412.0,51.1,12.3,50.0,156
2026-06-03 16:00:00+00:00,Multan,37.5,28,998.4,0.76,92.2,150.9,481.0,63.2,13.5,31.0,156
2026-06-03 17:00:00+00:00,Multan,36.9,28,998.9,1.45,112.0,171.8,556.0,72.4,14.2,17.0,156
2026-06-03 18:00:00+00:00,Multan,36.4,30,999.2,2.62,108.0,163.9,601.0,73.0,13.7,13.0,157
2026-06-03 19:00:00+00:00,Multan,35.2,32,998.4,2.06,75.9,126.7,597.0,58.3,11.2,26.0,158
2026-06-03 20:00:00+00:00,Multan,34.0,36,998.0,2.26,58.9,117.3,563.0,34.9,7.5,50.0,157
2026-06-03 21:00:00+00:00,Multan,32.9,40,997.5,2.58,51.5,112.0,521.0,17.3,4.9,68.0,157
2026-06-03 22:00:00+00:00,Multan,32.3,41,997.3,2.51,48.1,106.9,464.0,12.0,4.4,72.0,156
2026-06-03 23:00:00+00:00,Multan,31.9,42,997.5,2.94,46.8,102.4,398.0,12.4,4.9,69.0,155
2026-06-04 00:00:00+00:00,Multan,31.7,45,998.1,2.8,42.3,87.1,366.0,16.4,3.8,48.0,155
2026-06-04 01:00:00+00:00,Multan,30.3,50,999.3,2.75,38.6,69.4,405.0,15.4,4.2,53.0,155
2026-06-04 02:00:00+00:00,Multan,28.3,58,999.0,3.47,38.1,55.1,477.0,13.9,4.9,60.0,154
2026-06-04 03:00:00+00:00,Multan,32.3,45,998.7,2.59,32.0,43.5,509.0,11.9,5.7,72.0,153
2026-06-04 04:00:00+00:00,Multan,34.5,40,999.0,3.28,31.4,47.1,455.0,8.8,7.1,96.0,152
2026-06-04 05:00:00+00:00,Multan,35.8,38,998.9,3.04,35.5,68.9,360.0,5.1,8.7,124.0,151
2026-06-04 06:00:00+00:00,Multan,38.3,31,999.0,2.5,34.5,73.8,288.0,2.3,9.2,142.0,150
2026-06-04 07:00:00+00:00,Multan,39.7,28,998.5,2.08,29.3,68.2,268.0,1.2,7.6,138.0,147
2026-06-04 08:00:00+00:00,Multan,41.0,24,997.8,1.06,27.1,70.5,272.0,1.0,4.8,124.0,144
2026-06-04 09:00:00+00:00,Multan,41.7,22,997.2,1.3,27.0,77.1,273.0,1.3,2.9,112.0,142
2026-06-04 10:00:00+00:00,Multan,39.5,25,997.3,2.92,28.1,85.0,259.0,1.6,2.6,110.0,140
2026-06-04 11:00:00+00:00,Multan,39.7,25,996.9,2.39,29.2,90.6,242.0,2.4,3.0,111.0,138
2026-06-04 12:00:00+00:00,Multan,39.7,23,995.9,4.62,37.0,92.7,242.0,4.7,8.5,136.0,136
2026-06-04 13:00:00+00:00,Multan,37.7,31,996.2,4.99,37.6,68.7,266.0,6.9,8.5,127.0,136
2026-06-04 14:00:00+00:00,Multan,35.2,36,997.8,5.14,39.3,62.4,305.0,10.1,8.4,114.0,136
2026-06-04 15:00:00+00:00,Multan,33.2,41,998.9,4.92,39.7,63.1,354.0,13.1,8.3,102.0,134
2026-06-04 16:00:00+00:00,Multan,32.0,43,999.6,3.86,41.1,63.1,423.0,15.8,8.1,90.0,130
2026-06-04 17:00:00+00:00,Multan,31.0,46,1000.5,3.43,44.6,66.8,501.0,18.3,7.9,79.0,125
2026-06-04 18:00:00+00:00,Multan,30.0,49,1000.3,2.85,48.9,72.2,550.0,20.2,7.8,70.0,118
2026-06-04 19:00:00+00:00,Multan,29.2,52,1000.6,1.9,50.3,71.9,547.0,21.4,7.6,65.0,112
2026-06-04 20:00:00+00:00,Multan,28.9,53,1000.6,1.57,51.0,70.5,515.0,22.0,7.5,62.0,109
2026-06-04 21:00:00+00:00,Multan,28.4,54,1000.6,2.1,51.9,68.9,483.0,22.1,7.7,61.0,108
2026-06-04 22:00:00+00:00,Multan,27.9,57,1000.9,1.86,54.7,70.1,452.0,21.6,8.6,60.0,108
2026-06-04 23:00:00+00:00,Multan,27.4,60,1000.8,1.89,57.7,71.2,421.0,20.6,9.8,61.0,109
2026-06-05 00:00:00+00:00,Multan,27.3,58,1000.7,1.6,70.1,126.7,412.0,24.1,10.1,66.0,110
2026-06-05 01:00:00+00:00,Multan,26.8,61,1001.3,1.65,69.8,123.4,447.0,20.0,11.2,85.0,113
2026-06-05 02:00:00+00:00,Multan,27.8,57,1001.7,1.66,74.5,162.1,504.0,14.2,12.6,111.0,116
2026-06-05 03:00:00+00:00,Multan,29.4,52,1002.1,1.73,87.1,269.2,536.0,9.3,13.3,134.0,120
2026-06-05 04:00:00+00:00,Multan,31.4,46,1002.2,1.69,91.0,294.3,518.0,6.2,12.5,150.0,126
2026-06-05 05:00:00+00:00,Multan,33.4,41,1001.9,1.69,91.3,295.2,476.0,4.0,11.0,163.0,132
2026-06-05 06:00:00+00:00,Multan,34.9,35,1002.2,1.44,93.1,316.6,440.0,2.4,9.4,170.0,138
2026-06-05 07:00:00+00:00,Multan,36.6,32,1001.9,0.97,95.7,341.8,420.0,1.6,8.0,167.0,144
2026-06-05 08:00:00+00:00,Multan,37.7,29,1001.0,0.76,95.9,356.7,407.0,1.4,6.7,158.0,150
2026-06-05 09:00:00+00:00,Multan,38.6,27,1000.1,0.79,92.4,344.6,396.0,1.5,5.6,149.0,152
2026-06-05 10:00:00+00:00,Multan,38.9,27,999.2,1.86,86.1,317.6,383.0,1.2,5.0,144.0,154
2026-06-05 11:00:00+00:00,Multan,38.6,28,998.5,2.11,81.0,293.4,374.0,1.2,4.6,139.0,156
2026-06-05 12:00:00+00:00,Multan,38.8,29,998.0,2.34,70.5,257.0,382.0,2.7,5.5,145.0,157
2026-06-05 13:00:00+00:00,Multan,38.0,30,998.3,2.37,68.2,231.0,420.0,7.1,5.6,127.0,158
2026-06-05 14:00:00+00:00,Multan,37.1,31,998.9,2.4,69.8,168.6,476.0,13.1,5.8,102.0,159
2026-06-05 15:00:00+00:00,Multan,36.0,36,999.4,2.36,70.1,152.3,528.0,17.4,6.0,84.0,160
2026-06-05 16:00:00+00:00,Multan,35.1,41,1000.0,1.92,66.1,132.2,576.0,18.0,6.2,80.0,161
2026-06-05 17:00:00+00:00,Multan,33.9,46,1000.3,2.49,60.8,109.4,620.0,16.9,6.5,83.0,162
2026-06-05 18:00:00+00:00,Multan,34.2,47,1000.3,2.55,54.8,89.4,638.0,16.1,6.7,85.0,162
2026-06-05 19:00:00+00:00,Multan,33.1,50,1000.4,2.55,49.0,73.6,604.0,16.4,6.8,84.0,163
2026-06-05 20:00:00+00:00,Multan,32.4,50,1000.3,2.72,48.0,68.2,543.0,17.0,6.7,81.0,163
2026-06-05 21:00:00+00:00,Multan,31.7,51,999.6,2.65,47.8,65.4,508.0,17.9,6.8,78.0,162
2026-06-05 22:00:00+00:00,Multan,30.9,53,999.5,2.35,48.5,64.0,525.0,19.5,7.0,71.0,162
2026-06-05 23:00:00+00:00,Multan,29.6,54,1001.1,4.73,48.7,62.4,569.0,21.3,7.2,64.0,162
2026-06-06 00:00:00+00:00,Multan,31.2,51,1000.2,2.32,47.3,57.9,614.0,18.8,7.1,70.0,162
2026-06-06 01:00:00+00:00,Multan,29.2,52,1001.6,3.4,46.7,60.8,669.0,17.0,7.5,83.0,161
2026-06-06 02:00:00+00:00,Multan,30.3,48,1001.4,0.51,46.7,66.6,725.0,14.3,7.9,102.0,160
2026-06-06 03:00:00+00:00,Multan,32.7,42,1002.0,0.97,46.7,84.8,735.0,11.4,8.0,118.0,160
2026-06-06 04:00:00+00:00,Multan,35.4,36,1002.2,0.75,51.1,110.1,659.0,8.1,7.3,130.0,158
2026-06-06 05:00:00+00:00,Multan,37.7,31,1002.1,0.6,54.0,136.4,537.0,4.6,6.1,140.0,157
2026-06-06 06:00:00+00:00,Multan,38.6,28,1002.5,0.46,53.9,150.4,441.0,2.0,5.1,145.0,156
2026-06-06 07:00:00+00:00,Multan,40.1,24,1001.9,0.55,50.9,146.7,403.0,1.0,4.5,144.0,155
2026-06-06 08:00:00+00:00,Multan,41.0,23,1000.7,0.72,47.0,137.4,391.0,1.0,4.2,139.0,154
2026-06-06 09:00:00+00:00,Multan,41.6,21,999.8,1.24,45.3,134.6,381.0,1.3,3.9,134.0,152
2026-06-06 10:00:00+00:00,Multan,41.7,20,999.2,1.63,44.2,134.1,357.0,1.1,3.7,134.0,151
2026-06-06 11:00:00+00:00,Multan,41.8,18,998.9,0.65,43.7,134.6,336.0,1.2,3.7,135.0,148
2026-06-06 12:00:00+00:00,Multan,41.9,17,997.8,1.75,41.0,120.6,337.0,2.8,4.4,134.0,145
2026-06-06 13:00:00+00:00,Multan,40.4,21,998.1,1.88,42.1,118.3,381.0,10.0,4.7,114.0,141
2026-06-06 14:00:00+00:00,Multan,38.7,26,998.9,2.89,49.7,103.6,447.0,19.7,5.2,87.0,139
2026-06-06 15:00:00+00:00,Multan,37.7,29,999.5,2.2,59.0,107.8,503.0,26.2,5.5,67.0,137
2026-06-06 16:00:00+00:00,Multan,36.5,32,1000.2,2.55,61.9,109.0,535.0,25.7,5.6,64.0,136
2026-06-06 17:00:00+00:00,Multan,35.7,35,1000.6,2.41,60.1,103.8,555.0,21.8,5.5,69.0,135
2026-06-06 18:00:00+00:00,Multan,35.8,33,1000.8,1.86,57.5,96.9,567.0,19.7,5.6,71.0,135
2026-06-06 19:00:00+00:00,Multan,34.6,35,1000.8,1.82,55.5,90.8,566.0,21.7,5.9,67.0,135
2026-06-06 20:00:00+00:00,Multan,33.4,37,1000.9,1.6,56.5,89.6,557.0,25.4,6.3,61.0,136
2026-06-06 21:00:00+00:00,Multan,32.5,40,1000.7,1.24,60.3,93.1,560.0,29.0,6.5,54.0,137
2026-06-06 22:00:00+00:00,Multan,31.8,43,1000.5,0.56,63.6,94.1,592.0,32.8,6.4,43.0,138
2026-06-06 23:00:00+00:00,Multan,31.2,44,1000.7,0.36,63.1,85.9,638.0,36.3,6.2,32.0,140
2026-06-07 00:00:00+00:00,Multan,31.6,41,1001.1,0.96,58.6,94.3,667.0,26.6,5.7,44.0,141
2026-06-07 01:00:00+00:00,Multan,31.1,44,1001.5,1.19,59.1,92.0,672.0,23.6,6.1,53.0,142
2026-06-07 02:00:00+00:00,Multan,31.9,42,1001.9,0.87,59.6,93.8,661.0,19.4,6.6,66.0,144
2026-06-07 03:00:00+00:00,Multan,33.7,38,1002.1,0.91,59.6,118.5,633.0,15.0,6.7,82.0,145
2026-06-07 04:00:00+00:00,Multan,35.7,34,1002.1,0.49,59.1,142.5,577.0,10.4,6.0,103.0,146
2026-06-07 05:00:00+00:00,Multan,38.2,29,1001.9,0.16,60.3,154.6,502.0,5.8,4.9,126.0,147
2026-06-07 06:00:00+00:00,Multan,39.1,26,1002.3,0.5,57.5,161.6,439.0,2.4,4.1,142.0,148
2026-06-07 07:00:00+00:00,Multan,40.7,22,1001.7,0.81,53.7,157.9,396.0,1.1,3.9,146.0,148
2026-06-07 08:00:00+00:00,Multan,41.7,20,1000.9,1.06,49.9,148.5,364.0,1.1,4.0,143.0,149
2026-06-07 09:00:00+00:00,Multan,42.3,17,999.9,1.57,48.5,145.8,344.0,1.3,4.2,141.0,149
2026-06-07 10:00:00+00:00,Multan,42.5,16,999.3,1.9,48.1,148.1,338.0,0.8,4.4,144.0,149
2026-06-07 11:00:00+00:00,Multan,42.3,16,998.9,1.87,47.7,149.9,344.0,0.5,4.7,146.0,150
2026-06-07 12:00:00+00:00,Multan,43.2,10,998.0,0.76,30.7,88.9,352.0,2.4,5.6,152.0,150
2026-06-07 13:00:00+00:00,Multan,41.6,14,998.2,1.36,33.4,75.4,354.0,9.6,6.0,131.0,149
2026-06-07 14:00:00+00:00,Multan,39.3,23,998.6,3.3,44.0,80.6,359.0,19.4,6.5,102.0,148
2026-06-07 15:00:00+00:00,Multan,37.7,28,999.2,2.76,53.2,86.4,386.0,26.6,6.8,79.0,147
2026-06-07 16:00:00+00:00,Multan,36.5,31,999.7,2.4,56.2,88.2,454.0,28.6,6.8,69.0,147
2026-06-07 17:00:00+00:00,Multan,35.8,33,1000.0,1.84,57.2,87.5,544.0,28.0,6.7,65.0,146
2026-06-07 18:00:00+00:00,Multan,35.7,35,999.7,2.21,58.2,86.8,615.0,27.1,6.6,63.0,146
2026-06-07 19:00:00+00:00,Multan,34.4,39,999.4,2.3,56.1,83.1,648.0,26.0,6.5,61.0,146
2026-06-07 20:00:00+00:00,Multan,33.7,41,999.1,2.34,52.9,77.5,661.0,24.7,6.5,61.0,146
2026-06-07 21:00:00+00:00,Multan,33.3,42,998.6,1.96,49.7,72.2,670.0,24.8,6.6,60.0,146
2026-06-07 22:00:00+00:00,Multan,32.7,42,998.8,2.19,48.9,70.3,673.0,28.6,7.0,54.0,145
2026-06-07 23:00:00+00:00,Multan,31.5,45,999.0,1.07,51.6,74.5,670.0,34.0,7.5,47.0,143
2026-06-08 00:00:00+00:00,Multan,31.9,48,998.9,1.35,99.9,144.8,682.0,66.8,8.5,2.0,142
2026-06-08 01:00:00+00:00,Multan,31.1,50,999.4,2.48,95.9,144.8,737.0,53.4,7.9,21.0,146
2026-06-08 02:00:00+00:00,Multan,32.2,46,999.7,2.09,79.2,124.3,805.0,34.7,7.0,49.0,150
2026-06-08 03:00:00+00:00,Multan,34.6,38,999.8,1.9,61.5,124.3,817.0,19.5,6.4,78.0,151
2026-06-08 04:00:00+00:00,Multan,36.9,32,1000.0,2.25,51.9,110.8,718.0,11.2,6.3,108.0,151
2026-06-08 05:00:00+00:00,Multan,38.9,26,999.7,1.79,46.9,96.2,562.0,6.4,6.5,140.0,150
2026-06-08 06:00:00+00:00,Multan,40.8,22,999.7,1.37,45.5,89.9,442.0,3.2,7.0,164.0,150
2026-06-08 07:00:00+00:00,Multan,42.2,19,999.3,1.1,44.9,93.4,402.0,1.6,8.1,176.0,149
2026-06-08 08:00:00+00:00,Multan,43.2,16,998.4,0.96,45.6,108.0,398.0,1.6,9.5,180.0,148
2026-06-08 09:00:00+00:00,Multan,43.7,15,997.5,1.19,46.0,117.3,396.0,2.0,10.6,182.0,147
2026-06-08 10:00:00+00:00,Multan,43.8,15,997.1,1.2,45.4,119.2,370.0,0.6,11.2,188.0,147
2026-06-08 11:00:00+00:00,Multan,43.6,15,996.5,1.62,43.8,115.7,346.0,0.0,11.6,191.0,147
2026-06-08 12:00:00+00:00,Multan,43.7,15,996.1,1.85,35.7,87.1,371.0,3.6,13.0,189.0,149
2026-06-08 13:00:00+00:00,Multan,42.3,17,996.1,1.86,43.3,77.8,485.0,18.5,13.2,156.0,162
2026-06-08 14:00:00+00:00,Multan,40.8,20,996.3,1.6,64.7,98.5,648.0,39.4,13.4,111.0,165
2026-06-08 15:00:00+00:00,Multan,39.0,23,996.7,1.77,90.6,126.7,788.0,58.2,13.9,71.0,156
2026-06-08 16:00:00+00:00,Multan,37.6,27,997.1,1.77,113.6,150.9,883.0,73.4,14.9,43.0,151
2026-06-08 17:00:00+00:00,Multan,36.4,31,997.6,1.87,133.2,170.9,955.0,86.5,16.1,20.0,153
2026-06-08 18:00:00+00:00,Multan,35.9,36,997.1,2.25,145.3,183.0,993.0,93.7,16.4,5.0,155
2026-06-08 19:00:00+00:00,Multan,34.8,38,996.8,2.42,144.4,180.2,984.0,92.9,15.0,0.0,158
2026-06-08 20:00:00+00:00,Multan,33.9,40,996.4,2.57,134.1,168.6,941.0,86.2,12.8,0.0,160
2026-06-08 21:00:00+00:00,Multan,32.8,43,996.3,3.51,115.9,146.7,890.0,76.0,10.6,3.0,163
2026-06-08 22:00:00+00:00,Multan,32.6,42,996.2,3.33,93.6,122.9,844.0,60.8,8.7,11.0,165
2026-06-08 23:00:00+00:00,Multan,32.2,40,996.2,3.03,70.3,100.4,790.0,42.1,6.8,23.0,166
2026-06-09 00:00:00+00:00,Multan,32.9,41,996.0,2.85,40.7,66.6,720.0,18.7,6.0,47.0,167
2026-06-09 01:00:00+00:00,Multan,32.4,43,996.4,2.79,34.9,54.4,615.0,15.3,6.7,57.0,165
2026-06-09 02:00:00+00:00,Multan,33.5,39,996.9,3.1,34.5,51.7,493.0,10.6,7.8,73.0,163
2026-06-09 03:00:00+00:00,Multan,34.9,37,997.1,4.17,34.6,63.6,398.0,6.8,9.1,89.0,162
2026-06-09 04:00:00+00:00,Multan,36.4,36,997.4,4.44,38.0,76.1,349.0,4.8,10.9,107.0,161
2026-06-09 05:00:00+00:00,Multan,38.2,32,997.3,4.32,41.1,85.7,327.0,3.7,13.0,126.0,161
2026-06-09 06:00:00+00:00,Multan,40.0,29,997.4,4.29,42.5,89.6,313.0,2.9,14.5,142.0,160
2026-06-09 07:00:00+00:00,Multan,41.3,25,997.0,3.72,42.5,89.6,301.0,2.3,15.1,155.0,160
2026-06-09 08:00:00+00:00,Multan,42.4,22,996.2,2.98,41.0,86.4,298.0,2.1,15.3,165.0,160
2026-06-09 09:00:00+00:00,Multan,43.2,19,995.3,2.44,39.7,82.7,300.0,2.2,15.3,172.0,160
2026-06-09 10:00:00+00:00,Multan,43.6,18,994.7,1.77,37.6,77.5,295.0,1.0,15.3,178.0,160
2026-06-09 11:00:00+00:00,Multan,43.6,18,994.2,1.72,36.0,72.4,297.0,0.1,15.2,181.0,160
2026-06-09 12:00:00+00:00,Multan,44.2,18,993.4,1.51,33.6,64.3,341.0,3.8,15.0,172.0,159
2026-06-09 13:00:00+00:00,Multan,42.6,22,993.7,2.69,35.9,56.9,467.0,10.2,13.7,145.0,159
2026-06-09 14:00:00+00:00,Multan,41.1,27,994.4,1.73,43.5,61.0,636.0,19.4,12.0,107.0,159
2026-06-09 15:00:00+00:00,Multan,39.8,31,994.8,1.95,48.7,63.6,771.0,28.3,10.7,74.0,158
2026-06-09 16:00:00+00:00,Multan,39.1,32,995.2,1.84,52.7,66.4,858.0,37.4,10.7,52.0,157
2026-06-09 17:00:00+00:00,Multan,38.0,34,995.7,1.67,59.8,73.1,911.0,46.2,11.2,35.0,155
2026-06-09 18:00:00+00:00,Multan,38.0,37,995.2,2.49,68.0,81.0,893.0,50.3,11.0,25.0,153
2026-06-09 19:00:00+00:00,Multan,37.1,37,995.2,3.7,68.7,80.6,750.0,46.3,9.4,23.0,151
2026-06-09 20:00:00+00:00,Multan,36.5,36,994.9,3.9,58.9,70.5,536.0,37.6,7.1,26.0,145
2026-06-09 21:00:00+00:00,Multan,35.7,36,994.3,4.0,43.2,61.2,380.0,29.3,5.3,32.0,138
2026-06-09 22:00:00+00:00,Multan,34.9,40,994.2,3.76,35.5,57.6,344.0,23.1,4.3,38.0,130
2026-06-09 23:00:00+00:00,Multan,34.0,44,994.5,3.06,32.0,50.5,365.0,17.4,3.9,45.0,124
2026-06-10 00:00:00+00:00,Multan,34.3,50,994.5,2.51,31.2,49.4,381.0,14.1,4.5,51.0,120
2026-06-10 01:00:00+00:00,Multan,33.5,55,995.1,2.55,29.9,42.8,370.0,12.2,5.5,60.0,119
2026-06-10 02:00:00+00:00,Multan,34.7,53,995.7,1.96,31.2,42.0,354.0,9.5,7.0,73.0,118
2026-06-10 03:00:00+00:00,Multan,36.1,48,996.0,3.5,30.5,47.5,340.0,7.2,8.9,89.0,118
2026-06-10 04:00:00+00:00,Multan,37.6,43,996.0,4.05,33.2,52.9,327.0,5.7,11.5,108.0,118
2026-06-10 05:00:00+00:00,Multan,39.5,37,995.9,3.79,36.9,60.5,315.0,4.5,14.5,131.0,117
2026-06-10 06:00:00+00:00,Multan,40.9,32,996.5,3.06,40.6,73.3,309.0,3.6,16.8,150.0,117
2026-06-10 07:00:00+00:00,Multan,41.8,31,996.2,2.34,44.0,88.5,313.0,2.9,18.0,166.0,117
2026-06-10 08:00:00+00:00,Multan,42.6,30,995.3,1.95,46.7,103.8,324.0,2.4,18.5,179.0,117
2026-06-10 09:00:00+00:00,Multan,43.2,29,994.6,1.8,48.2,115.5,334.0,2.3,18.5,188.0,117
2026-06-10 10:00:00+00:00,Multan,43.4,29,993.9,1.78,48.7,125.3,331.0,1.4,18.0,193.0,118
2026-06-10 11:00:00+00:00,Multan,43.4,28,993.6,1.9,48.5,130.4,327.0,0.8,17.0,194.0,123
2026-06-10 12:00:00+00:00,Multan,44.1,23,993.1,2.02,45.2,113.9,351.0,3.8,16.3,188.0,145
2026-06-10 13:00:00+00:00,Multan,43.1,24,993.1,2.27,53.0,102.0,426.0,13.7,14.8,155.0,159
2026-06-10 14:00:00+00:00,Multan,42.0,25,993.2,2.45,66.8,110.1,530.0,27.3,12.6,109.0,163
2026-06-10 15:00:00+00:00,Multan,40.5,31,993.5,2.38,73.1,111.5,618.0,37.0,10.6,73.0,156
2026-06-10 16:00:00+00:00,Multan,38.6,36,994.1,2.37,73.6,109.7,684.0,39.2,9.1,55.0,139
2026-06-10 17:00:00+00:00,Multan,37.8,36,994.7,1.88,75.0,109.4,735.0,37.4,7.7,47.0,131
2026-06-10 18:00:00+00:00,Multan,36.6,38,994.4,2.41,75.2,109.9,753.0,34.8,6.7,43.0,132
2026-06-10 19:00:00+00:00,Multan,35.0,41,993.7,2.51,70.1,109.0,717.0,32.0,6.0,42.0,133
2026-06-10 20:00:00+00:00,Multan,34.4,38,993.2,3.13,64.5,104.5,649.0,28.5,5.6,44.0,133
2026-06-10 21:00:00+00:00,Multan,33.6,35,992.8,2.85,57.4,93.6,595.0,25.5,5.3,46.0,134
2026-06-10 22:00:00+00:00,Multan,32.6,35,992.7,2.02,47.7,76.1,568.0,23.5,5.1,43.0,135
2026-06-10 23:00:00+00:00,Multan,31.5,37,993.0,1.93,39.0,57.0,556.0,22.1,5.0,40.0,137
2026-06-11 00:00:00+00:00,Multan,32.0,41,993.5,2.25,72.4,122.9,568.0,35.5,5.4,24.0,137
2026-06-11 01:00:00+00:00,Multan,31.7,42,994.2,0.7,76.6,129.5,638.0,32.6,6.0,32.0,142
2026-06-11 02:00:00+00:00,Multan,32.9,39,994.8,0.8,80.6,136.4,732.0,28.2,6.9,46.0,146
2026-06-11 03:00:00+00:00,Multan,35.2,35,995.1,1.36,81.0,156.9,754.0,23.2,7.3,67.0,150
2026-06-11 04:00:00+00:00,Multan,37.9,31,995.2,2.21,79.4,161.1,632.0,16.8,7.0,105.0,152
2026-06-11 05:00:00+00:00,Multan,40.1,28,995.2,2.47,77.3,163.4,438.0,9.6,6.4,152.0,153
2026-06-11 06:00:00+00:00,Multan,41.1,23,995.7,2.97,73.3,165.3,292.0,4.3,5.7,184.0,155
2026-06-11 07:00:00+00:00,Multan,42.0,22,995.4,3.05,68.9,163.9,249.0,2.1,5.1,188.0,156
2026-06-11 08:00:00+00:00,Multan,42.8,20,994.8,2.87,64.5,158.8,254.0,1.7,4.5,178.0,156
2026-06-11 09:00:00+00:00,Multan,43.3,18,994.0,2.94,61.2,154.1,262.0,1.8,4.1,167.0,157
2026-06-11 10:00:00+00:00,Multan,43.5,17,993.8,2.69,58.6,149.9,255.0,0.5,3.9,163.0,157
2026-06-11 11:00:00+00:00,Multan,43.6,17,993.4,2.09,56.8,147.6,252.0,0.0,3.9,158.0,157
2026-06-11 12:00:00+00:00,Multan,44.0,19,992.4,1.75,57.5,159.7,264.0,3.6,4.7,144.0,158
2026-06-11 13:00:00+00:00,Multan,43.5,18,992.8,1.02,63.1,127.6,309.0,11.6,5.3,124.0,158
2026-06-11 14:00:00+00:00,Multan,41.6,21,993.2,3.2,72.9,131.8,368.0,22.5,6.1,96.0,158
2026-06-11 15:00:00+00:00,Multan,39.7,25,993.9,1.95,79.9,137.4,400.0,30.3,6.8,75.0,159
2026-06-11 16:00:00+00:00,Multan,38.6,27,995.0,1.86,86.6,149.5,377.0,32.4,7.2,66.0,159
2026-06-11 17:00:00+00:00,Multan,38.1,28,995.6,2.08,101.0,166.7,326.0,31.3,7.5,64.0,159
2026-06-11 18:00:00+00:00,Multan,38.0,27,995.0,3.86,88.0,151.3,289.0,28.3,7.7,68.0,160
2026-06-11 19:00:00+00:00,Multan,35.3,34,995.2,6.08,106.6,306.4,281.0,22.2,7.7,81.0,160
2026-06-11 20:00:00+00:00,Multan,33.0,40,995.7,6.56,154.6,534.6,287.0,14.2,7.7,99.0,161
2026-06-11 21:00:00+00:00,Multan,31.1,47,995.6,6.59,190.9,629.6,295.0,8.6,8.3,110.0,164
2026-06-11 22:00:00+00:00,Multan,29.8,54,996.0,5.19,220.7,711.5,303.0,7.8,10.0,107.0,168
2026-06-11 23:00:00+00:00,Multan,29.2,57,996.3,4.1,241.2,741.3,313.0,9.5,12.4,98.0,173
2026-06-12 00:00:00+00:00,Multan,29.4,59,997.0,3.42,212.3,599.8,326.0,7.9,12.1,96.0,179
2026-06-12 01:00:00+00:00,Multan,29.3,60,998.1,2.17,201.6,536.4,344.0,8.2,11.5,93.0,183
2026-06-12 02:00:00+00:00,Multan,30.3,58,999.3,1.8,196.5,529.0,364.0,8.5,10.7,89.0,187
2026-06-12 03:00:00+00:00,Multan,31.6,54,999.8,2.44,183.0,508.5,374.0,8.1,9.8,92.0,191
2026-06-12 04:00:00+00:00,Multan,33.3,49,1000.2,3.11,163.4,435.9,367.0,6.4,9.0,107.0,194
2026-06-12 05:00:00+00:00,Multan,35.0,45,1000.6,4.2,147.6,365.1,349.0,4.1,8.1,127.0,196
2026-06-12 06:00:00+00:00,Multan,35.3,43,1001.4,4.83,144.8,343.7,332.0,2.3,7.4,143.0,198
2026-06-12 07:00:00+00:00,Multan,36.7,40,1001.1,4.11,143.0,328.8,316.0,1.6,6.8,149.0,200
2026-06-12 08:00:00+00:00,Multan,37.8,38,1000.7,3.86,137.8,303.6,301.0,1.5,6.4,150.0,204
2026-06-12 09:00:00+00:00,Multan,38.4,36,1000.1,4.39,128.5,278.5,292.0,1.6,6.0,149.0,207
2026-06-12 10:00:00+00:00,Multan,38.6,36,999.6,4.62,120.6,258.0,291.0,1.7,5.6,148.0,209
2026-06-12 11:00:00+00:00,Multan,38.6,36,999.7,4.18,116.2,242.1,296.0,2.1,5.3,145.0,212
2026-06-12 12:00:00+00:00,Multan,37.9,34,999.6,4.07,78.5,84.3,309.0,4.3,6.2,137.0,214
2026-06-12 13:00:00+00:00,Multan,37.3,36,999.6,3.9,70.3,72.6,338.0,7.1,6.4,128.0,215
2026-06-12 14:00:00+00:00,Multan,36.2,39,1000.1,3.94,72.2,72.9,374.0,10.9,6.7,115.0,216
2026-06-12 15:00:00+00:00,Multan,35.6,42,1001.1,3.01,82.9,95.7,401.0,13.7,7.0,105.0,216
2026-06-12 16:00:00+00:00,Multan,34.4,46,1002.1,2.0,108.3,182.1,408.0,14.4,7.4,100.0,216
2026-06-12 17:00:00+00:00,Multan,32.9,52,1002.7,2.77,135.5,286.8,405.0,14.0,7.7,97.0,217
2026-06-12 18:00:00+00:00,Multan,30.0,59,1004.0,4.65,156.0,381.8,400.0,13.3,8.0,95.0,218
2026-06-12 19:00:00+00:00,Multan,29.5,59,1003.9,2.75,164.4,432.1,396.0,12.4,8.1,93.0,221
2026-06-12 20:00:00+00:00,Multan,29.4,58,1003.1,2.08,161.6,437.7,391.0,11.2,8.0,90.0,226
2026-06-12 21:00:00+00:00,Multan,29.2,58,1003.0,2.52,146.2,392.1,388.0,10.5,8.0,87.0,224
2026-06-12 22:00:00+00:00,Multan,28.5,61,1003.1,2.75,130.9,348.3,385.0,10.7,8.1,81.0,222
2026-06-12 23:00:00+00:00,Multan,28.0,63,1003.4,3.16,122.5,336.2,384.0,11.4,8.2,73.0,218
2026-06-13 00:00:00+00:00,Multan,25.9,71,1003.8,3.5,174.2,648.2,397.0,7.8,6.1,96.0,213
2026-06-13 01:00:00+00:00,Multan,25.6,72,1004.2,3.01,160.7,495.5,440.0,7.8,6.6,97.0,211
2026-06-13 02:00:00+00:00,Multan,26.4,68,1004.5,2.11,155.5,540.2,497.0,7.8,7.4,100.0,210
2026-06-13 03:00:00+00:00,Multan,28.1,61,1005.0,1.22,147.1,547.6,526.0,7.2,7.8,106.0,208
2026-06-13 04:00:00+00:00,Multan,30.1,54,1005.4,0.93,134.1,499.2,504.0,5.6,7.6,119.0,207
2026-06-13 05:00:00+00:00,Multan,32.3,47,1005.1,1.57,118.5,429.3,455.0,3.5,7.1,135.0,205
2026-06-13 06:00:00+00:00,Multan,33.1,42,1005.5,1.42,103.1,365.1,411.0,1.9,6.6,147.0,204
2026-06-13 07:00:00+00:00,Multan,34.4,39,1004.9,1.67,90.8,321.3,381.0,1.3,6.2,149.0,202
2026-06-13 08:00:00+00:00,Multan,35.7,36,1004.1,1.82,79.9,277.5,355.0,1.3,5.8,147.0,200
2026-06-13 09:00:00+00:00,Multan,36.5,34,1003.3,1.92,71.5,244.9,336.0,1.4,5.4,144.0,198
2026-06-13 10:00:00+00:00,Multan,36.8,33,1002.4,2.35,65.4,219.3,326.0,1.1,4.9,145.0,197
2026-06-13 11:00:00+00:00,Multan,36.8,34,1001.6,2.85,59.4,195.1,322.0,1.0,4.4,145.0,195
2026-06-13 12:00:00+00:00,Multan,37.2,30,1001.9,2.87,53.3,170.4,327.0,2.6,4.6,138.0,193
2026-06-13 13:00:00+00:00,Multan,36.0,33,1001.9,3.06,52.9,159.3,338.0,6.7,4.7,123.0,193
2026-06-13 14:00:00+00:00,Multan,34.5,38,1002.4,3.43,55.8,125.7,357.0,12.7,4.9,102.0,192
2026-06-13 15:00:00+00:00,Multan,33.6,41,1002.6,2.8,63.1,126.7,387.0,19.4,5.2,82.0,192
2026-06-13 16:00:00+00:00,Multan,33.0,43,1003.3,2.11,73.1,143.0,442.0,28.1,6.0,65.0,193
2026-06-13 17:00:00+00:00,Multan,32.5,45,1003.5,2.32,85.2,163.0,509.0,37.5,7.0,49.0,192
2026-06-13 18:00:00+00:00,Multan,32.8,46,1003.0,2.08,94.1,174.6,549.0,42.3,7.5,39.0,189
2026-06-13 19:00:00+00:00,Multan,31.6,50,1003.1,2.12,88.0,159.7,541.0,38.9,7.1,40.0,187
2026-06-13 20:00:00+00:00,Multan,30.5,55,1003.0,2.45,78.5,136.9,506.0,31.0,6.3,47.0,184
2026-06-13 21:00:00+00:00,Multan,29.8,57,1002.9,2.44,70.1,110.8,475.0,24.4,5.8,53.0,182
2026-06-13 22:00:00+00:00,Multan,29.4,58,1002.7,2.43,61.0,85.9,453.0,21.5,5.8,55.0,180
2026-06-13 23:00:00+00:00,Multan,28.9,59,1002.8,2.21,51.0,63.3,435.0,19.9,6.1,56.0,178
2026-06-14 00:00:00+00:00,Multan,29.3,62,1002.3,2.26,40.9,44.9,434.0,16.1,6.7,69.0,175
2026-06-14 01:00:00+00:00,Multan,29.0,63,1002.6,1.98,36.4,40.4,471.0,14.6,7.1,78.0,171
2026-06-14 02:00:00+00:00,Multan,29.9,60,1002.7,1.25,32.9,40.2,524.0,12.4,7.6,91.0,168
2026-06-14 03:00:00+00:00,Multan,32.1,53,1002.9,1.25,31.4,51.0,543.0,9.9,7.7,104.0,164
2026-06-14 04:00:00+00:00,Multan,34.3,44,1003.0,1.17,40.9,87.8,492.0,6.9,6.8,119.0,161
2026-06-14 05:00:00+00:00,Multan,36.1,38,1002.7,1.06,45.6,115.3,406.0,3.7,5.5,135.0,158
2026-06-14 06:00:00+00:00,Multan,37.0,34,1002.5,0.89,46.2,121.1,338.0,1.4,4.7,146.0,156
2026-06-14 07:00:00+00:00,Multan,38.4,31,1001.8,0.99,48.8,128.1,311.0,0.7,5.1,150.0,154
2026-06-14 08:00:00+00:00,Multan,39.3,29,1000.7,1.23,52.3,135.5,302.0,0.9,6.0,150.0,153
2026-06-14 09:00:00+00:00,Multan,39.9,28,999.8,1.51,55.6,141.1,299.0,1.2,6.6,148.0,152
2026-06-14 10:00:00+00:00,Multan,40.3,27,998.9,1.93,57.9,144.4,298.0,1.0,6.6,146.0,151
2026-06-14 11:00:00+00:00,Multan,40.0,28,998.3,2.0,59.1,145.8,303.0,1.0,6.4,143.0,151
2026-06-14 12:00:00+00:00,Multan,40.2,26,998.0,1.03,51.3,123.4,316.0,2.5,9.0,151.0,151
2026-06-14 13:00:00+00:00,Multan,39.1,28,997.6,1.83,53.3,107.8,341.0,7.1,8.5,133.0,151
2026-06-14 14:00:00+00:00,Multan,37.5,33,997.8,1.3,58.8,101.0,373.0,13.4,7.7,109.0,151
2026-06-14 15:00:00+00:00,Multan,36.1,36,998.3,1.76,62.2,100.4,409.0,17.9,7.1,90.0,151
2026-06-14 16:00:00+00:00,Multan,35.1,40,999.1,2.77,62.4,100.6,453.0,18.5,6.7,85.0,151
2026-06-14 17:00:00+00:00,Multan,34.2,45,999.5,2.78,62.4,100.6,499.0,17.2,6.5,85.0,151
2026-06-14 18:00:00+00:00,Multan,34.4,46,999.0,2.98,61.5,98.0,525.0,16.4,6.2,84.0,150
2026-06-14 19:00:00+00:00,Multan,33.3,48,998.8,3.41,59.5,93.4,515.0,17.3,5.8,77.0,148
2026-06-14 20:00:00+00:00,Multan,32.6,49,998.8,3.21,59.1,91.7,484.0,18.7,5.5,67.0,145
2026-06-14 21:00:00+00:00,Multan,32.1,51,998.8,3.11,59.0,92.9,458.0,19.6,5.2,60.0,143
2026-06-14 22:00:00+00:00,Multan,31.8,52,998.9,3.09,59.6,98.5,453.0,19.8,5.1,56.0,141
2026-06-14 23:00:00+00:00,Multan,31.4,53,998.7,3.11,60.5,105.2,452.0,19.4,5.1,55.0,141
2026-06-15 00:00:00+00:00,Multan,32.8,45,998.5,3.98,61.5,130.9,433.0,14.8,4.3,50.0,142
2026-06-15 01:00:00+00:00,Multan,32.5,47,999.2,3.57,57.5,119.2,377.0,12.6,4.7,51.0,144
2026-06-15 02:00:00+00:00,Multan,33.1,47,999.8,3.4,50.4,84.5,304.0,9.5,5.4,52.0,147
2026-06-15 03:00:00+00:00,Multan,34.0,45,1000.6,3.08,40.2,79.4,246.0,6.8,6.3,58.0,148
2026-06-15 04:00:00+00:00,Multan,35.0,43,1001.4,2.82,43.4,95.5,221.0,4.9,7.9,73.0,149
2026-06-15 05:00:00+00:00,Multan,36.4,40,1002.2,3.25,48.0,110.1,211.0,3.4,9.8,92.0,150
2026-06-15 06:00:00+00:00,Multan,36.6,40,1001.8,3.86,50.1,117.8,205.0,2.3,10.9,106.0,150
2026-06-15 07:00:00+00:00,Multan,37.6,38,1001.2,3.9,50.8,125.7,195.0,1.7,10.7,112.0,150
2026-06-15 08:00:00+00:00,Multan,38.7,35,1000.3,4.14,46.3,117.3,189.0,1.5,9.7,113.0,150
2026-06-15 09:00:00+00:00,Multan,39.5,33,999.7,3.7,44.2,117.1,189.0,1.5,8.7,112.0,150
2026-06-15 10:00:00+00:00,Multan,40.3,30,999.1,2.83,42.6,116.9,196.0,1.2,7.8,112.0,149
2026-06-15 11:00:00+00:00,Multan,40.3,30,998.5,1.42,41.0,115.0,211.0,1.1,6.9,111.0,147
2026-06-15 12:00:00+00:00,Multan,40.4,27,998.4,0.67,37.7,97.8,238.0,2.8,6.3,106.0,145
2026-06-15 13:00:00+00:00,Multan,39.1,32,998.2,2.76,39.5,78.0,287.0,11.6,6.5,87.0,144
2026-06-15 14:00:00+00:00,Multan,38.0,35,998.8,2.8,49.2,84.8,349.0,23.7,6.7,60.0,142
2026-06-15 15:00:00+00:00,Multan,37.1,38,999.3,2.35,63.3,100.4,398.0,32.8,6.9,40.0,141
2026-06-15 16:00:00+00:00,Multan,36.3,41,1000.2,1.9,74.7,115.7,424.0,36.3,7.0,32.0,141
2026-06-15 17:00:00+00:00,Multan,35.5,43,1001.1,1.07,83.1,121.1,437.0,36.6,7.1,30.0,143
2026-06-15 18:00:00+00:00,Multan,37.5,34,1000.1,0.28,78.0,117.1,445.0,35.1,6.9,30.0,145
2026-06-15 19:00:00+00:00,Multan,34.6,44,999.6,3.06,72.4,118.7,449.0,30.8,6.3,33.0,147
2026-06-15 20:00:00+00:00,Multan,33.4,49,999.7,1.97,71.5,135.0,448.0,24.7,5.5,39.0,148
2026-06-15 21:00:00+00:00,Multan,32.7,50,999.6,2.15,73.6,160.7,447.0,20.3,5.1,43.0,149
2026-06-15 22:00:00+00:00,Multan,32.2,50,999.8,2.64,76.1,181.6,445.0,19.7,5.4,41.0,150
2026-06-15 23:00:00+00:00,Multan,31.5,51,999.4,2.5,78.5,192.3,443.0,20.9,6.0,37.0,151
2026-06-16 00:00:00+00:00,Multan,31.3,52,999.8,2.64,82.9,197.0,452.0,21.3,6.8,34.0,151
2026-06-16 01:00:00+00:00,Multan,31.1,54,1000.6,2.35,85.2,200.2,489.0,19.4,7.9,37.0,152
2026-06-16 02:00:00+00:00,Multan,31.8,53,1001.3,2.57,88.9,206.3,536.0,16.6,9.4,42.0,153
2026-06-16 03:00:00+00:00,Multan,33.9,47,1001.7,2.42,90.6,238.0,556.0,13.5,9.9,54.0,154
2026-06-16 04:00:00+00:00,Multan,36.4,42,1002.2,3.12,84.3,221.2,527.0,9.9,8.7,79.0,155
2026-06-16 05:00:00+00:00,Multan,36.1,44,1002.9,0.92,74.0,185.3,470.0,5.9,6.5,111.0,157
2026-06-16 06:00:00+00:00,Multan,37.6,38,1003.4,2.3,65.7,172.8,412.0,3.0,4.9,133.0,157
2026-06-16 07:00:00+00:00,Multan,38.5,36,1002.8,1.38,60.8,185.8,354.0,1.7,4.4,137.0,158
2026-06-16 08:00:00+00:00,Multan,39.6,33,1002.1,1.06,56.1,186.3,293.0,1.5,4.5,131.0,158
2026-06-16 09:00:00+00:00,Multan,40.1,32,1001.4,1.55,53.0,176.5,252.0,1.6,4.5,124.0,158
2026-06-16 10:00:00+00:00,Multan,39.3,31,1001.2,2.65,50.2,164.8,240.0,0.9,4.0,122.0,159
2026-06-16 11:00:00+00:00,Multan,39.2,31,1000.9,2.61,47.3,152.3,247.0,0.6,3.4,120.0,159
2026-06-16 12:00:00+00:00,Multan,37.5,39,1000.6,0.7,58.1,150.4,262.0,3.2,2.7,127.0,159
2026-06-16 13:00:00+00:00,Multan,37.2,40,1000.0,2.51,55.6,130.9,282.0,4.6,2.7,118.0,160
2026-06-16 14:00:00+00:00,Multan,35.7,46,1001.1,2.33,54.5,117.6,310.0,6.6,2.6,105.0,160
2026-06-16 15:00:00+00:00,Multan,33.6,57,1002.3,3.68,56.8,127.1,346.0,8.9,2.6,92.0,160
2026-06-16 16:00:00+00:00,Multan,31.7,56,1002.5,3.47,61.9,150.9,396.0,11.5,2.7,79.0,160
2026-06-16 17:00:00+00:00,Multan,30.9,58,1003.0,2.06,67.8,167.6,453.0,14.4,2.8,64.0,160
2026-06-16 18:00:00+00:00,Multan,32.0,54,1002.6,3.17,73.1,184.9,496.0,17.2,2.9,52.0,159
2026-06-16 19:00:00+00:00,Multan,31.4,55,1002.2,3.05,77.1,201.2,514.0,20.3,2.8,41.0,159
2026-06-16 20:00:00+00:00,Multan,30.9,56,1002.4,2.73,80.3,204.4,516.0,23.4,2.7,32.0,159
2026-06-16 21:00:00+00:00,Multan,30.6,57,1002.4,2.29,81.0,204.4,512.0,25.2,2.7,26.0,160
2026-06-16 22:00:00+00:00,Multan,30.1,57,1002.3,2.51,80.3,200.7,499.0,25.3,2.8,23.0,160
2026-06-16 23:00:00+00:00,Multan,29.3,59,1002.5,2.55,78.5,188.6,478.0,24.2,2.9,24.0,160
2026-06-17 00:00:00+00:00,Multan,29.1,64,1003.0,2.47,57.4,109.2,466.0,14.7,2.2,37.0,160
2026-06-17 01:00:00+00:00,Multan,28.7,67,1003.5,2.32,55.6,104.1,478.0,13.4,2.7,41.0,159
2026-06-17 02:00:00+00:00,Multan,29.7,62,1004.0,1.91,55.4,106.4,497.0,11.5,3.3,48.0,158
2026-06-17 03:00:00+00:00,Multan,31.3,57,1004.5,1.9,54.5,123.9,494.0,9.3,3.7,57.0,157
2026-06-17 04:00:00+00:00,Multan,33.1,51,1004.5,1.97,60.1,178.8,446.0,6.7,3.5,72.0,156
2026-06-17 05:00:00+00:00,Multan,34.9,47,1004.2,1.97,68.5,241.2,375.0,3.8,3.1,91.0,155
2026-06-17 06:00:00+00:00,Multan,36.7,40,1004.4,1.96,63.3,229.6,313.0,1.8,2.9,105.0,155
2026-06-17 07:00:00+00:00,Multan,37.8,36,1003.6,2.15,55.2,192.3,269.0,1.1,3.3,112.0,155
2026-06-17 08:00:00+00:00,Multan,38.6,33,1002.8,2.28,52.0,172.8,235.0,1.2,4.0,114.0,155
2026-06-17 09:00:00+00:00,Multan,38.8,33,1002.1,2.62,49.6,156.9,219.0,1.5,4.6,116.0,155
2026-06-17 10:00:00+00:00,Multan,38.7,34,1002.1,2.44,47.6,142.5,218.0,0.7,4.7,120.0,155
2026-06-17 11:00:00+00:00,Multan,38.1,35,1001.6,1.03,45.4,127.1,235.0,0.2,4.6,123.0,155
2026-06-17 12:00:00+00:00,Multan,38.6,30,1000.6,1.07,35.5,85.2,284.0,3.0,5.9,120.0,155
2026-06-17 13:00:00+00:00,Multan,38.6,29,1000.6,0.94,41.2,83.4,390.0,10.7,6.5,102.0,154
2026-06-17 14:00:00+00:00,Multan,37.7,33,1000.5,2.6,48.4,76.8,529.0,21.8,7.4,76.0,154
2026-06-17 15:00:00+00:00,Multan,36.9,36,1000.5,2.42,56.1,79.2,639.0,33.0,8.4,53.0,153
2026-06-17 16:00:00+00:00,Multan,35.6,42,1001.1,2.58,70.8,93.6,696.0,44.5,9.7,35.0,153
2026-06-17 17:00:00+00:00,Multan,34.3,48,1001.8,2.13,86.6,108.7,726.0,56.1,11.1,19.0,154
2026-06-17 18:00:00+00:00,Multan,34.0,48,1001.5,3.09,90.6,109.7,740.0,64.1,11.9,8.0,154
2026-06-17 19:00:00+00:00,Multan,33.2,50,1001.6,2.71,92.9,112.0,736.0,66.7,11.9,2.0,155
2026-06-17 20:00:00+00:00,Multan,32.5,51,1001.7,2.4,100.8,121.5,717.0,65.7,11.3,1.0,155
2026-06-17 21:00:00+00:00,Multan,31.8,53,1001.3,2.75,102.7,123.4,708.0,62.1,10.3,2.0,156
2026-06-17 22:00:00+00:00,Multan,31.5,54,1001.4,2.74,89.2,112.7,727.0,55.4,8.5,5.0,156
2026-06-17 23:00:00+00:00,Multan,30.9,55,1001.4,2.87,76.1,108.0,756.0,46.0,6.3,11.0,157
2026-06-18 00:00:00+00:00,Multan,31.3,55,1001.7,2.01,44.7,73.1,764.0,22.5,3.6,32.0,157
2026-06-18 01:00:00+00:00,Multan,30.4,62,1002.1,1.77,46.9,78.9,740.0,19.3,3.6,37.0,156
2026-06-18 02:00:00+00:00,Multan,31.5,60,1002.5,1.45,47.8,79.4,696.0,14.7,3.6,45.0,156
2026-06-18 03:00:00+00:00,Multan,33.5,53,1002.8,1.73,46.6,100.1,632.0,10.6,4.1,57.0,156
2026-06-18 04:00:00+00:00,Multan,34.9,50,1002.9,2.03,43.7,84.5,536.0,7.3,5.7,79.0,156
2026-06-18 05:00:00+00:00,Multan,36.2,48,1002.9,2.15,45.2,95.5,421.0,4.4,7.9,105.0,155
2026-06-18 06:00:00+00:00,Multan,37.8,36,1003.0,2.41,43.8,102.2,329.0,2.3,9.0,123.0,154
2026-06-18 07:00:00+00:00,Multan,37.8,35,1002.5,2.63,39.2,94.8,272.0,1.4,8.1,125.0,154
2026-06-18 08:00:00+00:00,Multan,37.6,38,1001.9,2.55,37.0,92.2,239.0,1.3,6.3,119.0,153
2026-06-18 09:00:00+00:00,Multan,36.9,39,1001.5,2.53,35.6,90.8,236.0,1.5,4.7,113.0,153
2026-06-18 10:00:00+00:00,Multan,35.8,43,1001.3,4.25,35.4,91.0,272.0,0.5,3.9,112.0,152
2026-06-18 11:00:00+00:00,Multan,32.8,52,1001.4,4.65,35.2,90.6,340.0,0.0,3.3,112.0,152
2026-06-18 12:00:00+00:00,Multan,39.6,29,998.7,2.55,30.7,77.1,422.0,2.1,3.9,109.0,152
2026-06-18 13:00:00+00:00,Multan,38.8,31,998.8,1.65,34.5,71.0,532.0,11.1,5.4,92.0,152
2026-06-18 14:00:00+00:00,Multan,37.9,33,999.8,1.03,48.4,80.3,657.0,23.4,7.4,69.0,151
2026-06-18 15:00:00+00:00,Multan,36.4,39,1000.0,1.59,57.2,90.8,741.0,32.4,9.2,52.0,151
2026-06-18 16:00:00+00:00,Multan,34.7,47,1000.7,1.61,72.2,105.7,751.0,34.7,10.6,46.0,151
2026-06-18 17:00:00+00:00,Multan,33.8,51,1001.4,1.85,64.7,86.4,719.0,33.8,11.6,46.0,152
2026-06-18 18:00:00+00:00,Multan,32.1,53,1001.9,2.87,54.4,71.5,686.0,32.7,11.9,44.0,151
2026-06-18 19:00:00+00:00,Multan,31.6,51,1001.4,2.8,52.0,67.3,666.0,32.7,10.8,39.0,149
2026-06-18 20:00:00+00:00,Multan,31.4,51,1001.2,2.44,54.5,68.7,644.0,32.5,8.9,32.0,145
2026-06-18 21:00:00+00:00,Multan,30.9,52,1000.9,2.47,57.3,71.2,614.0,32.3,7.4,27.0,140
2026-06-18 22:00:00+00:00,Multan,30.5,54,1000.8,2.43,57.9,71.2,559.0,32.4,6.6,22.0,135
2026-06-18 23:00:00+00:00,Multan,30.2,56,1000.9,2.3,55.6,67.1,496.0,32.4,6.2,19.0,132
2026-06-19 00:00:00+00:00,Multan,28.1,74,1002.2,0.76,44.6,78.0,468.0,22.0,3.5,37.0,130
2026-06-19 01:00:00+00:00,Multan,27.9,77,1002.5,0.76,46.0,77.5,518.0,18.9,3.4,45.0,130
2026-06-19 02:00:00+00:00,Multan,29.0,71,1002.6,0.97,47.4,105.7,603.0,14.5,3.3,57.0,130
2026-06-19 03:00:00+00:00,Multan,31.0,60,1003.0,1.17,51.8,150.9,636.0,10.4,3.2,69.0,130
2026-06-19 04:00:00+00:00,Multan,33.0,50,1003.1,1.35,59.8,201.6,563.0,7.0,3.0,83.0,130
2026-06-19 05:00:00+00:00,Multan,34.7,45,1003.0,2.09,64.3,225.8,437.0,4.0,2.7,97.0,132
2026-06-19 06:00:00+00:00,Multan,35.1,44,1003.4,1.86,64.5,225.4,333.0,1.8,2.5,107.0,134
2026-06-19 07:00:00+00:00,Multan,36.2,42,1003.2,0.64,59.8,207.7,272.0,1.0,2.5,110.0,136
2026-06-19 08:00:00+00:00,Multan,36.9,40,1002.6,1.19,52.9,173.7,233.0,1.0,2.5,108.0,138
2026-06-19 09:00:00+00:00,Multan,37.7,39,1002.0,2.07,46.3,143.0,227.0,1.3,2.5,107.0,140
2026-06-19 10:00:00+00:00,Multan,37.5,39,1001.7,2.47,43.4,129.5,274.0,0.7,2.3,109.0,141
2026-06-19 11:00:00+00:00,Multan,37.1,37,1001.3,1.82,44.1,134.6,355.0,0.3,2.2,111.0,142
2026-06-19 12:00:00+00:00,Multan,37.8,31,1001.4,2.58,39.0,107.3,420.0,2.8,3.9,118.0,143
2026-06-19 13:00:00+00:00,Multan,36.4,35,1001.5,2.58,43.0,93.8,448.0,14.0,4.5,95.0,144
2026-06-19 14:00:00+00:00,Multan,35.9,36,1001.8,1.54,58.9,98.7,462.0,29.1,5.3,62.0,145
2026-06-19 15:00:00+00:00,Multan,35.8,37,1002.0,0.85,68.0,100.8,479.0,38.9,5.8,39.0,146
2026-06-19 16:00:00+00:00,Multan,34.7,42,1002.8,1.2,66.1,97.6,518.0,37.2,5.6,35.0,147
2026-06-19 17:00:00+00:00,Multan,33.8,49,1003.2,1.8,63.6,94.8,560.0,30.1,5.1,39.0,146
2026-06-19 18:00:00+00:00,Multan,33.3,52,1002.9,2.04,60.8,93.6,575.0,26.2,4.7,41.0,146
2026-06-19 19:00:00+00:00,Multan,32.2,57,1002.6,1.91,59.6,96.6,535.0,30.2,4.8,34.0,147
2026-06-19 20:00:00+00:00,Multan,31.7,59,1002.4,1.57,64.0,106.9,466.0,37.5,5.1,25.0,148
2026-06-19 21:00:00+00:00,Multan,30.8,62,1002.2,2.35,70.1,114.8,421.0,41.9,5.2,19.0,149
2026-06-19 22:00:00+00:00,Multan,30.3,62,1001.9,2.34,72.2,112.9,422.0,41.0,5.0,17.0,150
2026-06-19 23:00:00+00:00,Multan,29.8,63,1002.2,2.01,66.1,102.2,447.0,37.3,4.8,18.0,150
2026-06-20 00:00:00+00:00,Multan,30.1,62,1002.8,0.92,60.5,93.1,474.0,29.5,5.0,27.0,151
2026-06-20 01:00:00+00:00,Multan,29.5,67,1003.1,1.23,58.8,92.4,510.0,25.3,5.1,38.0,151
2026-06-20 02:00:00+00:00,Multan,29.9,66,1003.4,1.13,58.6,93.8,549.0,19.3,5.1,55.0,152
2026-06-20 03:00:00+00:00,Multan,31.6,60,1003.7,1.23,54.8,110.1,556.0,13.8,4.9,71.0,152
2026-06-20 04:00:00+00:00,Multan,33.1,53,1004.0,1.23,53.0,125.3,501.0,9.2,4.1,87.0,152
2026-06-20 05:00:00+00:00,Multan,34.9,46,1003.9,1.44,51.3,136.4,414.0,4.9,2.9,103.0,152
2026-06-20 06:00:00+00:00,Multan,35.3,43,1004.1,1.62,48.8,134.1,343.0,2.0,2.3,115.0,151
2026-06-20 07:00:00+00:00,Multan,36.1,42,1003.6,1.5,43.4,123.9,307.0,1.0,2.7,121.0,151
2026-06-20 08:00:00+00:00,Multan,37.3,38,1002.9,1.52,42.4,119.7,288.0,1.2,3.6,124.0,150
2026-06-20 09:00:00+00:00,Multan,38.0,35,1002.3,1.46,41.6,114.6,281.0,1.6,4.1,125.0,150
2026-06-20 10:00:00+00:00,Multan,38.4,33,1001.5,1.81,40.9,109.4,285.0,0.9,3.8,128.0,150
2026-06-20 11:00:00+00:00,Multan,37.9,31,1001.6,2.89,40.0,103.6,301.0,0.3,3.1,129.0,150
2026-06-20 12:00:00+00:00,Multan,38.4,29,1000.9,2.36,35.0,92.4,324.0,2.9,3.9,124.0,149
2026-06-20 13:00:00+00:00,Multan,37.3,32,1000.9,2.28,36.3,90.8,356.0,12.1,4.3,103.0,149
2026-06-20 14:00:00+00:00,Multan,35.9,37,1000.9,2.55,54.2,92.9,395.0,25.0,5.0,74.0,148
2026-06-20 15:00:00+00:00,Multan,34.5,44,1001.3,1.93,60.3,91.7,432.0,36.1,5.7,50.0,148
2026-06-20 16:00:00+00:00,Multan,34.0,46,1002.1,1.49,65.9,95.2,468.0,43.1,6.5,37.0,147
2026-06-20 17:00:00+00:00,Multan,33.4,48,1002.3,1.55,76.1,105.5,501.0,48.4,7.3,29.0,147
2026-06-20 18:00:00+00:00,Multan,33.3,48,1002.0,2.44,86.1,115.9,517.0,53.5,8.1,22.0,148
2026-06-20 19:00:00+00:00,Multan,32.0,52,1001.6,2.3,91.0,122.0,507.0,59.6,9.0,14.0,150
2026-06-20 20:00:00+00:00,Multan,31.6,53,1001.5,2.05,92.0,122.9,480.0,65.5,9.8,7.0,151
2026-06-20 21:00:00+00:00,Multan,31.0,55,1001.0,2.16,94.1,125.7,452.0,68.9,10.2,2.0,152
2026-06-20 22:00:00+00:00,Multan,30.3,57,1000.6,2.39,100.6,133.2,424.0,69.5,10.0,0.0,153
2026-06-20 23:00:00+00:00,Multan,29.7,57,1000.7,2.68,106.9,139.7,395.0,67.7,9.5,0.0,154
2026-06-21 00:00:00+00:00,Multan,30.3,57,1000.6,2.95,81.7,110.1,372.0,52.2,7.3,13.0,155
2026-06-21 01:00:00+00:00,Multan,30.0,58,1001.0,3.15,66.4,92.9,364.0,41.7,6.7,33.0,155
2026-06-21 02:00:00+00:00,Multan,31.3,54,1001.4,2.3,59.1,78.2,361.0,27.0,5.9,62.0,156
2026-06-21 03:00:00+00:00,Multan,33.2,48,1001.6,2.53,48.4,76.6,348.0,15.0,5.5,86.0,156
2026-06-21 04:00:00+00:00,Multan,34.8,45,1001.2,2.97,43.7,84.3,310.0,8.5,6.0,103.0,155
2026-06-21 05:00:00+00:00,Multan,36.2,43,1000.9,3.73,48.7,115.5,261.0,4.7,7.0,116.0,155
2026-06-21 06:00:00+00:00,Multan,37.8,38,1000.6,4.31,53.3,154.1,223.0,2.2,7.5,124.0,155
2026-06-21 07:00:00+00:00,Multan,38.8,35,1000.3,3.26,53.1,163.4,203.0,1.0,7.2,125.0,155
2026-06-21 08:00:00+00:00,Multan,38.6,34,1000.3,0.34,52.9,167.2,194.0,1.1,6.4,121.0,156
2026-06-21 09:00:00+00:00,Multan,36.7,33,999.7,3.52,52.4,167.6,192.0,1.4,5.7,117.0,156
2026-06-21 10:00:00+00:00,Multan,37.8,35,998.9,4.23,51.1,162.1,194.0,0.7,5.0,115.0,156
2026-06-21 11:00:00+00:00,Multan,35.9,43,999.3,3.4,49.6,156.0,203.0,0.3,4.3,113.0,156
2026-06-21 12:00:00+00:00,Multan,39.7,30,996.8,2.98,41.8,129.5,221.0,2.4,4.0,106.0,157
2026-06-21 13:00:00+00:00,Multan,38.4,32,997.5,2.79,46.1,105.7,254.0,11.2,5.0,88.0,157
2026-06-21 14:00:00+00:00,Multan,37.2,36,998.4,2.34,66.6,133.6,295.0,23.5,6.3,63.0,157
2026-06-21 15:00:00+00:00,Multan,35.4,43,998.7,3.2,73.8,127.6,329.0,33.6,7.3,42.0,158
2026-06-21 16:00:00+00:00,Multan,33.5,46,999.6,3.09,68.0,118.5,350.0,39.5,7.7,30.0,158
2026-06-21 17:00:00+00:00,Multan,32.8,46,1000.1,2.56,79.4,126.2,364.0,43.1,7.7,22.0,158
2026-06-21 18:00:00+00:00,Multan,32.3,47,999.9,2.77,86.4,126.2,368.0,44.6,7.4,17.0,158
2026-06-21 19:00:00+00:00,Multan,31.6,48,999.9,2.8,82.4,114.6,354.0,43.0,6.8,16.0,158
2026-06-21 20:00:00+00:00,Multan,31.1,48,999.7,3.21,74.3,102.2,330.0,39.2,5.9,18.0,158
2026-06-21 21:00:00+00:00,Multan,30.6,50,999.5,3.05,68.0,94.5,318.0,35.9,5.2,19.0,157
2026-06-21 22:00:00+00:00,Multan,30.6,50,1000.0,1.9,63.6,90.1,330.0,34.7,4.6,16.0,157
2026-06-21 23:00:00+00:00,Multan,29.2,58,1000.4,3.05,59.5,90.3,354.0,34.1,4.1,12.0,156
2026-06-22 00:00:00+00:00,Multan,25.5,73,1001.9,2.96,61.5,180.2,375.0,9.0,2.5,56.0,154
2026-06-22 01:00:00+00:00,Multan,27.2,70,1002.1,3.09,62.4,163.4,396.0,9.2,2.8,55.0,154
2026-06-22 02:00:00+00:00,Multan,28.3,69,1002.2,2.44,61.2,134.1,414.0,9.5,3.2,55.0,153
2026-06-22 03:00:00+00:00,Multan,30.4,63,1002.2,3.1,51.5,102.9,410.0,9.0,4.3,62.0,153
2026-06-22 04:00:00+00:00,Multan,32.3,56,1002.0,3.64,41.7,78.5,365.0,7.1,6.7,84.0,154
2026-06-22 05:00:00+00:00,Multan,34.4,49,1001.9,3.52,46.0,106.6,297.0,4.6,9.8,114.0,153
2026-06-22 06:00:00+00:00,Multan,34.8,44,1002.5,3.29,49.0,130.9,246.0,2.7,11.6,135.0,153
2026-06-22 07:00:00+00:00,Multan,35.8,41,1002.0,2.76,47.4,143.9,221.0,1.9,11.1,139.0,153
2026-06-22 08:00:00+00:00,Multan,36.4,38,1001.8,1.85,48.0,167.2,211.0,1.7,9.3,134.0,153
2026-06-22 09:00:00+00:00,Multan,35.0,39,1001.9,4.18,49.7,183.5,228.0,2.3,7.6,128.0,153
2026-06-22 10:00:00+00:00,Multan,34.4,42,1001.3,1.92,47.1,121.1,269.0,3.7,6.1,122.0,153
2026-06-22 11:00:00+00:00,Multan,34.8,41,1000.4,2.56,46.1,86.1,336.0,5.9,4.7,114.0,153
2026-06-22 12:00:00+00:00,Multan,34.1,46,999.3,1.64,36.0,99.7,441.0,3.2,3.3,125.0,153
2026-06-22 13:00:00+00:00,Multan,33.5,50,999.7,2.56,39.1,94.5,623.0,15.6,4.3,102.0,152
2026-06-22 14:00:00+00:00,Multan,32.7,53,999.7,2.11,57.7,102.7,843.0,32.6,5.6,70.0,152
2026-06-22 15:00:00+00:00,Multan,32.4,56,999.9,1.98,75.7,120.1,1001.0,45.5,6.7,44.0,152
2026-06-22 16:00:00+00:00,Multan,32.3,53,1000.6,2.25,83.8,129.9,1057.0,50.1,7.3,32.0,152
2026-06-22 17:00:00+00:00,Multan,31.9,56,1000.9,1.86,87.5,136.9,1050.0,50.5,7.6,27.0,153
2026-06-22 18:00:00+00:00,Multan,32.4,58,1000.3,1.57,92.7,147.1,1000.0,49.8,7.6,23.0,153
2026-06-22 19:00:00+00:00,Multan,31.3,67,1000.1,0.68,92.9,154.1,885.0,48.5,7.2,19.0,153
2026-06-22 20:00:00+00:00,Multan,30.7,71,999.9,0.4,90.1,164.4,728.0,46.1,6.5,17.0,153
2026-06-22 21:00:00+00:00,Multan,29.9,76,999.8,1.0,88.7,180.2,613.0,44.5,6.0,15.0,154
2026-06-22 22:00:00+00:00,Multan,29.3,77,999.9,1.25,89.6,197.4,583.0,45.7,5.8,10.0,154
2026-06-22 23:00:00+00:00,Multan,29.2,77,999.9,0.79,91.3,202.1,597.0,47.7,5.8,5.0,155
2026-06-23 00:00:00+00:00,Multan,29.0,66,1000.5,2.33,87.1,136.9,612.0,47.9,6.6,14.0,156
2026-06-23 01:00:00+00:00,Multan,27.7,71,1000.6,2.62,83.8,135.0,629.0,39.6,6.9,35.0,157
2026-06-23 02:00:00+00:00,Multan,29.2,62,1000.4,1.5,79.6,129.5,648.0,27.9,7.3,64.0,157
2026-06-23 03:00:00+00:00,Multan,31.6,54,1000.6,1.19,69.4,151.3,627.0,17.8,7.2,89.0,158
2026-06-23 04:00:00+00:00,Multan,34.1,46,1000.6,1.49,60.8,164.8,527.0,11.0,6.2,107.0,159
2026-06-23 05:00:00+00:00,Multan,35.5,42,1000.7,3.3,58.6,178.8,386.0,5.7,4.6,121.0,159
2026-06-23 06:00:00+00:00,Multan,37.4,32,1000.3,2.9,63.6,227.7,279.0,2.2,3.5,130.0,160
2026-06-23 07:00:00+00:00,Multan,36.6,38,999.8,2.32,57.6,217.5,236.0,0.8,3.1,131.0,160
2026-06-23 08:00:00+00:00,Multan,37.6,36,999.0,1.83,55.6,209.1,227.0,1.2,3.2,127.0,160
2026-06-23 09:00:00+00:00,Multan,38.1,35,998.1,1.89,54.4,198.8,233.0,1.7,3.2,124.0,160
2026-06-23 10:00:00+00:00,Multan,38.6,34,997.7,1.46,53.2,188.6,245.0,1.1,3.1,125.0,161
2026-06-23 11:00:00+00:00,Multan,38.5,33,997.2,1.7,51.9,178.8,273.0,0.7,3.0,127.0,161
2026-06-23 12:00:00+00:00,Multan,38.8,31,996.6,1.97,43.4,139.2,318.0,3.2,5.4,129.0,161
2026-06-23 13:00:00+00:00,Multan,37.2,39,996.5,3.01,47.4,132.2,388.0,10.7,5.5,109.0,161
2026-06-23 14:00:00+00:00,Multan,36.1,43,996.6,2.91,57.0,117.6,476.0,21.1,5.7,81.0,161
2026-06-23 15:00:00+00:00,Multan,35.3,45,997.0,2.95,64.7,117.1,569.0,29.3,5.9,58.0,161
2026-06-23 16:00:00+00:00,Multan,34.7,47,997.5,2.56,68.5,119.2,686.0,33.0,6.0,46.0,161
2026-06-23 17:00:00+00:00,Multan,34.2,48,997.8,1.96,75.0,125.3,807.0,34.5,6.0,40.0,161
2026-06-23 18:00:00+00:00,Multan,34.7,49,997.6,2.26,78.7,128.1,864.0,36.2,6.0,34.0,160
2026-06-23 19:00:00+00:00,Multan,34.1,51,997.7,2.02,80.3,130.9,807.0,39.6,5.8,26.0,160
2026-06-23 20:00:00+00:00,Multan,33.5,53,997.6,1.95,83.8,134.6,685.0,43.2,5.6,17.0,159
2026-06-23 21:00:00+00:00,Multan,32.6,56,997.3,1.98,84.1,132.7,574.0,44.3,5.3,13.0,159
2026-06-23 22:00:00+00:00,Multan,31.4,62,997.4,2.83,78.9,132.2,496.0,41.4,5.0,14.0,159
2026-06-23 23:00:00+00:00,Multan,30.9,65,997.4,2.83,72.9,130.4,430.0,36.2,4.8,18.0,159
2026-06-24 00:00:00+00:00,Multan,31.4,56,997.6,3.15,65.2,100.4,386.0,35.2,5.0,19.0,158
2026-06-24 01:00:00+00:00,Multan,31.1,57,997.9,3.12,58.8,96.2,381.0,29.8,5.0,29.0,158
2026-06-24 02:00:00+00:00,Multan,32.0,55,998.4,2.11,56.6,92.7,398.0,22.1,4.9,45.0,157
2026-06-24 03:00:00+00:00,Multan,33.8,51,998.8,2.21,53.6,104.8,401.0,15.2,4.7,62.0,156
2026-06-24 04:00:00+00:00,Multan,35.8,45,999.2,2.32,49.7,110.6,369.0,9.9,4.3,84.0,156
2026-06-24 05:00:00+00:00,Multan,37.5,41,999.4,2.17,48.4,116.9,321.0,5.4,3.8,108.0,155
2026-06-24 06:00:00+00:00,Multan,39.1,35,999.1,1.89,47.1,124.3,282.0,2.3,3.5,124.0,155
2026-06-24 07:00:00+00:00,Multan,40.0,32,998.6,1.82,46.1,131.8,259.0,1.1,3.5,127.0,155
2026-06-24 08:00:00+00:00,Multan,40.6,31,997.8,2.02,46.3,135.5,244.0,1.2,3.8,123.0,154
2026-06-24 09:00:00+00:00,Multan,40.8,31,997.1,2.66,46.4,134.6,235.0,1.5,3.9,118.0,154
2026-06-24 10:00:00+00:00,Multan,40.1,32,996.9,3.13,46.2,131.8,225.0,0.9,3.8,118.0,154
2026-06-24 11:00:00+00:00,Multan,39.7,33,996.6,3.41,45.5,127.6,219.0,0.6,3.6,117.0,154
2026-06-24 12:00:00+00:00,Multan,40.6,29,995.6,2.86,45.6,126.2,236.0,2.9,3.7,111.0,153
2026-06-24 13:00:00+00:00,Multan,39.8,31,995.6,2.6,47.1,118.0,273.0,10.1,4.2,93.0,153
2026-06-24 14:00:00+00:00,Multan,38.1,37,995.8,3.11,56.1,100.6,331.0,20.1,5.0,70.0,153
2026-06-24 15:00:00+00:00,Multan,36.5,44,996.4,2.66,63.8,104.5,432.0,28.4,5.7,50.0,153
2026-06-24 16:00:00+00:00,Multan,35.5,47,997.4,2.6,72.9,115.0,639.0,33.8,6.2,39.0,153
2026-06-24 17:00:00+00:00,Multan,35.2,47,998.2,2.57,82.0,125.3,888.0,37.6,6.6,32.0,153
2026-06-24 18:00:00+00:00,Multan,35.2,47,998.2,2.46,84.3,127.6,1012.0,39.6,6.8,27.0,154
2026-06-24 19:00:00+00:00,Multan,34.4,48,998.3,2.34,81.0,126.2,897.0,38.9,6.5,25.0,154
2026-06-24 20:00:00+00:00,Multan,33.6,50,998.1,2.25,78.5,126.7,655.0,36.5,5.9,25.0,154
2026-06-24 21:00:00+00:00,Multan,32.7,53,998.1,2.13,78.2,134.6,460.0,35.0,5.5,24.0,154
2026-06-24 22:00:00+00:00,Multan,31.8,56,998.2,2.14,80.1,148.1,374.0,36.4,5.3,19.0,154
2026-06-24 23:00:00+00:00,Multan,31.1,58,998.3,2.41,82.0,158.8,335.0,38.7,5.3,14.0,154
2026-06-25 00:00:00+00:00,Multan,31.0,55,998.2,2.71,79.4,150.9,319.0,38.2,5.3,15.0,154
2026-06-25 01:00:00+00:00,Multan,30.8,56,998.9,2.61,75.7,141.6,337.0,32.5,5.3,26.0,154
2026-06-25 02:00:00+00:00,Multan,32.0,53,999.6,1.91,75.7,141.6,379.0,24.0,5.3,44.0,155
2026-06-25 03:00:00+00:00,Multan,33.8,49,1000.2,2.0,75.9,171.8,397.0,16.4,5.2,64.0,155
2026-06-25 04:00:00+00:00,Multan,35.6,46,1000.8,2.41,75.0,177.9,362.0,10.7,4.7,90.0,156
2026-06-25 05:00:00+00:00,Multan,37.1,43,1000.9,2.44,68.9,168.1,303.0,5.9,4.1,118.0,157
2026-06-25 06:00:00+00:00,Multan,38.2,39,1001.3,2.48,60.1,158.8,255.0,2.5,3.5,136.0,157
2026-06-25 07:00:00+00:00,Multan,39.3,35,1001.0,2.33,55.8,169.0,230.0,1.1,3.2,137.0,158
2026-06-25 08:00:00+00:00,Multan,39.5,34,1000.6,2.7,53.6,169.5,217.0,1.2,2.9,128.0,158
2026-06-25 09:00:00+00:00,Multan,39.9,33,1000.1,2.74,52.6,168.1,211.0,1.5,2.8,120.0,158
2026-06-25 10:00:00+00:00,Multan,39.7,34,999.5,2.56,51.9,165.8,209.0,0.2,2.7,119.0,158
2026-06-25 11:00:00+00:00,Multan,39.7,34,999.0,1.9,51.3,163.4,216.0,0.0,2.6,118.0,159
2026-06-25 12:00:00+00:00,Multan,38.9,33,999.1,1.75,45.6,124.3,240.0,3.0,2.8,114.0,159
2026-06-25 13:00:00+00:00,Multan,38.5,34,999.1,1.2,50.6,111.3,288.0,7.9,3.3,100.0,159
2026-06-25 14:00:00+00:00,Multan,37.8,36,999.4,1.32,57.7,108.7,353.0,14.6,4.0,81.0,159
2026-06-25 15:00:00+00:00,Multan,36.4,41,999.6,2.59,62.4,109.9,426.0,19.5,4.6,67.0,159
2026-06-25 16:00:00+00:00,Multan,35.6,44,1000.3,1.87,64.7,112.5,519.0,20.6,4.9,63.0,159
2026-06-25 17:00:00+00:00,Multan,34.8,47,1000.8,1.88,66.6,112.7,620.0,19.9,5.0,64.0,159
2026-06-25 18:00:00+00:00,Multan,34.6,49,1000.4,2.23,66.8,109.2,678.0,19.2,5.1,64.0,158
2026-06-25 19:00:00+00:00,Multan,33.7,53,1000.1,2.54,65.2,104.8,662.0,19.2,5.3,61.0,158
2026-06-25 20:00:00+00:00,Multan,32.9,56,1000.2,2.59,65.2,104.5,603.0,19.4,5.4,58.0,157
2026-06-25 21:00:00+00:00,Multan,32.3,59,1000.4,2.44,66.1,111.3,547.0,19.6,5.6,55.0,157
2026-06-25 22:00:00+00:00,Multan,31.9,60,1000.5,2.21,68.2,122.9,503.0,20.3,5.9,50.0,156
2026-06-25 23:00:00+00:00,Multan,31.7,60,1000.9,2.59,70.8,131.8,462.0,21.2,6.2,45.0,156
2026-06-26 00:00:00+00:00,Multan,31.8,58,1001.0,2.22,68.7,119.7,438.0,20.6,6.5,46.0,156
2026-06-26 01:00:00+00:00,Multan,31.6,59,1001.5,2.04,70.8,120.1,450.0,19.2,6.6,53.0,155
2026-06-26 02:00:00+00:00,Multan,32.5,57,1001.9,1.48,74.0,122.9,480.0,17.0,6.7,64.0,155
2026-06-26 03:00:00+00:00,Multan,34.3,51,1002.4,1.35,78.9,163.4,479.0,14.3,6.4,77.0,155
2026-06-26 04:00:00+00:00,Multan,36.5,45,1002.5,1.24,82.9,220.7,415.0,10.4,5.3,95.0,155
2026-06-26 05:00:00+00:00,Multan,38.5,37,1002.5,1.21,84.5,258.0,322.0,5.9,3.8,116.0,156
2026-06-26 06:00:00+00:00,Multan,39.2,33,1002.9,1.57,81.0,254.3,252.0,2.6,2.8,131.0,156
2026-06-26 07:00:00+00:00,Multan,39.9,31,1002.5,1.45,70.5,216.5,230.0,1.4,2.9,135.0,157
2026-06-26 08:00:00+00:00,Multan,40.2,31,1002.0,1.0,60.8,182.5,232.0,1.5,3.6,133.0,157
2026-06-26 09:00:00+00:00,Multan,40.4,31,1001.2,1.23,57.5,167.6,237.0,1.8,4.3,131.0,157
2026-06-26 10:00:00+00:00,Multan,40.4,32,1000.6,1.72,58.7,165.8,231.0,0.8,4.7,134.0,157
2026-06-26 11:00:00+00:00,Multan,40.2,32,1000.0,2.39,55.3,150.9,228.0,0.0,5.1,137.0,158
2026-06-26 12:00:00+00:00,Multan,39.6,32,999.3,1.87,46.3,115.7,253.0,3.5,7.3,141.0,158
2026-06-26 13:00:00+00:00,Multan,39.2,34,999.4,1.61,47.8,98.5,323.0,18.7,8.3,114.0,158
2026-06-26 14:00:00+00:00,Multan,38.5,35,999.8,1.7,67.5,105.5,420.0,39.6,9.6,76.0,158
2026-06-26 15:00:00+00:00,Multan,37.1,42,1000.3,2.16,89.6,131.8,519.0,54.3,10.3,46.0,158
2026-06-26 16:00:00+00:00,Multan,36.3,45,1000.8,2.25,95.7,136.0,626.0,56.9,10.0,32.0,159
2026-06-26 17:00:00+00:00,Multan,35.5,46,1001.4,2.44,99.2,136.4,734.0,53.3,9.2,27.0,160
2026-06-26 18:00:00+00:00,Multan,35.6,49,1001.1,2.43,97.1,129.5,800.0,49.4,8.3,23.0,161
2026-06-26 19:00:00+00:00,Multan,34.6,53,1001.0,2.3,90.3,122.0,793.0,47.0,7.5,20.0,162
2026-06-26 20:00:00+00:00,Multan,34.2,55,1000.9,2.35,87.8,121.1,744.0,44.4,6.7,19.0,162
2026-06-26 21:00:00+00:00,Multan,33.8,56,1000.8,2.2,88.5,123.9,702.0,42.1,6.1,18.0,163
2026-06-26 22:00:00+00:00,Multan,33.2,57,1000.9,2.31,87.8,124.3,687.0,41.1,5.7,15.0,164
2026-06-26 23:00:00+00:00,Multan,32.7,57,1000.8,2.52,86.6,126.2,679.0,40.6,5.4,12.0,164
2026-06-27 00:00:00+00:00,Multan,32.9,56,1000.6,2.51,78.9,120.6,668.0,33.5,5.0,21.0,165
2026-06-27 01:00:00+00:00,Multan,32.7,56,1001.0,2.61,76.1,119.2,660.0,29.0,4.9,37.0,165
2026-06-27 02:00:00+00:00,Multan,33.8,51,1001.3,2.08,74.0,111.8,648.0,22.6,4.7,59.0,165
2026-06-27 03:00:00+00:00,Multan,35.5,47,1001.8,2.03,70.8,125.3,609.0,16.5,5.0,82.0,165
2026-06-27 04:00:00+00:00,Multan,37.3,41,1002.0,2.48,61.0,122.0,516.0,11.1,6.1,105.0,165
2026-06-27 05:00:00+00:00,Multan,39.0,36,1001.9,2.74,48.0,97.8,395.0,6.0,7.6,128.0,164
2026-06-27 06:00:00+00:00,Multan,40.5,30,1001.7,3.0,38.8,79.9,298.0,2.4,8.5,144.0,163
2026-06-27 07:00:00+00:00,Multan,41.5,28,1001.1,2.97,34.3,72.9,248.0,1.1,8.5,148.0,162
2026-06-27 08:00:00+00:00,Multan,42.2,26,1000.3,3.29,31.9,68.5,223.0,1.3,7.9,144.0,161
2026-06-27 09:00:00+00:00,Multan,42.3,25,999.5,3.69,30.0,64.5,209.0,1.7,7.3,139.0,160
2026-06-27 10:00:00+00:00,Multan,42.2,26,998.8,3.74,28.3,61.5,201.0,1.5,6.8,136.0,159
2026-06-27 11:00:00+00:00,Multan,42.0,26,997.8,3.53,27.0,59.5,204.0,1.5,6.2,131.0,158
2026-06-27 12:00:00+00:00,Multan,42.2,26,997.1,3.38,22.5,46.1,227.0,3.6,7.1,129.0,157
2026-06-27 13:00:00+00:00,Multan,40.8,30,996.9,3.67,30.3,46.7,282.0,11.0,6.9,110.0,157
2026-06-27 14:00:00+00:00,Multan,39.3,35,997.0,3.4,39.3,54.4,357.0,21.1,6.7,84.0,156
2026-06-27 15:00:00+00:00,Multan,37.9,40,996.9,3.0,44.2,58.2,416.0,28.2,6.5,63.0,155
2026-06-27 16:00:00+00:00,Multan,37.1,41,997.6,2.8,46.2,60.3,452.0,29.4,6.5,52.0,154
2026-06-27 17:00:00+00:00,Multan,36.2,42,998.1,2.95,46.2,60.5,472.0,27.6,6.6,47.0,153
2026-06-27 18:00:00+00:00,Multan,36.3,43,998.2,3.08,42.8,58.2,466.0,25.1,6.8,44.0,151
2026-06-27 19:00:00+00:00,Multan,35.4,44,998.1,3.0,37.6,54.7,418.0,22.4,7.1,44.0,148
2026-06-27 20:00:00+00:00,Multan,34.8,45,997.8,3.2,33.6,52.5,345.0,19.2,7.4,48.0,142
2026-06-27 21:00:00+00:00,Multan,34.2,45,997.3,3.55,31.3,50.6,283.0,16.5,7.8,50.0,137
2026-06-27 22:00:00+00:00,Multan,33.8,45,997.4,3.75,29.6,48.5,246.0,15.2,8.4,49.0,131
2026-06-27 23:00:00+00:00,Multan,33.9,43,997.4,4.1,28.1,45.6,220.0,14.6,9.1,47.0,125
2026-06-28 00:00:00+00:00,Multan,33.7,45,996.8,4.21,22.7,39.0,207.0,10.3,10.4,59.0,119
2026-06-28 01:00:00+00:00,Multan,33.6,44,997.0,4.25,21.8,36.4,214.0,9.3,9.6,65.0,113
2026-06-28 02:00:00+00:00,Multan,34.3,43,997.5,3.85,23.4,41.3,233.0,8.0,8.6,74.0,107
2026-06-28 03:00:00+00:00,Multan,35.5,41,998.0,4.3,27.2,53.1,243.0,6.5,7.8,84.0,102
2026-06-28 04:00:00+00:00,Multan,36.8,40,998.2,4.44,31.8,71.7,231.0,4.9,7.8,96.0,98
2026-06-28 05:00:00+00:00,Multan,38.3,39,998.3,4.59,34.1,81.3,210.0,3.2,8.0,109.0,96
2026-06-28 06:00:00+00:00,Multan,39.8,35,998.3,4.81,32.5,78.5,192.0,1.9,7.9,118.0,95
2026-06-28 07:00:00+00:00,Multan,40.8,32,997.8,5.05,30.2,68.0,182.0,1.4,7.0,120.0,94
2026-06-28 08:00:00+00:00,Multan,41.5,30,997.2,5.19,27.9,60.1,175.0,1.4,5.8,117.0,94
2026-06-28 09:00:00+00:00,Multan,41.9,29,996.3,5.01,26.7,55.9,174.0,1.5,4.8,114.0,93
2026-06-28 10:00:00+00:00,Multan,41.9,28,995.7,4.85,25.7,53.4,175.0,1.3,4.3,114.0,93
2026-06-28 11:00:00+00:00,Multan,41.7,28,995.1,4.47,24.8,51.1,182.0,1.3,4.2,113.0,93
2026-06-28 12:00:00+00:00,Multan,41.1,30,994.6,4.25,24.2,48.5,202.0,2.7,4.2,108.0,93
2026-06-28 13:00:00+00:00,Multan,40.1,32,994.3,3.7,26.1,44.1,247.0,6.9,4.6,95.0,93
2026-06-28 14:00:00+00:00,Multan,38.6,37,994.2,2.8,30.9,45.3,306.0,12.5,5.2,79.0,93
2026-06-28 15:00:00+00:00,Multan,37.6,40,995.1,1.81,34.8,47.0,351.0,16.6,5.6,65.0,92
2026-06-28 16:00:00+00:00,Multan,36.8,42,995.6,2.55,36.3,47.0,374.0,18.1,5.8,58.0,91
2026-06-28 17:00:00+00:00,Multan,36.5,42,995.6,3.25,36.1,44.8,383.0,18.1,5.7,53.0,90
2026-06-28 18:00:00+00:00,Multan,36.8,38,995.9,3.61,33.1,40.2,375.0,17.2,5.6,51.0,90
2026-06-28 19:00:00+00:00,Multan,36.3,36,995.8,3.72,29.6,38.8,339.0,15.2,5.2,50.0,89
2026-06-28 20:00:00+00:00,Multan,36.0,36,995.5,4.18,29.9,49.9,285.0,12.4,4.6,51.0,88
2026-06-28 21:00:00+00:00,Multan,35.5,37,995.3,4.49,31.2,59.5,241.0,10.0,4.3,53.0,88
2026-06-28 22:00:00+00:00,Multan,34.6,41,995.4,4.42,28.8,48.2,213.0,8.7,4.6,56.0,88
2026-06-28 23:00:00+00:00,Multan,34.3,43,995.4,4.75,26.3,42.0,195.0,8.0,5.2,60.0,88
2026-06-29 00:00:00+00:00,Multan,34.0,47,994.8,4.55,25.4,48.4,191.0,7.8,7.1,63.0,88
2026-06-29 01:00:00+00:00,Multan,33.3,51,995.3,4.56,33.4,70.5,212.0,7.2,7.2,66.0,88
2026-06-29 02:00:00+00:00,Multan,33.4,52,995.6,4.56,41.6,85.7,247.0,6.4,7.4,70.0,89
2026-06-29 03:00:00+00:00,Multan,34.2,50,996.0,4.87,46.0,88.5,270.0,5.5,7.5,76.0,90
2026-06-29 04:00:00+00:00,Multan,35.2,48,996.1,4.76,46.0,82.9,267.0,4.3,7.5,87.0,92
2026-06-29 05:00:00+00:00,Multan,36.7,45,996.3,4.64,44.0,81.5,252.0,3.0,7.5,101.0,93
2026-06-29 06:00:00+00:00,Multan,38.0,42,996.5,4.58,41.9,84.3,239.0,2.1,7.3,111.0,94
2026-06-29 07:00:00+00:00,Multan,38.9,40,996.4,4.3,40.6,87.5,231.0,1.7,6.9,115.0,94
2026-06-29 08:00:00+00:00,Multan,39.7,39,996.0,4.14,40.0,90.1,225.0,1.7,6.3,116.0,95
2026-06-29 09:00:00+00:00,Multan,40.1,38,995.3,4.08,38.9,87.8,222.0,1.9,5.8,115.0,96
2026-06-29 10:00:00+00:00,Multan,40.2,38,994.7,3.92,36.7,80.8,218.0,1.7,5.4,115.0,97
2026-06-29 11:00:00+00:00,Multan,40.1,38,994.0,3.64,34.1,72.4,218.0,1.7,5.1,114.0,98
2026-06-29 12:00:00+00:00,Multan,40.2,37,993.9,3.59,35.3,80.8,234.0,3.4,6.3,110.0,99
2026-06-29 13:00:00+00:00,Multan,39.3,39,993.8,3.15,36.2,67.5,282.0,9.1,6.6,95.0,100
2026-06-29 14:00:00+00:00,Multan,38.3,41,993.7,3.11,41.2,65.2,346.0,17.0,7.0,74.0,101
2026-06-29 15:00:00+00:00,Multan,37.4,43,994.1,2.83,45.1,64.7,396.0,22.6,7.3,57.0,102
2026-06-29 16:00:00+00:00,Multan,36.5,46,994.7,2.74,44.9,62.2,423.0,24.0,7.5,50.0,103
2026-06-29 17:00:00+00:00,Multan,35.8,48,995.1,2.94,44.1,59.3,436.0,23.2,7.5,47.0,104
2026-06-29 18:00:00+00:00,Multan,36.4,45,994.7,3.58,41.6,54.6,429.0,21.7,7.5,46.0,104
2026-06-29 19:00:00+00:00,Multan,35.8,44,994.5,3.85,37.5,48.2,391.0,19.8,7.3,45.0,105
2026-06-29 20:00:00+00:00,Multan,35.5,45,994.3,4.16,34.5,44.5,333.0,17.2,7.0,45.0,106
2026-06-29 21:00:00+00:00,Multan,34.9,47,994.1,4.18,33.1,46.1,282.0,14.6,6.7,46.0,107
2026-06-29 22:00:00+00:00,Multan,33.9,51,994.2,4.28,36.1,59.3,243.0,12.1,6.5,49.0,107
2026-06-29 23:00:00+00:00,Multan,33.6,50,994.3,4.95,43.4,82.4,211.0,9.6,6.3,54.0,108
2026-06-30 00:00:00+00:00,Multan,33.4,51,994.2,4.71,49.5,99.7,196.0,7.3,6.6,59.0,109
2026-06-30 01:00:00+00:00,Multan,32.8,52,995.2,4.37,48.7,93.8,212.0,6.7,6.6,61.0,112
2026-06-30 02:00:00+00:00,Multan,32.9,52,995.9,4.73,45.6,86.4,246.0,5.7,6.6,63.0,113
2026-06-30 03:00:00+00:00,Multan,33.3,51,996.3,5.19,42.4,79.6,268.0,4.8,6.7,69.0,114
2026-06-30 04:00:00+00:00,Multan,34.0,50,996.6,5.36,42.1,82.7,262.0,3.9,7.2,80.0,113
2026-06-30 05:00:00+00:00,Multan,35.1,48,996.8,5.1,44.5,94.8,244.0,2.9,7.9,94.0,113
2026-06-30 06:00:00+00:00,Multan,36.6,45,997.1,4.58,46.6,105.0,228.0,2.2,8.2,105.0,113
2026-06-30 07:00:00+00:00,Multan,37.7,43,997.0,4.36,47.4,110.4,218.0,1.8,7.8,110.0,114
2026-06-30 08:00:00+00:00,Multan,38.6,41,996.3,4.19,47.0,111.3,211.0,1.6,6.9,112.0,114
2026-06-30 09:00:00+00:00,Multan,39.3,40,995.6,3.86,45.9,108.5,208.0,1.6,6.2,112.0,115
2026-06-30 10:00:00+00:00,Multan,39.5,40,995.0,3.81,44.1,102.4,205.0,1.3,5.7,112.0,116
2026-06-30 11:00:00+00:00,Multan,39.3,40,994.2,3.56,42.5,96.9,207.0,1.1,5.3,110.0,117
2026-06-30 12:00:00+00:00,Multan,39.6,39,994.1,3.41,36.6,85.4,226.0,2.9,3.9,98.0,117
2026-06-30 13:00:00+00:00,Multan,38.8,41,994.2,3.04,37.6,75.0,272.0,9.0,4.3,84.0,118
2026-06-30 14:00:00+00:00,Multan,38.1,42,994.3,2.7,45.3,75.0,336.0,17.4,4.9,64.0,118
2026-06-30 15:00:00+00:00,Multan,37.1,46,994.5,2.32,55.1,83.1,404.0,24.6,5.4,47.0,118
2026-06-30 16:00:00+00:00,Multan,36.3,50,995.2,2.3,64.3,92.9,486.0,29.7,5.9,36.0,119
2026-06-30 17:00:00+00:00,Multan,35.7,51,995.7,2.5,71.9,103.1,572.0,33.4,6.4,28.0,121
2026-06-30 18:00:00+00:00,Multan,36.2,48,995.6,2.98,71.7,103.4,620.0,34.4,6.6,24.0,124
2026-06-30 19:00:00+00:00,Multan,35.6,48,995.4,3.15,61.5,89.9,608.0,30.9,6.3,25.0,127
2026-06-30 20:00:00+00:00,Multan,34.9,49,995.3,3.22,51.8,74.7,558.0,24.7,5.7,29.0,130
2026-06-30 21:00:00+00:00,Multan,34.6,48,995.0,3.9,44.6,65.9,492.0,18.9,5.3,35.0,132
2026-06-30 22:00:00+00:00,Multan,34.2,47,995.0,4.29,38.5,58.9,401.0,14.5,5.2,43.0,133
2026-06-30 23:00:00+00:00,Multan,33.6,49,995.3,4.36,37.0,60.8,296.0,10.7,5.1,52.0,133
2026-07-01 00:00:00+00:00,Multan,33.5,53,994.7,4.29,38.9,71.0,226.0,7.8,5.1,60.0,132
2026-07-01 01:00:00+00:00,Multan,32.8,55,995.5,4.46,41.9,82.7,226.0,7.1,5.5,63.0,131
2026-07-01 02:00:00+00:00,Multan,33.0,55,996.4,4.82,42.7,88.9,262.0,6.1,6.0,67.0,131
2026-07-01 03:00:00+00:00,Multan,33.6,54,996.8,4.63,40.9,89.6,286.0,5.1,6.3,74.0,130
2026-07-01 04:00:00+00:00,Multan,34.8,50,997.2,4.01,40.4,96.4,279.0,4.0,6.4,85.0,130
2026-07-01 05:00:00+00:00,Multan,36.2,47,997.3,4.09,42.0,112.5,260.0,2.8,6.3,97.0,130
2026-07-01 06:00:00+00:00,Multan,37.5,43,997.5,4.24,43.1,119.0,243.0,1.9,5.9,106.0,130
2026-07-01 07:00:00+00:00,Multan,38.4,41,997.2,4.12,41.0,105.5,232.0,1.5,5.0,108.0,129
2026-07-01 08:00:00+00:00,Multan,39.1,39,996.3,3.99,36.8,84.3,224.0,1.5,3.9,107.0,129
2026-07-01 09:00:00+00:00,Multan,39.6,37,995.5,3.62,34.6,71.0,221.0,1.6,3.0,105.0,128
2026-07-01 10:00:00+00:00,Multan,39.8,36,995.3,3.16,33.2,66.8,221.0,1.0,2.7,105.0,126
2026-07-01 11:00:00+00:00,Multan,39.6,36,994.6,3.26,32.8,65.0,225.0,0.5,2.7,104.0,125
2026-07-01 12:00:00+00:00,Multan,39.6,33,993.9,3.06,31.5,65.4,243.0,2.8,2.4,96.0,124
2026-07-01 13:00:00+00:00,Multan,38.6,34,994.3,3.01,35.6,65.4,275.0,13.1,3.3,78.0,124
2026-07-01 14:00:00+00:00,Multan,37.6,36,994.7,2.73,50.2,75.4,320.0,27.1,4.5,54.0,123
2026-07-01 15:00:00+00:00,Multan,36.8,38,995.2,2.33,66.1,90.3,384.0,36.3,5.3,36.0,124
2026-07-01 16:00:00+00:00,Multan,36.1,41,995.9,2.38,65.2,89.6,486.0,35.6,5.5,33.0,125
2026-07-01 17:00:00+00:00,Multan,35.8,41,997.0,0.82,65.4,92.2,607.0,30.1,5.3,37.0,125
2026-07-01 18:00:00+00:00,Multan,35.6,42,996.9,1.88,67.1,97.1,693.0,27.1,5.1,38.0,125
2026-07-01 19:00:00+00:00,Multan,34.5,46,996.8,2.16,68.7,105.7,711.0,30.2,5.1,30.0,124
2026-07-01 20:00:00+00:00,Multan,33.9,49,996.6,2.25,74.0,120.1,694.0,35.7,5.0,20.0,125
2026-07-01 21:00:00+00:00,Multan,33.4,51,996.8,2.19,78.9,130.9,688.0,40.0,5.0,11.0,127
2026-07-01 22:00:00+00:00,Multan,32.9,53,997.0,2.15,80.8,139.7,726.0,42.4,5.0,4.0,131
2026-07-01 23:00:00+00:00,Multan,32.6,54,997.8,1.95,85.7,165.8,774.0,43.6,5.0,0.0,135
2026-07-02 00:00:00+00:00,Multan,33.8,47,997.8,2.22,87.1,166.2,776.0,30.3,5.2,20.0,140
2026-07-02 01:00:00+00:00,Multan,32.6,53,998.4,2.73,105.2,223.5,691.0,25.8,5.7,34.0,145
2026-07-02 02:00:00+00:00,Multan,32.2,59,999.0,2.01,122.5,271.0,561.0,19.4,6.5,53.0,151
2026-07-02 03:00:00+00:00,Multan,33.0,58,999.2,1.56,129.5,299.9,453.0,13.7,7.4,77.0,153
2026-07-02 04:00:00+00:00,Multan,34.9,52,999.4,1.98,118.3,277.5,396.0,9.5,8.6,109.0,156
2026-07-02 05:00:00+00:00,Multan,37.0,43,999.2,1.88,96.2,211.9,361.0,6.1,9.8,144.0,158
2026-07-02 06:00:00+00:00,Multan,37.9,39,999.5,1.05,75.9,151.3,331.0,3.6,10.4,167.0,159
2026-07-02 07:00:00+00:00,Multan,39.3,36,999.3,0.87,59.0,120.6,298.0,2.3,9.8,168.0,160
2026-07-02 08:00:00+00:00,Multan,40.0,35,998.4,1.52,55.4,129.0,270.0,2.0,8.4,157.0,161
2026-07-02 09:00:00+00:00,Multan,40.2,36,997.8,2.14,55.3,142.5,249.0,2.0,7.1,145.0,162
2026-07-02 10:00:00+00:00,Multan,39.9,36,997.1,2.64,54.8,154.1,231.0,1.1,5.9,137.0,162
2026-07-02 11:00:00+00:00,Multan,39.4,38,996.5,2.86,55.3,165.3,221.0,0.5,4.8,129.0,163
2026-07-02 12:00:00+00:00,Multan,39.8,36,996.4,1.49,54.9,154.1,232.0,3.4,8.7,153.0,163
2026-07-02 13:00:00+00:00,Multan,39.2,38,996.4,1.28,56.1,153.2,269.0,15.3,9.3,129.0,164
2026-07-02 14:00:00+00:00,Multan,38.5,40,996.8,1.24,71.2,154.1,327.0,31.4,10.0,95.0,165
2026-07-02 15:00:00+00:00,Multan,37.6,43,997.1,1.81,92.2,178.3,405.0,41.9,10.3,70.0,165
2026-07-02 16:00:00+00:00,Multan,37.0,46,998.0,2.08,101.7,177.4,527.0,41.2,9.7,61.0,166
2026-07-02 17:00:00+00:00,Multan,36.6,46,998.7,1.1,96.9,162.5,669.0,34.8,8.5,61.0,167
2026-07-02 18:00:00+00:00,Multan,36.7,48,998.7,2.02,91.3,151.8,756.0,29.0,7.4,61.0,168
2026-07-02 19:00:00+00:00,Multan,35.9,50,998.4,1.47,84.8,143.4,750.0,26.0,6.5,59.0,169
2026-07-02 20:00:00+00:00,Multan,35.3,51,998.3,0.9,82.9,144.8,688.0,23.7,5.6,58.0,169
2026-07-02 21:00:00+00:00,Multan,34.4,54,998.4,1.35,84.5,153.7,608.0,22.2,4.9,55.0,170
2026-07-02 22:00:00+00:00,Multan,33.8,58,998.5,1.46,87.1,161.6,498.0,22.2,4.5,48.0,170
2026-07-02 23:00:00+00:00,Multan,33.2,61,998.5,1.32,86.4,154.6,370.0,23.1,4.3,41.0,170
2026-07-03 00:00:00+00:00,Multan,31.5,65,999.5,4.05,110.4,180.2,299.0,38.6,7.0,21.0,170
2026-07-03 01:00:00+00:00,Multan,30.3,67,1000.1,3.16,94.8,164.8,342.0,30.2,6.0,34.0,171
2026-07-03 02:00:00+00:00,Multan,31.5,63,1000.1,2.94,85.4,156.5,441.0,18.6,4.6,53.0,170
2026-07-03 03:00:00+00:00,Multan,33.5,56,1000.1,1.9,76.1,173.2,499.0,9.4,3.4,72.0,169
2026-07-03 04:00:00+00:00,Multan,35.9,48,1000.7,1.24,71.9,183.9,467.0,5.0,2.7,90.0,168
2026-07-03 05:00:00+00:00,Multan,37.7,43,1000.7,1.14,73.6,205.4,393.0,3.0,2.3,109.0,166
2026-07-03 06:00:00+00:00,Multan,39.1,38,1001.0,0.53,75.0,218.4,330.0,1.9,2.2,122.0,166
2026-07-03 07:00:00+00:00,Multan,39.8,36,1000.6,0.6,69.6,198.4,292.0,1.3,2.7,127.0,166
2026-07-03 08:00:00+00:00,Multan,40.4,35,1000.0,1.01,66.1,185.8,264.0,1.6,3.5,127.0,166
2026-07-03 09:00:00+00:00,Multan,40.7,34,999.0,1.61,63.8,167.6,251.0,2.1,4.1,127.0,166
2026-07-03 10:00:00+00:00,Multan,41.1,33,998.4,1.2,60.8,146.2,258.0,1.8,4.1,133.0,167
2026-07-03 11:00:00+00:00,Multan,40.8,33,997.4,0.6,61.5,145.8,280.0,1.6,3.9,138.0,167
2026-07-03 12:00:00+00:00,Multan,37.5,46,997.1,1.94,66.6,182.5,303.0,2.9,4.9,127.0,167
2026-07-03 13:00:00+00:00,Multan,36.7,53,997.1,1.69,68.7,160.2,322.0,11.0,5.3,107.0,167
2026-07-03 14:00:00+00:00,Multan,35.6,61,997.0,0.81,78.7,149.9,342.0,21.9,5.7,80.0,168
2026-07-03 15:00:00+00:00,Multan,34.4,69,997.3,0.4,84.8,143.0,368.0,28.9,6.1,61.0,168
2026-07-03 16:00:00+00:00,Multan,33.5,79,998.2,0.97,82.9,139.7,403.0,27.8,6.2,59.0,168
2026-07-03 17:00:00+00:00,Multan,33.1,79,998.8,1.52,82.0,137.4,445.0,22.8,6.2,64.0,167
2026-07-03 18:00:00+00:00,Multan,32.8,70,998.5,2.13,79.6,133.2,491.0,19.1,6.2,68.0,167
2026-07-03 19:00:00+00:00,Multan,32.0,71,998.5,1.71,75.9,128.5,546.0,18.7,6.1,67.0,166
2026-07-03 20:00:00+00:00,Multan,31.6,73,998.2,1.87,75.2,128.5,605.0,19.8,6.0,63.0,166
2026-07-03 21:00:00+00:00,Multan,31.4,72,998.0,1.9,78.0,133.6,647.0,21.9,5.9,58.0,166
2026-07-03 22:00:00+00:00,Multan,31.2,71,997.9,1.99,81.5,137.4,653.0,26.7,5.9,47.0,166
2026-07-03 23:00:00+00:00,Multan,31.0,72,997.8,1.92,84.8,139.7,642.0,32.6,6.0,33.0,165
2026-07-04 00:00:00+00:00,Multan,31.1,73,997.9,1.59,93.1,151.3,658.0,38.1,6.3,25.0,165
2026-07-04 01:00:00+00:00,Multan,30.9,73,998.4,1.88,91.5,141.1,750.0,31.9,6.9,46.0,165
2026-07-04 02:00:00+00:00,Multan,32.2,67,998.6,1.96,85.9,124.3,869.0,23.2,7.6,77.0,165
2026-07-04 03:00:00+00:00,Multan,33.6,66,999.0,1.88,75.9,117.3,905.0,15.5,7.9,105.0,165
2026-07-04 04:00:00+00:00,Multan,35.3,58,998.9,2.04,59.4,100.1,780.0,9.9,7.2,130.0,165
2026-07-04 05:00:00+00:00,Multan,36.6,51,998.7,1.56,55.1,101.5,572.0,5.3,6.1,154.0,164
2026-07-04 06:00:00+00:00,Multan,37.7,45,998.8,0.63,54.5,105.2,411.0,2.2,5.3,169.0,164
2026-07-04 07:00:00+00:00,Multan,38.3,42,998.2,1.51,53.3,105.9,349.0,1.0,5.2,171.0,163
2026-07-04 08:00:00+00:00,Multan,38.8,40,997.2,1.56,52.3,104.5,334.0,1.2,5.4,165.0,163
2026-07-04 09:00:00+00:00,Multan,39.4,38,996.3,1.6,50.8,99.7,338.0,1.6,5.5,160.0,162
2026-07-04 10:00:00+00:00,Multan,39.6,37,995.6,2.21,48.7,93.1,354.0,1.2,5.4,160.0,162
2026-07-04 11:00:00+00:00,Multan,39.1,40,995.0,2.53,47.5,88.0,390.0,1.1,5.3,161.0,162
2026-07-04 12:00:00+00:00,Multan,39.5,38,994.6,2.11,57.7,106.6,442.0,3.4,5.6,160.0,161
2026-07-04 13:00:00+00:00,Multan,37.8,49,994.3,2.65,61.7,98.0,520.0,10.8,5.7,138.0,161
2026-07-04 14:00:00+00:00,Multan,35.7,58,994.5,2.72,71.9,101.0,616.0,20.9,5.8,107.0,161
2026-07-04 15:00:00+00:00,Multan,34.8,60,994.8,2.01,79.9,106.6,698.0,28.4,6.0,83.0,160
2026-07-04 16:00:00+00:00,Multan,34.4,60,995.4,2.07,81.7,107.8,765.0,30.7,6.2,72.0,160
2026-07-04 17:00:00+00:00,Multan,33.6,65,995.9,1.83,85.4,111.3,820.0,30.4,6.4,69.0,160
2026-07-04 18:00:00+00:00,Multan,34.1,65,995.8,2.26,88.9,115.7,836.0,29.9,6.5,66.0,160
2026-07-04 19:00:00+00:00,Multan,33.4,67,995.9,2.11,88.7,117.6,781.0,30.2,6.4,63.0,161
2026-07-04 20:00:00+00:00,Multan,32.6,70,996.0,2.11,87.1,118.0,689.0,30.3,6.2,62.0,161
2026-07-04 21:00:00+00:00,Multan,32.3,71,996.0,2.02,86.6,122.0,632.0,29.9,6.0,61.0,161
2026-07-04 22:00:00+00:00,Multan,32.0,71,996.0,2.18,89.6,130.9,650.0,29.2,5.9,60.0,162
2026-07-04 23:00:00+00:00,Multan,31.8,70,995.8,1.93,89.6,137.4,704.0,28.1,5.8,59.0,162
2026-07-05 00:00:00+00:00,Multan,31.7,71,995.4,1.95,90.6,144.8,749.0,34.7,6.3,53.0,162
2026-07-05 01:00:00+00:00,Multan,31.4,70,996.2,2.0,81.3,132.7,782.0,29.0,6.6,71.0,162
2026-07-05 02:00:00+00:00,Multan,32.5,67,996.4,1.53,77.3,118.7,806.0,20.9,7.0,97.0,162
2026-07-05 03:00:00+00:00,Multan,34.3,60,997.1,1.61,69.8,118.0,780.0,13.8,7.2,119.0,161
2026-07-05 04:00:00+00:00,Multan,36.4,53,997.1,1.43,58.1,106.9,660.0,8.7,6.9,136.0,161
2026-07-05 05:00:00+00:00,Multan,38.5,44,996.9,1.88,52.0,109.7,490.0,4.6,6.3,149.0,161
2026-07-05 06:00:00+00:00,Multan,39.5,39,997.3,2.44,50.4,117.1,361.0,1.8,5.8,157.0,161
2026-07-05 07:00:00+00:00,Multan,40.1,37,996.9,2.26,50.5,121.1,316.0,0.7,5.4,155.0,161
2026-07-05 08:00:00+00:00,Multan,40.5,34,996.2,1.74,49.2,119.0,312.0,0.9,5.1,147.0,161
2026-07-05 09:00:00+00:00,Multan,41.1,32,995.4,1.65,48.2,116.9,315.0,1.3,4.8,140.0,161
2026-07-05 10:00:00+00:00,Multan,41.3,32,994.9,1.77,47.5,115.0,305.0,1.0,4.5,137.0,161
2026-07-05 11:00:00+00:00,Multan,41.0,33,994.4,1.84,47.0,114.6,303.0,0.8,4.2,134.0,161
2026-07-05 12:00:00+00:00,Multan,41.8,28,993.7,1.82,51.2,125.3,331.0,2.6,4.3,122.0,161
2026-07-05 13:00:00+00:00,Multan,40.7,31,993.5,2.02,53.8,104.3,420.0,8.6,4.8,106.0,160
2026-07-05 14:00:00+00:00,Multan,39.1,36,994.0,2.46,63.1,108.7,541.0,16.8,5.5,83.0,160
2026-07-05 15:00:00+00:00,Multan,37.6,42,994.2,2.83,68.0,114.8,627.0,21.9,6.0,69.0,160
2026-07-05 16:00:00+00:00,Multan,36.4,49,995.1,3.37,65.4,117.6,648.0,20.8,6.3,70.0,160
2026-07-05 17:00:00+00:00,Multan,35.3,54,995.6,3.3,63.6,119.0,635.0,16.7,6.4,80.0,159
2026-07-05 18:00:00+00:00,Multan,35.6,53,995.3,3.51,61.5,118.5,612.0,13.5,6.5,87.0,158
2026-07-05 19:00:00+00:00,Multan,34.7,55,995.3,3.22,57.4,111.3,581.0,12.7,6.6,89.0,158
2026-07-05 20:00:00+00:00,Multan,34.1,56,995.1,3.39,55.4,101.7,540.0,12.7,6.8,89.0,157
2026-07-05 21:00:00+00:00,Multan,33.6,56,995.0,3.01,55.1,94.8,504.0,13.3,7.1,87.0,156
2026-07-05 22:00:00+00:00,Multan,33.1,58,995.1,2.86,56.2,94.1,472.0,14.8,7.7,79.0,155
2026-07-05 23:00:00+00:00,Multan,32.7,58,994.9,3.1,58.2,97.1,444.0,16.8,8.4,69.0,154
2026-07-06 00:00:00+00:00,Multan,33.3,58,994.4,3.47,56.1,95.5,439.0,17.4,7.9,65.0,153
2026-07-06 01:00:00+00:00,Multan,33.2,59,995.1,3.24,56.5,95.0,482.0,16.4,8.6,71.0,152
2026-07-06 02:00:00+00:00,Multan,34.0,57,995.7,2.69,59.6,94.1,547.0,14.9,9.6,80.0,151
2026-07-06 03:00:00+00:00,Multan,35.2,53,996.1,2.37,58.8,106.4,576.0,12.8,9.8,92.0,151
2026-07-06 04:00:00+00:00,Multan,37.0,48,996.3,2.51,55.3,102.7,534.0,9.7,8.6,110.0,150
2026-07-06 05:00:00+00:00,Multan,39.1,42,996.4,2.23,50.6,95.5,455.0,6.0,6.7,131.0,150
2026-07-06 06:00:00+00:00,Multan,40.5,36,996.5,1.48,48.5,93.8,386.0,3.2,5.0,144.0,150
2026-07-06 07:00:00+00:00,Multan,42.0,30,995.7,1.21,45.1,94.1,341.0,2.0,4.0,144.0,150
2026-07-06 08:00:00+00:00,Multan,42.9,27,995.1,1.7,43.5,98.3,306.0,1.6,3.3,136.0,150
2026-07-06 09:00:00+00:00,Multan,43.0,28,994.4,2.4,43.3,104.5,285.0,1.6,2.8,129.0,149
2026-07-06 10:00:00+00:00,Multan,42.7,29,994.1,3.03,43.3,111.3,271.0,1.6,2.6,127.0,149
2026-07-06 11:00:00+00:00,Multan,42.0,30,993.9,3.57,43.8,118.7,270.0,1.9,2.7,125.0,148
2026-07-06 12:00:00+00:00,Multan,41.7,31,992.9,3.15,47.7,136.9,305.0,4.1,3.1,114.0,148
2026-07-06 13:00:00+00:00,Multan,41.5,32,993.2,2.47,54.1,127.1,409.0,7.4,3.9,106.0,148
2026-07-06 14:00:00+00:00,Multan,40.3,37,993.7,2.45,60.8,138.8,549.0,11.9,5.0,94.0,148
2026-07-06 15:00:00+00:00,Multan,38.1,48,993.9,4.24,64.5,155.5,650.0,15.0,6.1,87.0,147
2026-07-06 16:00:00+00:00,Multan,37.1,50,994.9,2.73,66.4,161.1,679.0,15.4,7.3,88.0,147
2026-07-06 17:00:00+00:00,Multan,36.4,50,995.5,3.26,66.1,150.4,668.0,14.5,8.6,93.0,147
2026-07-06 18:00:00+00:00,Multan,35.6,47,996.7,3.97,64.7,138.3,639.0,13.4,9.1,94.0,147
2026-07-06 19:00:00+00:00,Multan,34.5,48,996.3,3.81,60.3,122.0,587.0,12.5,8.3,88.0,148
2026-07-06 20:00:00+00:00,Multan,33.7,49,995.9,3.62,55.2,110.1,518.0,11.4,6.8,79.0,148
2026-07-06 21:00:00+00:00,Multan,33.1,50,996.0,3.53,52.6,107.8,462.0,10.6,5.5,71.0,148
2026-07-06 22:00:00+00:00,Multan,32.6,52,996.0,3.11,50.5,104.1,433.0,10.5,4.6,65.0,148
2026-07-06 23:00:00+00:00,Multan,32.1,57,996.1,2.98,48.2,94.5,419.0,10.6,3.8,59.0,147
2026-07-07 00:00:00+00:00,Multan,31.4,64,997.4,3.1,54.6,108.3,415.0,14.3,5.4,51.0,146
2026-07-07 01:00:00+00:00,Multan,31.1,63,997.2,2.69,54.0,99.4,425.0,12.7,5.4,57.0,146
2026-07-07 02:00:00+00:00,Multan,31.9,59,997.3,1.72,53.8,102.9,444.0,10.4,5.3,66.0,146
2026-07-07 03:00:00+00:00,Multan,33.2,55,997.7,1.05,54.0,120.1,458.0,8.2,5.3,79.0,145
2026-07-07 04:00:00+00:00,Multan,34.7,50,998.1,1.23,60.3,152.7,459.0,6.1,5.4,99.0,145
2026-07-07 05:00:00+00:00,Multan,36.2,45,997.7,1.0,65.7,172.8,454.0,4.0,5.6,122.0,145
2026-07-07 06:00:00+00:00,Multan,37.4,40,997.4,0.8,67.5,179.3,448.0,2.5,5.5,138.0,147
2026-07-07 07:00:00+00:00,Multan,39.1,36,997.1,0.97,67.3,181.1,443.0,1.8,4.8,141.0,149
2026-07-07 08:00:00+00:00,Multan,40.2,34,996.0,1.17,67.1,183.0,436.0,1.6,3.9,137.0,150
2026-07-07 09:00:00+00:00,Multan,41.0,32,995.1,0.61,67.8,186.7,428.0,1.7,3.2,133.0,151
2026-07-07 10:00:00+00:00,Multan,41.3,30,994.4,0.54,67.8,187.7,411.0,1.3,3.1,133.0,152
2026-07-07 11:00:00+00:00,Multan,41.3,30,993.6,0.49,67.8,189.1,392.0,1.1,3.2,132.0,152
2026-07-07 12:00:00+00:00,Multan,39.3,39,993.8,2.69,43.5,96.4,390.0,3.3,4.5,143.0,153
2026-07-07 13:00:00+00:00,Multan,38.4,42,993.6,2.12,47.1,89.9,413.0,8.7,4.5,123.0,153
2026-07-07 14:00:00+00:00,Multan,37.2,46,994.0,2.02,54.8,92.7,453.0,16.2,4.5,96.0,153
2026-07-07 15:00:00+00:00,Multan,36.3,50,994.8,1.32,61.9,100.1,504.0,22.7,4.7,73.0,153
2026-07-07 16:00:00+00:00,Multan,36.1,50,995.7,1.05,68.0,109.4,583.0,27.3,5.2,59.0,153
2026-07-07 17:00:00+00:00,Multan,35.8,50,995.8,1.57,76.6,120.6,673.0,30.9,5.8,48.0,153
2026-07-07 18:00:00+00:00,Multan,35.5,49,995.0,2.21,81.5,127.6,723.0,32.6,6.1,42.0,153
2026-07-07 19:00:00+00:00,Multan,34.4,53,994.6,2.27,77.8,125.7,700.0,31.6,5.9,41.0,153
2026-07-07 20:00:00+00:00,Multan,33.6,56,994.6,2.1,72.9,122.9,636.0,28.7,5.3,43.0,154
2026-07-07 21:00:00+00:00,Multan,33.1,59,994.7,2.13,69.8,120.6,583.0,26.2,4.9,45.0,154
2026-07-07 22:00:00+00:00,Multan,32.7,60,994.7,2.58,66.6,116.2,555.0,25.0,4.7,44.0,155
2026-07-07 23:00:00+00:00,Multan,32.6,60,994.8,2.32,62.4,110.4,537.0,24.2,4.7,43.0,155
2026-07-08 00:00:00+00:00,Multan,32.2,60,994.8,2.15,60.8,113.2,531.0,20.7,4.8,49.0,156
2026-07-08 01:00:00+00:00,Multan,31.9,64,995.0,1.72,58.3,106.4,552.0,19.0,5.0,60.0,156
2026-07-08 02:00:00+00:00,Multan,32.9,61,995.2,1.28,58.7,95.0,584.0,16.6,5.2,75.0,156
2026-07-08 03:00:00+00:00,Multan,34.8,55,995.7,1.44,56.5,103.6,589.0,13.7,5.4,92.0,156
2026-07-08 04:00:00+00:00,Multan,36.5,49,995.7,1.71,53.9,109.4,537.0,9.9,5.3,111.0,156
2026-07-08 05:00:00+00:00,Multan,38.1,45,995.8,1.92,53.9,122.9,456.0,5.6,5.2,131.0,156
2026-07-08 06:00:00+00:00,Multan,38.9,40,996.0,1.32,55.5,128.5,392.0,2.5,5.3,146.0,156
2026-07-08 07:00:00+00:00,Multan,40.2,36,995.2,0.96,55.4,123.4,353.0,1.4,6.2,154.0,156
2026-07-08 08:00:00+00:00,Multan,40.9,35,994.8,1.0,54.5,119.2,331.0,1.6,7.4,156.0,155
2026-07-08 09:00:00+00:00,Multan,41.0,34,994.6,2.02,54.0,117.3,348.0,2.0,8.0,156.0,155
2026-07-08 10:00:00+00:00,Multan,38.6,39,994.3,1.7,53.2,114.3,415.0,1.4,7.4,154.0,154
2026-07-08 11:00:00+00:00,Multan,39.4,37,994.1,1.15,51.7,107.6,521.0,1.2,6.1,149.0,154
2026-07-08 12:00:00+00:00,Multan,39.5,33,993.1,2.49,55.4,115.5,661.0,4.6,8.6,158.0,153
2026-07-08 13:00:00+00:00,Multan,39.0,32,993.5,1.1,58.1,98.5,878.0,12.8,8.2,132.0,154
2026-07-08 14:00:00+00:00,Multan,37.8,37,994.2,2.01,67.5,101.0,1129.0,23.9,7.6,97.0,154
2026-07-08 15:00:00+00:00,Multan,35.9,50,994.7,2.7,75.2,103.1,1281.0,31.2,7.2,71.0,155
2026-07-08 16:00:00+00:00,Multan,35.0,55,995.2,2.55,72.2,100.4,1255.0,30.8,7.0,64.0,155
2026-07-08 17:00:00+00:00,Multan,34.4,56,995.4,2.09,72.2,101.0,1130.0,26.6,6.9,65.0,155
2026-07-08 18:00:00+00:00,Multan,34.2,56,995.5,2.64,71.7,101.0,1007.0,22.7,6.8,67.0,155
2026-07-08 19:00:00+00:00,Multan,33.0,63,995.9,2.26,67.3,96.2,914.0,20.6,6.4,66.0,155
2026-07-08 20:00:00+00:00,Multan,32.6,65,995.7,1.8,61.9,90.1,823.0,18.9,5.9,65.0,154
2026-07-08 21:00:00+00:00,Multan,32.0,67,995.8,2.55,60.8,97.8,749.0,17.9,5.8,63.0,154
2026-07-08 22:00:00+00:00,Multan,31.5,68,995.8,2.75,64.5,119.7,703.0,18.4,6.4,57.0,154
2026-07-08 23:00:00+00:00,Multan,31.2,67,995.9,2.35,68.9,141.1,674.0,19.7,7.3,49.0,154
2026-07-09 00:00:00+00:00,Multan,30.8,64,996.0,1.98,75.7,180.7,648.0,17.0,8.0,54.0,154
2026-07-09 01:00:00+00:00,Multan,30.5,65,996.5,1.41,78.7,184.4,623.0,15.4,7.8,60.0,154
2026-07-09 02:00:00+00:00,Multan,31.5,62,997.0,0.32,82.2,183.9,602.0,13.1,7.5,69.0,155
2026-07-09 03:00:00+00:00,Multan,33.2,56,997.1,0.11,81.3,202.6,573.0,10.7,7.4,83.0,156
2026-07-09 04:00:00+00:00,Multan,35.3,49,997.0,0.81,75.9,181.6,529.0,8.0,7.6,106.0,156
2026-07-09 05:00:00+00:00,Multan,37.0,44,996.8,1.24,68.9,154.6,478.0,5.0,7.9,134.0,157
2026-07-09 06:00:00+00:00,Multan,37.8,42,997.2,0.76,63.6,137.8,435.0,2.9,8.2,154.0,157
2026-07-09 07:00:00+00:00,Multan,39.5,38,996.9,0.45,57.3,125.7,408.0,2.0,8.3,159.0,158
2026-07-09 08:00:00+00:00,Multan,40.5,35,996.3,1.09,52.0,114.1,389.0,1.8,8.4,155.0,158
2026-07-09 09:00:00+00:00,Multan,40.6,34,995.6,2.06,49.4,109.0,372.0,2.0,8.4,150.0,158
2026-07-09 10:00:00+00:00,Multan,40.4,33,995.6,3.08,46.9,104.3,349.0,1.7,8.2,148.0,158
2026-07-09 11:00:00+00:00,Multan,39.7,36,995.1,3.03,44.7,100.1,327.0,1.8,8.0,145.0,157
2026-07-09 12:00:00+00:00,Multan,38.6,41,995.5,3.34,36.8,79.9,329.0,3.6,8.2,139.0,157
2026-07-09 13:00:00+00:00,Multan,37.7,40,995.1,1.87,40.6,72.9,374.0,10.5,8.1,119.0,157
2026-07-09 14:00:00+00:00,Multan,35.7,51,995.6,3.5,50.3,78.0,442.0,20.2,8.0,91.0,156
2026-07-09 15:00:00+00:00,Multan,34.5,57,995.9,2.8,57.7,82.7,491.0,28.2,7.9,68.0,156
2026-07-09 16:00:00+00:00,Multan,35.2,52,996.4,3.3,63.6,88.2,503.0,33.3,8.0,53.0,155
2026-07-09 17:00:00+00:00,Multan,34.9,52,997.1,2.96,71.9,95.5,496.0,36.7,8.1,43.0,155
2026-07-09 18:00:00+00:00,Multan,36.0,51,996.3,3.41,75.4,97.8,481.0,37.9,8.0,36.0,155
2026-07-09 19:00:00+00:00,Multan,35.4,49,996.3,3.4,73.3,96.2,458.0,36.1,7.5,32.0,155
2026-07-09 20:00:00+00:00,Multan,34.7,51,996.0,3.71,70.8,98.5,429.0,31.9,6.7,31.0,155
2026-07-09 21:00:00+00:00,Multan,34.3,52,996.1,3.56,66.8,109.7,406.0,27.1,6.2,34.0,155
2026-07-09 22:00:00+00:00,Multan,33.9,53,995.9,3.29,58.1,109.2,402.0,21.3,6.0,41.0,156
2026-07-09 23:00:00+00:00,Multan,33.4,55,995.9,3.21,46.6,82.2,406.0,14.9,6.1,52.0,155
2026-07-10 00:00:00+00:00,Multan,33.4,58,995.5,3.15,55.3,93.1,397.0,16.8,5.3,42.0,155
2026-07-10 01:00:00+00:00,Multan,33.1,59,996.1,2.95,46.0,69.6,362.0,14.0,5.8,55.0,154
2026-07-10 02:00:00+00:00,Multan,34.0,58,996.4,2.96,39.5,57.0,314.0,10.0,6.6,74.0,153
2026-07-10 03:00:00+00:00,Multan,34.9,55,997.1,3.89,36.8,61.7,278.0,6.7,7.3,91.0,152
2026-07-10 04:00:00+00:00,Multan,35.8,53,997.4,3.83,38.6,80.1,264.0,4.7,8.1,106.0,150
2026-07-10 05:00:00+00:00,Multan,36.8,50,997.3,3.8,43.1,104.5,262.0,3.3,8.9,119.0,148
2026-07-10 06:00:00+00:00,Multan,37.5,49,997.6,4.01,47.0,124.3,261.0,2.4,9.4,128.0,145
2026-07-10 07:00:00+00:00,Multan,38.2,47,997.1,3.97,49.9,137.8,259.0,1.9,9.3,132.0,143
2026-07-10 08:00:00+00:00,Multan,39.0,44,996.3,3.87,52.5,148.5,260.0,1.8,8.9,132.0,143
2026-07-10 09:00:00+00:00,Multan,39.6,43,995.7,3.66,54.5,155.5,260.0,1.9,8.4,130.0,143
2026-07-10 10:00:00+00:00,Multan,39.7,42,995.3,3.72,55.5,157.9,254.0,1.8,7.9,128.0,143
2026-07-10 11:00:00+00:00,Multan,39.6,42,994.5,4.04,56.1,156.5,249.0,2.0,7.3,125.0,144
2026-07-10 12:00:00+00:00,Multan,39.4,42,994.1,4.66,58.4,169.5,259.0,3.3,6.4,114.0,145
2026-07-10 13:00:00+00:00,Multan,38.4,44,994.3,4.19,60.8,143.9,300.0,7.4,6.4,100.0,148
2026-07-10 14:00:00+00:00,Multan,37.6,46,994.3,3.66,65.0,131.8,356.0,13.0,6.4,81.0,150
2026-07-10 15:00:00+00:00,Multan,36.6,50,994.3,3.18,68.0,127.1,401.0,17.1,6.4,66.0,150
2026-07-10 16:00:00+00:00,Multan,36.1,50,995.4,2.53,69.6,128.1,428.0,18.5,6.3,57.0,151
2026-07-10 17:00:00+00:00,Multan,35.5,51,995.7,2.9,71.5,130.4,444.0,18.4,6.2,51.0,151
2026-07-10 18:00:00+00:00,Multan,35.9,50,994.9,3.78,71.0,137.8,438.0,17.2,6.0,49.0,151
2026-07-10 19:00:00+00:00,Multan,35.0,50,994.5,4.11,70.5,153.7,398.0,14.2,5.4,54.0,151
2026-07-10 20:00:00+00:00,Multan,34.4,51,993.7,4.38,70.5,162.1,337.0,10.0,4.8,64.0,151
2026-07-10 21:00:00+00:00,Multan,34.2,49,993.0,5.01,67.5,148.5,282.0,6.9,4.4,71.0,151
2026-07-10 22:00:00+00:00,Multan,33.6,50,992.6,5.26,60.8,119.2,241.0,5.8,4.7,74.0,151
2026-07-10 23:00:00+00:00,Multan,32.9,52,992.8,4.52,52.6,95.2,206.0,5.7,5.2,75.0,151
2026-07-11 00:00:00+00:00,Multan,32.4,56,993.0,4.35,48.0,88.5,188.0,5.5,5.7,76.0,151
2026-07-11 01:00:00+00:00,Multan,31.8,59,993.7,4.19,46.2,85.4,197.0,5.3,6.0,73.0,151
2026-07-11 02:00:00+00:00,Multan,32.0,58,994.3,3.8,47.6,92.0,222.0,5.0,6.5,69.0,151
2026-07-11 03:00:00+00:00,Multan,32.5,58,994.9,4.14,50.2,105.7,242.0,4.5,6.9,70.0,151
2026-07-11 04:00:00+00:00,Multan,33.5,56,995.0,4.3,54.2,119.0,247.0,3.7,7.3,79.0,151
2026-07-11 05:00:00+00:00,Multan,34.8,53,995.0,3.49,58.6,132.2,246.0,2.8,7.6,93.0,152
2026-07-11 06:00:00+00:00,Multan,35.9,50,995.5,2.93,62.9,144.8,244.0,2.1,7.7,104.0,152
2026-07-11 07:00:00+00:00,Multan,37.1,47,995.3,2.5,66.6,154.6,241.0,1.8,7.6,112.0,153
2026-07-11 08:00:00+00:00,Multan,39.1,42,994.6,1.95,69.6,161.6,236.0,1.6,7.3,117.0,153
2026-07-11 09:00:00+00:00,Multan,39.4,41,993.6,2.36,72.6,168.1,234.0,1.7,6.9,120.0,154
2026-07-11 10:00:00+00:00,Multan,38.8,43,993.1,3.61,75.9,174.6,233.0,1.2,6.3,121.0,154
2026-07-11 11:00:00+00:00,Multan,38.3,44,992.7,4.03,78.9,181.1,234.0,0.9,5.5,120.0,155
2026-07-11 12:00:00+00:00,Multan,38.1,45,992.9,3.0,70.3,151.3,245.0,3.0,5.5,116.0,156
2026-07-11 13:00:00+00:00,Multan,37.0,48,992.8,3.45,73.8,154.6,263.0,9.5,5.5,98.0,156
2026-07-11 14:00:00+00:00,Multan,36.5,49,993.2,2.21,83.4,141.1,292.0,18.6,5.5,73.0,156
2026-07-11 15:00:00+00:00,Multan,36.0,50,993.8,1.49,95.2,153.7,350.0,25.9,5.5,53.0,157
2026-07-11 16:00:00+00:00,Multan,35.7,52,994.2,0.92,108.0,167.6,476.0,30.0,5.6,42.0,158
2026-07-11 17:00:00+00:00,Multan,35.4,53,994.5,0.89,117.3,177.9,631.0,32.3,5.7,36.0,159
2026-07-11 18:00:00+00:00,Multan,35.5,54,994.2,1.75,116.9,182.1,723.0,32.6,5.6,32.0,160
2026-07-11 19:00:00+00:00,Multan,34.6,57,993.7,2.26,115.9,195.6,700.0,29.8,5.2,32.0,161
2026-07-11 20:00:00+00:00,Multan,34.0,60,993.0,1.98,119.2,219.3,614.0,25.0,4.6,34.0,163
2026-07-11 21:00:00+00:00,Multan,33.5,61,992.1,2.26,122.9,231.9,523.0,20.9,4.2,37.0,164
2026-07-11 22:00:00+00:00,Multan,32.8,64,991.6,2.62,122.0,221.2,434.0,18.8,4.2,39.0,166
2026-07-11 23:00:00+00:00,Multan,32.8,62,991.5,3.82,106.6,183.9,340.0,17.5,4.5,42.0,168
2026-07-12 00:00:00+00:00,Multan,32.7,65,992.0,1.25,99.2,150.9,283.0,25.0,4.7,28.0,169
2026-07-12 01:00:00+00:00,Multan,32.4,67,992.5,1.49,71.0,101.5,292.0,21.4,5.8,38.0,171
2026-07-12 02:00:00+00:00,Multan,33.2,63,993.4,1.36,54.7,72.4,338.0,16.2,7.3,54.0,172
2026-07-12 03:00:00+00:00,Multan,33.2,61,994.1,2.2,55.5,81.5,372.0,11.7,8.8,73.0,172
2026-07-12 04:00:00+00:00,Multan,34.2,55,994.9,3.48,60.3,94.5,379.0,8.4,10.6,99.0,172
2026-07-12 05:00:00+00:00,Multan,35.2,52,995.1,3.29,62.2,102.0,374.0,5.7,12.4,129.0,172
2026-07-12 06:00:00+00:00,Multan,35.8,51,995.4,2.67,62.4,105.7,360.0,3.7,13.2,150.0,172
2026-07-12 07:00:00+00:00,Multan,36.7,47,995.0,2.23,61.5,109.0,328.0,2.5,12.5,156.0,172
2026-07-12 08:00:00+00:00,Multan,37.3,46,994.4,2.28,59.4,113.6,287.0,2.0,10.7,153.0,172
2026-07-12 09:00:00+00:00,Multan,37.5,45,993.9,2.11,58.7,125.7,260.0,1.8,9.0,146.0,172
2026-07-12 10:00:00+00:00,Multan,37.7,44,993.8,1.27,58.6,138.8,255.0,0.7,7.2,137.0,171
2026-07-12 11:00:00+00:00,Multan,37.3,45,993.8,1.72,59.8,153.7,263.0,0.0,5.3,124.0,171
2026-07-12 12:00:00+00:00,Multan,36.6,49,993.7,1.75,72.2,186.7,289.0,2.6,2.4,91.0,170
2026-07-12 13:00:00+00:00,Multan,36.4,49,994.2,1.79,79.6,205.4,347.0,8.4,3.1,79.0,170
2026-07-12 14:00:00+00:00,Multan,36.0,49,993.8,1.35,88.5,178.3,421.0,16.5,4.1,63.0,171
2026-07-12 15:00:00+00:00,Multan,35.4,53,994.7,0.25,88.7,160.2,468.0,22.0,4.9,51.0,171
2026-07-12 16:00:00+00:00,Multan,35.1,56,995.4,1.69,86.6,146.2,463.0,22.7,5.3,49.0,171
2026-07-12 17:00:00+00:00,Multan,34.4,60,996.0,1.83,84.5,138.8,430.0,21.0,5.6,53.0,170
2026-07-12 18:00:00+00:00,Multan,33.7,64,996.0,2.75,85.2,145.3,404.0,19.3,5.7,55.0,169
2026-07-12 19:00:00+00:00,Multan,32.2,66,996.2,2.88,90.1,163.9,397.0,18.9,5.7,53.0,168
2026-07-12 20:00:00+00:00,Multan,31.8,64,995.8,2.4,94.5,173.2,396.0,18.5,5.5,50.0,167
2026-07-12 21:00:00+00:00,Multan,31.6,63,995.5,1.87,92.4,164.8,393.0,17.3,5.3,52.0,166
2026-07-12 22:00:00+00:00,Multan,31.4,62,995.3,1.2,93.4,192.8,373.0,14.0,4.8,64.0,166
2026-07-12 23:00:00+00:00,Multan,31.2,63,995.4,1.61,84.3,158.3,351.0,9.8,4.3,81.0,165
2026-07-13 00:00:00+00:00,Multan,27.6,82,996.1,3.11,63.8,109.7,358.0,9.1,4.3,89.0,164
2026-07-13 01:00:00+00:00,Multan,27.6,78,995.5,1.97,60.3,102.7,429.0,10.4,4.7,88.0,163
2026-07-13 02:00:00+00:00,Multan,28.3,73,996.7,0.72,60.3,106.9,530.0,12.0,5.3,86.0,163
2026-07-13 03:00:00+00:00,Multan,30.5,63,997.0,0.15,60.1,108.5,587.0,12.3,5.6,91.0,163
2026-07-13 04:00:00+00:00,Multan,32.6,56,998.1,2.89,64.0,127.1,557.0,9.9,5.4,107.0,163
2026-07-13 05:00:00+00:00,Multan,34.1,51,997.1,1.28,67.3,139.7,484.0,6.2,4.9,129.0,163
2026-07-13 06:00:00+00:00,Multan,36.3,48,997.1,0.96,71.9,162.1,426.0,3.4,4.5,144.0,163
2026-07-13 07:00:00+00:00,Multan,37.2,46,996.7,0.65,81.7,214.2,404.0,2.6,4.2,145.0,164
2026-07-13 08:00:00+00:00,Multan,38.5,42,995.9,1.86,91.5,267.3,398.0,2.8,4.0,140.0,164
2026-07-13 09:00:00+00:00,Multan,39.3,38,995.6,3.08,98.7,303.6,401.0,3.1,4.1,136.0,165
2026-07-13 10:00:00+00:00,Multan,39.3,30,995.7,2.98,104.5,330.6,411.0,2.4,4.8,140.0,166
2026-07-13 11:00:00+00:00,Multan,37.7,36,995.8,2.55,108.7,346.5,431.0,1.9,5.9,146.0,168
2026-07-13 12:00:00+00:00,Multan,39.1,37,994.7,3.19,103.1,348.3,461.0,4.1,3.3,131.0,169
2026-07-13 13:00:00+00:00,Multan,38.6,37,995.3,2.16,99.9,326.9,502.0,10.6,4.0,113.0,170
2026-07-13 14:00:00+00:00,Multan,37.7,40,995.7,2.4,106.2,244.0,553.0,19.5,5.0,89.0,171
2026-07-13 15:00:00+00:00,Multan,36.9,43,995.7,2.34,103.8,214.2,614.0,24.7,5.6,74.0,171
2026-07-13 16:00:00+00:00,Multan,36.0,48,996.0,2.97,94.5,197.9,698.0,22.7,5.6,76.0,172
2026-07-13 17:00:00+00:00,Multan,35.2,52,996.5,1.95,92.0,198.8,791.0,17.0,5.4,87.0,172
2026-07-13 18:00:00+00:00,Multan,34.2,49,997.4,1.3,87.8,183.5,851.0,12.7,5.1,94.0,172
2026-07-13 19:00:00+00:00,Multan,32.6,60,997.5,1.74,84.3,172.3,854.0,11.7,4.9,92.0,172
2026-07-13 20:00:00+00:00,Multan,31.8,67,997.3,1.92,81.5,162.5,824.0,12.1,4.7,85.0,172
2026-07-13 21:00:00+00:00,Multan,31.2,71,997.0,1.7,79.4,161.6,795.0,13.2,4.5,77.0,172
2026-07-13 22:00:00+00:00,Multan,30.8,73,996.8,1.55,80.1,175.1,782.0,15.3,4.3,66.0,171
2026-07-13 23:00:00+00:00,Multan,30.5,73,996.6,2.29,83.1,187.7,769.0,18.0,4.2,53.0,171
2026-07-14 00:00:00+00:00,Multan,31.3,70,996.7,3.28,85.9,133.2,743.0,23.8,4.3,38.0,171
2026-07-14 01:00:00+00:00,Multan,29.8,71,997.0,3.16,87.1,156.0,699.0,22.5,4.3,40.0,171
2026-07-14 02:00:00+00:00,Multan,29.6,70,997.9,2.97,91.7,185.8,641.0,20.6,4.4,44.0,172
2026-07-14 03:00:00+00:00,Multan,30.3,70,998.2,2.89,100.8,258.9,567.0,17.8,4.9,54.0,173
2026-07-14 04:00:00+00:00,Multan,32.7,63,998.6,3.22,109.4,344.6,457.0,13.2,6.5,74.0,174
2026-07-14 05:00:00+00:00,Multan,34.8,56,998.8,4.02,103.6,332.5,331.0,7.8,8.5,99.0,176
2026-07-14 06:00:00+00:00,Multan,35.6,54,999.1,3.62,96.6,300.8,242.0,3.7,9.8,119.0,177
2026-07-14 07:00:00+00:00,Multan,36.1,52,998.9,3.56,93.1,286.8,218.0,2.1,9.7,128.0,177
2026-07-14 08:00:00+00:00,Multan,36.0,50,998.7,3.52,88.9,271.9,231.0,2.0,8.8,132.0,178
2026-07-14 09:00:00+00:00,Multan,35.8,52,998.5,2.98,84.1,256.1,247.0,2.1,7.8,132.0,178
2026-07-14 10:00:00+00:00,Multan,35.4,53,998.0,3.46,78.5,241.2,252.0,1.7,6.7,128.0,177
2026-07-14 11:00:00+00:00,Multan,35.5,51,998.2,2.82,73.1,224.0,261.0,1.5,5.6,121.0,177
2026-07-14 12:00:00+00:00,Multan,36.4,45,997.5,2.48,66.4,201.2,286.0,3.5,4.7,105.0,175
2026-07-14 13:00:00+00:00,Multan,36.5,47,997.2,2.03,65.7,169.5,344.0,9.6,5.1,90.0,174
2026-07-14 14:00:00+00:00,Multan,35.6,51,997.5,2.99,72.6,154.6,418.0,18.2,5.6,69.0,173
2026-07-14 15:00:00+00:00,Multan,34.9,53,997.5,2.55,78.5,156.0,464.0,25.1,6.1,51.0,172
2026-07-14 16:00:00+00:00,Multan,34.4,55,998.5,2.16,83.4,159.3,460.0,29.4,6.5,41.0,172
2026-07-14 17:00:00+00:00,Multan,33.9,57,999.2,2.35,89.2,159.7,429.0,32.1,6.9,34.0,171
2026-07-14 18:00:00+00:00,Multan,33.9,59,998.3,2.67,89.4,157.9,397.0,32.4,6.9,30.0,171
2026-07-14 19:00:00+00:00,Multan,33.3,59,998.2,2.61,85.2,158.8,371.0,28.9,6.4,30.0,171
2026-07-14 20:00:00+00:00,Multan,32.9,59,998.4,2.33,82.9,172.8,344.0,23.0,5.5,33.0,171
2026-07-14 21:00:00+00:00,Multan,32.6,58,998.4,2.4,79.9,180.7,318.0,17.8,4.9,37.0,171
2026-07-14 22:00:00+00:00,Multan,32.1,58,998.1,2.73,70.5,156.5,291.0,14.5,4.7,41.0,171
2026-07-14 23:00:00+00:00,Multan,31.5,58,997.9,2.92,57.7,113.9,266.0,12.0,4.7,47.0,171
2026-07-15 00:00:00+00:00,Multan,32.6,57,998.2,2.85,78.5,118.5,255.0,15.5,3.6,34.0,170
2026-07-15 01:00:00+00:00,Multan,32.1,57,998.7,3.16,82.2,136.0,272.0,14.6,3.7,41.0,170
2026-07-15 02:00:00+00:00,Multan,32.8,55,999.1,3.13,87.1,146.7,302.0,13.1,3.8,51.0,170
2026-07-15 03:00:00+00:00,Multan,34.0,52,999.7,3.56,81.3,150.9,318.0,11.2,4.4,64.0,170
2026-07-15 04:00:00+00:00,Multan,35.2,49,1000.1,3.47,52.5,98.3,303.0,8.3,6.0,82.0,169
2026-07-15 05:00:00+00:00,Multan,36.3,47,1000.4,3.82,48.0,122.9,272.0,4.9,8.1,103.0,168
2026-07-15 06:00:00+00:00,Multan,37.4,42,1000.9,4.01,51.2,156.0,245.0,2.4,9.3,117.0,166
2026-07-15 07:00:00+00:00,Multan,36.1,48,1001.1,3.42,53.9,177.4,226.0,1.5,8.9,121.0,165
2026-07-15 08:00:00+00:00,Multan,36.5,48,1000.5,3.13,53.9,179.7,210.0,1.5,7.6,118.0,163
2026-07-15 09:00:00+00:00,Multan,36.6,45,1000.3,3.56,53.7,178.3,203.0,1.8,6.4,115.0,162
2026-07-15 10:00:00+00:00,Multan,37.2,44,999.8,2.54,53.4,179.3,201.0,1.3,5.6,114.0,161
2026-07-15 11:00:00+00:00,Multan,37.4,42,999.4,2.75,51.6,176.0,207.0,1.0,5.0,112.0,161
2026-07-15 12:00:00+00:00,Multan,37.0,42,999.0,3.02,40.6,125.7,234.0,3.2,3.8,96.0,160
2026-07-15 13:00:00+00:00,Multan,36.0,45,999.2,2.77,44.0,121.5,280.0,11.6,4.7,80.0,159
2026-07-15 14:00:00+00:00,Multan,35.1,49,999.0,2.08,55.4,120.6,348.0,23.5,6.0,58.0,159
2026-07-15 15:00:00+00:00,Multan,34.2,53,999.4,2.14,69.6,134.6,457.0,34.2,7.1,39.0,158
2026-07-15 16:00:00+00:00,Multan,33.7,56,999.8,1.45,82.4,147.1,663.0,42.5,7.9,26.0,158
2026-07-15 17:00:00+00:00,Multan,33.2,61,1000.8,1.05,94.3,158.8,911.0,49.6,8.5,15.0,158
2026-07-15 18:00:00+00:00,Multan,33.4,60,1000.3,2.06,104.8,168.1,1053.0,54.9,9.0,7.0,158
2026-07-15 19:00:00+00:00,Multan,32.5,63,1000.2,2.16,115.0,182.5,993.0,58.1,9.6,2.0,158
2026-07-15 20:00:00+00:00,Multan,31.8,66,1000.3,2.09,124.3,194.6,826.0,59.6,10.1,1.0,159
2026-07-15 21:00:00+00:00,Multan,31.3,68,1000.4,2.05,133.2,201.6,692.0,59.6,10.1,0.0,161
2026-07-15 22:00:00+00:00,Multan,30.8,69,1000.4,2.23,129.0,188.6,646.0,58.8,9.3,0.0,162
2026-07-15 23:00:00+00:00,Multan,30.5,69,1000.5,2.59,115.7,174.2,633.0,56.4,8.0,0.0,164
2026-07-16 00:00:00+00:00,Multan,31.2,68,1000.3,2.62,79.4,125.3,624.0,37.0,6.2,20.0,166
2026-07-16 01:00:00+00:00,Multan,30.8,69,1001.0,2.5,76.8,124.3,622.0,32.3,5.9,33.0,166
2026-07-16 02:00:00+00:00,Multan,31.8,65,1001.3,1.91,79.4,129.9,624.0,25.5,5.6,53.0,165
2026-07-16 03:00:00+00:00,Multan,33.6,55,1001.6,2.31,79.9,163.4,592.0,19.0,5.9,73.0,165
2026-07-16 04:00:00+00:00,Multan,34.9,49,1001.7,3.04,69.2,142.0,492.0,13.0,7.4,97.0,165
2026-07-16 05:00:00+00:00,Multan,36.1,46,1001.9,3.44,58.7,112.2,359.0,7.2,9.5,121.0,166
2026-07-16 06:00:00+00:00,Multan,37.3,42,1002.2,4.16,51.6,110.8,257.0,3.0,10.6,137.0,166
2026-07-16 07:00:00+00:00,Multan,37.6,43,1001.9,4.18,48.5,126.2,215.0,1.4,9.9,136.0,166
2026-07-16 08:00:00+00:00,Multan,38.2,40,1001.2,4.05,50.2,145.8,204.0,1.4,8.3,126.0,166
2026-07-16 09:00:00+00:00,Multan,38.6,39,1000.6,4.06,51.6,155.5,202.0,1.7,7.0,117.0,166
2026-07-16 10:00:00+00:00,Multan,38.7,38,999.8,3.85,51.9,155.1,201.0,1.5,6.3,116.0,166
2026-07-16 11:00:00+00:00,Multan,38.5,38,999.3,3.77,51.0,147.6,209.0,1.6,5.9,116.0,166
2026-07-16 12:00:00+00:00,Multan,38.8,36,998.9,3.72,39.8,109.9,232.0,3.2,5.4,110.0,166
2026-07-16 13:00:00+00:00,Multan,37.8,38,998.7,3.44,41.6,93.1,281.0,8.5,5.9,97.0,166
2026-07-16 14:00:00+00:00,Multan,36.7,42,998.8,3.23,47.3,89.2,345.0,15.8,6.6,78.0,166
2026-07-16 15:00:00+00:00,Multan,35.7,45,998.9,2.88,52.6,89.4,390.0,21.7,7.1,62.0,165
2026-07-16 16:00:00+00:00,Multan,35.0,48,999.2,2.67,57.3,91.5,404.0,25.1,7.2,52.0,165
2026-07-16 17:00:00+00:00,Multan,34.3,50,999.6,2.85,61.5,94.1,399.0,27.0,7.2,46.0,164
2026-07-16 18:00:00+00:00,Multan,34.8,48,998.9,3.76,59.0,88.5,378.0,27.0,7.1,42.0,163
2026-07-16 19:00:00+00:00,Multan,34.3,47,998.7,3.82,51.5,76.6,334.0,24.1,6.9,42.0,162
2026-07-16 20:00:00+00:00,Multan,33.9,46,998.6,4.08,44.6,66.1,275.0,19.2,6.7,46.0,160
2026-07-16 21:00:00+00:00,Multan,33.6,45,998.3,4.48,39.2,61.7,228.0,14.9,6.5,49.0,157
2026-07-16 22:00:00+00:00,Multan,33.1,46,998.0,4.71,34.8,58.3,203.0,12.1,6.2,50.0,155
2026-07-16 23:00:00+00:00,Multan,32.7,47,998.1,4.67,30.9,48.0,191.0,9.9,6.0,52.0,152
2026-07-17 00:00:00+00:00,Multan,32.8,48,998.3,4.26,29.6,49.2,190.0,8.3,6.2,56.0,148
2026-07-17 01:00:00+00:00,Multan,32.4,49,999.0,4.27,29.9,48.5,209.0,8.0,5.9,62.0,142
2026-07-17 02:00:00+00:00,Multan,32.8,50,999.4,4.43,32.5,54.6,240.0,7.6,5.6,72.0,137
2026-07-17 03:00:00+00:00,Multan,33.7,49,999.8,4.81,35.3,62.6,259.0,6.8,5.7,82.0,133
2026-07-17 04:00:00+00:00,Multan,34.6,48,1000.1,5.09,38.9,79.9,255.0,5.4,6.6,95.0,128
2026-07-17 05:00:00+00:00,Multan,35.7,47,1000.2,5.04,43.4,99.4,240.0,3.6,7.9,109.0,125
2026-07-17 06:00:00+00:00,Multan,36.9,44,1000.3,5.25,47.6,120.1,227.0,2.3,8.7,119.0,123
2026-07-17 07:00:00+00:00,Multan,37.7,42,1000.2,4.93,50.2,132.2,220.0,1.7,8.6,124.0,123
2026-07-17 08:00:00+00:00,Multan,38.4,40,999.5,4.73,50.9,133.2,214.0,1.6,8.0,125.0,123
2026-07-17 09:00:00+00:00,Multan,38.7,40,998.8,4.61,50.5,129.0,212.0,1.7,7.4,124.0,123
2026-07-17 10:00:00+00:00,Multan,38.8,39,998.2,4.51,49.2,121.5,207.0,1.4,6.8,124.0,123
2026-07-17 11:00:00+00:00,Multan,38.5,40,997.7,4.29,47.4,112.0,206.0,1.4,6.2,122.0,123
2026-07-17 12:00:00+00:00,Multan,38.6,40,997.2,3.78,37.8,91.3,226.0,3.1,5.4,110.0,122
2026-07-17 13:00:00+00:00,Multan,37.9,41,997.3,3.47,37.3,74.3,290.0,9.2,5.8,95.0,122
2026-07-17 14:00:00+00:00,Multan,36.9,43,997.5,3.17,41.7,69.8,375.0,17.5,6.3,74.0,122
2026-07-17 15:00:00+00:00,Multan,36.2,46,997.6,2.44,49.8,74.7,436.0,23.8,6.7,57.0,121
2026-07-17 16:00:00+00:00,Multan,35.5,49,998.5,2.57,56.2,79.4,454.0,26.5,6.8,48.0,121
2026-07-17 17:00:00+00:00,Multan,35.0,50,998.8,2.89,57.0,78.0,447.0,27.1,6.7,42.0,121
2026-07-17 18:00:00+00:00,Multan,35.2,48,998.2,3.25,52.2,71.7,429.0,26.0,6.5,40.0,120
2026-07-17 19:00:00+00:00,Multan,34.6,49,998.1,3.4,44.5,62.4,400.0,22.2,6.0,41.0,119
2026-07-17 20:00:00+00:00,Multan,34.2,49,997.9,3.53,38.2,57.9,359.0,16.6,5.4,44.0,119
2026-07-17 21:00:00+00:00,Multan,33.5,51,997.8,3.6,35.2,63.8,318.0,12.1,4.9,48.0,118
2026-07-17 22:00:00+00:00,Multan,33.2,50,997.7,4.05,34.1,65.9,275.0,9.7,4.6,52.0,118
2026-07-17 23:00:00+00:00,Multan,33.0,48,997.9,4.16,32.4,57.3,233.0,8.4,4.4,56.0,118
2026-07-18 00:00:00+00:00,Multan,33.3,51,997.7,4.17,29.9,43.8,210.0,7.1,4.5,62.0,118
2026-07-18 01:00:00+00:00,Multan,32.9,54,998.2,4.25,29.6,47.8,223.0,6.8,5.0,66.0,118
2026-07-18 02:00:00+00:00,Multan,33.2,54,998.5,4.55,32.6,57.9,254.0,6.5,5.8,71.0,118
2026-07-18 03:00:00+00:00,Multan,33.7,54,998.8,5.11,36.2,72.4,273.0,5.8,6.5,79.0,118
2026-07-18 04:00:00+00:00,Multan,34.5,52,999.1,5.24,39.1,83.8,262.0,4.7,7.2,91.0,118
2026-07-18 05:00:00+00:00,Multan,35.5,49,999.2,5.2,40.2,89.6,239.0,3.3,7.9,104.0,118
2026-07-18 06:00:00+00:00,Multan,36.8,45,999.0,5.12,40.2,96.4,218.0,2.2,8.1,114.0,117
2026-07-18 07:00:00+00:00,Multan,37.6,42,998.8,4.89,39.8,102.2,205.0,1.7,7.5,117.0,117
2026-07-18 08:00:00+00:00,Multan,38.3,40,998.1,4.66,39.3,104.8,195.0,1.5,6.5,115.0,116
2026-07-18 09:00:00+00:00,Multan,38.7,39,997.5,4.55,38.5,103.1,191.0,1.6,5.7,113.0,114
2026-07-18 10:00:00+00:00,Multan,38.8,39,996.8,4.28,37.1,96.4,192.0,1.3,5.3,113.0,113
2026-07-18 11:00:00+00:00,Multan,38.7,39,996.2,4.08,35.7,89.6,198.0,1.3,5.1,112.0,112
2026-07-18 12:00:00+00:00,Multan,38.7,39,996.0,4.0,26.9,61.9,219.0,3.0,4.2,99.0,111
2026-07-18 13:00:00+00:00,Multan,37.7,41,996.1,3.89,28.2,55.3,261.0,8.6,4.7,86.0,110
2026-07-18 14:00:00+00:00,Multan,36.9,43,996.3,3.04,34.2,56.7,316.0,16.4,5.4,67.0,109
2026-07-18 15:00:00+00:00,Multan,36.3,45,997.0,2.2,43.2,65.0,372.0,22.6,5.9,52.0,108
2026-07-18 16:00:00+00:00,Multan,35.9,46,997.7,1.98,50.9,74.0,433.0,26.1,6.2,42.0,107
2026-07-18 17:00:00+00:00,Multan,35.5,48,998.3,2.17,56.1,82.2,494.0,27.9,6.3,36.0,107
2026-07-18 18:00:00+00:00,Multan,36.1,47,997.7,2.45,56.7,90.6,524.0,27.6,6.2,32.0,106
2026-07-18 19:00:00+00:00,Multan,35.3,48,997.5,2.65,56.9,102.9,505.0,24.1,5.6,32.0,107
2026-07-18 20:00:00+00:00,Multan,34.2,52,997.5,2.82,58.8,122.5,455.0,18.4,4.6,36.0,108
2026-07-18 21:00:00+00:00,Multan,33.4,55,997.4,3.12,62.2,156.5,395.0,13.6,3.9,40.0,110
2026-07-18 22:00:00+00:00,Multan,33.7,50,997.5,3.59,62.4,169.5,318.0,10.7,3.5,44.0,113
2026-07-18 23:00:00+00:00,Multan,33.5,48,997.5,3.53,58.6,150.4,230.0,8.5,3.2,50.0,116
2026-07-19 00:00:00+00:00,Multan,33.6,50,997.6,3.96,51.5,129.0,175.0,6.9,3.5,57.0,119
2026-07-19 01:00:00+00:00,Multan,33.1,52,998.3,3.74,47.0,99.4,180.0,6.3,4.2,64.0,121
2026-07-19 02:00:00+00:00,Multan,33.4,53,998.6,4.04,43.1,73.8,218.0,5.4,5.2,73.0,123
2026-07-19 03:00:00+00:00,Multan,33.9,52,998.9,4.76,33.9,57.3,243.0,4.5,6.0,83.0,124
2026-07-19 04:00:00+00:00,Multan,34.6,50,999.3,4.62,31.3,61.9,237.0,3.5,6.5,93.0,124
2026-07-19 05:00:00+00:00,Multan,35.8,47,999.6,4.24,32.9,76.6,220.0,2.5,6.9,103.0,123
2026-07-19 06:00:00+00:00,Multan,36.8,44,999.8,4.43,34.6,87.3,204.0,1.7,6.8,109.0,122
2026-07-19 07:00:00+00:00,Multan,37.5,43,999.3,4.43,33.4,84.8,193.0,1.3,6.0,109.0,122
2026-07-19 08:00:00+00:00,Multan,38.1,41,998.5,4.34,31.3,78.9,185.0,1.2,4.7,105.0,121
2026-07-19 09:00:00+00:00,Multan,38.4,40,998.0,4.16,30.0,76.6,179.0,1.3,3.7,101.0,120
2026-07-19 10:00:00+00:00,Multan,38.6,39,997.4,4.05,29.7,76.4,174.0,1.0,3.1,99.0,119
2026-07-19 11:00:00+00:00,Multan,38.4,38,996.8,4.0,30.0,78.5,172.0,0.8,2.7,96.0,118
2026-07-19 12:00:00+00:00,Multan,38.6,38,996.7,3.57,27.2,65.7,185.0,2.1,2.1,86.0,118
2026-07-19 13:00:00+00:00,Multan,37.8,40,996.7,3.36,30.4,64.5,219.0,7.7,3.2,76.0,118
2026-07-19 14:00:00+00:00,Multan,37.1,42,997.0,2.56,39.1,70.8,268.0,15.7,4.7,63.0,118
2026-07-19 15:00:00+00:00,Multan,36.7,43,997.6,1.55,52.6,86.4,328.0,24.1,6.2,49.0,119
2026-07-19 16:00:00+00:00,Multan,36.2,45,998.2,1.54,61.0,96.6,412.0,33.8,7.7,35.0,120
2026-07-19 17:00:00+00:00,Multan,35.6,48,998.6,1.52,75.0,110.6,507.0,44.0,9.2,22.0,121
2026-07-19 18:00:00+00:00,Multan,35.6,48,998.4,1.97,93.1,125.3,573.0,49.8,9.9,13.0,123
2026-07-19 19:00:00+00:00,Multan,34.8,52,998.2,2.1,93.6,121.5,597.0,48.6,9.2,11.0,126
2026-07-19 20:00:00+00:00,Multan,34.2,54,997.9,2.46,86.8,112.7,593.0,43.0,7.8,13.0,130
2026-07-19 21:00:00+00:00,Multan,33.9,53,997.5,3.46,73.3,102.7,561.0,36.2,6.5,17.0,133
2026-07-19 22:00:00+00:00,Multan,33.8,49,997.5,3.87,62.2,105.7,485.0,28.1,5.5,22.0,134
2026-07-19 23:00:00+00:00,Multan,33.4,50,997.8,3.98,53.6,110.8,380.0,18.8,4.7,30.0,134
2026-07-20 00:00:00+00:00,Multan,33.5,52,997.3,3.97,38.1,106.2,299.0,6.7,3.9,51.0,134
2026-07-20 01:00:00+00:00,Multan,32.9,55,998.1,4.0,31.3,65.9,265.0,6.5,4.2,57.0,132
2026-07-20 02:00:00+00:00,Multan,33.0,56,998.4,4.26,28.1,48.8,253.0,6.2,4.6,67.0,131
2026-07-20 03:00:00+00:00,Multan,33.6,55,998.3,5.09,25.9,41.0,243.0,5.6,5.1,77.0,129
2026-07-20 04:00:00+00:00,Multan,34.8,53,998.5,4.87,28.6,52.2,226.0,4.4,5.7,90.0,128
2026-07-20 05:00:00+00:00,Multan,36.0,50,998.5,4.85,32.0,67.1,210.0,3.0,6.2,104.0,128
2026-07-20 06:00:00+00:00,Multan,37.1,46,998.8,5.0,33.4,78.5,198.0,1.9,6.4,113.0,128
2026-07-20 07:00:00+00:00,Multan,37.8,43,998.6,4.45,33.3,84.1,190.0,1.5,5.8,114.0,128
2026-07-20 08:00:00+00:00,Multan,38.5,41,997.6,4.66,32.2,83.1,186.0,1.4,4.8,110.0,128
2026-07-20 09:00:00+00:00,Multan,39.0,39,997.0,4.36,30.6,79.6,186.0,1.5,4.0,105.0,128
2026-07-20 10:00:00+00:00,Multan,39.2,38,996.8,4.1,28.8,74.7,186.0,1.3,3.6,102.0,128
2026-07-20 11:00:00+00:00,Multan,38.8,39,996.0,4.33,27.1,69.2,190.0,1.3,3.4,98.0,128
2026-07-20 12:00:00+00:00,Multan,38.8,38,996.1,3.45,20.1,47.3,208.0,2.5,2.9,91.0,128
2026-07-20 13:00:00+00:00,Multan,38.1,40,996.7,3.2,20.3,44.5,243.0,6.6,3.5,80.0,127
2026-07-20 14:00:00+00:00,Multan,37.6,42,996.8,2.65,26.3,43.9,291.0,12.6,4.5,65.0,126
2026-07-20 15:00:00+00:00,Multan,37.2,43,997.2,1.91,35.2,51.3,355.0,19.5,5.4,50.0,125
2026-07-20 16:00:00+00:00,Multan,36.7,46,997.9,1.53,43.2,59.8,461.0,28.5,6.4,36.0,123
2026-07-20 17:00:00+00:00,Multan,36.0,49,998.6,1.62,58.2,75.7,583.0,38.5,7.5,22.0,121
2026-07-20 18:00:00+00:00,Multan,36.2,50,998.4,1.51,73.1,89.4,639.0,45.1,8.1,12.0,119
2026-07-20 19:00:00+00:00,Multan,35.5,52,998.2,1.4,75.7,92.2,571.0,46.6,7.7,8.0,117
2026-07-20 20:00:00+00:00,Multan,35.1,53,997.8,1.78,75.2,92.7,438.0,44.7,6.9,7.0,115
2026-07-20 21:00:00+00:00,Multan,34.7,53,997.3,2.6,68.5,92.4,331.0,40.4,6.4,10.0,114
2026-07-20 22:00:00+00:00,Multan,34.1,52,997.6,3.18,58.3,91.3,288.0,32.4,6.8,17.0,113
2026-07-20 23:00:00+00:00,Multan,33.6,51,997.6,2.88,46.3,76.6,273.0,22.1,7.6,27.0,113
2026-07-21 00:00:00+00:00,Multan,33.3,63,997.7,1.62,59.5,73.8,263.0,35.4,6.0,11.0,112
2026-07-21 01:00:00+00:00,Multan,33.6,57,998.2,1.87,44.9,54.9,254.0,27.6,7.4,28.0,115
2026-07-21 02:00:00+00:00,Multan,33.5,56,998.3,2.89,31.3,38.0,251.0,16.7,9.4,51.0,116
2026-07-21 03:00:00+00:00,Multan,33.6,58,999.4,2.11,25.7,41.8,251.0,8.2,10.5,72.0,116
2026-07-21 04:00:00+00:00,Multan,34.7,54,999.2,1.99,30.7,62.2,256.0,4.4,10.1,88.0,116
2026-07-21 05:00:00+00:00,Multan,36.1,50,999.4,2.64,35.3,88.7,263.0,3.0,8.8,102.0,116
2026-07-21 06:00:00+00:00,Multan,36.3,49,999.4,3.02,46.8,175.6,264.0,2.2,7.5,111.0,117
2026-07-21 07:00:00+00:00,Multan,37.3,45,999.2,2.82,56.0,237.5,249.0,1.6,6.3,112.0,118
2026-07-21 08:00:00+00:00,Multan,37.8,42,998.9,2.93,56.3,234.2,227.0,1.6,5.0,109.0,121
2026-07-21 09:00:00+00:00,Multan,38.2,41,998.0,3.29,49.5,187.7,214.0,1.8,4.0,105.0,123
2026-07-21 10:00:00+00:00,Multan,38.3,41,997.7,3.15,41.8,145.3,214.0,1.7,3.5,104.0,125
2026-07-21 11:00:00+00:00,Multan,38.0,42,997.1,3.0,35.7,112.0,223.0,1.9,3.2,103.0,126
2026-07-21 12:00:00+00:00,Multan,38.5,40,997.5,1.84,32.5,95.9,247.0,3.0,4.1,105.0,127
2026-07-21 13:00:00+00:00,Multan,36.9,44,997.0,2.67,30.4,82.7,299.0,7.4,4.0,92.0,129
2026-07-21 14:00:00+00:00,Multan,36.1,48,998.0,1.28,40.4,87.1,365.0,13.3,3.9,74.0,130
2026-07-21 15:00:00+00:00,Multan,35.0,53,998.3,2.4,47.6,92.4,410.0,17.1,3.8,63.0,131
2026-07-21 16:00:00+00:00,Multan,32.4,65,999.3,4.32,51.1,102.4,414.0,16.3,3.7,65.0,132
2026-07-21 17:00:00+00:00,Multan,31.3,70,1000.5,2.61,52.6,94.3,396.0,13.2,3.5,72.0,133
2026-07-21 18:00:00+00:00,Multan,32.0,72,1000.4,3.26,53.0,83.6,376.0,11.4,3.6,76.0,133
2026-07-21 19:00:00+00:00,Multan,29.3,85,1000.0,2.53,52.3,77.5,357.0,12.7,4.0,70.0,131
2026-07-21 20:00:00+00:00,Multan,29.1,87,999.8,2.65,52.0,78.0,336.0,15.2,4.7,59.0,128
2026-07-21 21:00:00+00:00,Multan,28.3,92,999.9,2.28,51.9,77.5,325.0,16.6,5.4,52.0,126
2026-07-21 22:00:00+00:00,Multan,28.3,92,999.9,3.18,52.3,105.2,326.0,15.9,6.5,52.0,124
2026-07-21 23:00:00+00:00,Multan,27.9,93,1000.0,2.42,52.9,114.6,336.0,14.2,7.7,55.0,123
2026-07-22 00:00:00+00:00,Multan,29.5,85,999.0,1.48,39.3,59.8,358.0,13.7,5.1,62.0,124
2026-07-22 01:00:00+00:00,Multan,29.3,85,999.9,1.22,36.0,53.8,407.0,14.0,5.1,63.0,122
2026-07-22 02:00:00+00:00,Multan,29.6,83,999.8,0.82,34.7,54.8,469.0,14.3,5.0,66.0,121
2026-07-22 03:00:00+00:00,Multan,30.9,75,1000.2,0.6,32.0,51.3,499.0,13.8,4.9,72.0,121
2026-07-22 04:00:00+00:00,Multan,29.9,78,1000.5,2.25,28.9,49.7,469.0,11.7,4.8,84.0,122
2026-07-22 05:00:00+00:00,Multan,29.8,81,1001.0,1.5,26.0,46.9,407.0,8.6,4.6,100.0,122
2026-07-22 06:00:00+00:00,Multan,31.7,66,1001.2,1.36,25.2,46.0,360.0,6.2,4.4,112.0,121
2026-07-22 07:00:00+00:00,Multan,33.2,62,1000.7,1.27,24.4,48.0,344.0,4.8,4.1,119.0,119
2026-07-22 08:00:00+00:00,Multan,34.3,57,999.5,1.42,24.9,52.5,342.0,3.9,3.7,123.0,115
2026-07-22 09:00:00+00:00,Multan,34.5,57,999.0,1.76,32.6,77.3,350.0,3.6,3.6,125.0,112
2026-07-22 10:00:00+00:00,Multan,34.4,58,998.4,1.69,25.1,56.5,358.0,3.7,3.8,125.0,110
2026-07-22 11:00:00+00:00,Multan,33.7,61,997.9,1.74,24.4,51.2,376.0,4.4,4.3,123.0,109
2026-07-22 12:00:00+00:00,Multan,32.7,65,998.2,2.19,24.2,51.3,434.0,5.7,5.4,124.0,107
2026-07-22 13:00:00+00:00,Multan,32.1,69,998.6,1.98,25.5,49.1,580.0,8.9,5.5,115.0,106
2026-07-22 14:00:00+00:00,Multan,31.4,75,999.0,1.57,28.0,44.7,765.0,13.1,5.6,102.0,106
2026-07-22 15:00:00+00:00,Multan,30.7,78,999.5,2.18,31.4,43.8,873.0,15.6,5.5,94.0,105
2026-07-22 16:00:00+00:00,Multan,30.0,79,1000.1,2.06,31.1,39.7,838.0,14.5,5.1,95.0,103
2026-07-22 17:00:00+00:00,Multan,29.7,81,1000.4,1.94,31.2,37.6,725.0,11.6,4.5,100.0,101
2026-07-22 18:00:00+00:00,Multan,30.0,80,1000.2,2.25,31.3,35.4,617.0,9.5,4.1,103.0,99
2026-07-22 19:00:00+00:00,Multan,29.4,82,1000.3,2.22,32.5,35.0,533.0,9.5,3.9,99.0,97
2026-07-22 20:00:00+00:00,Multan,29.0,85,1000.1,1.47,34.3,36.0,454.0,10.4,3.9,93.0,96
2026-07-22 21:00:00+00:00,Multan,28.0,86,1000.0,1.72,36.3,37.5,400.0,10.9,3.9,88.0,94
2026-07-22 22:00:00+00:00,Multan,26.8,92,999.8,2.34,37.3,38.4,383.0,10.6,4.0,87.0,93
2026-07-22 23:00:00+00:00,Multan,26.3,96,999.4,1.59,38.0,40.0,391.0,10.0,4.2,87.0,92
2026-07-23 00:00:00+00:00,Multan,26.4,93,998.9,2.17,42.3,54.4,409.0,12.5,5.4,77.0,91
2026-07-23 01:00:00+00:00,Multan,26.6,93,999.5,1.89,45.3,59.1,442.0,12.0,5.7,82.0,91
2026-07-23 02:00:00+00:00,Multan,27.5,90,999.9,2.16,46.7,68.5,485.0,11.2,6.1,90.0,92
2026-07-23 03:00:00+00:00,Multan,28.1,86,1000.3,2.71,44.4,78.9,506.0,9.9,6.2,102.0,93
2026-07-23 04:00:00+00:00,Multan,29.0,81,1000.4,2.66,42.6,85.0,485.0,7.6,5.9,120.0,94
2026-07-23 05:00:00+00:00,Multan,30.4,73,1000.1,2.53,41.0,83.6,442.0,4.8,5.3,142.0,95
2026-07-23 06:00:00+00:00,Multan,32.2,65,999.8,2.89,38.6,81.5,408.0,2.7,4.8,159.0,96
2026-07-23 07:00:00+00:00,Multan,32.9,63,999.2,2.9,44.5,100.1,394.0,1.9,4.4,166.0,97
2026-07-23 08:00:00+00:00,Multan,33.6,62,998.7,2.69,36.1,80.6,390.0,1.8,4.1,168.0,99
2026-07-23 09:00:00+00:00,Multan,34.0,59,998.1,2.65,33.3,75.4,395.0,2.2,3.8,168.0,99
2026-07-23 10:00:00+00:00,Multan,34.0,59,997.5,2.06,32.4,75.2,405.0,2.7,3.6,167.0,104
2026-07-23 11:00:00+00:00,Multan,34.1,58,996.8,1.97,29.5,63.8,424.0,3.6,3.4,164.0,120
2026-07-23 12:00:00+00:00,Multan,33.5,62,997.0,2.33,37.8,68.9,469.0,4.8,3.1,143.0,133
2026-07-23 13:00:00+00:00,Multan,32.5,68,997.3,2.34,35.5,56.5,569.0,8.3,3.5,129.0,138
2026-07-23 14:00:00+00:00,Multan,31.2,74,997.9,2.69,38.5,48.7,693.0,13.1,4.2,110.0,135
2026-07-23 15:00:00+00:00,Multan,30.2,79,998.5,2.19,42.8,48.5,768.0,16.5,4.7,94.0,125
2026-07-23 16:00:00+00:00,Multan,29.9,80,999.0,2.19,44.5,47.0,749.0,17.1,4.9,85.0,110
2026-07-23 17:00:00+00:00,Multan,29.7,82,999.1,2.41,44.5,45.3,681.0,16.2,5.1,79.0,107
2026-07-23 18:00:00+00:00,Multan,30.7,77,998.7,2.71,44.7,45.8,620.0,15.5,5.4,73.0,108
2026-07-23 19:00:00+00:00,Multan,30.2,77,999.3,2.68,45.2,46.3,589.0,15.4,6.2,67.0,110
2026-07-23 20:00:00+00:00,Multan,29.6,81,999.5,2.44,46.9,48.0,565.0,15.4,7.2,62.0,111
2026-07-23 21:00:00+00:00,Multan,28.8,85,999.4,1.48,49.4,50.2,541.0,15.6,8.0,57.0,112
2026-07-23 22:00:00+00:00,Multan,28.2,87,998.8,1.87,52.7,53.1,511.0,16.3,8.5,51.0,114
2026-07-23 23:00:00+00:00,Multan,28.1,89,999.0,1.41,55.6,55.8,480.0,17.3,8.8,46.0,115
2026-07-24 00:00:00+00:00,Multan,26.8,90,999.0,2.34,56.0,56.1,460.0,14.9,10.7,55.0,117
2026-07-24 01:00:00+00:00,Multan,27.0,90,999.2,2.01,59.1,59.3,460.0,14.6,11.5,59.0,118
2026-07-24 02:00:00+00:00,Multan,27.5,89,999.9,2.53,59.8,60.1,471.0,14.0,12.5,66.0,120
2026-07-24 03:00:00+00:00,Multan,28.1,83,1000.6,3.5,52.9,54.6,472.0,12.6,13.0,79.0,121
2026-07-24 04:00:00+00:00,Multan,29.4,79,1001.0,3.3,45.6,49.4,454.0,9.8,12.7,102.0,122
2026-07-24 05:00:00+00:00,Multan,30.7,73,1000.8,3.13,44.1,49.1,425.0,6.2,11.9,131.0,122
2026-07-24 06:00:00+00:00,Multan,32.5,68,1000.3,2.73,38.5,42.0,397.0,3.5,10.9,152.0,123
2026-07-24 07:00:00+00:00,Multan,33.4,63,999.7,2.93,36.0,38.9,367.0,2.4,9.6,159.0,123
2026-07-24 08:00:00+00:00,Multan,34.2,58,999.0,2.98,32.8,35.3,337.0,2.1,8.2,157.0,122
2026-07-24 09:00:00+00:00,Multan,34.7,56,997.9,3.4,29.6,31.9,319.0,2.1,7.0,155.0,121
2026-07-24 10:00:00+00:00,Multan,34.8,55,997.1,3.32,27.0,29.2,305.0,2.0,6.2,155.0,121
2026-07-24 11:00:00+00:00,Multan,34.7,54,996.5,3.25,25.4,27.5,302.0,2.1,5.6,154.0,121
2026-07-24 12:00:00+00:00,Multan,34.9,53,996.1,3.39,42.6,49.7,347.0,3.6,5.1,150.0,120
2026-07-24 13:00:00+00:00,Multan,33.8,59,996.4,2.72,42.5,48.8,484.0,6.9,5.5,139.0,125
2026-07-24 14:00:00+00:00,Multan,32.8,65,997.1,2.16,46.3,50.8,668.0,11.5,6.0,122.0,126
2026-07-24 15:00:00+00:00,Multan,31.9,70,997.8,2.0,51.2,54.5,798.0,15.0,6.5,109.0,122
2026-07-24 16:00:00+00:00,Multan,31.3,73,998.8,2.24,54.7,57.4,820.0,16.6,7.1,101.0,123
2026-07-24 17:00:00+00:00,Multan,30.9,76,999.1,2.44,58.9,61.2,788.0,17.2,7.6,95.0,124
2026-07-24 18:00:00+00:00,Multan,31.2,75,998.8,2.46,58.6,60.3,765.0,17.2,7.9,91.0,126
2026-07-24 19:00:00+00:00,Multan,30.8,76,999.0,2.33,55.4,56.7,779.0,16.3,7.7,88.0,127
2026-07-24 20:00:00+00:00,Multan,30.3,78,999.0,1.83,54.1,54.8,801.0,14.9,7.3,85.0,128
2026-07-24 21:00:00+00:00,Multan,30.1,80,999.0,1.81,54.7,55.1,807.0,14.0,7.0,82.0,129
2026-07-24 22:00:00+00:00,Multan,29.9,80,998.9,2.1,55.6,55.9,784.0,14.6,7.0,75.0,129
2026-07-24 23:00:00+00:00,Multan,29.8,80,998.5,2.31,55.9,56.0,745.0,15.7,7.1,68.0,130
2026-07-25 00:00:00+00:00,Multan,29.4,81,998.7,1.88,59.8,60.1,709.0,16.2,8.3,69.0,130
2026-07-25 01:00:00+00:00,Multan,29.4,81,999.0,2.46,55.6,56.0,684.0,14.5,7.8,79.0,130
2026-07-25 02:00:00+00:00,Multan,29.4,81,1000.1,2.38,49.5,50.1,662.0,12.0,7.1,93.0,130
2026-07-25 03:00:00+00:00,Multan,29.4,81,1000.6,1.77,45.2,45.8,633.0,9.6,6.5,108.0,129
2026-07-25 04:00:00+00:00,Multan,29.6,79,1001.0,1.62,39.9,40.4,591.0,7.2,5.9,125.0,128
2026-07-25 05:00:00+00:00,Multan,30.9,72,1001.2,2.0,35.9,36.3,542.0,4.8,5.4,143.0,127
2026-07-25 06:00:00+00:00,Multan,33.5,62,1000.4,2.82,32.8,33.4,498.0,3.0,5.0,156.0,126
2026-07-25 07:00:00+00:00,Multan,33.8,61,1000.2,2.7,30.7,31.3,461.0,2.2,4.8,161.0,126
2026-07-25 08:00:00+00:00,Multan,34.1,59,999.6,2.87,29.2,29.8,429.0,2.1,4.7,162.0,125
2026-07-25 09:00:00+00:00,Multan,33.6,61,999.3,3.14,26.9,27.3,405.0,2.2,4.6,161.0,125
2026-07-25 10:00:00+00:00,Multan,34.2,58,998.5,3.27,25.5,25.9,390.0,2.3,4.4,161.0,125
2026-07-25 11:00:00+00:00,Multan,34.1,59,998.2,2.68,24.3,24.8,383.0,2.6,4.2,159.0,124
2026-07-25 12:00:00+00:00,Multan,33.4,62,998.2,2.94,40.7,41.6,384.0,3.3,3.6,150.0,128
2026-07-25 13:00:00+00:00,Multan,32.6,66,998.5,2.86,40.6,41.2,396.0,6.9,4.1,137.0,133
2026-07-25 14:00:00+00:00,Multan,31.8,71,999.3,2.47,44.1,44.5,416.0,11.7,4.8,120.0,132
2026-07-25 15:00:00+00:00,Multan,31.1,76,1000.1,2.25,48.5,48.7,437.0,15.1,5.2,105.0,124
2026-07-25 16:00:00+00:00,Multan,30.5,80,1001.1,2.44,48.7,48.9,462.0,15.6,5.2,96.0,123
2026-07-25 17:00:00+00:00,Multan,30.1,82,1001.9,2.31,47.0,47.3,488.0,14.7,4.9,91.0,123
2026-07-25 18:00:00+00:00,Multan,30.1,81,1001.3,2.28,47.4,47.8,502.0,13.6,4.6,86.0,122
2026-07-25 19:00:00+00:00,Multan,28.9,86,1001.4,2.68,46.7,47.4,498.0,12.7,4.2,82.0,120
2026-07-25 20:00:00+00:00,Multan,28.6,88,1001.3,2.55,44.8,45.9,482.0,11.7,3.8,79.0,120
2026-07-25 21:00:00+00:00,Multan,28.2,90,1001.3,2.85,37.5,39.6,457.0,10.8,3.5,78.0,119
2026-07-25 22:00:00+00:00,Multan,27.9,91,1001.4,2.14,31.8,34.2,415.0,10.0,3.3,78.0,117
2026-07-25 23:00:00+00:00,Multan,26.2,95,1001.9,3.6,30.6,32.9,364.0,9.3,3.1,80.0,114
2026-07-26 00:00:00+00:00,Multan,25.6,96,1001.7,2.65,30.2,32.7,329.0,10.1,3.6,73.0,112
2026-07-26 01:00:00+00:00,Multan,25.4,96,1001.5,2.16,31.3,33.9,324.0,9.5,4.2,78.0,109
2026-07-26 02:00:00+00:00,Multan,25.7,95,1002.1,3.32,31.7,36.0,334.0,8.7,5.0,87.0,106
2026-07-26 03:00:00+00:00,Multan,26.0,95,1003.0,2.43,25.9,32.4,341.0,7.6,5.6,97.0,104
2026-07-26 04:00:00+00:00,Multan,26.9,93,1002.6,2.3,23.7,32.2,334.0,5.9,5.7,112.0,102
2026-07-26 05:00:00+00:00,Multan,29.4,78,1002.6,2.68,23.8,33.1,323.0,4.0,5.5,129.0,100
2026-07-26 06:00:00+00:00,Multan,31.5,72,1002.7,2.8,24.6,33.8,319.0,2.5,5.3,142.0,99
2026-07-26 07:00:00+00:00,Multan,32.4,71,1002.2,2.53,25.3,34.2,330.0,1.8,5.2,148.0,99
2026-07-26 08:00:00+00:00,Multan,33.2,68,1001.6,2.34,24.6,33.1,349.0,1.7,5.0,150.0,98
2026-07-26 09:00:00+00:00,Multan,33.6,67,1000.8,1.9,23.7,31.4,363.0,1.7,4.9,151.0,98
2026-07-26 10:00:00+00:00,Multan,33.9,65,1000.1,1.73,22.8,30.3,348.0,1.2,4.7,153.0,98
2026-07-26 11:00:00+00:00,Multan,33.9,63,999.3,1.54,22.7,30.0,329.0,0.8,4.4,153.0,98
2026-07-26 12:00:00+00:00,Multan,33.8,62,998.9,1.8,31.7,47.5,366.0,2.7,4.6,142.0,109
2026-07-26 13:00:00+00:00,Multan,33.3,66,998.9,1.08,32.4,47.3,513.0,7.0,5.0,125.0,115
2026-07-26 14:00:00+00:00,Multan,32.8,70,999.4,0.47,40.5,50.8,717.0,13.2,5.7,102.0,114
2026-07-26 15:00:00+00:00,Multan,32.4,73,999.9,0.41,50.2,58.8,879.0,20.2,6.6,81.0,106
2026-07-26 16:00:00+00:00,Multan,31.7,78,1000.2,0.74,59.6,67.5,958.0,27.9,8.0,65.0,96
2026-07-26 17:00:00+00:00,Multan,31.1,82,1000.3,0.89,70.8,79.6,995.0,36.4,9.6,52.0,97
2026-07-26 18:00:00+00:00,Multan,31.3,78,999.5,0.71,84.3,94.1,1015.0,45.2,11.0,39.0,99
2026-07-26 19:00:00+00:00,Multan,31.1,81,999.2,1.12,97.3,107.8,1020.0,55.8,12.0,25.0,102
2026-07-26 20:00:00+00:00,Multan,30.7,83,999.0,1.05,107.3,118.3,1008.0,66.7,12.6,13.0,107
2026-07-26 21:00:00+00:00,Multan,30.2,86,998.7,1.03,115.0,126.2,1002.0,73.2,12.9,4.0,114
2026-07-26 22:00:00+00:00,Multan,29.5,88,998.9,1.18,117.6,128.1,1020.0,73.6,12.3,0.0,122
2026-07-26 23:00:00+00:00,Multan,29.4,89,998.9,0.18,109.0,118.5,1043.0,69.7,11.3,0.0,131
2026-07-27 00:00:00+00:00,Multan,30.0,90,998.6,1.32,64.3,70.5,1041.0,34.2,8.6,34.0,139
2026-07-27 01:00:00+00:00,Multan,29.8,90,998.8,1.28,72.4,78.9,1003.0,29.1,10.4,56.0,143
2026-07-27 02:00:00+00:00,Multan,30.6,87,998.9,0.79,65.0,71.0,939.0,21.8,12.8,86.0,147
2026-07-27 03:00:00+00:00,Multan,32.0,78,998.9,0.85,48.5,58.0,854.0,15.3,14.5,114.0,150
2026-07-27 04:00:00+00:00,Multan,32.7,71,998.9,1.06,43.8,59.8,730.0,10.2,14.9,136.0,151
2026-07-27 05:00:00+00:00,Multan,33.7,66,999.1,0.92,40.9,58.2,585.0,5.8,14.5,156.0,151
2026-07-27 06:00:00+00:00,Multan,34.8,59,998.6,0.87,37.6,53.8,475.0,2.8,14.1,170.0,152
2026-07-27 07:00:00+00:00,Multan,35.6,57,998.2,0.79,36.4,51.3,428.0,1.7,13.9,178.0,152
2026-07-27 08:00:00+00:00,Multan,36.1,55,997.7,1.01,35.5,48.5,416.0,1.9,13.6,180.0,153
2026-07-27 09:00:00+00:00,Multan,36.4,55,996.8,1.14,35.0,47.1,416.0,2.3,13.1,180.0,153
2026-07-27 10:00:00+00:00,Multan,36.5,54,996.0,1.25,35.5,47.3,421.0,2.1,12.3,180.0,153
2026-07-27 11:00:00+00:00,Multan,36.4,54,994.9,1.64,34.6,45.6,437.0,2.1,11.3,177.0,154
2026-07-27 12:00:00+00:00,Multan,36.0,53,994.6,2.16,36.1,51.6,457.0,3.6,9.5,161.0,154
2026-07-27 13:00:00+00:00,Multan,35.0,61,994.4,2.25,38.5,50.6,476.0,8.1,8.8,140.0,158
2026-07-27 14:00:00+00:00,Multan,33.8,66,994.8,2.67,46.0,55.4,500.0,14.2,7.9,111.0,155
2026-07-27 15:00:00+00:00,Multan,32.9,68,995.2,2.86,47.8,56.9,534.0,18.5,7.0,89.0,154
2026-07-27 16:00:00+00:00,Multan,32.2,69,995.2,2.68,46.2,55.6,595.0,19.3,6.4,80.0,154
2026-07-27 17:00:00+00:00,Multan,31.8,69,995.7,2.17,46.0,55.3,668.0,18.4,5.9,77.0,154
2026-07-27 18:00:00+00:00,Multan,32.3,69,995.2,2.37,45.3,54.0,711.0,17.3,5.5,74.0,153
2026-07-27 19:00:00+00:00,Multan,32.0,68,995.4,2.57,41.8,49.6,707.0,16.6,5.3,70.0,152
2026-07-27 20:00:00+00:00,Multan,31.6,69,995.3,2.77,38.4,44.6,673.0,15.7,5.3,67.0,150
2026-07-27 21:00:00+00:00,Multan,31.4,69,995.2,2.82,35.7,40.5,626.0,14.8,5.4,64.0,144
2026-07-27 22:00:00+00:00,Multan,31.2,71,994.9,2.57,33.6,37.6,555.0,14.0,5.6,61.0,136
2026-07-27 23:00:00+00:00,Multan,30.8,72,994.5,2.64,31.5,35.3,469.0,13.3,6.0,59.0,127
2026-07-28 00:00:00+00:00,Multan,31.3,71,994.4,3.34,36.0,42.4,417.0,14.3,10.4,65.0,119
2026-07-28 01:00:00+00:00,Multan,31.1,70,994.7,3.26,35.2,41.4,434.0,13.3,10.4,69.0,116
2026-07-28 02:00:00+00:00,Multan,31.6,71,995.3,2.87,36.4,41.6,484.0,11.9,10.3,76.0,112
2026-07-28 03:00:00+00:00,Multan,32.9,68,995.7,2.5,33.1,42.8,502.0,10.1,10.3,86.0,109
2026-07-28 04:00:00+00:00,Multan,34.3,63,995.8,2.56,33.3,55.6,451.0,7.6,10.5,103.0,108
2026-07-28 05:00:00+00:00,Multan,35.8,57,996.2,2.64,36.7,75.7,369.0,4.6,10.7,124.0,107
2026-07-28 06:00:00+00:00,Multan,37.2,51,996.3,2.91,36.3,82.0,305.0,2.5,10.5,138.0,106
2026-07-28 07:00:00+00:00,Multan,37.9,49,995.9,2.77,35.6,82.2,278.0,1.7,9.4,141.0,106
2026-07-28 08:00:00+00:00,Multan,38.5,46,995.4,2.84,35.0,81.3,269.0,1.6,7.9,138.0,106
2026-07-28 09:00:00+00:00,Multan,38.8,45,994.9,3.06,34.2,78.9,266.0,1.8,6.5,133.0,106
2026-07-28 10:00:00+00:00,Multan,38.8,45,994.5,3.31,33.2,75.2,255.0,1.5,5.5,130.0,106
2026-07-28 11:00:00+00:00,Multan,38.4,46,994.0,3.09,31.9,70.5,250.0,1.4,4.7,126.0,106
2026-07-28 12:00:00+00:00,Multan,39.0,42,993.7,3.21,30.3,68.2,288.0,3.3,4.9,113.0,105
2026-07-28 13:00:00+00:00,Multan,37.4,50,993.5,2.77,30.9,54.7,413.0,7.2,5.2,100.0,105
2026-07-28 14:00:00+00:00,Multan,35.9,57,993.8,3.21,34.1,51.5,579.0,12.6,5.6,81.0,104
2026-07-28 15:00:00+00:00,Multan,35.0,58,994.4,3.11,36.4,50.9,692.0,16.5,5.9,66.0,103
2026-07-28 16:00:00+00:00,Multan,34.3,60,994.8,3.35,37.7,51.0,708.0,17.6,6.2,58.0,102
2026-07-28 17:00:00+00:00,Multan,33.9,60,995.8,2.6,39.0,53.8,669.0,17.3,6.4,54.0,101
2026-07-28 18:00:00+00:00,Multan,35.0,58,995.3,2.88,41.3,64.7,606.0,16.2,6.5,52.0,100
2026-07-28 19:00:00+00:00,Multan,34.3,59,995.7,3.09,46.4,93.8,513.0,14.2,6.2,51.0,100
2026-07-28 20:00:00+00:00,Multan,34.1,59,995.7,3.83,55.3,142.0,396.0,11.5,5.8,51.0,100
2026-07-28 21:00:00+00:00,Multan,33.5,61,995.5,4.13,60.5,173.7,303.0,9.4,5.4,51.0,102
2026-07-28 22:00:00+00:00,Multan,32.8,64,995.7,4.39,58.1,167.2,252.0,8.7,5.1,49.0,104
2026-07-28 23:00:00+00:00,Multan,32.1,67,995.5,4.32,52.7,141.1,225.0,8.7,4.7,47.0,107
2026-07-29 00:00:00+00:00,Multan,32.6,68,995.5,3.66,46.9,120.1,218.0,6.9,4.1,53.0,109
2026-07-29 01:00:00+00:00,Multan,32.1,70,996.0,3.87,43.2,95.0,240.0,6.6,4.1,55.0,110
2026-07-29 02:00:00+00:00,Multan,32.5,70,996.5,3.48,44.7,91.5,282.0,6.2,4.2,59.0,111
2026-07-29 03:00:00+00:00,Multan,33.5,66,997.1,3.41,46.7,98.5,307.0,5.6,4.6,68.0,112
2026-07-29 04:00:00+00:00,Multan,34.9,61,997.6,2.98,46.9,96.9,298.0,4.6,5.8,86.0,113
2026-07-29 05:00:00+00:00,Multan,36.3,56,997.5,2.83,47.1,95.5,272.0,3.3,7.3,109.0,115
2026-07-29 06:00:00+00:00,Multan,37.7,52,997.7,2.94,46.8,95.0,251.0,2.4,8.1,126.0,116
2026-07-29 07:00:00+00:00,Multan,38.0,51,997.7,3.21,46.6,94.5,240.0,1.9,7.7,131.0,117
2026-07-29 08:00:00+00:00,Multan,38.5,49,997.2,3.3,44.8,92.2,234.0,1.8,6.7,131.0,118
2026-07-29 09:00:00+00:00,Multan,38.9,46,996.5,3.2,42.1,88.0,233.0,1.8,5.7,128.0,119
2026-07-29 10:00:00+00:00,Multan,39.1,45,995.9,2.95,39.9,84.8,233.0,1.5,4.9,126.0,120
2026-07-29 11:00:00+00:00,Multan,39.1,44,995.6,3.25,38.6,82.0,238.0,1.3,4.2,122.0,121
2026-07-29 12:00:00+00:00,Multan,39.4,39,995.6,2.45,35.2,77.3,263.0,3.1,4.1,110.0,121
2026-07-29 13:00:00+00:00,Multan,38.4,43,995.2,2.91,36.8,68.5,314.0,9.3,4.6,94.0,122
2026-07-29 14:00:00+00:00,Multan,37.3,47,995.5,2.55,44.8,68.9,385.0,17.9,5.2,71.0,122
2026-07-29 15:00:00+00:00,Multan,36.5,52,995.8,2.66,52.9,73.3,467.0,24.4,5.7,53.0,124
2026-07-29 16:00:00+00:00,Multan,36.1,53,996.8,2.21,56.9,75.9,578.0,26.8,6.0,43.0,125
2026-07-29 17:00:00+00:00,Multan,35.4,56,997.3,2.08,58.6,76.1,700.0,27.0,6.2,38.0,127
2026-07-29 18:00:00+00:00,Multan,35.6,58,996.7,1.91,59.5,75.7,769.0,26.5,6.2,34.0,129
2026-07-29 19:00:00+00:00,Multan,34.4,63,996.5,1.98,58.0,72.4,754.0,25.7,6.1,31.0,131
2026-07-29 20:00:00+00:00,Multan,33.6,67,996.6,2.05,54.6,71.7,687.0,24.0,5.8,29.0,132
2026-07-29 21:00:00+00:00,Multan,33.0,69,996.3,2.05,52.3,80.1,597.0,21.7,5.6,29.0,132
2026-07-29 22:00:00+00:00,Multan,33.0,63,995.9,2.62,50.3,91.0,471.0,18.1,5.4,29.0,132
2026-07-29 23:00:00+00:00,Multan,32.7,60,995.9,3.29,45.9,88.5,323.0,13.8,5.2,31.0,131
2026-07-30 00:00:00+00:00,Multan,33.0,64,995.9,3.28,33.1,70.1,227.0,9.3,5.9,39.0,130
2026-07-30 01:00:00+00:00,Multan,32.4,66,995.8,3.3,31.0,56.1,231.0,9.0,6.5,43.0,129
2026-07-30 02:00:00+00:00,Multan,32.9,63,996.2,2.49,32.8,53.9,286.0,8.6,7.3,50.0,127
2026-07-30 03:00:00+00:00,Multan,33.9,60,996.7,2.07,33.4,55.8,321.0,7.7,8.0,61.0,126
2026-07-30 04:00:00+00:00,Multan,35.2,57,996.7,2.69,35.0,57.3,303.0,6.1,8.7,83.0,125
2026-07-30 05:00:00+00:00,Multan,36.8,52,997.0,2.31,36.1,59.3,264.0,4.1,9.3,109.0,123
2026-07-30 06:00:00+00:00,Multan,38.3,44,997.4,3.11,36.1,66.8,232.0,2.6,9.3,127.0,122
2026-07-30 07:00:00+00:00,Multan,38.6,44,997.3,3.6,35.5,78.5,214.0,1.9,8.0,129.0,121
2026-07-30 08:00:00+00:00,Multan,38.9,43,996.7,3.85,34.2,82.0,203.0,1.7,6.1,122.0,120
2026-07-30 09:00:00+00:00,Multan,39.0,42,996.0,3.96,33.2,82.4,201.0,1.7,4.5,116.0,119
2026-07-30 10:00:00+00:00,Multan,38.7,42,995.2,3.74,32.2,81.7,203.0,1.3,3.8,115.0,118
2026-07-30 11:00:00+00:00,Multan,38.8,42,994.7,3.2,32.0,81.3,214.0,1.1,3.4,115.0,117
2026-07-30 12:00:00+00:00,Multan,39.0,38,994.4,2.85,34.5,89.6,249.0,3.1,3.6,105.0,117
2026-07-30 13:00:00+00:00,Multan,38.1,41,994.2,2.82,36.4,77.3,325.0,10.3,4.2,89.0,116
2026-07-30 14:00:00+00:00,Multan,37.0,45,994.5,2.43,45.4,76.8,426.0,20.2,5.1,66.0,116
2026-07-30 15:00:00+00:00,Multan,36.4,47,995.1,2.11,57.7,86.6,516.0,27.9,5.8,48.0,116
2026-07-30 16:00:00+00:00,Multan,35.5,51,995.8,2.26,69.6,95.7,598.0,31.6,6.2,38.0,117
2026-07-30 17:00:00+00:00,Multan,34.6,57,996.5,2.31,75.2,99.0,669.0,33.1,6.4,32.0,118
2026-07-30 18:00:00+00:00,Multan,35.5,58,996.4,2.65,74.0,99.0,691.0,32.6,6.5,30.0,120
2026-07-30 19:00:00+00:00,Multan,33.6,67,996.4,3.18,72.6,112.0,624.0,29.2,6.2,33.0,122
2026-07-30 20:00:00+00:00,Multan,33.0,66,996.5,3.4,76.4,145.3,506.0,23.8,5.7,39.0,123
2026-07-30 21:00:00+00:00,Multan,32.9,65,996.1,3.87,82.7,185.3,417.0,19.2,6.1,46.0,125
2026-07-30 22:00:00+00:00,Multan,32.8,65,996.3,3.54,88.0,219.3,389.0,16.5,8.4,50.0,128
2026-07-30 23:00:00+00:00,Multan,32.1,67,996.4,3.62,90.3,238.4,388.0,14.5,11.5,55.0,132
2026-07-31 00:00:00+00:00,Multan,32.6,70,996.4,2.88,91.7,224.4,394.0,16.1,12.1,52.0,137
2026-07-31 01:00:00+00:00,Multan,32.3,71,996.3,3.04,88.5,204.9,405.0,13.8,12.0,63.0,143
2026-07-31 02:00:00+00:00,Multan,32.9,65,997.0,2.23,84.8,196.5,422.0,10.5,11.7,79.0,149
2026-07-31 03:00:00+00:00,Multan,34.0,61,997.6,1.95,75.2,184.4,425.0,7.7,10.8,94.0,151
2026-07-31 04:00:00+00:00,Multan,35.1,57,998.3,2.24,66.1,159.3,398.0,5.7,8.8,107.0,153
2026-07-31 05:00:00+00:00,Multan,36.1,56,998.2,2.5,60.3,147.6,357.0,4.2,6.2,120.0,153
2026-07-31 06:00:00+00:00,Multan,38.0,49,997.9,1.0,51.3,112.9,334.0,3.0,4.3,130.0,154
2026-07-31 07:00:00+00:00,Multan,34.1,59,997.8,3.88,47.4,99.9,345.0,2.3,3.6,136.0,155
2026-07-31 08:00:00+00:00,Multan,30.7,82,998.8,1.54,48.4,108.7,373.0,2.0,3.6,140.0,155
2026-07-31 09:00:00+00:00,Multan,31.1,80,998.2,2.93,49.6,118.0,401.0,1.9,3.8,141.0,155
2026-07-31 10:00:00+00:00,Multan,32.1,77,997.4,2.87,50.1,120.6,416.0,1.9,4.0,141.0,156
2026-07-31 11:00:00+00:00,Multan,32.6,73,997.4,2.34,50.3,119.2,429.0,2.2,4.5,139.0,156
2026-07-31 12:00:00+00:00,Multan,34.0,63,997.1,2.37,41.0,82.7,462.0,4.7,4.0,137.0,157
2026-07-31 13:00:00+00:00,Multan,32.8,68,997.0,2.84,39.2,67.1,535.0,6.2,4.7,133.0,157
2026-07-31 14:00:00+00:00,Multan,32.2,71,997.7,2.66,39.2,59.1,627.0,8.2,5.6,127.0,157
2026-07-31 15:00:00+00:00,Multan,31.8,73,998.1,2.26,38.9,52.7,691.0,10.0,6.4,121.0,157
2026-07-31 16:00:00+00:00,Multan,31.3,76,999.0,2.33,38.4,48.3,708.0,11.2,6.7,114.0,157
2026-07-31 17:00:00+00:00,Multan,30.9,78,999.5,2.04,39.1,47.1,698.0,12.2,6.9,106.0,156
2026-07-31 18:00:00+00:00,Multan,30.7,81,999.3,1.99,39.6,46.6,674.0,13.1,7.0,98.0,155
2026-07-31 19:00:00+00:00,Multan,30.4,80,999.3,2.39,39.8,46.4,634.0,14.2,7.1,89.0,153
2026-07-31 20:00:00+00:00,Multan,30.3,80,999.4,2.9,40.9,47.3,580.0,15.3,7.2,81.0,153
2026-07-31 21:00:00+00:00,Multan,29.9,83,999.2,2.9,42.4,48.5,529.0,15.7,7.3,75.0,151
2026-07-31 22:00:00+00:00,Multan,29.6,84,999.2,2.62,43.5,50.5,481.0,15.0,7.6,74.0,150
2026-07-31 23:00:00+00:00,Multan,29.3,85,999.0,2.33,41.1,51.0,436.0,13.7,8.0,77.0,146
2026-08-01 00:00:00+00:00,Multan,29.7,86,999.1,2.02,44.0,51.9,408.0,14.6,9.5,72.0,141
2026-08-01 01:00:00+00:00,Multan,28.1,90,999.6,2.25,43.9,52.4,411.0,14.1,10.3,80.0,136
2026-08-01 02:00:00+00:00,Multan,29.1,86,999.9,3.0,44.2,53.8,432.0,13.4,11.4,91.0,132
2026-08-01 03:00:00+00:00,Multan,28.0,86,1000.7,4.47,42.5,54.8,444.0,12.2,11.7,103.0,127
2026-08-01 04:00:00+00:00,Multan,28.4,84,1000.6,2.26,40.4,61.7,434.0,10.2,10.4,116.0,124
2026-08-01 05:00:00+00:00,Multan,31.3,74,1000.6,2.5,38.1,64.0,415.0,7.7,8.4,131.0,121
2026-08-01 06:00:00+00:00,Multan,31.7,69,1000.5,3.2,36.0,52.7,396.0,5.7,6.9,145.0,119
2026-08-01 07:00:00+00:00,Multan,32.9,66,999.7,3.31,32.1,50.8,375.0,4.4,6.6,159.0,117
2026-08-01 08:00:00+00:00,Multan,33.2,65,998.9,2.66,30.7,58.2,354.0,3.4,6.7,172.0,116
2026-08-01 09:00:00+00:00,Multan,34.4,60,998.0,2.34,32.0,69.4,343.0,2.9,6.8,180.0,114
2026-08-01 10:00:00+00:00,Multan,34.8,58,997.2,2.49,31.5,69.4,345.0,2.4,6.4,182.0,112
2026-08-01 11:00:00+00:00,Multan,34.9,57,996.6,2.43,29.9,63.1,358.0,2.4,5.8,178.0,119
2026-08-01 12:00:00+00:00,Multan,34.8,55,996.4,2.58,46.9,84.5,386.0,3.7,5.9,169.0,135
2026-08-01 13:00:00+00:00,Multan,33.9,60,996.3,2.5,48.8,77.1,425.0,8.7,6.3,150.0,146
2026-08-01 14:00:00+00:00,Multan,32.9,67,996.7,2.09,56.8,74.5,479.0,15.5,6.9,124.0,150
2026-08-01 15:00:00+00:00,Multan,32.0,72,997.4,2.26,64.7,77.8,562.0,20.3,7.4,103.0,146
2026-08-01 16:00:00+00:00,Multan,31.5,75,998.5,2.22,69.2,78.5,701.0,21.3,7.7,93.0,134
2026-08-01 17:00:00+00:00,Multan,31.0,77,998.9,2.29,72.9,79.4,870.0,20.3,7.9,89.0,117
2026-08-01 18:00:00+00:00,Multan,31.2,75,998.5,1.71,75.7,79.6,999.0,19.3,8.0,85.0,121
2026-08-01 19:00:00+00:00,Multan,30.6,80,998.5,1.4,75.9,78.2,1070.0,19.0,7.9,78.0,125
2026-08-01 20:00:00+00:00,Multan,30.4,82,998.2,1.17,75.9,77.3,1102.0,18.8,7.7,72.0,128
2026-08-01 21:00:00+00:00,Multan,30.1,82,998.5,1.31,74.5,75.7,1081.0,18.3,7.5,67.0,132
2026-08-01 22:00:00+00:00,Multan,30.1,84,998.6,1.52,71.9,72.9,973.0,17.5,7.5,64.0,135
2026-08-01 23:00:00+00:00,Multan,29.3,87,998.8,1.55,69.4,70.1,813.0,16.5,7.5,63.0,138
2026-08-02 00:00:00+00:00,Multan,30.0,87,998.7,1.55,58.0,58.4,691.0,15.8,8.6,62.0,141
2026-08-02 01:00:00+00:00,Multan,29.7,87,999.2,1.99,54.8,55.3,657.0,15.6,9.0,67.0,143
2026-08-02 02:00:00+00:00,Multan,30.6,82,999.1,1.87,54.6,55.2,660.0,15.3,9.6,74.0,144
2026-08-02 03:00:00+00:00,Multan,32.1,74,999.8,1.97,53.8,54.5,639.0,13.9,10.0,89.0,145
2026-08-02 04:00:00+00:00,Multan,33.5,64,999.8,2.22,53.6,58.0,555.0,10.5,10.0,117.0,146
2026-08-02 05:00:00+00:00,Multan,34.2,61,999.8,2.44,54.1,66.4,447.0,6.1,9.7,152.0,147
2026-08-02 06:00:00+00:00,Multan,34.9,58,999.9,1.69,51.8,62.9,364.0,2.8,9.2,178.0,149
2026-08-02 07:00:00+00:00,Multan,36.2,52,999.3,1.71,50.2,59.3,328.0,1.7,8.5,186.0,150
2026-08-02 08:00:00+00:00,Multan,37.0,49,999.2,2.0,49.0,56.7,317.0,1.7,7.6,184.0,151
2026-08-02 09:00:00+00:00,Multan,37.6,45,998.2,1.82,48.3,55.1,318.0,1.9,6.9,181.0,151
2026-08-02 10:00:00+00:00,Multan,37.6,44,997.3,2.16,47.3,53.1,326.0,1.4,6.5,183.0,152
2026-08-02 11:00:00+00:00,Multan,37.1,45,997.0,2.04,46.3,51.5,344.0,1.0,6.3,183.0,152
2026-08-02 12:00:00+00:00,Multan,35.4,57,997.0,0.78,49.9,60.1,372.0,2.8,5.5,166.0,155
2026-08-02 13:00:00+00:00,Multan,34.5,62,997.3,0.94,54.1,63.3,408.0,12.0,6.6,139.0,163
2026-08-02 14:00:00+00:00,Multan,33.4,70,998.4,1.4,71.7,78.9,453.0,24.6,8.0,101.0,161
2026-08-02 15:00:00+00:00,Multan,32.8,75,998.7,0.75,91.5,99.0,508.0,33.1,9.0,73.0,153
2026-08-02 16:00:00+00:00,Multan,32.5,77,999.1,1.06,100.4,107.6,582.0,33.6,9.2,64.0,154
2026-08-02 17:00:00+00:00,Multan,32.3,76,999.1,1.55,92.7,99.9,667.0,30.0,8.9,64.0,155
2026-08-02 18:00:00+00:00,Multan,32.1,73,999.2,2.01,91.3,98.7,735.0,26.2,8.5,65.0,156
2026-08-02 19:00:00+00:00,Multan,31.1,74,998.7,2.02,88.5,95.9,789.0,23.3,7.9,63.0,156
2026-08-02 20:00:00+00:00,Multan,30.4,78,998.9,1.93,79.2,86.4,827.0,20.2,7.2,61.0,157
2026-08-02 21:00:00+00:00,Multan,30.1,82,999.1,1.79,66.8,75.2,819.0,17.5,6.6,60.0,157
2026-08-02 22:00:00+00:00,Multan,30.0,84,999.2,1.6,57.9,67.1,721.0,15.5,6.3,61.0,156
2026-08-02 23:00:00+00:00,Multan,29.9,86,999.2,1.63,52.0,61.0,578.0,13.9,6.2,63.0,156
2026-08-03 00:00:00+00:00,Multan,28.5,94,999.3,1.3,61.5,68.0,494.0,17.7,6.2,46.0,156
2026-08-03 01:00:00+00:00,Multan,28.0,95,999.8,2.21,61.9,67.5,534.0,16.4,6.8,56.0,156
2026-08-03 02:00:00+00:00,Multan,28.3,94,999.9,1.14,58.7,66.1,633.0,14.5,7.7,72.0,156
2026-08-03 03:00:00+00:00,Multan,29.5,86,999.9,1.2,56.3,64.3,697.0,12.1,8.1,90.0,156
2026-08-03 04:00:00+00:00,Multan,30.8,80,1000.4,0.98,54.2,64.0,687.0,8.9,7.7,115.0,156
2026-08-03 05:00:00+00:00,Multan,30.9,80,1000.9,1.27,48.3,60.3,643.0,5.3,6.9,143.0,156
2026-08-03 06:00:00+00:00,Multan,32.6,72,1000.9,1.75,43.4,55.3,593.0,2.7,6.2,162.0,156
2026-08-03 07:00:00+00:00,Multan,32.2,73,1000.6,1.79,39.6,50.6,536.0,1.8,5.6,166.0,156
2026-08-03 08:00:00+00:00,Multan,32.5,72,1000.4,2.07,37.0,47.3,473.0,2.0,5.1,161.0,155
2026-08-03 09:00:00+00:00,Multan,32.2,72,999.5,1.52,35.4,44.5,431.0,2.3,4.7,156.0,155
2026-08-03 10:00:00+00:00,Multan,32.1,73,999.0,1.8,33.6,41.7,402.0,2.0,4.6,154.0,155
2026-08-03 11:00:00+00:00,Multan,31.8,74,998.3,1.65,31.7,38.6,394.0,1.9,4.7,151.0,154
2026-08-03 12:00:00+00:00,Multan,32.6,70,998.6,1.63,30.9,37.3,455.0,3.7,6.1,144.0,154
2026-08-03 13:00:00+00:00,Multan,31.9,76,998.8,2.27,34.0,38.9,660.0,9.8,6.8,123.0,153
2026-08-03 14:00:00+00:00,Multan,31.3,79,998.8,2.02,41.9,45.8,934.0,18.2,7.7,94.0,153
2026-08-03 15:00:00+00:00,Multan,30.7,84,999.2,1.38,50.1,53.3,1095.0,24.1,8.2,72.0,152
2026-08-03 16:00:00+00:00,Multan,30.5,85,999.8,2.44,52.6,55.4,1033.0,25.1,8.0,63.0,150
2026-08-03 17:00:00+00:00,Multan,30.1,82,1000.1,2.8,54.1,56.8,859.0,23.7,7.4,60.0,147
2026-08-03 18:00:00+00:00,Multan,30.0,78,1000.7,1.96,52.0,55.2,725.0,21.9,6.9,58.0,143
2026-08-03 19:00:00+00:00,Multan,29.6,82,1001.0,1.28,49.2,52.6,692.0,20.3,6.5,57.0,139
2026-08-03 20:00:00+00:00,Multan,29.3,84,1000.9,2.21,46.6,49.6,699.0,18.5,6.2,57.0,134
2026-08-03 21:00:00+00:00,Multan,29.0,85,1000.9,2.22,44.6,46.9,710.0,16.8,6.0,57.0,131
2026-08-03 22:00:00+00:00,Multan,28.7,87,1000.5,2.06,43.7,45.6,708.0,15.6,5.8,57.0,129
2026-08-03 23:00:00+00:00,Multan,28.5,88,1000.7,1.71,42.5,44.2,710.0,14.7,5.7,57.0,127
2026-08-04 00:00:00+00:00,Multan,28.9,87,1000.3,2.21,50.4,52.5,734.0,20.1,6.1,43.0,126
2026-08-04 01:00:00+00:00,Multan,28.6,88,1000.7,1.54,49.2,51.3,823.0,17.8,5.9,54.0,125
2026-08-04 02:00:00+00:00,Multan,29.4,86,1001.1,1.72,49.8,51.8,933.0,14.5,5.7,69.0,124
2026-08-04 03:00:00+00:00,Multan,30.9,79,1001.3,1.75,43.7,47.6,953.0,11.3,6.3,85.0,123
2026-08-04 04:00:00+00:00,Multan,32.5,70,1001.9,1.76,40.2,50.6,794.0,8.1,8.5,103.0,122
2026-08-04 05:00:00+00:00,Multan,33.4,66,1002.2,1.84,40.9,57.7,545.0,5.0,11.4,122.0,120
2026-08-04 06:00:00+00:00,Multan,34.2,61,1002.2,1.8,41.0,60.3,357.0,2.7,13.2,136.0,119
2026-08-04 07:00:00+00:00,Multan,34.8,59,1001.6,1.81,40.4,59.8,296.0,1.8,12.6,141.0,119
2026-08-04 08:00:00+00:00,Multan,35.2,58,1001.0,2.06,39.2,58.7,296.0,1.8,10.8,141.0,119
2026-08-04 09:00:00+00:00,Multan,35.8,55,1000.2,2.25,38.5,58.7,308.0,2.0,9.4,139.0,119
2026-08-04 10:00:00+00:00,Multan,35.8,56,999.4,2.34,38.3,59.4,314.0,2.0,9.1,139.0,120
2026-08-04 11:00:00+00:00,Multan,35.4,58,998.7,2.47,38.3,61.0,331.0,2.4,9.1,137.0,120
2026-08-04 12:00:00+00:00,Multan,35.6,56,998.5,1.65,44.4,72.2,364.0,3.8,9.0,127.0,121
2026-08-04 13:00:00+00:00,Multan,35.0,60,998.5,1.9,45.9,71.9,423.0,7.7,8.8,111.0,122
2026-08-04 14:00:00+00:00,Multan,33.4,70,998.9,2.73,50.9,74.3,498.0,13.0,8.5,88.0,123
2026-08-04 15:00:00+00:00,Multan,32.7,73,999.6,2.48,52.3,71.2,565.0,17.0,8.2,70.0,124
2026-08-04 16:00:00+00:00,Multan,32.1,75,1000.0,2.96,52.5,69.4,630.0,18.6,8.0,60.0,125
2026-08-04 17:00:00+00:00,Multan,31.7,74,1000.0,2.95,52.7,68.0,687.0,18.9,7.9,55.0,125
2026-08-04 18:00:00+00:00,Multan,32.8,69,999.1,3.08,50.9,65.4,695.0,18.3,7.7,52.0,125
2026-08-04 19:00:00+00:00,Multan,32.4,68,998.7,3.12,46.8,61.5,619.0,16.5,7.5,51.0,124
2026-08-04 20:00:00+00:00,Multan,31.9,70,998.3,3.11,42.8,59.8,494.0,13.8,7.3,53.0,124
2026-08-04 21:00:00+00:00,Multan,31.4,71,997.8,3.4,39.1,57.4,389.0,11.8,7.2,53.0,124
2026-08-04 22:00:00+00:00,Multan,31.0,72,997.9,3.01,36.1,52.5,326.0,11.3,7.3,49.0,123
2026-08-04 23:00:00+00:00,Multan,30.5,73,997.7,3.11,34.2,48.2,283.0,11.5,7.4,44.0,122
2026-08-05 00:00:00+00:00,Multan,30.8,74,997.5,3.33,32.4,47.3,264.0,9.8,8.5,49.0,122
2026-08-05 01:00:00+00:00,Multan,30.4,76,997.7,3.59,32.6,47.0,284.0,9.2,8.5,53.0,120
2026-08-05 02:00:00+00:00,Multan,30.8,76,998.0,3.32,34.2,50.3,327.0,8.2,8.5,59.0,118
2026-08-05 03:00:00+00:00,Multan,31.7,73,998.0,3.21,35.6,59.4,353.0,7.1,8.7,70.0,116
2026-08-05 04:00:00+00:00,Multan,32.8,69,998.2,3.35,38.2,68.9,339.0,5.6,9.5,88.0,115
2026-08-05 05:00:00+00:00,Multan,33.9,66,998.1,3.48,41.1,78.9,308.0,3.8,10.5,111.0,115
2026-08-05 06:00:00+00:00,Multan,35.1,60,997.9,3.42,44.2,91.3,282.0,2.5,11.0,128.0,115
2026-08-05 07:00:00+00:00,Multan,35.8,58,997.4,3.41,46.7,101.3,269.0,2.0,10.6,136.0,116
2026-08-05 08:00:00+00:00,Multan,36.4,55,996.7,3.65,48.7,109.9,262.0,1.9,9.7,139.0,116
2026-08-05 09:00:00+00:00,Multan,36.7,54,996.2,3.46,50.2,116.2,261.0,2.0,8.9,139.0,117
2026-08-05 10:00:00+00:00,Multan,36.7,53,995.5,3.2,51.5,121.5,266.0,2.1,8.4,137.0,118
2026-08-05 11:00:00+00:00,Multan,36.5,54,995.0,2.98,51.5,121.5,277.0,2.4,7.9,133.0,120
2026-08-05 12:00:00+00:00,Multan,37.4,50,994.5,3.33,43.4,95.9,299.0,3.6,8.1,122.0,121
2026-08-05 13:00:00+00:00,Multan,36.4,54,994.7,3.29,42.8,85.4,342.0,6.6,8.0,108.0,121
2026-08-05 14:00:00+00:00,Multan,34.7,61,995.2,3.8,44.1,75.2,395.0,10.6,7.8,89.0,121
2026-08-05 15:00:00+00:00,Multan,34.0,63,995.8,3.96,43.9,68.7,429.0,13.3,7.5,74.0,120
2026-08-05 16:00:00+00:00,Multan,33.6,61,996.2,4.47,42.4,64.0,434.0,13.4,7.2,66.0,119
2026-08-05 17:00:00+00:00,Multan,33.0,62,996.8,3.4,40.6,61.2,420.0,12.2,6.8,62.0,118
2026-08-05 18:00:00+00:00,Multan,34.1,62,996.1,3.4,38.0,58.9,391.0,10.9,6.4,59.0,117
2026-08-05 19:00:00+00:00,Multan,33.3,64,996.1,3.82,34.3,54.1,336.0,9.8,6.1,57.0,116
2026-08-05 20:00:00+00:00,Multan,32.7,65,995.6,4.1,31.1,47.7,265.0,8.6,5.9,55.0,114
2026-08-05 21:00:00+00:00,Multan,32.0,68,995.4,4.18,28.4,42.5,213.0,7.7,5.6,55.0,113
2026-08-05 22:00:00+00:00,Multan,31.3,71,995.3,4.03,27.1,39.7,194.0,7.2,5.2,56.0,112
2026-08-05 23:00:00+00:00,Multan,30.8,74,995.5,3.6,27.2,40.0,194.0,6.9,4.7,57.0,111
2026-08-06 00:00:00+00:00,Multan,31.3,74,994.8,3.46,27.1,43.5,204.0,6.2,5.7,69.0,110
2026-08-06 01:00:00+00:00,Multan,30.8,77,995.9,3.35,29.6,51.2,227.0,6.1,6.0,71.0,110
2026-08-06 02:00:00+00:00,Multan,31.2,74,996.5,3.27,33.2,58.9,260.0,5.9,6.3,75.0,109
2026-08-06 03:00:00+00:00,Multan,32.0,70,996.9,4.0,36.6,75.9,283.0,5.5,6.8,82.0,109
2026-08-06 04:00:00+00:00,Multan,33.0,66,997.3,3.94,40.7,95.5,284.0,4.6,7.5,95.0,109
2026-08-06 05:00:00+00:00,Multan,34.3,61,997.7,3.25,46.8,129.0,275.0,3.4,8.3,110.0,110
2026-08-06 06:00:00+00:00,Multan,35.4,52,998.3,3.5,52.7,163.4,268.0,2.5,8.8,122.0,110
2026-08-06 07:00:00+00:00,Multan,35.9,50,997.9,4.31,58.4,196.5,268.0,2.0,8.7,128.0,111
2026-08-06 08:00:00+00:00,Multan,36.8,47,997.4,3.67,62.4,219.3,271.0,1.9,8.2,130.0,112
2026-08-06 09:00:00+00:00,Multan,37.3,45,996.8,3.34,65.0,233.3,276.0,1.9,7.6,129.0,114
2026-08-06 10:00:00+00:00,Multan,37.4,45,996.4,2.89,67.1,242.1,276.0,1.8,7.0,127.0,115
2026-08-06 11:00:00+00:00,Multan,37.2,45,995.7,3.2,68.5,244.0,279.0,2.0,6.2,122.0,117
2026-08-06 12:00:00+00:00,Multan,36.9,47,995.8,2.96,64.3,225.8,305.0,3.4,6.6,114.0,119
2026-08-06 13:00:00+00:00,Multan,35.7,51,996.0,3.3,65.2,187.2,372.0,7.5,6.4,99.0,121
2026-08-06 14:00:00+00:00,Multan,34.7,54,996.5,3.2,70.3,164.4,462.0,13.1,6.2,77.0,123
2026-08-06 15:00:00+00:00,Multan,33.9,58,997.1,2.29,77.5,164.8,550.0,17.4,6.0,60.0,126
2026-08-06 16:00:00+00:00,Multan,33.5,60,998.2,1.31,84.5,176.5,634.0,19.0,6.1,50.0,129
2026-08-06 17:00:00+00:00,Multan,33.2,60,998.7,1.41,90.1,185.8,715.0,19.3,6.3,44.0,134
2026-08-06 18:00:00+00:00,Multan,34.0,61,998.2,1.74,93.6,195.6,770.0,18.9,6.3,40.0,139
2026-08-06 19:00:00+00:00,Multan,33.0,65,997.8,2.28,97.1,213.3,801.0,18.0,5.9,36.0,145
2026-08-06 20:00:00+00:00,Multan,32.5,66,997.7,2.33,100.6,233.8,806.0,16.5,5.3,34.0,150
2026-08-06 21:00:00+00:00,Multan,32.1,67,997.6,2.25,102.4,256.1,761.0,15.1,4.9,33.0,152
2026-08-06 22:00:00+00:00,Multan,31.6,69,997.8,3.15,99.0,251.5,614.0,14.1,4.7,31.0,155
2026-08-06 23:00:00+00:00,Multan,31.0,72,997.9,2.76,89.4,217.5,418.0,13.3,4.7,30.0,157
2026-08-07 00:00:00+00:00,Multan,28.0,88,998.9,1.56,81.0,200.7,301.0,13.5,5.5,32.0,159
2026-08-07 01:00:00+00:00,Multan,27.7,90,999.4,0.87,69.6,147.6,350.0,12.5,6.4,38.0,160
2026-08-07 02:00:00+00:00,Multan,28.0,88,999.9,0.87,62.6,112.2,478.0,11.1,7.8,47.0,161
2026-08-07 03:00:00+00:00,Multan,28.5,83,1000.1,0.63,51.0,87.5,560.0,9.5,8.9,63.0,162
2026-08-07 04:00:00+00:00,Multan,29.1,80,1000.3,1.31,53.6,99.2,533.0,7.4,9.8,91.0,163
2026-08-07 05:00:00+00:00,Multan,30.7,74,1000.3,0.96,61.5,140.2,459.0,5.1,10.5,126.0,163
2026-08-07 06:00:00+00:00,Multan,33.9,62,1000.4,0.85,66.6,171.8,396.0,3.4,10.6,153.0,164
2026-08-07 07:00:00+00:00,Multan,35.4,55,999.8,1.24,70.5,193.7,362.0,2.6,9.8,166.0,164
2026-08-07 08:00:00+00:00,Multan,36.3,51,999.0,1.01,71.7,200.7,338.0,2.3,8.4,171.0,164
2026-08-07 09:00:00+00:00,Multan,37.0,48,998.4,0.96,72.2,202.1,329.0,2.3,7.2,173.0,165
2026-08-07 10:00:00+00:00,Multan,37.3,47,998.0,0.39,71.7,197.9,337.0,1.8,6.4,176.0,165
2026-08-07 11:00:00+00:00,Multan,36.9,47,997.4,1.5,71.5,194.2,361.0,1.6,5.8,176.0,165
2026-08-07 12:00:00+00:00,Multan,36.3,51,997.1,1.6,74.5,200.2,396.0,3.4,6.6,171.0,165
2026-08-07 13:00:00+00:00,Multan,34.9,56,997.2,3.24,75.4,194.2,439.0,11.0,6.9,144.0,165
2026-08-07 14:00:00+00:00,Multan,33.4,62,998.0,3.28,84.3,164.8,495.0,21.5,7.3,107.0,166
2026-08-07 15:00:00+00:00,Multan,32.7,65,998.4,2.87,96.4,160.2,571.0,29.4,7.7,78.0,166
2026-08-07 16:00:00+00:00,Multan,32.0,70,999.2,2.13,102.7,160.7,695.0,32.2,8.0,64.0,167
2026-08-07 17:00:00+00:00,Multan,31.4,73,999.8,2.55,107.6,162.5,840.0,32.4,8.1,57.0,167
2026-08-07 18:00:00+00:00,Multan,32.3,71,999.1,2.35,107.6,161.6,936.0,31.9,8.1,52.0,168
2026-08-07 19:00:00+00:00,Multan,31.8,71,999.0,2.55,105.7,159.7,939.0,31.4,7.7,46.0,168
2026-08-07 20:00:00+00:00,Multan,31.4,72,999.0,2.81,105.0,159.3,893.0,30.3,7.2,42.0,168
2026-08-07 21:00:00+00:00,Multan,31.0,73,999.0,2.92,102.9,156.9,859.0,28.5,6.7,40.0,168
2026-08-07 22:00:00+00:00,Multan,30.7,74,999.3,2.81,99.0,149.9,863.0,25.9,6.4,40.0,169
2026-08-07 23:00:00+00:00,Multan,30.4,74,999.1,2.8,92.4,143.0,879.0,22.8,6.1,41.0,169
2026-08-08 00:00:00+00:00,Multan,26.4,96,999.8,1.67,99.2,172.8,888.0,19.1,7.4,55.0,169
2026-08-08 01:00:00+00:00,Multan,26.6,97,1000.5,1.88,103.6,163.4,896.0,17.4,7.5,68.0,169
2026-08-08 02:00:00+00:00,Multan,27.2,92,1000.6,1.66,103.6,183.9,898.0,14.9,7.5,86.0,170
2026-08-08 03:00:00+00:00,Multan,28.5,84,1001.1,0.69,100.8,207.7,858.0,12.1,7.4,105.0,171
2026-08-08 04:00:00+00:00,Multan,30.1,75,1001.3,0.72,92.9,206.8,740.0,8.7,7.0,125.0,173
2026-08-08 05:00:00+00:00,Multan,32.4,65,1001.5,1.12,80.1,181.6,580.0,5.1,6.5,145.0,174
2026-08-08 06:00:00+00:00,Multan,34.8,57,1001.7,1.32,77.5,178.8,450.0,2.4,6.0,160.0,175
2026-08-08 07:00:00+00:00,Multan,35.5,54,1001.3,1.46,58.9,132.2,376.0,1.5,5.6,165.0,175
2026-08-08 08:00:00+00:00,Multan,36.3,51,1000.6,1.29,53.2,118.5,332.0,1.6,5.3,165.0,175
2026-08-08 09:00:00+00:00,Multan,36.7,49,1000.0,1.07,50.4,112.2,314.0,1.9,5.0,164.0,174
2026-08-08 10:00:00+00:00,Multan,36.7,49,999.5,2.0,44.7,97.8,315.0,1.6,4.8,166.0,173
2026-08-08 11:00:00+00:00,Multan,36.3,49,998.9,2.09,41.4,89.9,342.0,1.5,4.6,167.0,173
2026-08-08 12:00:00+00:00,Multan,36.1,48,999.0,1.31,56.9,127.1,407.0,2.9,4.5,150.0,172
2026-08-08 13:00:00+00:00,Multan,35.2,51,999.3,1.5,56.5,121.1,545.0,12.0,5.1,123.0,171
2026-08-08 14:00:00+00:00,Multan,33.8,58,999.6,1.95,65.2,103.8,720.0,24.3,6.0,87.0,171
2026-08-08 15:00:00+00:00,Multan,33.0,63,1000.2,2.52,78.2,112.9,840.0,32.1,6.7,62.0,170
2026-08-08 16:00:00+00:00,Multan,32.0,67,1000.9,2.55,79.9,113.9,860.0,30.9,7.0,59.0,169
2026-08-08 17:00:00+00:00,Multan,31.3,71,1001.6,2.09,74.3,105.9,823.0,25.1,7.0,67.0,169
2026-08-08 18:00:00+00:00,Multan,32.0,71,1001.1,2.79,69.2,95.5,771.0,20.0,6.9,74.0,168
2026-08-08 19:00:00+00:00,Multan,31.4,73,1001.6,3.04,62.9,84.1,703.0,17.3,6.6,75.0,167
2026-08-08 20:00:00+00:00,Multan,31.1,73,1001.6,2.86,58.3,76.1,619.0,15.4,6.3,74.0,165
2026-08-08 21:00:00+00:00,Multan,30.7,75,1001.7,2.75,55.1,72.4,557.0,14.1,5.9,71.0,164
2026-08-08 22:00:00+00:00,Multan,30.2,76,1001.7,2.26,52.7,72.9,536.0,14.0,5.6,65.0,163
2026-08-08 23:00:00+00:00,Multan,29.7,76,1001.7,2.44,51.8,75.2,537.0,14.6,5.3,57.0,161
2026-08-09 00:00:00+00:00,Multan,30.3,77,1001.6,1.95,56.3,68.2,544.0,15.9,5.9,54.0,160
2026-08-09 01:00:00+00:00,Multan,29.9,78,1002.1,1.59,55.5,69.8,563.0,14.5,5.9,62.0,159
2026-08-09 02:00:00+00:00,Multan,30.6,75,1002.2,1.57,55.5,80.3,589.0,12.4,5.8,75.0,157
2026-08-09 03:00:00+00:00,Multan,32.0,68,1002.5,1.91,52.7,87.5,590.0,10.1,6.0,91.0,156
2026-08-09 04:00:00+00:00,Multan,33.5,62,1002.7,1.63,49.1,84.1,539.0,7.3,6.6,114.0,154
2026-08-09 05:00:00+00:00,Multan,34.9,56,1002.9,1.52,48.9,89.2,463.0,4.4,7.3,141.0,153
2026-08-09 06:00:00+00:00,Multan,35.7,53,1002.8,0.46,50.9,99.7,408.0,2.2,7.8,161.0,152
2026-08-09 07:00:00+00:00,Multan,35.9,53,1002.4,0.6,51.2,102.4,396.0,1.4,7.6,168.0,151
2026-08-09 08:00:00+00:00,Multan,35.7,52,1002.0,0.55,51.3,101.7,405.0,1.5,7.1,168.0,151
2026-08-09 09:00:00+00:00,Multan,35.7,52,1001.4,0.51,51.7,101.0,416.0,1.7,6.8,167.0,151
2026-08-09 10:00:00+00:00,Multan,35.3,55,1000.8,1.39,51.8,99.7,414.0,1.4,6.8,170.0,151
2026-08-09 11:00:00+00:00,Multan,35.4,55,999.9,1.15,53.2,102.0,415.0,1.4,6.9,173.0,151
2026-08-09 12:00:00+00:00,Multan,36.3,51,999.2,1.1,56.7,95.0,441.0,2.9,6.2,159.0,152
2026-08-09 13:00:00+00:00,Multan,35.4,54,999.4,1.35,59.6,95.0,516.0,7.2,6.2,139.0,152
2026-08-09 14:00:00+00:00,Multan,34.2,62,999.6,1.91,69.2,92.4,617.0,13.0,6.1,112.0,152
2026-08-09 15:00:00+00:00,Multan,33.0,69,1000.0,2.13,75.7,92.4,699.0,17.0,6.0,92.0,152
2026-08-09 16:00:00+00:00,Multan,32.3,72,1000.5,1.95,75.4,88.9,744.0,17.3,5.8,85.0,152
2026-08-09 17:00:00+00:00,Multan,31.7,75,1001.0,2.02,74.3,85.7,768.0,15.8,5.5,84.0,152
2026-08-09 18:00:00+00:00,Multan,33.0,73,1000.0,2.52,71.2,81.0,780.0,14.3,5.2,84.0,152
2026-08-09 19:00:00+00:00,Multan,32.5,73,1000.2,2.33,66.1,75.2,778.0,13.5,5.0,82.0,152
2026-08-09 20:00:00+00:00,Multan,32.0,74,1000.0,2.58,62.2,70.8,763.0,12.8,4.8,80.0,152
2026-08-09 21:00:00+00:00,Multan,31.4,75,999.8,2.76,59.1,68.0,742.0,12.3,4.7,78.0,152
2026-08-09 22:00:00+00:00,Multan,31.1,75,999.5,2.79,56.3,65.7,710.0,12.1,4.6,74.0,152
2026-08-09 23:00:00+00:00,Multan,30.7,77,999.4,2.21,53.4,63.1,672.0,12.0,4.6,70.0,152
2026-08-10 00:00:00+00:00,Multan,31.2,78,999.3,1.75,54.1,61.0,651.0,13.1,4.9,69.0,152
2026-08-10 01:00:00+00:00,Multan,30.9,80,999.5,1.43,51.5,61.0,671.0,12.7,5.0,77.0,152
2026-08-10 02:00:00+00:00,Multan,31.7,76,999.8,0.83,52.2,61.5,709.0,11.9,5.2,89.0,152
2026-08-10 03:00:00+00:00,Multan,33.3,68,1000.1,0.57,48.9,62.4,713.0,10.6,5.7,104.0,152
2026-08-10 04:00:00+00:00,Multan,35.2,57,1000.1,0.28,45.2,65.4,650.0,8.0,6.8,125.0,152
2026-08-10 05:00:00+00:00,Multan,36.8,49,1000.0,0.25,44.6,72.2,553.0,4.8,8.2,148.0,152
2026-08-10 06:00:00+00:00,Multan,37.8,46,1000.1,0.72,50.2,91.0,480.0,2.5,9.0,165.0,152
2026-08-10 07:00:00+00:00,Multan,38.5,44,999.6,0.81,49.9,90.1,454.0,1.7,8.8,171.0,152
2026-08-10 08:00:00+00:00,Multan,38.8,43,998.9,0.49,48.7,86.8,450.0,1.7,8.0,170.0,152
2026-08-10 09:00:00+00:00,Multan,39.0,42,998.3,0.16,48.2,85.2,451.0,2.0,7.2,168.0,151
2026-08-10 10:00:00+00:00,Multan,38.0,45,997.9,0.95,47.3,83.4,452.0,1.9,6.7,168.0,151
2026-08-10 11:00:00+00:00,Multan,38.0,46,997.0,1.46,47.3,82.7,458.0,2.1,6.2,167.0,151
2026-08-10 12:00:00+00:00,Multan,37.2,46,996.9,0.72,36.8,63.1,468.0,3.3,5.8,157.0,151
2026-08-10 13:00:00+00:00,Multan,37.5,45,997.0,1.66,38.4,62.4,480.0,7.6,6.0,139.0,150
2026-08-10 14:00:00+00:00,Multan,36.4,53,997.2,2.63,47.3,62.4,497.0,13.4,6.3,114.0,149
2026-08-10 15:00:00+00:00,Multan,35.8,57,997.8,2.14,51.3,63.6,524.0,17.3,6.5,96.0,147
2026-08-10 16:00:00+00:00,Multan,35.1,59,998.1,2.2,51.1,61.7,572.0,17.5,6.7,91.0,145
2026-08-10 17:00:00+00:00,Multan,34.3,62,998.4,2.61,50.3,59.4,630.0,15.9,6.9,93.0,142
2026-08-10 18:00:00+00:00,Multan,35.1,60,997.7,2.52,50.5,58.7,671.0,14.5,6.9,93.0,140
2026-08-10 19:00:00+00:00,Multan,34.3,62,997.5,2.37,50.2,57.7,679.0,14.0,6.5,90.0,137
2026-08-10 20:00:00+00:00,Multan,33.6,65,997.4,2.74,49.6,56.5,669.0,13.7,6.0,85.0,136
2026-08-10 21:00:00+00:00,Multan,32.7,70,997.4,2.76,49.4,55.8,660.0,13.6,5.7,80.0,134
2026-08-10 22:00:00+00:00,Multan,32.2,72,997.4,2.85,50.3,56.8,658.0,13.8,6.0,73.0,133
2026-08-10 23:00:00+00:00,Multan,31.8,73,997.4,2.72,52.0,60.8,656.0,14.2,6.5,66.0,133
2026-08-11 00:00:00+00:00,Multan,32.5,72,997.0,2.7,53.8,64.7,654.0,16.0,6.6,60.0,133
2026-08-11 01:00:00+00:00,Multan,31.9,73,998.0,2.4,54.4,70.1,660.0,15.1,7.2,64.0,133
2026-08-11 02:00:00+00:00,Multan,32.5,71,998.6,1.93,57.3,75.0,665.0,13.7,8.0,70.0,133
2026-08-11 03:00:00+00:00,Multan,33.8,65,998.8,1.75,54.4,84.8,644.0,11.9,8.4,81.0,133
2026-08-11 04:00:00+00:00,Multan,35.3,59,999.2,1.8,49.7,85.0,573.0,9.1,7.9,101.0,134
2026-08-11 05:00:00+00:00,Multan,36.2,55,999.6,1.72,48.2,85.9,476.0,5.9,6.9,126.0,134
2026-08-11 06:00:00+00:00,Multan,37.3,49,999.6,1.5,47.0,88.2,399.0,3.4,6.2,144.0,135
2026-08-11 07:00:00+00:00,Multan,38.2,44,999.3,0.65,46.3,91.5,363.0,2.4,6.2,150.0,135
2026-08-11 08:00:00+00:00,Multan,39.2,39,998.4,0.14,45.8,96.2,347.0,2.1,6.5,149.0,134
2026-08-11 09:00:00+00:00,Multan,39.9,36,998.0,0.32,48.2,106.2,340.0,2.2,6.6,146.0,134
2026-08-11 10:00:00+00:00,Multan,40.3,35,997.0,0.58,44.5,97.8,334.0,1.8,6.3,145.0,134
2026-08-11 11:00:00+00:00,Multan,40.2,35,996.1,0.74,43.9,96.2,336.0,1.8,6.0,143.0,134
2026-08-11 12:00:00+00:00,Multan,39.5,37,996.3,2.35,46.8,103.8,361.0,3.5,5.2,139.0,133
2026-08-11 13:00:00+00:00,Multan,38.2,41,996.8,2.87,51.5,92.9,418.0,8.3,5.6,121.0,134
2026-08-11 14:00:00+00:00,Multan,37.4,42,997.3,2.8,60.1,93.6,498.0,15.0,6.1,97.0,136
2026-08-11 15:00:00+00:00,Multan,36.4,47,998.0,3.09,63.3,95.9,583.0,19.6,6.6,78.0,137
2026-08-11 16:00:00+00:00,Multan,35.3,55,998.7,2.9,65.9,98.3,679.0,20.2,6.9,71.0,138
2026-08-11 17:00:00+00:00,Multan,34.6,59,999.1,2.28,68.0,100.6,780.0,18.8,7.1,70.0,140
2026-08-11 18:00:00+00:00,Multan,35.7,56,998.7,2.53,66.8,101.0,852.0,17.5,7.2,68.0,142
2026-08-11 19:00:00+00:00,Multan,34.9,57,999.2,2.22,63.8,99.7,883.0,16.8,7.0,64.0,143
2026-08-11 20:00:00+00:00,Multan,34.2,58,999.1,2.3,61.9,99.7,884.0,16.3,6.5,59.0,145
2026-08-11 21:00:00+00:00,Multan,33.3,63,999.0,2.71,61.9,101.0,857.0,16.2,6.3,53.0,146
2026-08-11 22:00:00+00:00,Multan,32.7,65,999.1,2.84,62.9,102.4,788.0,17.2,6.4,44.0,147
2026-08-11 23:00:00+00:00,Multan,32.3,67,999.5,2.64,63.1,102.9,691.0,18.7,6.6,34.0,149
2026-08-12 00:00:00+00:00,Multan,32.6,65,999.5,2.73,64.3,108.3,605.0,18.4,7.6,43.0,150
2026-08-12 01:00:00+00:00,Multan,31.9,69,1000.2,3.01,65.7,113.9,548.0,17.5,8.5,50.0,150
2026-08-12 02:00:00+00:00,Multan,32.2,68,1000.7,2.41,68.7,122.0,502.0,16.1,9.8,61.0,151
2026-08-12 03:00:00+00:00,Multan,33.4,64,1001.0,2.45,71.2,146.7,458.0,14.0,10.3,76.0,151
2026-08-12 04:00:00+00:00,Multan,34.6,60,1001.7,1.93,71.9,158.3,409.0,10.4,9.4,100.0,151
2026-08-12 05:00:00+00:00,Multan,35.9,56,1001.8,1.85,68.2,156.9,363.0,6.1,7.7,128.0,152
2026-08-12 06:00:00+00:00,Multan,38.0,49,1001.2,1.76,61.7,145.8,330.0,2.9,6.5,149.0,153
2026-08-12 07:00:00+00:00,Multan,39.0,44,1000.6,2.3,56.7,131.3,315.0,1.7,6.2,156.0,153
2026-08-12 08:00:00+00:00,Multan,38.9,44,1000.4,2.5,53.4,119.7,314.0,1.6,6.3,154.0,153
2026-08-12 09:00:00+00:00,Multan,39.3,41,999.7,2.08,51.1,110.8,322.0,1.8,6.3,152.0,154
2026-08-12 10:00:00+00:00,Multan,39.4,40,999.4,1.95,48.1,101.5,334.0,2.0,5.8,152.0,154
2026-08-12 11:00:00+00:00,Multan,39.1,40,998.7,1.58,45.4,91.0,356.0,2.6,5.2,150.0,154
2026-08-12 12:00:00+00:00,Multan,37.3,52,998.4,1.82,50.6,107.1,401.0,3.4,5.2,142.0,154
2026-08-12 13:00:00+00:00,Multan,37.9,46,998.6,1.25,52.3,102.7,495.0,9.0,5.6,123.0,154
2026-08-12 14:00:00+00:00,Multan,37.1,49,999.1,1.23,62.6,96.2,612.0,16.6,6.1,98.0,154
2026-08-12 15:00:00+00:00,Multan,36.5,53,999.9,1.25,68.9,97.8,691.0,21.9,6.6,78.0,154
2026-08-12 16:00:00+00:00,Multan,36.2,56,1000.6,1.68,71.7,99.0,698.0,22.6,6.9,71.0,154
2026-08-12 17:00:00+00:00,Multan,35.0,63,1001.4,2.25,72.4,99.9,666.0,20.9,7.1,71.0,154
2026-08-12 18:00:00+00:00,Multan,36.0,59,1000.9,1.66,69.8,96.9,631.0,18.9,7.1,69.0,155
2026-08-12 19:00:00+00:00,Multan,35.1,62,1001.1,1.39,63.3,90.3,598.0,16.9,6.7,63.0,155
2026-08-12 20:00:00+00:00,Multan,34.6,63,1000.8,1.36,56.5,83.4,562.0,14.7,6.1,56.0,155
2026-08-12 21:00:00+00:00,Multan,33.9,66,1000.6,2.05,51.5,80.1,538.0,12.9,5.6,50.0,154
2026-08-12 22:00:00+00:00,Multan,33.2,68,1000.4,2.31,49.4,82.9,533.0,12.2,5.3,45.0,154
2026-08-12 23:00:00+00:00,Multan,32.6,67,1000.6,2.35,49.1,87.8,539.0,12.1,5.2,40.0,154
2026-08-13 00:00:00+00:00,Multan,32.9,65,1000.6,2.44,50.1,95.9,555.0,13.2,5.1,35.0,153
2026-08-13 01:00:00+00:00,Multan,31.9,71,1000.9,2.31,51.7,96.6,597.0,12.3,5.3,41.0,153
2026-08-13 02:00:00+00:00,Multan,32.3,70,1001.1,1.58,53.9,101.0,648.0,11.0,5.7,50.0,153
2026-08-13 03:00:00+00:00,Multan,33.5,66,1001.0,0.67,53.1,106.2,652.0,9.6,6.4,62.0,152
2026-08-13 04:00:00+00:00,Multan,35.2,61,1001.2,0.72,51.6,99.0,563.0,8.0,7.7,80.0,152
2026-08-13 05:00:00+00:00,Multan,36.2,55,1001.7,2.66,50.1,92.2,428.0,6.3,9.3,103.0,151
2026-08-13 06:00:00+00:00,Multan,34.8,63,1002.3,2.36,48.3,87.3,327.0,4.9,10.4,122.0,150
2026-08-13 07:00:00+00:00,Multan,35.4,61,1001.6,2.25,47.4,87.1,298.0,3.8,10.6,137.0,150
2026-08-13 08:00:00+00:00,Multan,36.6,57,1000.9,1.81,46.6,85.2,304.0,3.1,10.3,148.0,149
2026-08-13 09:00:00+00:00,Multan,37.6,51,1000.0,1.55,43.7,78.7,315.0,2.7,10.5,157.0,148
2026-08-13 10:00:00+00:00,Multan,38.2,48,999.2,2.06,41.8,73.8,319.0,2.6,11.7,164.0,148
2026-08-13 11:00:00+00:00,Multan,37.9,49,998.6,2.56,42.6,73.6,328.0,3.0,13.2,169.0,147
2026-08-13 12:00:00+00:00,Multan,34.8,61,998.8,3.96,42.7,68.9,345.0,4.3,13.4,149.0,147
2026-08-13 13:00:00+00:00,Multan,33.5,68,998.6,2.58,42.5,62.9,378.0,7.2,13.1,131.0,146
2026-08-13 14:00:00+00:00,Multan,33.0,70,998.8,2.96,45.1,61.5,419.0,11.1,12.7,106.0,145
2026-08-13 15:00:00+00:00,Multan,32.4,72,999.3,2.8,45.9,61.7,455.0,13.7,12.0,86.0,143
2026-08-13 16:00:00+00:00,Multan,31.9,75,1000.0,2.75,45.3,61.7,489.0,13.8,10.8,75.0,141
2026-08-13 17:00:00+00:00,Multan,31.4,77,1000.2,2.85,45.6,63.6,518.0,12.5,9.3,70.0,138
2026-08-13 18:00:00+00:00,Multan,32.7,73,999.6,3.55,45.8,65.9,513.0,11.1,8.0,65.0,135
2026-08-13 19:00:00+00:00,Multan,32.1,73,999.9,3.71,44.8,67.3,447.0,9.9,7.1,61.0,132
2026-08-13 20:00:00+00:00,Multan,31.4,72,999.5,3.78,43.7,68.5,347.0,8.6,6.3,58.0,131
2026-08-13 21:00:00+00:00,Multan,30.8,73,999.2,3.57,42.3,68.2,270.0,7.6,5.7,55.0,129
2026-08-13 22:00:00+00:00,Multan,30.3,74,998.9,3.46,40.7,66.8,236.0,7.2,5.2,52.0,128
2026-08-13 23:00:00+00:00,Multan,29.9,76,998.8,3.42,39.1,64.7,224.0,7.1,4.8,49.0,127
2026-08-14 00:00:00+00:00,Multan,30.4,76,998.5,3.35,36.4,60.1,227.0,6.5,5.2,53.0,126
2026-08-14 01:00:00+00:00,Multan,30.0,78,999.1,3.4,35.3,56.3,251.0,6.4,5.0,55.0,125
2026-08-14 02:00:00+00:00,Multan,30.4,77,999.5,2.66,35.6,56.0,289.0,6.3,4.8,58.0,123
2026-08-14 03:00:00+00:00,Multan,31.5,72,999.7,3.25,35.2,57.0,312.0,5.8,4.9,66.0,121
2026-08-14 04:00:00+00:00,Multan,32.7,67,1000.0,3.54,35.0,57.2,303.0,4.8,5.9,83.0,119
2026-08-14 05:00:00+00:00,Multan,34.0,62,1000.2,3.32,35.9,59.6,278.0,3.5,7.2,105.0,118
2026-08-14 06:00:00+00:00,Multan,35.7,56,1000.0,3.41,37.0,64.3,256.0,2.5,8.1,122.0,116
2026-08-14 07:00:00+00:00,Multan,36.5,53,1000.0,3.49,37.8,69.4,240.0,2.0,8.0,129.0,115
2026-08-14 08:00:00+00:00,Multan,37.1,50,999.9,3.38,38.2,73.6,225.0,1.8,7.4,130.0,114
2026-08-14 09:00:00+00:00,Multan,37.5,48,999.8,3.12,38.3,76.8,219.0,1.8,6.8,129.0,113
2026-08-14 10:00:00+00:00,Multan,37.5,47,999.2,3.64,38.6,78.7,213.0,1.7,6.5,127.0,113
2026-08-14 11:00:00+00:00,Multan,37.1,48,998.6,3.65,38.1,77.1,216.0,1.9,6.2,123.0,112
2026-08-14 12:00:00+00:00,Multan,37.4,45,998.4,3.21,35.9,71.2,252.0,3.3,6.6,118.0,112
2026-08-14 13:00:00+00:00,Multan,36.4,49,998.7,2.65,37.6,64.3,353.0,7.5,6.7,102.0,111
2026-08-14 14:00:00+00:00,Multan,35.1,57,998.8,2.44,43.1,64.7,488.0,13.2,6.9,80.0,111
2026-08-14 15:00:00+00:00,Multan,34.1,62,998.9,2.82,48.0,66.4,592.0,17.3,6.9,63.0,110
2026-08-14 16:00:00+00:00,Multan,33.6,62,999.3,2.91,49.2,66.1,649.0,18.2,6.8,54.0,111
2026-08-14 17:00:00+00:00,Multan,33.1,63,1000.1,2.73,49.5,65.9,674.0,17.4,6.5,50.0,111
2026-08-14 18:00:00+00:00,Multan,33.9,59,999.8,3.13,49.5,67.8,647.0,16.0,6.3,48.0,111
2026-08-14 19:00:00+00:00,Multan,33.2,61,999.7,3.26,48.9,75.4,527.0,14.1,6.0,47.0,112
2026-08-14 20:00:00+00:00,Multan,32.6,62,999.8,3.56,51.8,95.7,354.0,11.6,5.7,49.0,112
2026-08-14 21:00:00+00:00,Multan,32.1,64,999.6,3.32,52.4,103.6,232.0,9.7,5.5,50.0,113
2026-08-14 22:00:00+00:00,Multan,31.6,66,999.6,3.13,46.4,83.4,211.0,8.8,5.4,50.0,114
2026-08-14 23:00:00+00:00,Multan,31.1,66,1000.0,3.13,39.2,61.2,241.0,8.4,5.3,49.0,115
2026-08-15 00:00:00+00:00,Multan,32.0,65,1000.3,2.87,33.1,53.3,274.0,7.0,5.4,56.0,115
2026-08-15 01:00:00+00:00,Multan,31.2,68,1000.6,3.45,31.4,45.5,301.0,7.0,5.6,60.0,114
2026-08-15 02:00:00+00:00,Multan,31.6,66,1001.1,2.43,32.6,45.4,332.0,6.9,5.8,66.0,114
2026-08-15 03:00:00+00:00,Multan,32.6,63,1001.7,2.93,33.3,50.9,343.0,6.4,6.2,75.0,114
2026-08-15 04:00:00+00:00,Multan,33.8,60,1002.0,3.11,35.5,58.1,319.0,5.2,6.9,91.0,113
2026-08-15 05:00:00+00:00,Multan,35.2,54,1002.3,3.09,37.8,68.9,276.0,3.6,7.7,111.0,113
2026-08-15 06:00:00+00:00,Multan,36.6,49,1002.2,3.3,40.7,88.9,242.0,2.4,7.9,124.0,114
2026-08-15 07:00:00+00:00,Multan,37.1,47,1002.0,3.29,43.7,109.0,228.0,1.9,7.1,126.0,114
2026-08-15 08:00:00+00:00,Multan,37.4,46,1001.2,3.44,43.1,107.1,224.0,1.7,5.8,121.0,115
2026-08-15 09:00:00+00:00,Multan,37.7,45,1000.5,3.36,41.3,99.4,227.0,1.7,4.7,116.0,115
2026-08-15 10:00:00+00:00,Multan,37.6,45,999.5,3.29,39.2,91.5,233.0,1.7,4.2,115.0,115
2026-08-15 11:00:00+00:00,Multan,37.3,46,998.7,3.19,37.0,83.6,246.0,1.9,4.0,113.0,116
2026-08-15 12:00:00+00:00,Multan,37.6,43,998.7,3.14,30.4,66.8,272.0,2.9,3.8,108.0,115
2026-08-15 13:00:00+00:00,Multan,36.4,47,998.4,3.36,30.2,57.2,325.0,6.2,4.1,95.0,115
2026-08-15 14:00:00+00:00,Multan,35.3,50,998.4,3.45,33.1,54.0,392.0,10.7,4.6,78.0,114
2026-08-15 15:00:00+00:00,Multan,34.6,54,999.2,2.65,35.7,53.2,435.0,13.8,4.9,64.0,113
2026-08-15 16:00:00+00:00,Multan,33.9,56,999.6,3.17,36.4,51.8,438.0,14.3,4.9,57.0,112
2026-08-15 17:00:00+00:00,Multan,33.7,56,1000.2,2.69,35.5,49.4,417.0,13.3,4.8,54.0,110
2026-08-15 18:00:00+00:00,Multan,33.9,54,999.5,3.58,33.4,47.8,385.0,12.0,4.7,52.0,109
2026-08-15 19:00:00+00:00,Multan,33.2,55,999.0,3.86,32.2,52.5,336.0,10.5,4.7,51.0,107
2026-08-15 20:00:00+00:00,Multan,32.6,57,998.7,3.83,33.1,63.6,275.0,8.7,4.8,52.0,106
2026-08-15 21:00:00+00:00,Multan,32.1,58,998.3,3.99,33.5,70.3,228.0,7.2,4.7,52.0,104
2026-08-15 22:00:00+00:00,Multan,31.6,59,998.0,3.85,32.2,66.6,208.0,6.5,4.3,50.0,102
2026-08-15 23:00:00+00:00,Multan,31.3,60,997.8,3.79,29.6,54.9,202.0,6.2,3.8,49.0,100
2026-08-16 00:00:00+00:00,Multan,31.6,60,998.0,3.42,22.9,28.3,203.0,5.9,4.9,52.0,99
2026-08-16 01:00:00+00:00,Multan,30.8,63,998.3,3.48,22.6,29.3,213.0,5.5,4.6,55.0,99
2026-08-16 02:00:00+00:00,Multan,31.1,62,998.7,3.88,24.3,31.1,230.0,5.0,4.3,60.0,98
2026-08-16 03:00:00+00:00,Multan,32.0,60,999.1,4.41,25.5,37.1,241.0,4.4,4.5,68.0,97
2026-08-16 04:00:00+00:00,Multan,33.2,57,999.3,4.27,28.3,47.5,239.0,3.6,5.6,82.0,97
2026-08-16 05:00:00+00:00,Multan,34.6,53,999.1,4.27,32.1,61.9,231.0,2.7,7.2,100.0,96
2026-08-16 06:00:00+00:00,Multan,35.8,51,999.0,4.19,34.9,74.0,223.0,2.0,8.2,114.0,96
2026-08-16 07:00:00+00:00,Multan,36.7,49,998.7,4.05,36.4,81.0,216.0,1.6,8.2,120.0,95
2026-08-16 08:00:00+00:00,Multan,37.5,46,998.2,4.17,37.4,84.5,209.0,1.5,7.6,123.0,95
2026-08-16 09:00:00+00:00,Multan,38.2,44,997.6,4.42,37.6,85.7,206.0,1.5,7.1,123.0,94
2026-08-16 10:00:00+00:00,Multan,38.1,43,997.2,4.38,37.5,85.0,207.0,1.5,6.8,122.0,94
2026-08-16 11:00:00+00:00,Multan,37.8,44,997.0,4.32,36.7,82.0,213.0,1.7,6.5,118.0,94
2026-08-16 12:00:00+00:00,Multan,37.8,45,996.8,4.0,32.4,73.8,230.0,2.5,6.1,110.0,94
2026-08-16 13:00:00+00:00,Multan,36.8,47,996.9,4.0,31.5,61.9,272.0,4.4,5.9,99.0,94
2026-08-16 14:00:00+00:00,Multan,35.7,49,997.2,3.35,32.6,53.3,325.0,7.0,5.6,84.0,94
2026-08-16 15:00:00+00:00,Multan,35.2,51,997.8,2.76,32.6,48.8,350.0,8.7,5.3,71.0,94
2026-08-16 16:00:00+00:00,Multan,34.7,52,998.6,3.2,33.3,52.9,322.0,8.7,4.9,64.0,94
2026-08-16 17:00:00+00:00,Multan,34.0,55,999.2,3.65,38.3,75.4,266.0,7.7,4.4,59.0,93
2026-08-16 18:00:00+00:00,Multan,34.3,54,998.6,4.26,47.7,118.7,219.0,6.7,3.9,56.0,94
2026-08-16 19:00:00+00:00,Multan,33.5,55,998.5,4.85,56.8,161.6,195.0,5.8,3.5,55.0,95
2026-08-16 20:00:00+00:00,Multan,32.8,57,998.2,4.72,58.7,168.1,181.0,4.8,3.1,55.0,97
2026-08-16 21:00:00+00:00,Multan,32.2,59,997.8,4.58,50.5,130.4,172.0,4.1,2.9,56.0,99
2026-08-16 22:00:00+00:00,Multan,31.6,62,997.9,4.3,38.8,79.4,166.0,4.0,2.8,56.0,100
2026-08-16 23:00:00+00:00,Multan,31.1,64,997.9,4.06,30.6,48.9,166.0,4.1,2.8,57.0,101
2026-08-17 00:00:00+00:00,Multan,31.5,67,998.0,3.99,24.6,40.7,172.0,4.3,3.8,62.0,101
2026-08-17 01:00:00+00:00,Multan,31.0,68,998.6,4.0,25.9,42.4,191.0,4.3,4.4,63.0,101
2026-08-17 02:00:00+00:00,Multan,31.2,67,999.0,4.12,28.4,45.8,216.0,4.4,5.2,65.0,101
2026-08-17 03:00:00+00:00,Multan,31.9,63,999.5,4.34,29.9,51.0,233.0,4.2,5.9,70.0,102
2026-08-17 04:00:00+00:00,Multan,33.1,59,1000.3,3.35,31.5,58.4,232.0,3.6,6.6,81.0,102
2026-08-17 05:00:00+00:00,Multan,34.1,55,999.5,5.06,33.5,70.5,223.0,2.8,7.3,95.0,103
2026-08-17 06:00:00+00:00,Multan,35.3,50,999.9,4.82,35.4,84.8,214.0,2.1,7.5,105.0,103
2026-08-17 07:00:00+00:00,Multan,36.0,49,999.7,4.17,36.8,96.4,209.0,1.8,7.0,109.0,103
2026-08-17 08:00:00+00:00,Multan,36.8,47,999.2,3.98,37.4,102.2,205.0,1.6,6.1,109.0,103
2026-08-17 09:00:00+00:00,Multan,37.2,45,998.7,3.74,37.7,104.3,204.0,1.6,5.3,108.0,103
2026-08-17 10:00:00+00:00,Multan,37.3,44,998.3,3.89,37.6,101.5,201.0,1.6,4.7,105.0,103
2026-08-17 11:00:00+00:00,Multan,37.0,44,997.9,3.75,36.9,95.2,200.0,1.9,4.2,101.0,103
2026-08-17 12:00:00+00:00,Multan,37.3,44,997.7,3.55,33.6,83.6,215.0,2.7,4.1,94.0,103
2026-08-17 13:00:00+00:00,Multan,36.1,47,998.0,3.95,33.8,75.7,267.0,5.1,4.1,83.0,103
2026-08-17 14:00:00+00:00,Multan,35.3,50,998.1,2.97,36.8,66.6,334.0,8.3,4.0,68.0,103
2026-08-17 15:00:00+00:00,Multan,34.7,52,998.5,2.84,40.2,67.5,369.0,10.4,3.9,56.0,104
2026-08-17 16:00:00+00:00,Multan,34.2,54,999.3,2.8,42.6,72.6,342.0,10.3,3.8,50.0,104
2026-08-17 17:00:00+00:00,Multan,33.8,54,1000.1,3.65,45.2,89.6,283.0,9.1,3.6,48.0,105
2026-08-17 18:00:00+00:00,Multan,34.1,52,999.6,4.55,52.5,134.1,232.0,7.8,3.4,47.0,106
2026-08-17 19:00:00+00:00,Multan,33.2,55,999.6,4.5,62.2,184.9,200.0,6.7,3.2,47.0,107
2026-08-17 20:00:00+00:00,Multan,32.6,57,999.7,4.15,67.5,204.0,176.0,5.5,2.9,49.0,107
2026-08-17 21:00:00+00:00,Multan,32.0,58,999.2,4.01,65.7,188.6,162.0,4.8,2.8,51.0,108
2026-08-17 22:00:00+00:00,Multan,31.6,59,999.1,3.9,59.0,149.9,159.0,4.7,2.9,52.0,110
2026-08-17 23:00:00+00:00,Multan,31.3,60,999.1,3.8,51.6,111.5,166.0,5.0,3.1,54.0,112
2026-08-18 00:00:00+00:00,Multan,31.6,62,998.9,3.35,37.4,68.7,183.0,4.7,3.9,63.0,114
2026-08-18 01:00:00+00:00,Multan,31.3,63,999.5,3.2,33.3,53.7,217.0,5.1,4.6,64.0,115
2026-08-18 02:00:00+00:00,Multan,31.6,62,1000.1,2.75,32.0,48.5,261.0,5.5,5.6,67.0,116
2026-08-18 03:00:00+00:00,Multan,32.1,60,1000.3,3.53,30.4,49.7,288.0,5.5,6.5,72.0,116
2026-08-18 04:00:00+00:00,Multan,33.2,57,1000.6,3.71,31.2,56.3,284.0,4.6,7.2,84.0,117
2026-08-18 05:00:00+00:00,Multan,34.5,53,1000.9,3.67,34.2,68.5,264.0,3.3,7.8,99.0,116
2026-08-18 06:00:00+00:00,Multan,34.7,53,1001.4,3.65,37.8,84.5,245.0,2.3,8.1,110.0,117
2026-08-18 07:00:00+00:00,Multan,35.2,52,1001.1,3.58,41.3,100.4,232.0,1.9,7.8,115.0,117
2026-08-18 08:00:00+00:00,Multan,36.0,50,1000.3,3.6,44.4,115.3,219.0,1.8,7.2,117.0,117
2026-08-18 09:00:00+00:00,Multan,36.5,49,999.8,3.35,46.2,123.9,212.0,1.8,6.6,117.0,118
2026-08-18 10:00:00+00:00,Multan,37.1,47,999.3,3.21,47.5,129.9,205.0,1.8,6.1,114.0,119
2026-08-18 11:00:00+00:00,Multan,36.9,47,998.7,3.36,48.7,134.1,203.0,1.9,5.5,110.0,120
2026-08-18 12:00:00+00:00,Multan,37.4,45,998.1,3.85,48.1,129.0,222.0,2.8,4.9,100.0,121
2026-08-18 13:00:00+00:00,Multan,36.4,47,998.6,3.76,47.7,117.1,286.0,5.0,4.8,89.0,123
2026-08-18 14:00:00+00:00,Multan,35.8,49,998.9,2.9,49.6,98.3,371.0,8.0,4.7,74.0,124
2026-08-18 15:00:00+00:00,Multan,35.3,51,999.5,2.0,51.7,93.1,420.0,10.1,4.6,62.0,125
2026-08-18 16:00:00+00:00,Multan,35.0,51,1000.4,2.23,52.5,90.3,401.0,10.6,4.5,56.0,127
2026-08-18 17:00:00+00:00,Multan,34.5,51,1000.8,3.15,52.6,91.5,345.0,10.3,4.4,52.0,128
2026-08-18 18:00:00+00:00,Multan,34.5,51,1000.4,3.96,54.6,111.3,292.0,9.7,4.3,50.0,128
2026-08-18 19:00:00+00:00,Multan,33.5,54,1000.0,3.7,63.3,167.2,250.0,8.9,4.1,49.0,129
2026-08-18 20:00:00+00:00,Multan,32.9,56,1000.1,3.5,77.3,237.0,210.0,7.8,3.9,49.0,129
2026-08-18 21:00:00+00:00,Multan,32.4,58,999.8,3.33,88.0,277.5,183.0,7.1,3.7,49.0,130
2026-08-18 22:00:00+00:00,Multan,31.8,60,999.9,3.3,93.8,288.7,171.0,7.1,3.6,47.0,132
2026-08-18 23:00:00+00:00,Multan,31.4,62,1000.3,3.48,95.7,281.3,172.0,7.4,3.5,46.0,136
2026-08-19 00:00:00+00:00,Multan,32.0,61,999.7,3.32,83.6,208.6,184.0,6.4,3.8,53.0,140
2026-08-19 01:00:00+00:00,Multan,31.4,63,1000.3,3.35,77.3,169.5,217.0,6.1,4.1,57.0,145
2026-08-19 02:00:00+00:00,Multan,31.7,61,1001.0,3.05,70.3,140.2,262.0,5.8,4.6,64.0,150
2026-08-19 03:00:00+00:00,Multan,32.6,58,1001.3,3.33,59.1,111.8,291.0,5.2,5.3,74.0,151
2026-08-19 04:00:00+00:00,Multan,34.0,53,1001.7,3.13,50.1,96.4,288.0,4.3,6.4,90.0,152
2026-08-19 05:00:00+00:00,Multan,35.5,48,1001.8,2.67,46.7,101.5,269.0,3.3,7.6,108.0,152
2026-08-19 06:00:00+00:00,Multan,36.5,45,1001.9,2.84,46.8,112.0,249.0,2.5,8.1,121.0,153
2026-08-19 07:00:00+00:00,Multan,37.4,42,1001.6,3.0,46.1,116.6,229.0,2.0,7.3,124.0,153
2026-08-19 08:00:00+00:00,Multan,38.0,41,1001.0,3.34,44.7,117.8,209.0,1.7,5.9,121.0,153
2026-08-19 09:00:00+00:00,Multan,38.1,41,1000.6,3.64,44.1,117.6,198.0,1.6,4.7,118.0,153
2026-08-19 10:00:00+00:00,Multan,37.9,42,1000.1,3.53,44.1,116.4,199.0,1.6,4.2,117.0,153
2026-08-19 11:00:00+00:00,Multan,37.5,43,999.5,3.4,44.5,115.7,210.0,1.7,4.0,114.0,153
2026-08-19 12:00:00+00:00,Multan,37.7,43,999.6,3.45,40.5,103.4,234.0,2.6,3.6,102.0,153
2026-08-19 13:00:00+00:00,Multan,36.6,46,999.9,3.26,41.4,96.9,283.0,5.1,4.0,92.0,153
2026-08-19 14:00:00+00:00,Multan,36.1,48,1000.1,2.5,45.5,85.7,346.0,8.6,4.6,79.0,153
2026-08-19 15:00:00+00:00,Multan,35.6,50,1000.4,2.36,49.6,85.2,387.0,11.3,5.0,67.0,152
2026-08-19 16:00:00+00:00,Multan,35.3,51,1001.5,1.01,52.2,86.6,393.0,12.4,5.2,59.0,152
2026-08-19 17:00:00+00:00,Multan,35.1,52,1002.0,1.61,53.6,86.8,377.0,12.7,5.3,54.0,152
2026-08-19 18:00:00+00:00,Multan,35.0,52,1001.9,3.15,53.1,88.0,349.0,12.3,5.2,50.0,152
2026-08-19 19:00:00+00:00,Multan,34.0,52,1001.5,3.3,53.4,103.8,302.0,10.9,4.9,50.0,152
2026-08-19 20:00:00+00:00,Multan,33.3,53,1001.2,4.0,61.5,156.9,242.0,8.9,4.4,51.0,152
2026-08-19 21:00:00+00:00,Multan,32.7,56,1001.2,3.36,75.4,238.0,199.0,7.4,4.1,52.0,152
2026-08-19 22:00:00+00:00,Multan,32.2,59,1001.3,3.26,87.8,301.7,182.0,7.3,3.9,50.0,151
2026-08-19 23:00:00+00:00,Multan,31.6,61,1001.4,2.99,94.3,326.9,182.0,7.7,3.9,47.0,151
