city,timestamp,temp,humidity,pressure,wind_speed,pm25,pm10,co,no2,so2,o3,aqi,hour,day_of_week,month,is_weekend,hour_sin,hour_cos,month_sin,month_cos,dow_sin,dow_cos,aqi_change_rate,aqi_lag_1h,aqi_lag_3h,aqi_lag_24h,aqi_roll_mean_24h,aqi_roll_std_24h,pm25_roll_mean_24h,pm25_roll_std_24h
Islamabad,2026-05-17 00:00:00+00:00,21.6,60,1005.0,0.47,17.8,18.7,336.0,43.4,4.1,32.0,74,0,6,5,1,0.0,1.0,0.8660254037844387,-0.4999999999999998,-0.7818314824680299,0.6234898018587334,,,,,,,,
Islamabad,2026-05-17 01:00:00+00:00,22.1,60,1005.0,1.13,15.8,16.5,468.0,36.3,4.7,52.0,74,1,6,5,1,0.25881904510252074,0.9659258262890683,0.8660254037844387,-0.4999999999999998,-0.7818314824680299,0.6234898018587334,0.0,74.0,,,,,,
Islamabad,2026-05-17 02:00:00+00:00,24.9,64,1005.2,1.21,16.1,16.9,682.0,26.3,5.6,79.0,73,2,6,5,1,0.49999999999999994,0.8660254037844387,0.8660254037844387,-0.4999999999999998,-0.7818314824680299,0.6234898018587334,-1.0,74.0,,,,,,
Islamabad,2026-05-17 03:00:00+00:00,28.4,48,1005.3,0.89,13.2,16.1,784.0,17.6,6.2,105.0,73,3,6,5,1,0.7071067811865476,0.7071067811865476,0.8660254037844387,-0.4999999999999998,-0.7818314824680299,0.6234898018587334,0.0,73.0,74.0,,,,,
Islamabad,2026-05-17 04:00:00+00:00,30.8,41,1005.3,1.12,9.1,13.6,650.0,11.3,6.5,126.0,72,4,6,5,1,0.8660254037844386,0.5000000000000001,0.8660254037844387,-0.4999999999999998,-0.7818314824680299,0.6234898018587334,-1.0,73.0,74.0,,,,,
Islamabad,2026-05-17 05:00:00+00:00,33.0,30,1004.8,1.7,7.7,13.9,405.0,6.3,6.5,144.0,72,5,6,5,1,0.9659258262890683,0.25881904510252074,0.8660254037844387,-0.4999999999999998,-0.7818314824680299,0.6234898018587334,0.0,72.0,73.0,,73.0,0.8944271909999174,13.283333333333333,4.08285031156748
Islamabad,2026-05-17 06:00:00+00:00,34.1,26,1005.0,2.36,7.8,13.1,225.0,2.9,6.4,158.0,71,6,6,5,1,1.0,6.123233995736766e-17,0.8660254037844387,-0.4999999999999998,-0.7818314824680299,0.6234898018587334,-1.0,72.0,73.0,,72.71428571428571,1.1126972805283737,12.5,4.264582824458527
Islamabad,2026-05-17 07:00:00+00:00,34.5,26,1004.3,3.0,7.9,12.2,185.0,1.6,6.0,164.0,70,7,6,5,1,0.9659258262890683,-0.25881904510252063,0.8660254037844387,-0.4999999999999998,-0.7818314824680299,0.6234898018587334,-1.0,71.0,72.0,,72.375,1.4078859531733583,11.925,4.27007862088878
Islamabad,2026-05-17 08:00:00+00:00,34.7,26,1003.7,3.44,7.8,11.4,210.0,2.0,5.3,166.0,70,8,6,5,1,0.8660254037844387,-0.4999999999999998,0.8660254037844387,-0.4999999999999998,-0.7818314824680299,0.6234898018587334,0.0,70.0,72.0,,72.11111111111111,1.5365907428821477,11.466666666666667,4.224334267076885
Islamabad,2026-05-17 09:00:00+00:00,34.7,27,1002.9,3.66,7.7,10.9,254.0,2.6,4.9,165.0,78,9,6,5,1,0.7071067811865476,-0.7071067811865475,0.8660254037844387,-0.4999999999999998,-0.7818314824680299,0.6234898018587334,8.0,70.0,71.0,,72.7,2.359378449224851,11.09,4.157042217731257
Islamabad,2026-05-17 10:00:00+00:00,34.5,27,1002.4,3.52,7.7,11.0,284.0,1.5,4.7,166.0,102,10,6,5,1,0.49999999999999994,-0.8660254037844387,0.8660254037844387,-0.4999999999999998,-0.7818314824680299,0.6234898018587334,24.0,78.0,70.0,,75.36363636363636,9.113426658208505,10.781818181818183,4.074019681302039
Islamabad,2026-05-17 11:00:00+00:00,34.1,29,1002.0,3.62,7.7,11.2,332.0,0.7,4.8,165.0,120,11,6,5,1,0.258819045102521,-0.9659258262890682,0.8660254037844387,-0.4999999999999998,-0.7818314824680299,0.6234898018587334,18.0,102.0,70.0,,79.08333333333333,15.541488950157857,10.525,3.98500028516025
Islamabad,2026-05-17 12:00:00+00:00,33.5,37,1001.4,1.65,3.6,4.9,451.0,4.9,4.8,153.0,133,12,6,5,1,1.2246467991473532e-16,-1.0,0.8660254037844387,-0.4999999999999998,-0.7818314824680299,0.6234898018587334,13.0,120.0,78.0,,83.23076923076923,21.09563085156832,9.992307692307692,4.271506669872966
Islamabad,2026-05-17 13:00:00+00:00,31.6,47,1001.4,1.29,4.3,6.2,730.0,16.9,5.6,130.0,139,13,6,5,1,-0.2588190451025208,-0.9659258262890683,0.8660254037844387,-0.4999999999999998,-0.7818314824680299,0.6234898018587334,6.0,133.0,102.0,,87.21428571428571,25.1585084901818,9.585714285714285,4.37683713390198
Islamabad,2026-05-17 14:00:00+00:00,28.7,50,1001.5,1.1,9.4,11.3,1079.0,33.7,6.7,97.0,136,14,6,5,1,-0.4999999999999997,-0.8660254037844388,0.8660254037844387,-0.4999999999999998,-0.7818314824680299,0.6234898018587334,-3.0,139.0,120.0,,90.46666666666667,27.320496404888477,9.573333333333332,4.217898370831932
Islamabad,2026-05-17 15:00:00+00:00,26.1,56,1001.8,1.12,18.0,20.3,1287.0,48.3,7.5,68.0,123,15,6,5,1,-0.7071067811865471,-0.7071067811865479,0.8660254037844387,-0.4999999999999998,-0.7818314824680299,0.6234898018587334,-13.0,136.0,133.0,,92.5,27.618834153526475,10.1,4.587228647742193
Islamabad,2026-05-17 16:00:00+00:00,24.0,65,1002.3,1.35,25.3,27.6,1239.0,59.7,7.8,46.0,103,16,6,5,1,-0.8660254037844385,-0.5000000000000004,0.8660254037844387,-0.4999999999999998,-0.7818314824680299,0.6234898018587334,-20.0,123.0,139.0,,93.11764705882354,26.862805030704582,10.994117647058824,5.772182276686532
Islamabad,2026-05-17 17:00:00+00:00,23.4,66,1002.7,1.67,31.8,33.9,1048.0,68.8,7.8,27.0,77,17,6,5,1,-0.9659258262890683,-0.25881904510252063,0.8660254037844387,-0.4999999999999998,-0.7818314824680299,0.6234898018587334,-26.0,103.0,136.0,,92.22222222222223,26.33618748493848,12.149999999999999,7.443611552275983
Islamabad,2026-05-17 18:00:00+00:00,23.5,64,1002.5,1.1,30.6,31.9,847.0,71.4,7.5,17.0,62,18,6,5,1,-1.0,-1.8369701987210297e-16,0.8660254037844387,-0.4999999999999998,-0.7818314824680299,0.6234898018587334,-15.0,77.0,123.0,,90.63157894736842,26.516683482743026,13.121052631578948,8.381234259898612
Islamabad,2026-05-17 19:00:00+00:00,23.4,61,1001.9,1.31,25.2,26.0,656.0,63.2,6.6,20.0,61,19,6,5,1,-0.9659258262890684,0.2588190451025203,0.8660254037844387,-0.4999999999999998,-0.7818314824680299,0.6234898018587334,-1.0,62.0,103.0,,89.15,26.64636837110118,13.725,8.59319651327662
Islamabad,2026-05-17 20:00:00+00:00,23.3,58,1001.5,1.2,21.1,21.8,454.0,48.5,5.5,32.0,61,20,6,5,1,-0.8660254037844386,0.5000000000000001,0.8660254037844387,-0.4999999999999998,-0.7818314824680299,0.6234898018587334,0.0,61.0,77.0,,87.80952380952381,26.688235324987392,14.076190476190478,8.528827865650985
Islamabad,2026-05-17 21:00:00+00:00,23.1,56,1000.9,1.23,17.6,18.2,307.0,36.1,4.6,43.0,60,21,6,5,1,-0.7071067811865477,0.7071067811865474,0.8660254037844387,-0.4999999999999998,-0.7818314824680299,0.6234898018587334,-1.0,61.0,62.0,,86.54545454545455,26.711380261937713,14.236363636363636,8.357121027092514
Islamabad,2026-05-17 22:00:00+00:00,23.0,56,1000.9,1.2,14.7,15.1,219.0,29.0,4.2,47.0,60,22,6,5,1,-0.5000000000000004,0.8660254037844384,0.8660254037844387,-0.4999999999999998,-0.7818314824680299,0.6234898018587334,0.0,60.0,61.0,,85.3913043478261,26.677772720230095,14.256521739130434,8.165549922301427
Islamabad,2026-05-17 23:00:00+00:00,22.8,56,1001.0,1.15,12.4,12.7,185.0,24.2,4.1,50.0,60,23,6,5,1,-0.25881904510252157,0.9659258262890681,0.8660254037844387,-0.4999999999999998,-0.7818314824680299,0.6234898018587334,0.0,60.0,61.0,,84.33333333333333,26.601187725471906,14.179166666666667,7.995051685216009
Islamabad,2026-05-18 00:00:00+00:00,21.9,63,1000.9,0.97,11.7,12.0,258.0,21.9,4.3,57.0,60,0,0,5,0,0.0,1.0,0.8660254037844387,-0.4999999999999998,0.0,1.0,0.0,60.0,60.0,74.0,83.75,26.988322756655172,13.924999999999999,7.971866291773403
Islamabad,2026-05-18 01:00:00+00:00,22.9,63,1001.0,1.47,11.3,11.6,558.0,22.7,5.3,73.0,59,1,0,5,0,0.25881904510252074,0.9659258262890683,0.8660254037844387,-0.4999999999999998,0.0,1.0,-1.0,60.0,60.0,74.0,83.125,27.39456071050856,13.737499999999999,7.978765977376397
Islamabad,2026-05-18 02:00:00+00:00,26.2,63,1001.3,1.66,13.0,13.4,965.0,23.6,6.8,96.0,59,2,0,5,0,0.49999999999999994,0.8660254037844387,0.8660254037844387,-0.4999999999999998,0.0,1.0,0.0,59.0,60.0,73.0,82.54166666666667,27.766071204708233,13.608333333333334,7.9639359215352075
Islamabad,2026-05-18 03:00:00+00:00,30.0,50,1001.4,0.53,10.2,11.2,1173.0,22.4,7.9,118.0,59,3,0,5,0,0.7071067811865476,0.7071067811865476,0.8660254037844387,-0.4999999999999998,0.0,1.0,0.0,59.0,60.0,73.0,81.95833333333333,28.12005189967792,13.483333333333334,7.994110150695277
Islamabad,2026-05-18 04:00:00+00:00,32.6,42,1001.3,0.78,7.4,10.0,980.0,17.3,8.5,140.0,58,4,0,5,0,0.8660254037844386,0.5000000000000001,0.8660254037844387,-0.4999999999999998,0.0,1.0,-1.0,59.0,59.0,72.0,81.375,28.478538830372663,13.4125,8.042026161522275
Islamabad,2026-05-18 05:00:00+00:00,34.8,34,1001.0,1.19,7.3,12.0,588.0,10.1,8.8,162.0,58,5,0,5,0,0.9659258262890683,0.25881904510252074,0.8660254037844387,-0.4999999999999998,0.0,1.0,0.0,58.0,59.0,72.0,80.79166666666667,28.820251283740937,13.395833333333334,8.05478411265313
Islamabad,2026-05-18 06:00:00+00:00,36.4,30,1001.1,1.27,8.1,14.6,297.0,4.8,8.8,176.0,58,6,0,5,0,1.0,6.123233995736766e-17,0.8660254037844387,-0.4999999999999998,0.0,1.0,0.0,58.0,59.0,71.0,80.25,29.132754612366266,13.408333333333333,8.045950462225063
Islamabad,2026-05-18 07:00:00+00:00,37.2,27,1000.5,1.73,9.7,21.7,233.0,3.0,8.3,178.0,58,7,0,5,0,0.9659258262890683,-0.25881904510252063,0.8660254037844387,-0.4999999999999998,0.0,1.0,0.0,58.0,58.0,70.0,79.75,29.417903451440264,13.483333333333334,8.000634032846161
Islamabad,2026-05-18 08:00:00+00:00,37.5,26,1000.2,1.98,13.2,33.3,269.0,3.0,7.5,172.0,79,8,0,5,0,0.8660254037844387,-0.4999999999999998,0.8660254037844387,-0.4999999999999998,0.0,1.0,21.0,58.0,58.0,70.0,80.125,29.345487024339064,13.708333333333334,7.90926351029995
Islamabad,2026-05-18 09:00:00+00:00,37.7,26,999.5,1.68,17.1,47.6,334.0,3.6,6.9,165.0,104,9,0,5,0,0.7071067811865476,-0.7071067811865475,0.8660254037844387,-0.4999999999999998,0.0,1.0,25.0,79.0,58.0,78.0,81.20833333333333,29.74087973709305,14.100000000000001,7.8311529497092
Islamabad,2026-05-18 10:00:00+00:00,38.0,23,999.3,1.23,19.6,62.9,353.0,2.1,6.7,161.0,123,10,0,5,0,0.49999999999999994,-0.8660254037844387,0.8660254037844387,-0.4999999999999998,0.0,1.0,19.0,104.0,58.0,102.0,82.08333333333333,30.673479079500908,14.595833333333331,7.7849061967857764
Islamabad,2026-05-18 11:00:00+00:00,36.9,27,999.6,2.35,21.3,74.5,400.0,1.2,6.8,155.0,137,11,0,5,0,0.258819045102521,-0.9659258262890682,0.8660254037844387,-0.4999999999999998,0.0,1.0,14.0,123.0,79.0,120.0,82.79166666666667,31.76404744589278,15.1625,7.7560530358973265
Islamabad,2026-05-18 12:00:00+00:00,36.3,38,998.8,1.46,18.1,69.6,619.0,7.8,6.6,131.0,145,12,0,5,0,1.2246467991473532e-16,-1.0,0.8660254037844387,-0.4999999999999998,0.0,1.0,8.0,137.0,104.0,133.0,83.29166666666667,32.67026192874422,15.766666666666667,7.371429373906578
Islamabad,2026-05-18 13:00:00+00:00,34.1,41,998.9,1.21,19.0,63.1,1243.0,20.5,7.4,108.0,143,13,0,5,0,-0.2588190451025208,-0.9659258262890683,0.8660254037844387,-0.4999999999999998,0.0,1.0,-2.0,145.0,123.0,139.0,83.45833333333333,32.97558934657003,16.379166666666666,6.9774156899345545
Islamabad,2026-05-18 14:00:00+00:00,32.7,35,999.0,0.05,25.8,65.7,2038.0,38.3,8.4,77.0,132,14,0,5,0,-0.4999999999999997,-0.8660254037844388,0.8660254037844387,-0.4999999999999998,0.0,1.0,-11.0,143.0,137.0,136.0,83.29166666666667,32.7075036818992,17.0625,7.0666893115579175
Islamabad,2026-05-18 15:00:00+00:00,30.1,40,999.5,1.03,30.0,65.9,2452.0,53.0,9.1,50.0,111,15,0,5,0,-0.7071067811865471,-0.7071067811865479,0.8660254037844387,-0.4999999999999998,0.0,1.0,-21.0,132.0,145.0,123.0,82.79166666666667,32.16125020102225,17.5625,7.544293121005581
Islamabad,2026-05-18 16:00:00+00:00,28.1,45,1000.3,1.5,33.3,65.9,2122.0,62.9,9.3,33.0,83,16,0,5,0,-0.8660254037844385,-0.5000000000000004,0.8660254037844387,-0.4999999999999998,0.0,1.0,-28.0,111.0,143.0,103.0,81.95833333333333,31.87268036458792,17.895833333333332,8.060126181268565
Islamabad,2026-05-18 17:00:00+00:00,27.2,45,1000.8,1.37,37.8,67.1,1410.0,69.8,9.1,21.0,67,17,0,5,0,-0.9659258262890683,-0.25881904510252063,0.8660254037844387,-0.4999999999999998,0.0,1.0,-16.0,83.0,132.0,77.0,81.54166666666667,32.005406019807864,18.145833333333332,8.58603411850069
Islamabad,2026-05-18 18:00:00+00:00,28.4,43,1000.2,1.43,38.8,62.6,851.0,70.5,8.7,16.0,67,18,0,5,0,-1.0,-1.8369701987210297e-16,0.8660254037844387,-0.4999999999999998,0.0,1.0,0.0,67.0,111.0,62.0,81.75,31.888733188194006,18.4875,9.241320840094513
Islamabad,2026-05-18 19:00:00+00:00,27.9,43,1000.2,1.19,35.7,54.7,680.0,61.7,8.0,21.0,68,19,0,5,0,-0.9659258262890684,0.2588190451025203,0.8660254037844387,-0.4999999999999998,0.0,1.0,1.0,67.0,83.0,61.0,82.04166666666667,31.72227192733654,18.925,9.804313602562459
Islamabad,2026-05-18 20:00:00+00:00,26.7,47,1000.7,2.88,31.0,46.6,663.0,46.8,7.0,33.0,69,20,0,5,0,-0.8660254037844386,0.5000000000000001,0.8660254037844387,-0.4999999999999998,0.0,1.0,1.0,68.0,67.0,61.0,82.375,31.53302271808287,19.3375,10.10349971652096
Islamabad,2026-05-18 21:00:00+00:00,22.6,72,1002.7,6.24,25.3,40.0,631.0,33.2,6.1,47.0,70,21,0,5,0,-0.7071067811865477,0.7071067811865474,0.8660254037844387,-0.4999999999999998,0.0,1.0,1.0,69.0,67.0,60.0,82.79166666666667,31.289641523460546,19.658333333333335,10.167976869721349
Islamabad,2026-05-18 22:00:00+00:00,25.2,56,1001.3,4.19,20.0,32.0,491.0,22.5,5.5,64.0,70,22,0,5,0,-0.5000000000000004,0.8660254037844384,0.8660254037844387,-0.4999999999999998,0.0,1.0,0.0,70.0,68.0,60.0,83.20833333333333,31.038516278224755,19.879166666666666,10.113012674881743
Islamabad,2026-05-18 23:00:00+00:00,26.1,48,1000.9,4.34,15.3,27.8,337.0,13.1,4.9,83.0,71,23,0,5,0,-0.25881904510252157,0.9659258262890681,0.8660254037844387,-0.4999999999999998,0.0,1.0,1.0,70.0,69.0,60.0,83.66666666666667,30.760882368000612,20.0,10.036801846422383
Islamabad,2026-05-19 00:00:00+00:00,26.9,42,1000.7,4.09,14.1,26.8,283.0,9.7,4.6,84.0,71,0,1,5,0,0.0,1.0,0.8660254037844387,-0.4999999999999998,0.7818314824680298,0.6234898018587336,0.0,71.0,70.0,60.0,84.125,30.4735273567931,20.099999999999998,9.962189387444123
Islamabad,2026-05-19 01:00:00+00:00,27.3,41,1001.1,3.89,14.4,26.7,439.0,13.7,5.1,86.0,71,1,1,5,0,0.25881904510252074,0.9659258262890683,0.8660254037844387,-0.4999999999999998,0.7818314824680298,0.6234898018587336,0.0,71.0,70.0,59.0,84.625,30.139981391183202,20.229166666666668,9.862730866495724
Islamabad,2026-05-19 02:00:00+00:00,29.3,39,1001.5,2.84,17.6,28.2,696.0,18.9,5.9,91.0,71,2,1,5,0,0.49999999999999994,0.8660254037844387,0.8660254037844387,-0.4999999999999998,0.7818314824680298,0.6234898018587336,0.0,71.0,71.0,59.0,85.125,29.793948174521738,20.420833333333334,9.760300207725553
Islamabad,2026-05-19 03:00:00+00:00,32.5,33,1002.1,2.3,20.4,39.7,842.0,21.1,6.9,102.0,72,3,1,5,0,0.7071067811865476,0.7071067811865476,0.8660254037844387,-0.4999999999999998,0.7818314824680298,0.6234898018587336,1.0,71.0,71.0,59.0,85.66666666666667,29.414085159955285,20.845833333333335,9.514884411400844
Islamabad,2026-05-19 04:00:00+00:00,33.8,31,1002.7,3.07,22.8,46.7,758.0,17.1,8.3,129.0,72,4,1,5,0,0.8660254037844386,0.5000000000000001,0.8660254037844387,-0.4999999999999998,0.7818314824680298,0.6234898018587336,0.0,72.0,71.0,58.0,86.25,28.977127411865354,21.487499999999997,9.077938498982261
Islamabad,2026-05-19 05:00:00+00:00,34.3,34,1003.2,3.61,23.7,48.2,563.0,10.0,9.8,163.0,74,5,1,5,0,0.9659258262890683,0.25881904510252074,0.8660254037844387,-0.4999999999999998,0.7818314824680298,0.6234898018587336,2.0,72.0,71.0,58.0,86.91666666666667,28.47869786145529,22.170833333333334,8.566389283841753
Islamabad,2026-05-19 06:00:00+00:00,35.1,26,1003.6,4.32,22.6,45.3,405.0,4.6,10.6,185.0,75,6,1,5,0,1.0,6.123233995736766e-17,0.8660254037844387,-0.4999999999999998,0.7818314824680298,0.6234898018587336,1.0,74.0,72.0,58.0,87.625,27.93441464822792,22.775000000000002,8.025082960427207
Islamabad,2026-05-19 07:00:00+00:00,35.6,23,1003.1,3.0,20.6,40.3,332.0,2.8,9.9,185.0,76,7,1,5,0,0.9659258262890683,-0.25881904510252063,0.8660254037844387,-0.4999999999999998,0.7818314824680298,0.6234898018587336,1.0,75.0,72.0,58.0,88.375,27.339750483896875,23.229166666666668,7.547154901116661
Islamabad,2026-05-19 08:00:00+00:00,36.7,19,1002.3,3.86,17.8,34.5,295.0,2.7,8.4,173.0,85,8,1,5,0,0.8660254037844387,-0.4999999999999998,0.8660254037844387,-0.4999999999999998,0.7818314824680298,0.6234898018587336,9.0,76.0,74.0,79.0,88.625,27.277658480410544,23.420833333333334,7.336862210880701
Islamabad,2026-05-19 09:00:00+00:00,36.4,20,1001.7,4.5,16.9,34.3,296.0,3.1,7.1,161.0,103,9,1,5,0,0.7071067811865476,-0.7071067811865475,0.8660254037844387,-0.4999999999999998,0.7818314824680298,0.6234898018587336,18.0,85.0,75.0,104.0,88.58333333333333,27.25390545075771,23.412499999999998,7.3444633094833955
Islamabad,2026-05-19 10:00:00+00:00,36.4,20,1001.1,4.12,17.2,37.8,347.0,2.7,6.4,155.0,119,10,1,5,0,0.49999999999999994,-0.8660254037844387,0.8660254037844387,-0.4999999999999998,0.7818314824680298,0.6234898018587336,16.0,103.0,76.0,123.0,88.41666666666667,27.045720816660697,23.3125,7.414633738645548
Islamabad,2026-05-19 11:00:00+00:00,35.9,20,1000.8,3.71,17.3,40.0,435.0,2.9,6.0,150.0,133,11,1,5,0,0.258819045102521,-0.9659258262890682,0.8660254037844387,-0.4999999999999998,0.7818314824680298,0.6234898018587336,14.0,119.0,85.0,137.0,88.25,26.743955026038744,23.145833333333332,7.506228090387843
Islamabad,2026-05-19 12:00:00+00:00,35.2,21,1000.1,2.83,20.9,59.8,526.0,6.5,5.4,140.0,143,12,1,5,0,1.2246467991473532e-16,-1.0,0.8660254037844387,-0.4999999999999998,0.7818314824680298,0.6234898018587336,10.0,133.0,103.0,145.0,88.16666666666667,26.56193200586242,23.2625,7.445910024097558
Islamabad,2026-05-19 13:00:00+00:00,33.0,26,1000.5,2.44,21.2,56.2,628.0,16.6,6.1,123.0,146,13,1,5,0,-0.2588190451025208,-0.9659258262890683,0.8660254037844387,-0.4999999999999998,0.7818314824680298,0.6234898018587336,3.0,143.0,119.0,143.0,88.29166666666667,26.836832520067365,23.354166666666668,7.404580202213659
Islamabad,2026-05-19 14:00:00+00:00,30.7,29,1001.0,2.03,25.4,54.6,732.0,30.9,7.0,100.0,137,14,1,5,0,-0.4999999999999997,-0.8660254037844388,0.8660254037844387,-0.4999999999999998,0.7818314824680298,0.6234898018587336,-9.0,146.0,133.0,132.0,88.5,27.207735472935227,23.337500000000002,7.399283896020819
Islamabad,2026-05-19 15:00:00+00:00,28.8,32,1001.5,1.86,30.7,62.9,777.0,44.2,7.8,77.0,119,15,1,5,0,-0.7071067811865471,-0.7071067811865479,0.8660254037844387,-0.4999999999999998,0.7818314824680298,0.6234898018587336,-18.0,137.0,143.0,111.0,88.83333333333333,27.542325794037946,23.36666666666667,7.428012003143275
Islamabad,2026-05-19 16:00:00+00:00,27.9,32,1002.1,2.06,34.8,68.0,718.0,57.1,8.5,56.0,96,16,1,5,0,-0.8660254037844385,-0.5000000000000004,0.8660254037844387,-0.4999999999999998,0.7818314824680298,0.6234898018587336,-23.0,119.0,146.0,83.0,89.375,27.55044779877532,23.429166666666664,7.520955025311188
Islamabad,2026-05-19 17:00:00+00:00,26.9,34,1002.4,1.68,39.8,73.1,599.0,69.0,9.2,36.0,77,17,1,5,0,-0.9659258262890683,-0.25881904510252063,0.8660254037844387,-0.4999999999999998,0.7818314824680298,0.6234898018587336,-19.0,96.0,137.0,67.0,89.79166666666667,27.27154778960263,23.5125,7.696148811044334
Islamabad,2026-05-19 18:00:00+00:00,27.9,34,1001.9,1.76,44.4,74.7,497.0,72.7,9.2,25.0,77,18,1,5,0,-1.0,-1.8369701987210297e-16,0.8660254037844387,-0.4999999999999998,0.7818314824680298,0.6234898018587336,0.0,77.0,119.0,67.0,90.20833333333333,26.983052920815627,23.745833333333337,8.245102850449639
Islamabad,2026-05-19 19:00:00+00:00,27.7,38,1001.8,1.15,39.8,61.5,435.0,61.9,8.1,28.0,78,19,1,5,0,-0.9659258262890684,0.2588190451025203,0.8660254037844387,-0.4999999999999998,0.7818314824680298,0.6234898018587336,1.0,77.0,96.0,68.0,90.625,26.700940384025895,23.916666666666668,8.540729358258256
Islamabad,2026-05-19 20:00:00+00:00,27.5,39,1001.6,0.81,31.2,49.1,390.0,42.9,6.4,40.0,78,20,1,5,0,-0.8660254037844386,0.5000000000000001,0.8660254037844387,-0.4999999999999998,0.7818314824680298,0.6234898018587336,0.0,78.0,77.0,69.0,91.0,26.44600734227809,23.925,8.548035624836752
Islamabad,2026-05-19 21:00:00+00:00,26.1,42,1001.6,1.0,25.0,40.0,364.0,27.2,5.1,51.0,78,21,1,5,0,-0.7071067811865477,0.7071067811865474,0.8660254037844387,-0.4999999999999998,0.7818314824680298,0.6234898018587336,0.0,78.0,77.0,70.0,91.33333333333333,26.21925390552369,23.912499999999998,8.546156649527369
Islamabad,2026-05-19 22:00:00+00:00,25.7,44,1001.7,1.15,21.2,34.5,351.0,18.6,4.5,56.0,78,22,1,5,0,-0.5000000000000004,0.8660254037844384,0.8660254037844387,-0.4999999999999998,0.7818314824680298,0.6234898018587336,0.0,78.0,78.0,70.0,91.66666666666667,25.98606092348052,23.962499999999995,8.5257570108874
Islamabad,2026-05-19 23:00:00+00:00,25.4,45,1001.7,1.3,18.9,31.7,358.0,13.2,4.2,60.0,78,23,1,5,0,-0.25881904510252157,0.9659258262890681,0.8660254037844387,-0.4999999999999998,0.7818314824680298,0.6234898018587336,0.0,78.0,78.0,71.0,91.95833333333333,25.78250024416911,24.112499999999997,8.397427789404375
Islamabad,2026-05-20 00:00:00+00:00,26.8,40,1001.4,1.17,17.6,29.7,410.0,9.2,3.9,80.0,79,0,2,5,0,0.0,1.0,0.8660254037844387,-0.4999999999999998,0.9749279121818236,-0.22252093395631434,1.0,78.0,78.0,71.0,92.29166666666667,25.550426128781485,24.25833333333333,8.244994089520738
Islamabad,2026-05-20 01:00:00+00:00,26.8,42,1001.6,1.76,17.8,31.4,569.0,14.0,4.5,82.0,79,1,2,5,0,0.25881904510252074,0.9659258262890683,0.8660254037844387,-0.4999999999999998,0.9749279121818236,-0.22252093395631434,0.0,79.0,78.0,71.0,92.625,25.311644510503214,24.400000000000002,8.096107491982744
Islamabad,2026-05-20 02:00:00+00:00,28.8,42,1002.1,2.14,20.2,29.7,773.0,20.2,5.3,85.0,79,2,2,5,0,0.49999999999999994,0.8660254037844387,0.8660254037844387,-0.4999999999999998,0.9749279121818236,-0.22252093395631434,0.0,79.0,78.0,71.0,92.95833333333333,25.065963700442175,24.50833333333333,8.018181332699951
Islamabad,2026-05-20 03:00:00+00:00,31.8,38,1002.5,1.97,24.1,47.6,865.0,22.8,6.1,94.0,79,3,2,5,0,0.7071067811865476,0.7071067811865476,0.8660254037844387,-0.4999999999999998,0.9749279121818236,-0.22252093395631434,0.0,79.0,79.0,72.0,93.25,24.851296878065337,24.662499999999998,7.9711879263082075
Islamabad,2026-05-20 04:00:00+00:00,33.9,29,1002.6,2.57,23.8,57.0,735.0,18.0,6.7,114.0,80,4,2,5,0,0.8660254037844386,0.5000000000000001,0.8660254037844387,-0.4999999999999998,0.9749279121818236,-0.22252093395631434,1.0,79.0,79.0,72.0,93.58333333333333,24.606320620782668,24.704166666666666,7.963639061474929
Islamabad,2026-05-20 05:00:00+00:00,35.1,24,1002.6,2.62,20.7,49.1,492.0,9.5,7.2,139.0,80,5,2,5,0,0.9659258262890683,0.25881904510252074,0.8660254037844387,-0.4999999999999998,0.9749279121818236,-0.22252093395631434,0.0,80.0,79.0,74.0,93.83333333333333,24.428541159643707,24.579166666666666,8.003530697335297
Islamabad,2026-05-20 06:00:00+00:00,36.3,20,1002.9,3.07,19.0,43.8,309.0,3.2,7.5,157.0,79,6,2,5,0,1.0,6.123233995736766e-17,0.8660254037844387,-0.4999999999999998,0.9749279121818236,-0.22252093395631434,-1.0,80.0,79.0,75.0,94.0,24.30780872924156,24.429166666666664,8.075646651543128
Islamabad,2026-05-20 07:00:00+00:00,36.3,19,1002.3,3.32,18.6,43.1,237.0,1.6,7.4,162.0,79,7,2,5,0,0.9659258262890683,-0.25881904510252063,0.8660254037844387,-0.4999999999999998,0.9749279121818236,-0.22252093395631434,0.0,79.0,80.0,76.0,94.125,24.218771914436108,24.34583333333333,8.127033747698597
Islamabad,2026-05-20 08:00:00+00:00,36.5,18,1001.4,3.61,19.0,45.2,224.0,2.3,7.0,160.0,79,8,2,5,0,0.8660254037844387,-0.4999999999999998,0.8660254037844387,-0.4999999999999998,0.9749279121818236,-0.22252093395631434,0.0,79.0,80.0,85.0,93.875,24.347685364500187,24.395833333333332,8.088611380080701
Islamabad,2026-05-20 09:00:00+00:00,36.5,19,1000.7,2.7,20.1,49.5,287.0,3.4,6.9,157.0,79,9,2,5,0,0.7071067811865476,-0.7071067811865475,0.8660254037844387,-0.4999999999999998,0.9749279121818236,-0.22252093395631434,0.0,79.0,79.0,103.0,92.875,24.449259791409368,24.52916666666667,7.985393141429445
Islamabad,2026-05-20 10:00:00+00:00,36.5,20,1000.2,1.74,21.1,52.6,443.0,3.9,7.2,155.0,94,10,2,5,0,0.49999999999999994,-0.8660254037844387,0.8660254037844387,-0.4999999999999998,0.9749279121818236,-0.22252093395631434,15.0,79.0,79.0,119.0,91.83333333333333,23.812066116858148,24.691666666666663,7.868590098926717
Islamabad,2026-05-20 11:00:00+00:00,36.2,22,1000.0,1.12,22.2,55.8,675.0,4.9,7.6,152.0,109,11,2,5,0,0.258819045102521,-0.9659258262890682,0.8660254037844387,-0.4999999999999998,0.9749279121818236,-0.22252093395631434,15.0,94.0,79.0,133.0,90.83333333333333,22.474462157643796,24.895833333333332,7.730823633867937
Islamabad,2026-05-20 12:00:00+00:00,35.5,27,998.6,1.7,22.2,60.5,945.0,7.3,7.5,139.0,121,12,2,5,0,1.2246467991473532e-16,-1.0,0.8660254037844387,-0.4999999999999998,0.9749279121818236,-0.22252093395631434,12.0,109.0,79.0,143.0,89.91666666666667,20.62694874412486,24.950000000000003,7.706124046891991
Islamabad,2026-05-20 13:00:00+00:00,33.7,31,998.8,1.85,22.4,58.1,1323.0,17.4,8.1,121.0,126,13,2,5,0,-0.2588190451025208,-0.9659258262890683,0.8660254037844387,-0.4999999999999998,0.9749279121818236,-0.22252093395631434,5.0,121.0,94.0,146.0,89.08333333333333,18.56344389587672,25.0,7.6845978084907545
Islamabad,2026-05-20 14:00:00+00:00,31.5,31,1000.0,1.6,24.9,58.4,1739.0,31.8,9.1,95.0,122,14,2,5,0,-0.4999999999999997,-0.8660254037844388,0.8660254037844387,-0.4999999999999998,0.9749279121818236,-0.22252093395631434,-4.0,126.0,109.0,137.0,88.45833333333333,17.072681373333324,24.979166666666668,7.684143988797954
Islamabad,2026-05-20 15:00:00+00:00,29.0,39,1002.1,3.23,30.3,63.6,1947.0,46.1,9.9,71.0,109,15,2,5,0,-0.7071067811865471,-0.7071067811865479,0.8660254037844387,-0.4999999999999998,0.9749279121818236,-0.22252093395631434,-13.0,122.0,121.0,119.0,88.04166666666667,16.403814950417374,24.962499999999995,7.671619776813762
Islamabad,2026-05-20 16:00:00+00:00,28.2,44,1002.9,1.9,39.2,71.5,1790.0,62.0,10.8,47.0,90,16,2,5,0,-0.8660254037844385,-0.5000000000000004,0.8660254037844387,-0.4999999999999998,0.9749279121818236,-0.22252093395631434,-19.0,109.0,126.0,96.0,87.79166666666667,16.322774611397815,25.145833333333332,7.963939333655485
Islamabad,2026-05-20 17:00:00+00:00,26.6,52,1002.6,2.18,48.7,78.5,1425.0,77.8,11.7,25.0,80,17,2,5,0,-0.9659258262890683,-0.25881904510252063,0.8660254037844387,-0.4999999999999998,0.9749279121818236,-0.22252093395631434,-10.0,90.0,122.0,77.0,87.91666666666667,16.247853815910233,25.51666666666667,8.835485108439114
Islamabad,2026-05-20 18:00:00+00:00,27.0,48,1002.1,1.86,52.0,79.2,1072.0,83.7,11.7,14.0,81,18,2,5,0,-1.0,-1.8369701987210297e-16,0.8660254037844387,-0.4999999999999998,0.9749279121818236,-0.22252093395631434,1.0,80.0,109.0,77.0,88.08333333333333,16.15123273439461,25.833333333333332,9.64115574285423
Islamabad,2026-05-20 19:00:00+00:00,26.3,51,1003.4,1.54,43.5,66.4,782.0,72.0,10.2,24.0,82,19,2,5,0,-0.9659258262890684,0.2588190451025203,0.8660254037844387,-0.4999999999999998,0.9749279121818236,-0.22252093395631434,1.0,81.0,90.0,78.0,88.25,16.063055099526835,25.9875,9.900299183006721
Islamabad,2026-05-20 20:00:00+00:00,24.7,60,1003.5,3.32,34.3,53.0,504.0,50.4,7.9,46.0,82,20,2,5,0,-0.8660254037844386,0.5000000000000001,0.8660254037844387,-0.4999999999999998,0.9749279121818236,-0.22252093395631434,0.0,82.0,80.0,78.0,88.41666666666667,15.972576135545493,26.116666666666664,9.991068475161322
Islamabad,2026-05-20 21:00:00+00:00,22.6,77,1004.5,2.85,26.9,45.5,302.0,32.8,6.0,62.0,82,21,2,5,0,-0.7071067811865477,0.7071067811865474,0.8660254037844387,-0.4999999999999998,0.9749279121818236,-0.22252093395631434,0.0,82.0,81.0,78.0,88.58333333333333,15.879756505270066,26.19583333333333,9.989363002134114
Islamabad,2026-05-20 22:00:00+00:00,22.1,83,1005.5,3.73,22.0,33.3,199.0,24.4,4.8,63.0,82,22,2,5,0,-0.5000000000000004,0.8660254037844384,0.8660254037844387,-0.4999999999999998,0.9749279121818236,-0.22252093395631434,0.0,82.0,82.0,78.0,88.75,15.784554916532926,26.229166666666668,9.973289508641995
Islamabad,2026-05-20 23:00:00+00:00,23.7,60,1004.9,4.33,18.4,25.3,172.0,20.0,3.8,57.0,83,23,2,5,0,-0.25881904510252157,0.9659258262890681,0.8660254037844387,-0.4999999999999998,0.9749279121818236,-0.22252093395631434,1.0,82.0,82.0,78.0,88.95833333333333,15.669075516322978,26.208333333333332,9.989773756704654
Islamabad,2026-05-21 00:00:00+00:00,22.9,64,1004.7,3.42,21.6,41.1,222.0,9.7,4.5,84.0,82,0,3,5,0,0.0,1.0,0.8660254037844387,-0.4999999999999998,0.43388373911755823,-0.900968867902419,-1.0,83.0,82.0,79.0,89.08333333333333,15.597983890531356,26.375,9.872590515070547
Islamabad,2026-05-21 01:00:00+00:00,24.3,49,1004.7,2.22,19.5,36.7,417.0,14.9,4.4,81.0,83,1,3,5,0,0.25881904510252074,0.9659258262890683,0.8660254037844387,-0.4999999999999998,0.43388373911755823,-0.900968867902419,1.0,82.0,82.0,79.0,89.25,15.506660560518204,26.44583333333333,9.814318695114574
Islamabad,2026-05-21 02:00:00+00:00,25.4,52,1005.9,1.1,22.8,57.5,689.0,21.8,4.4,79.0,83,2,3,5,0,0.49999999999999994,0.8660254037844387,0.8660254037844387,-0.4999999999999998,0.43388373911755823,-0.900968867902419,0.0,83.0,83.0,79.0,89.41666666666667,15.412915720735423,26.55416666666667,9.756557623807012
Islamabad,2026-05-21 03:00:00+00:00,25.6,50,1006.1,2.09,25.6,62.9,834.0,25.0,4.6,80.0,83,3,3,5,0,0.7071067811865476,0.7071067811865476,0.8660254037844387,-0.4999999999999998,0.43388373911755823,-0.900968867902419,0.0,83.0,82.0,79.0,89.58333333333333,15.316704909195147,26.61666666666667,9.744950383199217
Islamabad,2026-05-21 04:00:00+00:00,27.9,46,1005.9,1.12,25.2,60.3,722.0,20.7,5.3,90.0,83,4,3,5,0,0.8660254037844386,0.5000000000000001,0.8660254037844387,-0.4999999999999998,0.43388373911755823,-0.900968867902419,0.0,83.0,83.0,80.0,89.70833333333333,15.247178403736303,26.675,9.731537704132714
Islamabad,2026-05-21 05:00:00+00:00,30.9,35,1005.8,1.35,23.2,62.9,482.0,12.7,6.2,104.0,83,5,3,5,0,0.9659258262890683,0.25881904510252074,0.8660254037844387,-0.4999999999999998,0.43388373911755823,-0.900968867902419,0.0,83.0,83.0,80.0,89.83333333333333,15.176259110192818,26.77916666666667,9.67803335963175
Islamabad,2026-05-21 06:00:00+00:00,32.1,30,1005.9,2.36,22.4,64.7,303.0,6.4,6.8,116.0,84,6,3,5,0,1.0,6.123233995736766e-17,0.8660254037844387,-0.4999999999999998,0.43388373911755823,-0.900968867902419,1.0,83.0,83.0,79.0,90.04166666666667,15.054911567951535,26.920833333333334,9.583635470977587
Islamabad,2026-05-21 07:00:00+00:00,32.8,29,1005.5,1.01,23.7,82.4,260.0,4.0,6.6,122.0,84,7,3,5,0,0.9659258262890683,-0.25881904510252063,0.8660254037844387,-0.4999999999999998,0.43388373911755823,-0.900968867902419,0.0,84.0,83.0,79.0,90.25,14.929544679856331,27.133333333333336,9.446677201266466
Islamabad,2026-05-21 08:00:00+00:00,32.8,30,1005.1,1.21,25.6,104.1,277.0,3.2,6.0,125.0,84,8,3,5,0,0.8660254037844387,-0.4999999999999998,0.8660254037844387,-0.4999999999999998,0.43388373911755823,-0.900968867902419,0.0,84.0,83.0,79.0,90.45833333333333,14.800056306199211,27.40833333333333,9.294454478772336
Islamabad,2026-05-21 09:00:00+00:00,33.1,31,1004.3,0.53,28.6,122.9,312.0,3.5,5.9,127.0,85,9,3,5,0,0.7071067811865476,-0.7071067811865475,0.8660254037844387,-0.4999999999999998,0.43388373911755823,-0.900968867902419,1.0,84.0,84.0,79.0,90.70833333333333,14.647982994156632,27.7625,9.164905298497901
Islamabad,2026-05-21 10:00:00+00:00,33.1,30,1003.5,0.36,30.9,130.9,332.0,3.5,6.8,131.0,85,10,3,5,0,0.49999999999999994,-0.8660254037844387,0.8660254037844387,-0.4999999999999998,0.43388373911755823,-0.900968867902419,0.0,85.0,84.0,94.0,90.33333333333333,14.675228067753501,28.170833333333334,9.073012019249692
Islamabad,2026-05-21 11:00:00+00:00,32.5,32,1003.3,1.23,32.6,129.5,370.0,4.5,8.1,134.0,86,11,3,5,0,0.258819045102521,-0.9659258262890682,0.8660254037844387,-0.4999999999999998,0.43388373911755823,-0.900968867902419,1.0,85.0,84.0,109.0,89.375,14.144633334728526,28.604166666666668,9.02366353667891
Islamabad,2026-05-21 12:00:00+00:00,32.6,39,1002.0,1.17,33.9,128.5,486.0,12.7,11.5,125.0,87,12,3,5,0,1.2246467991473532e-16,-1.0,0.8660254037844387,-0.4999999999999998,0.43388373911755823,-0.900968867902419,1.0,86.0,85.0,121.0,87.95833333333333,12.43934559535107,29.091666666666665,8.978569493239313
Islamabad,2026-05-21 13:00:00+00:00,31.0,50,1003.0,1.05,34.3,130.9,759.0,41.3,12.5,88.0,88,13,3,5,0,-0.2588190451025208,-0.9659258262890683,0.8660254037844387,-0.4999999999999998,0.43388373911755823,-0.900968867902419,1.0,87.0,85.0,126.0,86.375,9.444632706279375,29.587500000000002,8.921362369153
Islamabad,2026-05-21 14:00:00+00:00,28.7,52,1003.5,1.97,42.6,135.5,1109.0,79.8,13.8,38.0,89,14,3,5,0,-0.4999999999999997,-0.8660254037844388,0.8660254037844387,-0.4999999999999998,0.43388373911755823,-0.900968867902419,1.0,88.0,86.0,122.0,85.0,5.687514930701879,30.325,9.24282330290349
Islamabad,2026-05-21 15:00:00+00:00,27.0,60,1004.0,1.27,56.7,152.7,1356.0,101.0,14.2,7.0,90,15,3,5,0,-0.7071067811865471,-0.7071067811865479,0.8660254037844387,-0.4999999999999998,0.43388373911755823,-0.900968867902419,1.0,89.0,87.0,109.0,84.20833333333333,2.781603645485813,31.425,10.696372810646979
Islamabad,2026-05-21 16:00:00+00:00,26.0,64,1005.1,1.85,42.0,110.1,1429.0,88.0,12.7,15.0,92,16,3,5,0,-0.8660254037844385,-0.5000000000000004,0.8660254037844387,-0.4999999999999998,0.43388373911755823,-0.900968867902419,2.0,90.0,88.0,90.0,84.29166666666667,2.9851686525317502,31.541666666666668,10.799634320164525
Islamabad,2026-05-21 17:00:00+00:00,21.3,82,1007.9,5.45,34.0,79.4,1399.0,57.8,10.3,43.0,93,17,3,5,0,-0.9659258262890683,-0.25881904510252063,0.8660254037844387,-0.4999999999999998,0.43388373911755823,-0.900968867902419,1.0,92.0,89.0,80.0,84.83333333333333,3.331883742774137,30.929166666666664,10.183468238391033
Islamabad,2026-05-21 18:00:00+00:00,21.7,90,1008.8,3.46,37.8,90.6,1295.0,34.1,8.3,63.0,91,18,3,5,0,-1.0,-1.8369701987210297e-16,0.8660254037844387,-0.4999999999999998,0.43388373911755823,-0.900968867902419,-2.0,93.0,90.0,81.0,85.25,3.4546754708215266,30.337499999999995,9.278296906127814
Islamabad,2026-05-21 19:00:00+00:00,22.0,87,1008.3,1.52,36.0,68.2,1085.0,26.9,7.3,65.0,90,19,3,5,0,-0.9659258262890684,0.2588190451025203,0.8660254037844387,-0.4999999999999998,0.43388373911755823,-0.900968867902419,-1.0,91.0,92.0,82.0,85.58333333333333,3.5129161262610897,30.024999999999995,8.935675931222336
Islamabad,2026-05-21 20:00:00+00:00,21.7,91,1007.8,2.71,34.0,58.1,800.0,26.3,6.8,59.0,90,20,3,5,0,-0.8660254037844386,0.5000000000000001,0.8660254037844387,-0.4999999999999998,0.43388373911755823,-0.900968867902419,0.0,90.0,93.0,82.0,85.91666666666667,3.5375828970673573,30.0125,8.929643476012677
Islamabad,2026-05-21 21:00:00+00:00,22.8,70,1006.1,4.36,33.5,79.9,572.0,25.8,6.3,54.0,90,21,3,5,0,-0.7071067811865477,0.7071067811865474,0.8660254037844387,-0.4999999999999998,0.43388373911755823,-0.900968867902419,0.0,90.0,91.0,82.0,86.25,3.52937979525167,30.287500000000005,8.931250095080177
Islamabad,2026-05-21 22:00:00+00:00,23.7,57,1005.1,2.89,31.0,67.5,436.0,23.0,5.6,50.0,90,22,3,5,0,-0.5000000000000004,0.8660254037844384,0.8660254037844387,-0.4999999999999998,0.43388373911755823,-0.900968867902419,0.0,90.0,90.0,82.0,86.58333333333333,3.4880749227427637,30.662500000000005,8.755361711297384
Islamabad,2026-05-21 23:00:00+00:00,21.9,69,1005.5,1.1,27.6,57.0,355.0,20.3,4.9,47.0,91,23,3,5,0,-0.25881904510252157,0.9659258262890681,0.8660254037844387,-0.4999999999999998,0.43388373911755823,-0.900968867902419,1.0,90.0,90.0,83.0,86.91666666666667,3.5129161262610835,31.04583333333333,8.388863174609474
Islamabad,2026-05-22 00:00:00+00:00,23.3,70,1005.9,0.43,19.3,49.5,349.0,14.6,3.8,59.0,92,0,4,5,0,0.0,1.0,0.8660254037844387,-0.4999999999999998,-0.433883739117558,-0.9009688679024191,1.0,91.0,90.0,82.0,87.33333333333333,3.497411050759009,30.950000000000003,8.513671869155651
Islamabad,2026-05-22 01:00:00+00:00,23.3,68,1006.2,1.08,18.1,40.2,481.0,15.8,4.4,65.0,91,1,4,5,0,0.25881904510252074,0.9659258262890683,0.8660254037844387,-0.4999999999999998,-0.433883739117558,-0.9009688679024191,-1.0,92.0,90.0,83.0,87.66666666666667,3.447326206063866,30.89166666666667,8.599894674110677
Islamabad,2026-05-22 02:00:00+00:00,25.4,61,1006.8,1.61,19.2,49.6,688.0,17.4,5.3,75.0,91,2,4,5,0,0.49999999999999994,0.8660254037844387,0.8660254037844387,-0.4999999999999998,-0.433883739117558,-0.9009688679024191,0.0,91.0,91.0,83.0,88.0,3.3621939007271915,30.741666666666664,8.776743808728728
Islamabad,2026-05-22 03:00:00+00:00,27.6,51,1007.2,1.05,21.3,72.9,800.0,17.2,6.3,87.0,91,3,4,5,0,0.7071067811865476,0.7071067811865476,0.8660254037844387,-0.4999999999999998,-0.433883739117558,-0.9009688679024191,0.0,91.0,92.0,83.0,88.33333333333333,3.2392520160043983,30.5625,8.928840058070746
Islamabad,2026-05-22 04:00:00+00:00,29.4,44,1007.2,1.42,21.6,79.4,718.0,13.6,7.7,103.0,91,4,4,5,0,0.8660254037844386,0.5000000000000001,0.8660254037844387,-0.4999999999999998,-0.433883739117558,-0.9009688679024191,0.0,91.0,91.0,83.0,88.66666666666667,3.0739673652007067,30.412499999999998,9.05223068833217
Islamabad,2026-05-22 05:00:00+00:00,30.8,39,1007.5,1.77,22.3,82.2,540.0,8.4,9.2,122.0,90,5,4,5,0,0.9659258262890683,0.25881904510252074,0.8660254037844387,-0.4999999999999998,-0.433883739117558,-0.9009688679024191,-1.0,91.0,91.0,83.0,88.95833333333333,2.8357832545289474,30.375,9.085212543277226
Islamabad,2026-05-22 06:00:00+00:00,32.0,29,1007.6,2.72,23.6,82.0,393.0,4.4,10.0,136.0,90,6,4,5,0,1.0,6.123233995736766e-17,0.8660254037844387,-0.4999999999999998,-0.433883739117558,-0.9009688679024191,0.0,90.0,91.0,84.0,89.20833333333333,2.6371784438918136,30.425,9.042616493221328
Islamabad,2026-05-22 07:00:00+00:00,32.3,30,1007.3,2.97,24.8,83.4,311.0,3.0,9.5,143.0,90,7,4,5,0,0.9659258262890683,-0.25881904510252063,0.8660254037844387,-0.4999999999999998,-0.433883739117558,-0.9009688679024191,0.0,90.0,91.0,84.0,89.45833333333333,2.395270097625696,30.47083333333333,9.009776292482506
Islamabad,2026-05-22 08:00:00+00:00,33.2,28,1006.7,2.26,27.2,91.0,259.0,2.9,8.3,146.0,91,8,4,5,0,0.8660254037844387,-0.4999999999999998,0.8660254037844387,-0.4999999999999998,-0.433883739117558,-0.9009688679024191,1.0,90.0,90.0,84.0,89.75,2.111047545445275,30.537500000000005,8.978031763578596
Islamabad,2026-05-22 09:00:00+00:00,33.1,27,1005.9,1.07,28.4,94.1,258.0,3.4,7.4,147.0,91,9,4,5,0,0.7071067811865476,-0.7071067811865475,0.8660254037844387,-0.4999999999999998,-0.433883739117558,-0.9009688679024191,0.0,91.0,90.0,85.0,90.0,1.865009616480646,30.52916666666667,8.98000092798808
Islamabad,2026-05-22 10:00:00+00:00,33.4,26,1005.3,1.15,30.2,100.8,340.0,4.2,7.4,146.0,91,10,4,5,0,0.49999999999999994,-0.8660254037844387,0.8660254037844387,-0.4999999999999998,-0.433883739117558,-0.9009688679024191,0.0,91.0,90.0,85.0,90.25,1.539339214530494,30.5,8.979880893952064
Islamabad,2026-05-22 11:00:00+00:00,33.1,28,1004.6,1.78,31.4,106.6,474.0,5.7,7.8,143.0,91,11,4,5,0,0.258819045102521,-0.9659258262890682,0.8660254037844387,-0.4999999999999998,-0.433883739117558,-0.9009688679024191,0.0,91.0,91.0,86.0,90.45833333333333,1.250362266345834,30.450000000000003,8.971016131675537
Islamabad,2026-05-22 12:00:00+00:00,32.2,33,1004.5,2.15,27.4,91.3,585.0,7.2,7.3,139.0,98,12,4,5,0,1.2246467991473532e-16,-1.0,0.8660254037844387,-0.4999999999999998,-0.433883739117558,-0.9009688679024191,7.0,91.0,91.0,87.0,90.91666666666667,1.815792237365104,30.17916666666667,8.96044346566895
Islamabad,2026-05-22 13:00:00+00:00,29.9,42,1004.6,2.33,29.0,94.3,634.0,38.0,9.2,101.0,105,13,4,5,0,-0.2588190451025208,-0.9659258262890683,0.8660254037844387,-0.4999999999999998,-0.433883739117558,-0.9009688679024191,7.0,98.0,91.0,88.0,91.625,3.320718884977081,29.958333333333332,8.919685930650774
Islamabad,2026-05-22 14:00:00+00:00,27.2,49,1005.3,1.85,41.1,100.1,660.0,80.1,11.8,49.0,101,14,4,5,0,-0.4999999999999997,-0.8660254037844388,0.8660254037844387,-0.4999999999999998,-0.433883739117558,-0.9009688679024191,-4.0,105.0,91.0,89.0,92.125,3.7799528407456053,29.895833333333332,8.832079826290697
Islamabad,2026-05-22 15:00:00+00:00,25.6,54,1005.6,1.73,55.4,115.0,710.0,108.7,13.2,11.0,89,15,4,5,0,-0.7071067811865471,-0.7071067811865479,0.8660254037844387,-0.4999999999999998,-0.433883739117558,-0.9009688679024191,-12.0,101.0,98.0,90.0,92.08333333333333,3.8097890694398155,29.84166666666667,8.662910278466105
Islamabad,2026-05-22 16:00:00+00:00,24.3,57,1006.1,1.3,60.3,109.4,835.0,112.4,12.6,0.0,89,16,4,5,0,-0.8660254037844385,-0.5000000000000004,0.8660254037844387,-0.4999999999999998,-0.433883739117558,-0.9009688679024191,0.0,89.0,105.0,92.0,91.95833333333333,3.861506426779307,30.604166666666668,10.40900442830177
Islamabad,2026-05-22 17:00:00+00:00,23.4,58,1006.4,1.46,50.8,84.3,982.0,102.5,10.8,2.0,91,17,4,5,0,-0.9659258262890683,-0.25881904510252063,0.8660254037844387,-0.4999999999999998,-0.433883739117558,-0.9009688679024191,2.0,89.0,101.0,93.0,91.875,3.859629403250357,31.304166666666664,11.183391379792772
Islamabad,2026-05-22 18:00:00+00:00,24.0,58,1006.0,0.86,44.7,72.4,1044.0,88.4,9.0,10.0,92,18,4,5,0,-1.0,-1.8369701987210297e-16,0.8660254037844387,-0.4999999999999998,-0.433883739117558,-0.9009688679024191,1.0,91.0,89.0,91.0,91.91666666666667,3.8551678096523414,31.59166666666667,11.443316510244015
Islamabad,2026-05-22 19:00:00+00:00,23.9,54,1006.0,1.1,38.5,63.3,943.0,70.3,7.5,22.0,93,19,4,5,0,-0.9659258262890684,0.2588190451025203,0.8660254037844387,-0.4999999999999998,-0.433883739117558,-0.9009688679024191,1.0,92.0,89.0,90.0,92.04166666666667,3.838921572600777,31.695833333333336,11.496444787569038
Islamabad,2026-05-22 20:00:00+00:00,23.5,58,1006.0,0.95,32.1,55.2,756.0,48.0,5.9,40.0,93,20,4,5,0,-0.8660254037844386,0.5000000000000001,0.8660254037844387,-0.4999999999999998,-0.433883739117558,-0.9009688679024191,0.0,93.0,91.0,90.0,92.16666666666667,3.8183386629432756,31.61666666666667,11.486425510771088
Islamabad,2026-05-22 21:00:00+00:00,23.2,58,1005.5,1.25,26.5,48.2,601.0,29.6,4.7,56.0,93,21,4,5,0,-0.7071067811865477,0.7071067811865474,0.8660254037844387,-0.4999999999999998,-0.433883739117558,-0.9009688679024191,0.0,93.0,92.0,90.0,92.29166666666667,3.7933484882914574,31.325,11.525331269406763
Islamabad,2026-05-22 22:00:00+00:00,23.5,52,1005.5,1.91,22.4,42.3,515.0,18.1,3.9,69.0,92,22,4,5,0,-0.5000000000000004,0.8660254037844384,0.8660254037844387,-0.4999999999999998,-0.433883739117558,-0.9009688679024191,-1.0,93.0,93.0,90.0,92.375,3.7626597900490637,30.966666666666665,11.668674775418708
Islamabad,2026-05-22 23:00:00+00:00,23.3,47,1006.1,4.13,19.2,40.7,461.0,10.6,3.5,79.0,91,23,4,5,0,-0.25881904510252157,0.9659258262890681,0.8660254037844387,-0.4999999999999998,-0.433883739117558,-0.9009688679024191,-1.0,92.0,93.0,91.0,92.375,3.7626597900490637,30.61666666666667,11.897777164213299
Islamabad,2026-05-23 00:00:00+00:00,21.5,63,1006.6,1.75,16.4,34.7,441.0,7.3,3.5,83.0,91,0,5,5,1,0.0,1.0,0.8660254037844387,-0.4999999999999998,-0.9749279121818236,-0.2225209339563146,0.0,91.0,93.0,92.0,92.33333333333333,3.7725169393881997,30.495833333333334,12.031678446163866
Islamabad,2026-05-23 01:00:00+00:00,23.0,52,1007.0,3.09,15.9,29.2,482.0,10.6,3.5,84.0,91,1,5,5,1,0.25881904510252074,0.9659258262890683,0.8660254037844387,-0.4999999999999998,-0.9749279121818236,-0.2225209339563146,0.0,91.0,92.0,91.0,92.33333333333333,3.7725169393881997,30.404166666666665,12.138135347331772
Islamabad,2026-05-23 02:00:00+00:00,25.3,46,1006.7,2.83,17.5,35.9,557.0,14.9,3.7,86.0,90,2,5,5,1,0.49999999999999994,0.8660254037844387,0.8660254037844387,-0.4999999999999998,-0.9749279121818236,-0.2225209339563146,-1.0,91.0,91.0,91.0,92.29166666666667,3.7933484882914574,30.333333333333332,12.211102099841508
Islamabad,2026-05-23 03:00:00+00:00,28.2,42,1007.0,1.42,19.8,45.1,587.0,16.7,4.3,93.0,90,3,5,5,1,0.7071067811865476,0.7071067811865476,0.8660254037844387,-0.4999999999999998,-0.9749279121818236,-0.2225209339563146,0.0,90.0,91.0,91.0,92.25,3.8135912550861377,30.27083333333333,12.263075689333363
Islamabad,2026-05-23 04:00:00+00:00,29.5,39,1007.8,2.11,21.7,57.7,522.0,13.6,5.9,110.0,90,4,5,5,1,0.8660254037844386,0.5000000000000001,0.8660254037844387,-0.4999999999999998,-0.9749279121818236,-0.2225209339563146,0.0,90.0,91.0,91.0,92.20833333333333,3.8332545675587535,30.275000000000002,12.26001808637577
Islamabad,2026-05-23 05:00:00+00:00,30.8,31,1007.8,1.41,22.6,66.4,413.0,7.9,8.0,132.0,90,5,5,5,1,0.9659258262890683,0.25881904510252074,0.8660254037844387,-0.4999999999999998,-0.9749279121818236,-0.2225209339563146,0.0,90.0,90.0,90.0,92.20833333333333,3.8332545675587535,30.287499999999998,12.251683557780952
Islamabad,2026-05-23 06:00:00+00:00,32.4,26,1007.5,1.85,25.7,76.1,331.0,3.7,9.4,149.0,90,6,5,5,1,1.0,6.123233995736766e-17,0.8660254037844387,-0.4999999999999998,-0.9749279121818236,-0.2225209339563146,0.0,90.0,90.0,90.0,92.20833333333333,3.8332545675587535,30.374999999999996,12.209271245566878
Islamabad,2026-05-23 07:00:00+00:00,32.6,26,1007.2,1.21,26.4,77.8,305.0,2.5,9.5,157.0,90,7,5,5,1,0.9659258262890683,-0.25881904510252063,0.8660254037844387,-0.4999999999999998,-0.9749279121818236,-0.2225209339563146,0.0,90.0,90.0,90.0,92.20833333333333,3.8332545675587535,30.441666666666666,12.181843819413375
Islamabad,2026-05-23 08:00:00+00:00,33.3,26,1006.6,1.35,26.1,74.5,307.0,2.7,8.8,161.0,90,8,5,5,1,0.8660254037844387,-0.4999999999999998,0.8660254037844387,-0.4999999999999998,-0.9749279121818236,-0.2225209339563146,0.0,90.0,90.0,91.0,92.16666666666667,3.852347298744602,30.39583333333333,12.196631009053878
Islamabad,2026-05-23 09:00:00+00:00,29.8,40,1007.7,3.0,25.8,71.7,325.0,3.4,8.1,161.0,90,9,5,5,1,0.7071067811865476,-0.7071067811865475,0.8660254037844387,-0.4999999999999998,-0.9749279121818236,-0.2225209339563146,0.0,90.0,90.0,91.0,92.125,3.870877891664088,30.287499999999998,12.226639216143544
Islamabad,2026-05-23 10:00:00+00:00,31.1,33,1006.7,0.81,25.7,69.8,341.0,3.0,7.3,160.0,90,10,5,5,1,0.49999999999999994,-0.8660254037844387,0.8660254037844387,-0.4999999999999998,-0.9749279121818236,-0.2225209339563146,0.0,90.0,90.0,91.0,92.08333333333333,3.88885438217954,30.099999999999998,12.262491412929675
Islamabad,2026-05-23 11:00:00+00:00,31.7,31,1005.9,1.28,23.9,63.8,373.0,3.1,6.4,155.0,105,11,5,5,1,0.258819045102521,-0.9659258262890682,0.8660254037844387,-0.4999999999999998,-0.9749279121818236,-0.2225209339563146,15.0,90.0,90.0,91.0,92.66666666666667,4.687324875955739,29.787499999999998,12.323336381240978
Islamabad,2026-05-23 12:00:00+00:00,32.8,30,1004.7,1.13,14.0,34.2,458.0,6.8,5.5,142.0,119,12,5,5,1,1.2246467991473532e-16,-1.0,0.8660254037844387,-0.4999999999999998,-0.9749279121818236,-0.2225209339563146,14.0,105.0,90.0,98.0,93.54166666666667,7.077085906468569,29.229166666666668,12.732958915885312
Islamabad,2026-05-23 13:00:00+00:00,30.4,55,1005.0,0.76,13.6,30.9,640.0,17.9,5.8,120.0,125,13,5,5,1,-0.2588190451025208,-0.9659258262890683,0.8660254037844387,-0.4999999999999998,-0.9749279121818236,-0.2225209339563146,6.0,119.0,90.0,105.0,94.375,9.310174425116141,28.587499999999995,13.126949130634312
Islamabad,2026-05-23 14:00:00+00:00,28.2,59,1005.0,0.68,16.5,29.8,876.0,33.4,6.1,89.0,123,14,5,5,1,-0.4999999999999997,-0.8660254037844388,0.8660254037844387,-0.4999999999999998,-0.9749279121818236,-0.2225209339563146,-2.0,125.0,105.0,101.0,95.29166666666667,10.932516980834356,27.5625,13.067743642765704
Islamabad,2026-05-23 15:00:00+00:00,26.7,49,1005.2,2.4,21.9,34.2,1072.0,46.0,6.3,62.0,110,15,5,5,1,-0.7071067811865471,-0.7071067811865479,0.8660254037844387,-0.4999999999999998,-0.9749279121818236,-0.2225209339563146,-13.0,123.0,119.0,89.0,96.16666666666667,11.243033269605176,26.166666666666668,11.680517657776267
Islamabad,2026-05-23 16:00:00+00:00,26.1,44,1005.7,2.29,23.7,34.7,1223.0,53.2,6.3,45.0,90,16,5,5,1,-0.8660254037844385,-0.5000000000000004,0.8660254037844387,-0.4999999999999998,-0.9749279121818236,-0.2225209339563146,-20.0,110.0,125.0,89.0,96.20833333333333,11.217142031833172,24.641666666666666,9.144203042111558
Islamabad,2026-05-23 17:00:00+00:00,24.8,51,1006.1,1.87,24.9,34.5,1334.0,57.5,6.1,32.0,80,17,5,5,1,-0.9659258262890683,-0.25881904510252063,0.8660254037844387,-0.4999999999999998,-0.9749279121818236,-0.2225209339563146,-10.0,90.0,123.0,91.0,95.75,11.655377560892488,23.5625,7.256290374564674
Islamabad,2026-05-23 18:00:00+00:00,24.8,63,1005.9,1.48,26.0,33.8,1333.0,58.8,5.8,24.0,77,18,5,5,1,-1.0,-1.8369701987210297e-16,0.8660254037844387,-0.4999999999999998,-0.9749279121818236,-0.2225209339563146,-3.0,80.0,110.0,92.0,95.125,12.252107183451434,22.78333333333333,5.731732166037445
Islamabad,2026-05-23 19:00:00+00:00,23.9,67,1005.6,1.46,24.9,32.4,1141.0,56.7,5.4,21.0,76,19,5,5,1,-0.9659258262890684,0.2588190451025203,0.8660254037844387,-0.4999999999999998,-0.9749279121818236,-0.2225209339563146,-1.0,77.0,90.0,93.0,94.41666666666667,12.856792035701401,22.21666666666667,4.68751038646191
Islamabad,2026-05-23 20:00:00+00:00,23.6,63,1005.1,1.81,23.8,30.9,837.0,51.7,4.9,21.0,75,20,5,5,1,-0.8660254037844386,0.5000000000000001,0.8660254037844387,-0.4999999999999998,-0.9749279121818236,-0.2225209339563146,-1.0,76.0,80.0,93.0,93.66666666666667,13.454162655238818,21.870833333333334,4.208322930106225
Islamabad,2026-05-23 21:00:00+00:00,22.9,68,1004.9,1.41,22.1,28.5,584.0,45.4,4.5,25.0,74,21,5,5,1,-0.7071067811865477,0.7071067811865474,0.8660254037844387,-0.4999999999999998,-0.9749279121818236,-0.2225209339563146,-1.0,75.0,77.0,93.0,92.875,14.04128230239859,21.6875,4.092125258399924
Islamabad,2026-05-23 22:00:00+00:00,22.7,69,1004.9,1.26,19.0,24.4,428.0,37.3,4.1,31.0,74,22,5,5,1,-0.5000000000000004,0.8660254037844384,0.8660254037844387,-0.4999999999999998,-0.9749279121818236,-0.2225209339563146,0.0,74.0,76.0,92.0,92.125,14.561152904665317,21.545833333333334,4.125106498405619
Islamabad,2026-05-23 23:00:00+00:00,22.4,67,1004.5,1.51,15.6,20.4,323.0,28.0,3.7,40.0,74,23,5,5,1,-0.25881904510252157,0.9659258262890681,0.8660254037844387,-0.4999999999999998,-0.9749279121818236,-0.2225209339563146,0.0,74.0,75.0,91.0,91.41666666666667,15.024376328419452,21.395833333333332,4.276780500478744
Islamabad,2026-05-24 00:00:00+00:00,22.6,65,1004.5,0.81,15.4,24.9,293.0,18.2,3.5,57.0,73,0,6,5,1,0.0,1.0,0.8660254037844387,-0.4999999999999998,-0.7818314824680299,0.6234898018587334,-1.0,74.0,74.0,91.0,90.66666666666667,15.488190919891654,21.354166666666668,4.332082456024695
Islamabad,2026-05-24 01:00:00+00:00,23.1,63,1004.4,2.01,14.8,24.8,397.0,17.0,4.0,68.0,73,1,6,5,1,0.25881904510252074,0.9659258262890683,0.8660254037844387,-0.4999999999999998,-0.7818314824680299,0.6234898018587334,0.0,73.0,74.0,91.0,89.91666666666667,15.901645161447275,21.308333333333334,4.397619580069921
Islamabad,2026-05-24 02:00:00+00:00,25.6,62,1005.5,0.53,15.3,25.4,577.0,15.2,4.8,83.0,73,2,6,5,1,0.49999999999999994,0.8660254037844387,0.8660254037844387,-0.4999999999999998,-0.7818314824680299,0.6234898018587334,0.0,73.0,74.0,90.0,89.20833333333333,16.27208643971169,21.216666666666665,4.502141197510213
Islamabad,2026-05-24 03:00:00+00:00,27.6,51,1006.1,1.17,17.3,46.9,682.0,12.9,5.7,98.0,73,3,6,5,1,0.7071067811865476,0.7071067811865476,0.8660254037844387,-0.4999999999999998,-0.7818314824680299,0.6234898018587334,0.0,73.0,73.0,90.0,88.5,16.602776090553153,21.1125,4.564828917218925
Islamabad,2026-05-24 04:00:00+00:00,29.3,43,1006.0,1.13,21.3,68.0,631.0,9.8,7.1,112.0,73,4,6,5,1,0.8660254037844386,0.5000000000000001,0.8660254037844387,-0.4999999999999998,-0.7818314824680299,0.6234898018587334,0.0,73.0,73.0,90.0,87.79166666666667,16.896048333126956,21.095833333333335,4.563320603194135
Islamabad,2026-05-24 05:00:00+00:00,31.3,36,1006.1,1.15,20.9,64.0,504.0,6.2,8.6,126.0,73,5,6,5,1,0.9659258262890683,0.25881904510252074,0.8660254037844387,-0.4999999999999998,-0.7818314824680299,0.6234898018587334,0.0,73.0,73.0,90.0,87.08333333333333,17.153822407510393,21.025,4.552137577198098
Islamabad,2026-05-24 06:00:00+00:00,29.8,41,1008.1,2.34,21.9,67.5,394.0,3.6,9.5,137.0,73,6,6,5,1,1.0,6.123233995736766e-17,0.8660254037844387,-0.4999999999999998,-0.7818314824680299,0.6234898018587334,0.0,73.0,73.0,90.0,86.375,17.377678085756273,20.866666666666667,4.447340843662647
Islamabad,2026-05-24 07:00:00+00:00,32.0,32,1006.8,2.5,23.3,73.8,327.0,2.5,9.2,145.0,72,7,6,5,1,0.9659258262890683,-0.25881904510252063,0.8660254037844387,-0.4999999999999998,-0.7818314824680299,0.6234898018587334,-1.0,73.0,73.0,90.0,85.625,17.601414221837278,20.7375,4.322922974502101
Islamabad,2026-05-24 08:00:00+00:00,32.5,29,1006.0,2.0,23.2,68.9,277.0,2.4,8.3,151.0,72,8,6,5,1,0.8660254037844387,-0.4999999999999998,0.8660254037844387,-0.4999999999999998,-0.7818314824680299,0.6234898018587334,0.0,72.0,73.0,90.0,84.875,17.789377631658144,20.616666666666667,4.205448501818695
Islamabad,2026-05-24 09:00:00+00:00,32.6,29,1005.1,2.7,22.8,63.6,255.0,2.6,7.5,154.0,72,9,6,5,1,0.7071067811865476,-0.7071067811865475,0.8660254037844387,-0.4999999999999998,-0.7818314824680299,0.6234898018587334,0.0,72.0,73.0,90.0,84.125,17.942692590336165,20.491666666666664,4.08761827821601
Islamabad,2026-05-24 10:00:00+00:00,32.3,29,1004.5,3.19,22.7,61.2,233.0,2.3,7.1,154.0,81,10,6,5,1,0.49999999999999994,-0.8660254037844387,0.8660254037844387,-0.4999999999999998,-0.7818314824680299,0.6234898018587334,9.0,72.0,72.0,90.0,83.75,17.908584290902166,20.366666666666667,3.9654668749381456
Islamabad,2026-05-24 11:00:00+00:00,32.3,30,1003.8,2.58,22.6,59.3,240.0,2.3,6.9,152.0,96,11,6,5,1,0.258819045102521,-0.9659258262890682,0.8660254037844387,-0.4999999999999998,-0.7818314824680299,0.6234898018587334,15.0,81.0,72.0,105.0,83.375,17.53459313818656,20.3125,3.9237639981328254
Islamabad,2026-05-24 12:00:00+00:00,32.3,30,1003.4,2.84,29.2,80.1,373.0,5.1,8.7,148.0,107,12,6,5,1,1.2246467991473532e-16,-1.0,0.8660254037844387,-0.4999999999999998,-0.7818314824680299,0.6234898018587334,11.0,96.0,72.0,119.0,82.875,16.62191455513657,20.945833333333333,4.084006895052997
Islamabad,2026-05-24 13:00:00+00:00,30.3,39,1003.6,1.84,26.8,69.4,772.0,16.1,9.0,126.0,115,13,6,5,1,-0.2588190451025208,-0.9659258262890683,0.8660254037844387,-0.4999999999999998,-0.7818314824680299,0.6234898018587334,8.0,107.0,81.0,125.0,82.45833333333333,15.614873530141669,21.495833333333334,3.937940221537861
Islamabad,2026-05-24 14:00:00+00:00,27.4,49,1003.6,1.25,28.0,60.5,1298.0,31.7,9.4,94.0,115,14,6,5,1,-0.4999999999999997,-0.8660254037844388,0.8660254037844387,-0.4999999999999998,-0.7818314824680299,0.6234898018587334,0.0,115.0,96.0,123.0,82.125,14.77457422324789,21.974999999999998,4.0027436242831005
Islamabad,2026-05-24 15:00:00+00:00,25.6,56,1004.0,1.51,35.6,67.3,1628.0,45.5,9.5,66.0,106,15,6,5,1,-0.7071067811865471,-0.7071067811865479,0.8660254037844387,-0.4999999999999998,-0.7818314824680299,0.6234898018587334,-9.0,115.0,107.0,110.0,81.95833333333333,14.465789227381082,22.545833333333334,4.873707558144902
Islamabad,2026-05-24 16:00:00+00:00,24.5,60,1004.3,1.36,43.2,72.6,1591.0,57.2,9.3,42.0,89,16,6,5,1,-0.8660254037844385,-0.5000000000000004,0.8660254037844387,-0.4999999999999998,-0.7818314824680299,0.6234898018587334,-17.0,106.0,115.0,90.0,81.91666666666667,14.443041552088758,23.358333333333334,6.446226848297389
Islamabad,2026-05-24 17:00:00+00:00,23.9,62,1004.6,1.12,48.0,73.8,1358.0,67.2,8.9,22.0,77,17,6,5,1,-0.9659258262890683,-0.25881904510252063,0.8660254037844387,-0.4999999999999998,-0.7818314824680299,0.6234898018587334,-12.0,89.0,115.0,80.0,81.79166666666667,14.473301256982197,24.320833333333336,8.178284032127088
Islamabad,2026-05-24 18:00:00+00:00,24.7,59,1004.1,0.85,44.9,65.2,1118.0,70.6,8.2,10.0,79,18,6,5,1,-1.0,-1.8369701987210297e-16,0.8660254037844387,-0.4999999999999998,-0.7818314824680299,0.6234898018587334,2.0,77.0,106.0,77.0,81.875,14.45025199118326,25.108333333333334,9.193897629579547
Islamabad,2026-05-24 19:00:00+00:00,24.4,52,1004.0,1.21,39.1,55.4,920.0,63.0,7.1,13.0,80,19,6,5,1,-0.9659258262890684,0.2588190451025203,0.8660254037844387,-0.4999999999999998,-0.7818314824680299,0.6234898018587334,1.0,79.0,89.0,76.0,82.04166666666667,14.40253349291342,25.700000000000003,9.626638765064548
Islamabad,2026-05-24 20:00:00+00:00,23.6,52,1003.7,1.07,33.9,46.8,716.0,48.9,5.8,25.0,82,20,6,5,1,-0.8660254037844386,0.5000000000000001,0.8660254037844387,-0.4999999999999998,-0.7818314824680299,0.6234898018587334,2.0,80.0,77.0,75.0,82.33333333333333,14.324398968092922,26.120833333333334,9.759810189114145
Islamabad,2026-05-24 21:00:00+00:00,23.2,69,1004.0,1.34,29.2,40.9,551.0,36.7,4.8,36.0,82,21,6,5,1,-0.7071067811865477,0.7071067811865474,0.8660254037844387,-0.4999999999999998,-0.7818314824680299,0.6234898018587334,0.0,82.0,79.0,74.0,82.66666666666667,14.214709670425663,26.416666666666668,9.740219918357647
Islamabad,2026-05-24 22:00:00+00:00,23.4,61,1004.5,2.02,25.6,37.1,424.0,29.3,4.1,39.0,83,22,6,5,1,-0.5000000000000004,0.8660254037844384,0.8660254037844387,-0.4999999999999998,-0.7818314824680299,0.6234898018587334,1.0,82.0,80.0,74.0,83.04166666666667,14.094337952484349,26.691666666666666,9.614071058549579
Islamabad,2026-05-24 23:00:00+00:00,21.5,71,1004.5,2.43,23.2,34.1,336.0,23.9,3.6,41.0,83,23,6,5,1,-0.25881904510252157,0.9659258262890681,0.8660254037844387,-0.4999999999999998,-0.7818314824680299,0.6234898018587334,0.0,83.0,82.0,74.0,83.41666666666667,13.962423692264855,27.008333333333336,9.354511428074215
Islamabad,2026-05-25 00:00:00+00:00,22.7,62,1004.1,0.45,23.1,33.1,333.0,25.3,4.0,43.0,84,0,0,5,0,0.0,1.0,0.8660254037844387,-0.4999999999999998,0.0,1.0,1.0,83.0,82.0,73.0,83.875,13.785034418275623,27.32916666666667,9.066684316372424
Islamabad,2026-05-25 01:00:00+00:00,23.1,62,1004.5,0.7,21.0,30.6,499.0,23.1,4.9,60.0,85,1,0,5,0,0.25881904510252074,0.9659258262890683,0.8660254037844387,-0.4999999999999998,0.0,1.0,1.0,84.0,83.0,73.0,84.375,13.589677988314772,27.587500000000002,8.777902715737774
Islamabad,2026-05-25 02:00:00+00:00,25.1,69,1004.6,0.85,22.2,32.4,750.0,19.9,6.0,84.0,85,2,0,5,0,0.49999999999999994,0.8660254037844387,0.8660254037844387,-0.4999999999999998,0.0,1.0,0.0,85.0,83.0,73.0,84.875,13.371977513019372,27.875,8.465389895743527
Islamabad,2026-05-25 03:00:00+00:00,28.3,44,1004.9,0.81,21.8,44.7,887.0,16.3,6.9,107.0,86,3,0,5,0,0.7071067811865476,0.7071067811865476,0.8660254037844387,-0.4999999999999998,0.0,1.0,1.0,85.0,84.0,73.0,85.41666666666667,13.1311665982838,28.0625,8.268526628650097
Islamabad,2026-05-25 04:00:00+00:00,30.2,40,1004.9,1.37,18.3,41.3,792.0,11.8,7.2,126.0,86,4,0,5,0,0.8660254037844386,0.5000000000000001,0.8660254037844387,-0.4999999999999998,0.0,1.0,0.0,86.0,85.0,73.0,85.95833333333333,12.86207491093458,27.9375,8.396884127072278
Islamabad,2026-05-25 05:00:00+00:00,31.6,34,1004.6,1.63,16.4,37.1,582.0,6.9,7.2,144.0,86,5,0,5,0,0.9659258262890683,0.25881904510252074,0.8660254037844387,-0.4999999999999998,0.0,1.0,0.0,86.0,85.0,73.0,86.5,12.56288529584354,27.75,8.608438731344055
Islamabad,2026-05-25 06:00:00+00:00,32.3,27,1004.6,1.87,16.1,36.0,408.0,3.4,6.9,156.0,85,6,0,5,0,1.0,6.123233995736766e-17,0.8660254037844387,-0.4999999999999998,0.0,1.0,-1.0,86.0,86.0,73.0,87.0,12.236794124066266,27.508333333333336,8.85761360867473
Islamabad,2026-05-25 07:00:00+00:00,33.1,23,1003.9,2.3,15.3,34.0,315.0,2.3,6.3,159.0,85,7,0,5,0,0.9659258262890683,-0.25881904510252063,0.8660254037844387,-0.4999999999999998,0.0,1.0,0.0,85.0,86.0,72.0,87.54166666666667,11.824731513329125,27.174999999999997,9.167961700352512
Islamabad,2026-05-25 08:00:00+00:00,33.6,21,1003.3,2.3,14.7,31.9,258.0,2.7,5.5,156.0,84,8,0,5,0,0.8660254037844387,-0.4999999999999998,0.8660254037844387,-0.4999999999999998,0.0,1.0,-1.0,85.0,86.0,72.0,88.04166666666667,11.384501924018066,26.820833333333336,9.486832025711115
Islamabad,2026-05-25 09:00:00+00:00,33.8,20,1002.7,1.82,13.7,28.2,247.0,3.4,4.9,153.0,84,9,0,5,0,0.7071067811865476,-0.7071067811865475,0.8660254037844387,-0.4999999999999998,0.0,1.0,0.0,84.0,85.0,72.0,88.54166666666667,10.902648926897921,26.441666666666666,9.83016283940787
Islamabad,2026-05-25 10:00:00+00:00,33.7,19,1002.5,1.43,12.0,24.0,247.0,3.3,4.5,154.0,97,10,0,5,0,0.49999999999999994,-0.8660254037844387,0.8660254037844387,-0.4999999999999998,0.0,1.0,13.0,84.0,85.0,81.0,89.20833333333333,10.910621736027082,25.995833333333337,10.241283851526443
Islamabad,2026-05-25 11:00:00+00:00,33.4,20,1002.2,1.27,10.0,19.7,294.0,3.4,4.3,155.0,112,11,0,5,0,0.258819045102521,-0.9659258262890682,0.8660254037844387,-0.4999999999999998,0.0,1.0,15.0,97.0,84.0,96.0,89.875,11.796508326435077,25.470833333333335,10.734036850199896
Islamabad,2026-05-25 12:00:00+00:00,33.0,23,1002.0,2.15,3.4,4.8,505.0,5.7,3.7,161.0,122,12,0,5,0,1.2246467991473532e-16,-1.0,0.8660254037844387,-0.4999999999999998,0.0,1.0,10.0,112.0,84.0,107.0,90.5,13.07170858064818,24.395833333333332,11.601217296198842
Islamabad,2026-05-25 13:00:00+00:00,30.7,37,1002.3,1.35,3.6,5.3,1103.0,17.9,4.4,137.0,130,13,0,5,0,-0.2588190451025208,-0.9659258262890683,0.8660254037844387,-0.4999999999999998,0.0,1.0,8.0,122.0,97.0,115.0,91.125,14.567123496302269,23.42916666666667,12.335508278654496
Islamabad,2026-05-25 14:00:00+00:00,28.5,37,1002.6,0.43,7.1,8.9,1864.0,35.0,5.5,103.0,128,14,0,5,0,-0.4999999999999997,-0.8660254037844388,0.8660254037844387,-0.4999999999999998,0.0,1.0,-2.0,130.0,112.0,115.0,91.66666666666667,15.691777593949352,22.558333333333334,12.730207712594364
Islamabad,2026-05-25 15:00:00+00:00,25.2,44,1003.4,1.0,16.1,18.6,2236.0,50.4,6.3,73.0,117,15,0,5,0,-0.7071067811865471,-0.7071067811865479,0.8660254037844387,-0.4999999999999998,0.0,1.0,-11.0,128.0,122.0,106.0,92.125,16.27831980433404,21.745833333333334,12.481498626808177
Islamabad,2026-05-25 16:00:00+00:00,24.5,43,1003.9,2.15,25.6,28.9,1841.0,64.1,6.9,49.0,99,16,0,5,0,-0.8660254037844385,-0.5000000000000004,0.8660254037844387,-0.4999999999999998,0.0,1.0,-18.0,117.0,130.0,89.0,92.54166666666667,16.3227746113978,21.0125,11.655911450381318
Islamabad,2026-05-25 17:00:00+00:00,24.9,39,1004.3,2.02,32.8,36.9,1057.0,75.9,7.3,28.0,76,17,0,5,0,-0.9659258262890683,-0.25881904510252063,0.8660254037844387,-0.4999999999999998,0.0,1.0,-23.0,99.0,128.0,77.0,92.5,16.365392966761345,20.379166666666666,10.479336983950285
Islamabad,2026-05-25 18:00:00+00:00,24.3,45,1004.4,1.75,31.7,35.9,467.0,79.1,7.3,18.0,71,18,0,5,0,-1.0,-1.8369701987210297e-16,0.8660254037844387,-0.4999999999999998,0.0,1.0,-5.0,76.0,117.0,79.0,92.16666666666667,16.729735741218818,19.82916666666667,9.430315554066853
Islamabad,2026-05-25 19:00:00+00:00,23.7,49,1004.3,1.87,28.5,32.4,330.0,67.2,6.5,27.0,70,19,0,5,0,-0.9659258262890684,0.2588190451025203,0.8660254037844387,-0.4999999999999998,0.0,1.0,-1.0,71.0,99.0,80.0,91.75,17.164802206335168,19.3875,8.709181187489532
Islamabad,2026-05-25 20:00:00+00:00,22.7,56,1004.1,1.3,24.3,27.9,388.0,46.5,5.2,46.0,70,20,0,5,0,-0.8660254037844386,0.5000000000000001,0.8660254037844387,-0.4999999999999998,0.0,1.0,0.0,70.0,76.0,82.0,91.25,17.629644007355534,18.9875,8.220404755717684
Islamabad,2026-05-25 21:00:00+00:00,22.3,60,1004.4,0.97,20.2,24.0,450.0,29.5,4.2,62.0,69,21,0,5,0,-0.7071067811865477,0.7071067811865474,0.8660254037844387,-0.4999999999999998,0.0,1.0,-1.0,70.0,71.0,82.0,90.70833333333333,18.119120735617496,18.6125,7.934586507404029
Islamabad,2026-05-25 22:00:00+00:00,22.0,59,1004.4,0.79,17.2,21.0,430.0,20.6,3.6,67.0,68,22,0,5,0,-0.5000000000000004,0.8660254037844384,0.8660254037844387,-0.4999999999999998,0.0,1.0,-1.0,69.0,70.0,83.0,90.08333333333333,18.647570459927774,18.2625,7.79703469275338
Islamabad,2026-05-25 23:00:00+00:00,21.5,60,1004.4,0.65,15.4,18.9,414.0,15.4,3.2,69.0,67,23,0,5,0,-0.25881904510252157,0.9659258262890681,0.8660254037844387,-0.4999999999999998,0.0,1.0,-1.0,68.0,70.0,83.0,89.41666666666667,19.18993546597814,17.937500000000004,7.744665064192351
Islamabad,2026-05-26 00:00:00+00:00,21.8,60,1004.5,0.59,14.8,18.6,471.0,12.6,3.5,75.0,67,0,1,5,0,0.0,1.0,0.8660254037844387,-0.4999999999999998,0.7818314824680298,0.6234898018587336,0.0,67.0,69.0,84.0,88.70833333333333,19.7053935822628,17.591666666666665,7.689231129464025
Islamabad,2026-05-26 01:00:00+00:00,22.7,58,1005.1,0.61,14.3,17.9,699.0,15.0,4.2,83.0,66,1,1,5,0,0.25881904510252074,0.9659258262890683,0.8660254037844387,-0.4999999999999998,0.7818314824680298,0.6234898018587336,-1.0,67.0,68.0,85.0,87.91666666666667,20.235390149259626,17.3125,7.681729453144266
Islamabad,2026-05-26 02:00:00+00:00,24.9,62,1005.5,0.15,15.9,20.3,999.0,18.0,5.2,94.0,66,2,1,5,0,0.49999999999999994,0.8660254037844387,0.8660254037844387,-0.4999999999999998,0.7818314824680298,0.6234898018587336,0.0,66.0,67.0,85.0,87.125,20.720316641864585,17.05,7.614802518207815
Islamabad,2026-05-26 03:00:00+00:00,28.0,45,1005.8,0.76,15.9,23.7,1145.0,18.8,6.1,107.0,65,3,1,5,0,0.7071067811865476,0.7071067811865476,0.8660254037844387,-0.4999999999999998,0.7818314824680298,0.6234898018587336,-1.0,66.0,67.0,86.0,86.25,21.20756632820507,16.804166666666667,7.549746852460128
Islamabad,2026-05-26 04:00:00+00:00,30.3,38,1005.7,1.14,12.9,21.9,989.0,15.0,6.7,124.0,65,4,1,5,0,0.8660254037844386,0.5000000000000001,0.8660254037844387,-0.4999999999999998,0.7818314824680298,0.6234898018587336,0.0,65.0,66.0,86.0,85.375,21.646994971689438,16.579166666666666,7.583619599629439
Islamabad,2026-05-26 05:00:00+00:00,32.0,34,1005.2,1.6,9.9,18.8,678.0,8.9,7.2,143.0,64,5,1,5,0,0.9659258262890683,0.25881904510252074,0.8660254037844387,-0.4999999999999998,0.7818314824680298,0.6234898018587336,-1.0,65.0,66.0,86.0,84.45833333333333,22.080837977692365,16.308333333333334,7.70538584462144
Islamabad,2026-05-26 06:00:00+00:00,33.0,25,1005.5,2.67,9.4,20.3,431.0,4.3,7.2,157.0,64,6,1,5,0,1.0,6.123233995736766e-17,0.8660254037844387,-0.4999999999999998,0.7818314824680298,0.6234898018587336,0.0,64.0,65.0,85.0,83.58333333333333,22.47107641752657,16.029166666666665,7.833566524435298
Islamabad,2026-05-26 07:00:00+00:00,34.1,22,1004.9,2.17,10.1,23.2,326.0,2.8,6.4,162.0,63,7,1,5,0,0.9659258262890683,-0.25881904510252063,0.8660254037844387,-0.4999999999999998,0.7818314824680298,0.6234898018587336,-1.0,64.0,65.0,85.0,82.66666666666667,22.856198220645737,15.8125,7.925978886191126
Islamabad,2026-05-26 08:00:00+00:00,35.2,19,1004.0,2.01,10.6,25.1,286.0,2.8,5.2,161.0,68,8,1,5,0,0.8660254037844387,-0.4999999999999998,0.8660254037844387,-0.4999999999999998,0.7818314824680298,0.6234898018587336,5.0,63.0,64.0,84.0,82.0,23.048153750449252,15.641666666666666,7.994885140250408
Islamabad,2026-05-26 09:00:00+00:00,35.5,17,1003.1,2.35,11.0,26.0,289.0,3.3,4.3,159.0,86,9,1,5,0,0.7071067811865476,-0.7071067811865475,0.8660254037844387,-0.4999999999999998,0.7818314824680298,0.6234898018587336,18.0,68.0,64.0,84.0,82.08333333333333,23.059312306700978,15.529166666666667,8.042251424260135
Islamabad,2026-05-26 10:00:00+00:00,35.2,18,1002.7,2.6,11.3,26.7,287.0,2.1,3.9,160.0,102,10,1,5,0,0.49999999999999994,-0.8660254037844387,0.8660254037844387,-0.4999999999999998,0.7818314824680298,0.6234898018587336,16.0,86.0,63.0,97.0,82.29166666666667,23.221952070638135,15.5,8.056863128926825
Islamabad,2026-05-26 11:00:00+00:00,34.7,19,1002.7,2.93,11.8,27.9,329.0,1.3,3.8,159.0,116,11,1,5,0,0.258819045102521,-0.9659258262890682,0.8660254037844387,-0.4999999999999998,0.7818314824680298,0.6234898018587336,14.0,102.0,68.0,112.0,82.45833333333333,23.45760128340097,15.575000000000001,8.011689828809098
Islamabad,2026-05-26 12:00:00+00:00,35.2,22,1002.4,0.79,3.7,7.6,547.0,6.4,4.2,159.0,127,12,1,5,0,1.2246467991473532e-16,-1.0,0.8660254037844387,-0.4999999999999998,0.7818314824680298,0.6234898018587336,11.0,116.0,86.0,122.0,82.66666666666667,23.84308607590864,15.587499999999999,7.9920782789829445
Islamabad,2026-05-26 13:00:00+00:00,33.8,34,1002.7,0.35,5.4,11.7,1143.0,19.9,5.1,134.0,135,13,1,5,0,-0.2588190451025208,-0.9659258262890683,0.8660254037844387,-0.4999999999999998,0.7818314824680298,0.6234898018587336,8.0,127.0,102.0,130.0,82.875,24.29226482719927,15.662500000000001,7.882386115229633
Islamabad,2026-05-26 14:00:00+00:00,31.5,34,1003.2,0.25,10.8,17.5,1914.0,39.0,6.3,99.0,133,14,1,5,0,-0.4999999999999997,-0.8660254037844388,0.8660254037844387,-0.4999999999999998,0.7818314824680298,0.6234898018587336,-2.0,135.0,116.0,128.0,83.08333333333333,24.713869836972936,15.816666666666665,7.742579430130747
Islamabad,2026-05-26 15:00:00+00:00,28.8,35,1003.8,0.61,19.2,27.5,2388.0,56.1,7.3,68.0,120,15,1,5,0,-0.7071067811865471,-0.7071067811865479,0.8660254037844387,-0.4999999999999998,0.7818314824680298,0.6234898018587336,-13.0,133.0,127.0,117.0,83.20833333333333,24.899762818263895,15.945833333333335,7.773308800642402
Islamabad,2026-05-26 16:00:00+00:00,26.6,43,1004.4,1.35,27.6,36.4,2313.0,71.1,7.9,43.0,100,16,1,5,0,-0.8660254037844385,-0.5000000000000004,0.8660254037844387,-0.4999999999999998,0.7818314824680298,0.6234898018587336,-20.0,120.0,135.0,99.0,83.25,24.928157643080265,16.029166666666665,7.891133117877158
Islamabad,2026-05-26 17:00:00+00:00,24.7,51,1004.9,1.3,34.9,42.3,1940.0,84.2,8.2,22.0,75,17,1,5,0,-0.9659258262890683,-0.25881904510252063,0.8660254037844387,-0.4999999999999998,0.7818314824680298,0.6234898018587336,-25.0,100.0,133.0,76.0,83.20833333333333,24.94163476854587,16.116666666666667,8.094209775145297
Islamabad,2026-05-26 18:00:00+00:00,24.5,50,1005.0,1.04,31.9,36.3,1546.0,88.7,8.1,12.0,63,18,1,5,0,-1.0,-1.8369701987210297e-16,0.8660254037844387,-0.4999999999999998,0.7818314824680298,0.6234898018587336,-12.0,75.0,120.0,71.0,82.875,25.164351078805733,16.125,8.111036496248675
Islamabad,2026-05-26 19:00:00+00:00,23.6,51,1004.9,0.95,26.2,28.9,1185.0,78.3,7.3,19.0,63,19,1,5,0,-0.9659258262890684,0.2588190451025203,0.8660254037844387,-0.4999999999999998,0.7818314824680298,0.6234898018587336,0.0,63.0,100.0,70.0,82.58333333333333,25.35987358812731,16.029166666666665,7.970842471793344
Islamabad,2026-05-26 20:00:00+00:00,23.9,48,1004.8,1.12,22.5,24.2,802.0,59.3,6.2,36.0,63,20,1,5,0,-0.8660254037844386,0.5000000000000001,0.8660254037844387,-0.4999999999999998,0.7818314824680298,0.6234898018587336,0.0,63.0,75.0,70.0,82.29166666666667,25.550426128781474,15.954166666666666,7.897769589748319
Islamabad,2026-05-26 21:00:00+00:00,24.0,47,1004.4,0.95,18.2,19.6,513.0,43.4,5.2,49.0,63,21,1,5,0,-0.7071067811865477,0.7071067811865474,0.8660254037844387,-0.4999999999999998,0.7818314824680298,0.6234898018587336,0.0,63.0,63.0,69.0,82.04166666666667,25.714957864461198,15.870833333333332,7.861490021765501
Islamabad,2026-05-26 22:00:00+00:00,24.0,44,1003.8,1.0,15.5,16.5,349.0,34.8,4.6,51.0,63,22,1,5,0,-0.5000000000000004,0.8660254037844384,0.8660254037844387,-0.4999999999999998,0.7818314824680298,0.6234898018587336,0.0,63.0,63.0,68.0,81.83333333333333,25.853545155383422,15.799999999999999,7.856650464526141
Islamabad,2026-05-26 23:00:00+00:00,23.1,45,1003.7,0.92,13.7,14.6,279.0,29.3,4.2,49.0,63,23,1,5,0,-0.25881904510252157,0.9659258262890681,0.8660254037844387,-0.4999999999999998,0.7818314824680298,0.6234898018587336,0.0,63.0,63.0,67.0,81.66666666666667,25.96597550753623,15.729166666666666,7.868068608190202
Islamabad,2026-05-27 00:00:00+00:00,23.3,48,1003.9,0.9,11.1,11.7,323.0,24.4,4.3,55.0,63,0,2,5,0,0.0,1.0,0.8660254037844387,-0.4999999999999998,0.9749279121818236,-0.22252093395631434,0.0,63.0,63.0,67.0,81.5,26.0768096208106,15.575000000000001,7.923122463096041
Islamabad,2026-05-27 01:00:00+00:00,24.0,49,1004.1,1.31,10.7,11.4,584.0,25.0,5.1,74.0,62,1,2,5,0,0.25881904510252074,0.9659258262890683,0.8660254037844387,-0.4999999999999998,0.9749279121818236,-0.22252093395631434,-1.0,63.0,63.0,66.0,81.33333333333333,26.192708355847685,15.424999999999999,7.982167625400989
Islamabad,2026-05-27 02:00:00+00:00,26.7,54,1004.3,1.72,12.3,13.6,959.0,25.5,6.2,99.0,62,2,2,5,0,0.49999999999999994,0.8660254037844387,0.8660254037844387,-0.4999999999999998,0.9749279121818236,-0.22252093395631434,0.0,62.0,63.0,66.0,81.16666666666667,26.306994716510154,15.274999999999999,8.006641265088986
Islamabad,2026-05-27 03:00:00+00:00,30.9,40,1004.7,0.05,10.9,14.6,1155.0,23.8,6.9,121.0,62,3,2,5,0,0.7071067811865476,0.7071067811865476,0.8660254037844387,-0.4999999999999998,0.9749279121818236,-0.22252093395631434,0.0,62.0,63.0,65.0,81.04166666666667,26.39413499849618,15.066666666666668,8.054578318202488
Islamabad,2026-05-27 04:00:00+00:00,33.1,32,1004.8,0.66,10.1,22.2,992.0,17.8,6.7,134.0,61,4,2,5,0,0.8660254037844386,0.5000000000000001,0.8660254037844387,-0.4999999999999998,0.9749279121818236,-0.22252093395631434,-1.0,62.0,62.0,65.0,80.875,26.512199816884966,14.950000000000001,8.107430837362003
Islamabad,2026-05-27 05:00:00+00:00,35.2,26,1004.1,1.11,13.4,35.4,651.0,9.7,6.2,143.0,61,5,2,5,0,0.9659258262890683,0.25881904510252074,0.8660254037844387,-0.4999999999999998,0.9749279121818236,-0.22252093395631434,0.0,61.0,62.0,64.0,80.75,26.60214113644762,15.095833333333333,8.043873129751356
Islamabad,2026-05-27 06:00:00+00:00,36.9,18,1003.8,1.15,14.4,39.2,383.0,3.7,5.6,149.0,62,6,2,5,0,1.0,6.123233995736766e-17,0.8660254037844387,-0.4999999999999998,0.9749279121818236,-0.22252093395631434,1.0,61.0,62.0,64.0,80.66666666666667,26.659962925488216,15.304166666666667,7.9541883507269455
Islamabad,2026-05-27 07:00:00+00:00,37.7,16,1003.2,2.2,14.1,37.8,282.0,1.9,5.2,152.0,62,7,2,5,0,0.9659258262890683,-0.25881904510252063,0.8660254037844387,-0.4999999999999998,0.9749279121818236,-0.22252093395631434,0.0,62.0,61.0,63.0,80.625,26.689539556521595,15.470833333333333,7.881981607309846
Islamabad,2026-05-27 08:00:00+00:00,37.6,16,1002.5,3.1,13.9,36.3,254.0,2.4,4.9,153.0,64,8,2,5,0,0.8660254037844387,-0.4999999999999998,0.8660254037844387,-0.4999999999999998,0.9749279121818236,-0.22252093395631434,2.0,62.0,61.0,68.0,80.45833333333333,26.784127627265068,15.608333333333334,7.821871046409955
Islamabad,2026-05-27 09:00:00+00:00,37.5,17,1002.3,3.04,14.4,36.2,271.0,3.2,4.6,152.0,85,9,2,5,0,0.7071067811865476,-0.7071067811865475,0.8660254037844387,-0.4999999999999998,0.9749279121818236,-0.22252093395631434,21.0,64.0,62.0,86.0,80.41666666666667,26.77590848808532,15.75,7.765363453516976
Islamabad,2026-05-27 10:00:00+00:00,37.3,18,1001.9,3.03,14.8,36.6,288.0,2.3,4.4,153.0,101,10,2,5,0,0.49999999999999994,-0.8660254037844387,0.8660254037844387,-0.4999999999999998,0.9749279121818236,-0.22252093395631434,16.0,85.0,62.0,102.0,80.375,26.741617947214472,15.895833333333334,7.710832536490258
Islamabad,2026-05-27 11:00:00+00:00,36.8,19,1001.7,2.7,15.1,37.1,349.0,1.9,4.2,153.0,113,11,2,5,0,0.258819045102521,-0.9659258262890682,0.8660254037844387,-0.4999999999999998,0.9749279121818236,-0.22252093395631434,12.0,101.0,64.0,116.0,80.25,26.57434198948139,16.033333333333335,7.663899941859907
Islamabad,2026-05-27 12:00:00+00:00,36.2,28,1001.3,1.39,13.3,33.4,565.0,6.2,4.0,147.0,119,12,2,5,0,1.2246467991473532e-16,-1.0,0.8660254037844387,-0.4999999999999998,0.9749279121818236,-0.22252093395631434,6.0,113.0,85.0,127.0,79.91666666666667,26.006548785068457,16.433333333333334,7.230470949041098
Islamabad,2026-05-27 13:00:00+00:00,35.1,37,1001.7,0.4,12.8,30.7,1107.0,16.5,4.7,128.0,122,13,2,5,0,-0.2588190451025208,-0.9659258262890683,0.8660254037844387,-0.4999999999999998,0.9749279121818236,-0.22252093395631434,3.0,119.0,101.0,135.0,79.375,24.92216143184181,16.741666666666664,6.889242822449099
Islamabad,2026-05-27 14:00:00+00:00,32.0,34,1002.0,0.14,15.0,30.0,1804.0,31.3,5.6,100.0,119,14,2,5,0,-0.4999999999999997,-0.8660254037844388,0.8660254037844387,-0.4999999999999998,0.9749279121818236,-0.22252093395631434,-3.0,122.0,113.0,133.0,78.79166666666667,23.748646033106773,16.916666666666668,6.784295591044544
Islamabad,2026-05-27 15:00:00+00:00,27.8,42,1002.5,0.86,21.3,36.2,2246.0,46.0,6.4,73.0,109,15,2,5,0,-0.7071067811865471,-0.7071067811865479,0.8660254037844387,-0.4999999999999998,0.9749279121818236,-0.22252093395631434,-10.0,119.0,119.0,120.0,78.33333333333333,23.01354358645791,17.004166666666666,6.828423916864387
Islamabad,2026-05-27 16:00:00+00:00,25.3,52,1002.8,1.35,29.1,44.4,2234.0,62.3,7.0,46.0,92,16,2,5,0,-0.8660254037844385,-0.5000000000000004,0.8660254037844387,-0.4999999999999998,0.9749279121818236,-0.22252093395631434,-17.0,109.0,122.0,100.0,78.0,22.74241392870046,17.066666666666666,6.935646214001756
Islamabad,2026-05-27 17:00:00+00:00,24.6,54,1003.0,1.3,35.7,49.0,1967.0,78.5,7.4,20.0,69,17,2,5,0,-0.9659258262890683,-0.25881904510252063,0.8660254037844387,-0.4999999999999998,0.9749279121818236,-0.22252093395631434,-23.0,92.0,119.0,75.0,77.75,22.809704265852574,17.099999999999998,7.026409807476966
Islamabad,2026-05-27 18:00:00+00:00,26.5,38,1002.8,1.18,36.2,46.9,1639.0,85.1,7.4,7.0,65,18,2,5,0,-1.0,-1.8369701987210297e-16,0.8660254037844387,-0.4999999999999998,0.9749279121818236,-0.22252093395631434,-4.0,69.0,109.0,63.0,77.83333333333333,22.75706611079327,17.279166666666665,7.461552418414914
Islamabad,2026-05-27 19:00:00+00:00,25.7,38,1002.6,1.12,31.8,41.1,1259.0,74.1,6.8,16.0,66,19,2,5,0,-0.9659258262890684,0.2588190451025203,0.8660254037844387,-0.4999999999999998,0.9749279121818236,-0.22252093395631434,1.0,65.0,92.0,63.0,77.95833333333333,22.680156365281615,17.5125,7.831059259795869
Islamabad,2026-05-27 20:00:00+00:00,25.2,39,1002.3,1.29,26.5,35.5,817.0,53.3,5.9,37.0,66,20,2,5,0,-0.8660254037844386,0.5000000000000001,0.8660254037844387,-0.4999999999999998,0.9749279121818236,-0.22252093395631434,0.0,66.0,69.0,63.0,78.08333333333333,22.602263577805225,17.679166666666667,7.982915407656337
Islamabad,2026-05-27 21:00:00+00:00,24.7,41,1002.2,1.37,22.1,31.2,482.0,37.1,5.1,52.0,66,21,2,5,0,-0.7071067811865477,0.7071067811865474,0.8660254037844387,-0.4999999999999998,0.9749279121818236,-0.22252093395631434,0.0,66.0,65.0,63.0,78.20833333333333,22.523377549379333,17.84166666666667,8.03351223566502
Islamabad,2026-05-27 22:00:00+00:00,24.3,44,1002.4,1.25,20.3,28.8,311.0,31.5,4.5,48.0,67,22,2,5,0,-0.5000000000000004,0.8660254037844384,0.8660254037844387,-0.4999999999999998,0.9749279121818236,-0.22252093395631434,1.0,66.0,66.0,63.0,78.375,22.420511765481354,18.041666666666668,8.032429740510137
Islamabad,2026-05-27 23:00:00+00:00,23.9,44,1002.5,1.25,20.0,27.8,246.0,30.4,4.0,38.0,67,23,2,5,0,-0.25881904510252157,0.9659258262890681,0.8660254037844387,-0.4999999999999998,0.9749279121818236,-0.22252093395631434,0.0,67.0,66.0,63.0,78.54166666666667,22.31587301464583,18.304166666666667,7.987189698220659
Islamabad,2026-05-28 00:00:00+00:00,25.1,46,1002.2,0.65,19.5,25.8,281.0,29.4,4.4,44.0,68,0,3,5,0,0.0,1.0,0.8660254037844387,-0.4999999999999998,0.43388373911755823,-0.900968867902419,1.0,67.0,66.0,63.0,78.75,22.187442590250303,18.65416666666667,7.840473541969182
Islamabad,2026-05-28 01:00:00+00:00,25.9,50,1003.5,0.49,18.4,24.2,498.0,29.0,5.1,58.0,68,1,3,5,0,0.25881904510252074,0.9659258262890683,0.8660254037844387,-0.4999999999999998,0.43388373911755823,-0.900968867902419,0.0,68.0,67.0,62.0,79.0,22.023702646486818,18.975,7.656213731058722
Islamabad,2026-05-28 02:00:00+00:00,27.4,46,1003.6,1.1,20.0,27.0,816.0,28.2,6.1,79.0,69,2,3,5,0,0.49999999999999994,0.8660254037844387,0.8660254037844387,-0.4999999999999998,0.43388373911755823,-0.900968867902419,1.0,68.0,67.0,62.0,79.29166666666667,21.834315167657092,19.295833333333334,7.5245383603402445
Islamabad,2026-05-28 03:00:00+00:00,31.0,36,1003.8,1.08,19.4,34.2,983.0,25.5,7.0,101.0,69,3,3,5,0,0.7071067811865476,0.7071067811865476,0.8660254037844387,-0.4999999999999998,0.43388373911755823,-0.900968867902419,0.0,69.0,68.0,62.0,79.58333333333333,21.63916872683437,19.65,7.309136628964433
Islamabad,2026-05-28 04:00:00+00:00,31.6,28,1004.6,3.47,18.6,39.2,841.0,19.2,7.8,125.0,70,4,3,5,0,0.8660254037844386,0.5000000000000001,0.8660254037844387,-0.4999999999999998,0.43388373911755823,-0.900968867902419,1.0,69.0,68.0,61.0,79.95833333333333,21.379549689540635,20.004166666666666,7.026748841061728
Islamabad,2026-05-28 05:00:00+00:00,34.2,22,1004.0,0.43,17.9,41.8,549.0,11.0,8.4,149.0,71,5,3,5,0,0.9659258262890683,0.25881904510252074,0.8660254037844387,-0.4999999999999998,0.43388373911755823,-0.900968867902419,1.0,70.0,69.0,61.0,80.375,21.089483264125438,20.191666666666666,6.901790357938118
Islamabad,2026-05-28 06:00:00+00:00,35.4,20,1004.2,2.88,17.1,41.3,328.0,4.9,8.5,166.0,71,6,3,5,0,1.0,6.123233995736766e-17,0.8660254037844387,-0.4999999999999998,0.43388373911755823,-0.900968867902419,0.0,71.0,69.0,62.0,80.75,20.8269265511073,20.304166666666667,6.824857327170432
Islamabad,2026-05-28 07:00:00+00:00,36.9,15,1003.8,0.92,15.7,37.5,267.0,2.8,7.5,171.0,71,7,3,5,0,0.9659258262890683,-0.25881904510252063,0.8660254037844387,-0.4999999999999998,0.43388373911755823,-0.900968867902419,0.0,71.0,70.0,62.0,81.125,20.553879354558347,20.370833333333334,6.769206437766653
Islamabad,2026-05-28 08:00:00+00:00,36.4,17,1003.3,1.91,14.3,33.5,277.0,2.9,6.0,168.0,71,8,3,5,0,0.8660254037844387,-0.4999999999999998,0.8660254037844387,-0.4999999999999998,0.43388373911755823,-0.900968867902419,0.0,71.0,71.0,64.0,81.41666666666667,20.348948625050095,20.3875,6.753054864281798
Islamabad,2026-05-28 09:00:00+00:00,36.7,16,1003.0,2.03,13.5,31.7,315.0,3.4,4.8,164.0,83,9,3,5,0,0.7071067811865476,-0.7071067811865475,0.8660254037844387,-0.4999999999999998,0.43388373911755823,-0.900968867902419,12.0,71.0,71.0,85.0,81.33333333333333,20.337728201689533,20.35,6.790146313336833
Islamabad,2026-05-28 10:00:00+00:00,36.2,17,1002.3,1.46,12.7,29.9,364.0,2.2,4.2,164.0,105,10,3,5,0,0.49999999999999994,-0.8660254037844387,0.8660254037844387,-0.4999999999999998,0.43388373911755823,-0.900968867902419,22.0,83.0,71.0,101.0,81.5,20.52146278369574,20.2625,6.877740560488694
Islamabad,2026-05-28 11:00:00+00:00,36.5,17,1001.9,1.93,11.5,27.2,440.0,1.5,3.8,162.0,123,11,3,5,0,0.258819045102521,-0.9659258262890682,0.8660254037844387,-0.4999999999999998,0.43388373911755823,-0.900968867902419,18.0,105.0,71.0,113.0,81.91666666666667,21.276475408232024,20.1125,7.032737886052135
Islamabad,2026-05-28 12:00:00+00:00,35.9,20,1001.6,1.77,11.0,24.2,551.0,6.8,5.7,155.0,136,12,3,5,0,1.2246467991473532e-16,-1.0,0.8660254037844387,-0.4999999999999998,0.43388373911755823,-0.900968867902419,13.0,123.0,83.0,119.0,82.625,22.793615620245042,20.016666666666666,7.144390725637821
Islamabad,2026-05-28 13:00:00+00:00,33.8,33,1001.7,1.27,10.3,21.5,724.0,30.3,6.7,124.0,143,13,3,5,0,-0.2588190451025208,-0.9659258262890683,0.8660254037844387,-0.4999999999999998,0.43388373911755823,-0.900968867902419,7.0,136.0,105.0,122.0,83.5,24.69465705282262,19.9125,7.271284349202451
Islamabad,2026-05-28 14:00:00+00:00,32.5,29,1001.6,0.18,16.8,25.3,931.0,62.7,8.2,80.0,138,14,3,5,0,-0.4999999999999997,-0.8660254037844388,0.8660254037844387,-0.4999999999999998,0.43388373911755823,-0.900968867902419,-5.0,143.0,123.0,119.0,84.29166666666667,26.144214035542014,19.9875,7.227562731895051
Islamabad,2026-05-28 15:00:00+00:00,29.2,33,1002.6,1.38,27.6,35.0,1097.0,87.5,9.2,45.0,119,15,3,5,0,-0.7071067811865471,-0.7071067811865479,0.8660254037844387,-0.4999999999999998,0.43388373911755823,-0.900968867902419,-19.0,138.0,136.0,109.0,84.70833333333333,26.630285418096356,20.25,7.38988733219991
Islamabad,2026-05-28 16:00:00+00:00,27.9,35,1003.4,1.4,39.6,47.6,1215.0,98.3,9.6,24.0,92,16,3,5,0,-0.8660254037844385,-0.5000000000000004,0.8660254037844387,-0.4999999999999998,0.43388373911755823,-0.900968867902419,-27.0,119.0,143.0,92.0,84.70833333333333,26.630285418096356,20.6875,8.202720253989979
Islamabad,2026-05-28 17:00:00+00:00,26.4,42,1003.4,1.25,47.1,55.2,1291.0,101.5,9.6,12.0,72,17,3,5,0,-0.9659258262890683,-0.25881904510252063,0.8660254037844387,-0.4999999999999998,0.43388373911755823,-0.900968867902419,-20.0,92.0,138.0,69.0,84.83333333333333,26.560295091777856,21.1625,9.358502876366314
Islamabad,2026-05-28 18:00:00+00:00,26.8,45,1002.8,0.97,44.6,50.5,1266.0,99.1,9.2,6.0,73,18,3,5,0,-1.0,-1.8369701987210297e-16,0.8660254037844387,-0.4999999999999998,0.43388373911755823,-0.900968867902419,1.0,72.0,119.0,65.0,85.16666666666667,26.34993056119333,21.512500000000003,10.074993257091286
Islamabad,2026-05-28 19:00:00+00:00,26.1,43,1002.0,1.03,39.2,43.9,1062.0,89.8,8.0,9.0,74,19,3,5,0,-0.9659258262890684,0.2588190451025203,0.8660254037844387,-0.4999999999999998,0.43388373911755823,-0.900968867902419,1.0,73.0,92.0,66.0,85.5,26.146743084236004,21.820833333333336,10.507470599806464
Islamabad,2026-05-28 20:00:00+00:00,25.2,44,1001.2,0.9,33.8,38.0,756.0,74.9,6.4,18.0,74,20,3,5,0,-0.8660254037844386,0.5000000000000001,0.8660254037844387,-0.4999999999999998,0.43388373911755823,-0.900968867902419,0.0,74.0,72.0,66.0,85.83333333333333,25.93749454339038,22.125,10.751632838580953
Islamabad,2026-05-28 21:00:00+00:00,24.7,44,1001.0,0.89,29.0,33.4,520.0,60.4,5.2,28.0,75,21,3,5,0,-0.7071067811865477,0.7071067811865474,0.8660254037844387,-0.4999999999999998,0.43388373911755823,-0.900968867902419,1.0,74.0,73.0,66.0,86.20833333333333,25.702273908313455,22.412499999999998,10.842802160680252
Islamabad,2026-05-28 22:00:00+00:00,24.4,44,1000.9,0.98,25.4,30.4,416.0,47.6,4.6,33.0,75,22,3,5,0,-0.5000000000000004,0.8660254037844384,0.8660254037844387,-0.4999999999999998,0.43388373911755823,-0.900968867902419,0.0,75.0,74.0,67.0,86.54166666666667,25.49335662254105,22.625,10.849574225266418
Islamabad,2026-05-28 23:00:00+00:00,23.9,44,1001.3,0.94,23.1,28.9,383.0,35.1,4.3,39.0,76,23,3,5,0,-0.25881904510252157,0.9659258262890681,0.8660254037844387,-0.4999999999999998,0.43388373911755823,-0.900968867902419,1.0,75.0,74.0,67.0,86.91666666666667,25.25851843682024,22.754166666666666,10.835408106784898
Islamabad,2026-05-29 00:00:00+00:00,24.4,43,1001.4,0.5,23.5,28.3,405.0,45.2,4.0,25.0,76,0,4,5,0,0.0,1.0,0.8660254037844387,-0.4999999999999998,-0.433883739117558,-0.9009688679024191,0.0,76.0,75.0,68.0,87.25,25.049950099750685,22.920833333333334,10.813919338023359
Islamabad,2026-05-29 01:00:00+00:00,24.3,47,1002.1,0.6,20.7,26.0,526.0,36.7,6.0,54.0,76,1,4,5,0,0.25881904510252074,0.9659258262890683,0.8660254037844387,-0.4999999999999998,-0.433883739117558,-0.9009688679024191,0.0,76.0,75.0,68.0,87.58333333333333,24.834962498841023,23.01666666666667,10.782258643219219
Islamabad,2026-05-29 02:00:00+00:00,26.0,49,1003.0,0.75,21.6,28.7,704.0,24.9,8.7,94.0,76,2,4,5,0,0.49999999999999994,0.8660254037844387,0.8660254037844387,-0.4999999999999998,-0.433883739117558,-0.9009688679024191,0.0,76.0,76.0,69.0,87.875,24.6476253375981,23.08333333333334,10.767732257583985
Islamabad,2026-05-29 03:00:00+00:00,29.4,32,1004.0,0.9,20.8,31.5,792.0,15.2,10.5,128.0,77,3,4,5,0,0.7071067811865476,0.7071067811865476,0.8660254037844387,-0.4999999999999998,-0.433883739117558,-0.9009688679024191,1.0,76.0,76.0,69.0,88.20833333333333,24.434436082436317,23.141666666666666,10.750689226304512
Islamabad,2026-05-29 04:00:00+00:00,31.2,30,1004.3,2.3,21.0,33.9,700.0,9.6,10.4,151.0,77,4,4,5,0,0.8660254037844386,0.5000000000000001,0.8660254037844387,-0.4999999999999998,-0.433883739117558,-0.9009688679024191,0.0,77.0,76.0,70.0,88.5,24.248711305964264,23.241666666666664,10.717718635680981
Islamabad,2026-05-29 05:00:00+00:00,32.6,28,1004.1,3.29,23.2,42.7,519.0,6.1,9.3,169.0,77,5,4,5,0,0.9659258262890683,0.25881904510252074,0.8660254037844387,-0.4999999999999998,-0.433883739117558,-0.9009688679024191,0.0,77.0,76.0,71.0,88.75,24.090860615955386,23.462500000000002,10.657302558625572
Islamabad,2026-05-29 06:00:00+00:00,34.1,25,1004.0,4.18,26.0,53.7,381.0,3.8,8.5,181.0,77,6,4,5,0,1.0,6.123233995736766e-17,0.8660254037844387,-0.4999999999999998,-0.433883739117558,-0.9009688679024191,0.0,77.0,77.0,71.0,89.0,23.92924352444458,23.833333333333332,10.580855010518924
Islamabad,2026-05-29 07:00:00+00:00,34.7,26,1003.4,4.33,28.8,65.7,337.0,2.8,8.3,188.0,78,7,4,5,0,0.9659258262890683,-0.25881904510252063,0.8660254037844387,-0.4999999999999998,-0.433883739117558,-0.9009688679024191,1.0,77.0,77.0,71.0,89.29166666666667,23.742237480484206,24.379166666666666,10.480457140986658
Islamabad,2026-05-29 08:00:00+00:00,34.9,26,1003.3,4.0,31.4,77.3,336.0,3.0,8.2,189.0,79,8,4,5,0,0.8660254037844387,-0.4999999999999998,0.8660254037844387,-0.4999999999999998,-0.433883739117558,-0.9009688679024191,1.0,78.0,77.0,71.0,89.625,23.529468110546322,25.091666666666665,10.34584212499701
Islamabad,2026-05-29 09:00:00+00:00,34.3,22,1003.2,3.74,33.1,85.0,353.0,3.6,8.3,189.0,112,9,4,5,0,0.7071067811865476,-0.7071067811865475,0.8660254037844387,-0.4999999999999998,-0.433883739117558,-0.9009688679024191,33.0,79.0,77.0,83.0,90.83333333333333,23.915915506054795,25.908333333333335,10.163015500232763
Islamabad,2026-05-29 10:00:00+00:00,33.4,24,1002.6,3.82,33.1,87.1,362.0,4.2,8.4,189.0,141,10,4,5,0,0.49999999999999994,-0.8660254037844387,0.8660254037844387,-0.4999999999999998,-0.433883739117558,-0.9009688679024191,29.0,112.0,78.0,105.0,92.33333333333333,25.890516421649615,26.758333333333336,9.85882595826515
Islamabad,2026-05-29 11:00:00+00:00,33.4,24,1002.8,2.82,32.5,86.4,390.0,5.2,8.7,187.0,158,11,4,5,0,0.258819045102521,-0.9659258262890682,0.8660254037844387,-0.4999999999999998,-0.433883739117558,-0.9009688679024191,17.0,141.0,79.0,123.0,93.79166666666667,28.542842195193316,27.633333333333336,9.365276600138511
Islamabad,2026-05-29 12:00:00+00:00,34.5,23,1001.4,3.66,39.2,74.5,487.0,7.3,9.0,181.0,168,12,4,5,0,1.2246467991473532e-16,-1.0,0.8660254037844387,-0.4999999999999998,-0.433883739117558,-0.9009688679024191,10.0,158.0,112.0,136.0,95.125,31.22194392744778,28.808333333333334,8.947378370793619
Islamabad,2026-05-29 13:00:00+00:00,33.0,28,1002.4,4.12,37.0,66.1,740.0,11.9,9.1,168.0,172,13,4,5,0,-0.2588190451025208,-0.9659258262890683,0.8660254037844387,-0.4999999999999998,-0.433883739117558,-0.9009688679024191,4.0,168.0,141.0,143.0,96.33333333333333,33.6240941906979,29.92083333333333,8.172380801884792
Islamabad,2026-05-29 14:00:00+00:00,30.8,32,1003.5,2.22,35.7,55.8,1064.0,18.3,9.1,150.0,172,14,4,5,0,-0.4999999999999997,-0.8660254037844388,0.8660254037844387,-0.4999999999999998,-0.433883739117558,-0.9009688679024191,0.0,172.0,158.0,138.0,97.75,36.08233338641907,30.708333333333332,7.752919038864593
Islamabad,2026-05-29 15:00:00+00:00,28.9,36,1003.9,1.32,39.8,59.6,1253.0,24.5,9.1,133.0,167,15,4,5,0,-0.7071067811865471,-0.7071067811865479,0.8660254037844387,-0.4999999999999998,-0.433883739117558,-0.9009688679024191,-5.0,172.0,168.0,119.0,99.75,38.556846795123235,31.216666666666665,7.938002523177459
Islamabad,2026-05-29 16:00:00+00:00,28.1,36,1004.1,1.68,44.6,65.9,1188.0,30.5,8.9,117.0,158,16,4,5,0,-0.8660254037844385,-0.5000000000000004,0.8660254037844387,-0.4999999999999998,-0.433883739117558,-0.9009688679024191,-9.0,167.0,172.0,92.0,102.5,40.294567548405816,31.424999999999997,8.227908498571814
Islamabad,2026-05-29 17:00:00+00:00,26.9,38,1004.7,1.27,47.4,67.8,988.0,36.2,8.7,101.0,146,17,4,5,0,-0.9659258262890683,-0.25881904510252063,0.8660254037844387,-0.4999999999999998,-0.433883739117558,-0.9009688679024191,-12.0,158.0,172.0,72.0,105.58333333333333,40.688548401417414,31.4375,8.252947431333155
Islamabad,2026-05-29 18:00:00+00:00,27.4,42,1004.1,0.97,47.8,67.3,808.0,39.1,8.2,89.0,127,18,4,5,0,-1.0,-1.8369701987210297e-16,0.8660254037844387,-0.4999999999999998,-0.433883739117558,-0.9009688679024191,-19.0,146.0,167.0,73.0,107.83333333333333,40.29960261608651,31.570833333333336,8.497082832753096
Islamabad,2026-05-29 19:00:00+00:00,26.5,42,1003.7,0.76,46.2,63.8,698.0,37.5,7.4,82.0,106,19,4,5,0,-0.9659258262890684,0.2588190451025203,0.8660254037844387,-0.4999999999999998,-0.433883739117558,-0.9009688679024191,-21.0,127.0,158.0,74.0,109.16666666666667,39.655765156467744,31.862499999999997,8.881774817740213
Islamabad,2026-05-29 20:00:00+00:00,25.6,41,1003.7,1.35,43.8,59.1,607.0,33.2,6.4,78.0,93,20,4,5,0,-0.8660254037844386,0.5000000000000001,0.8660254037844387,-0.4999999999999998,-0.433883739117558,-0.9009688679024191,-13.0,106.0,146.0,74.0,109.95833333333333,39.10907730356503,32.27916666666667,9.205290499946567
Islamabad,2026-05-29 21:00:00+00:00,24.9,45,1003.9,1.11,41.6,56.1,535.0,28.8,5.7,78.0,94,21,4,5,0,-0.7071067811865477,0.7071067811865474,0.8660254037844387,-0.4999999999999998,-0.433883739117558,-0.9009688679024191,1.0,93.0,127.0,75.0,110.75,38.559102010110145,32.80416666666667,9.3680065703142
Islamabad,2026-05-29 22:00:00+00:00,24.4,47,1004.3,0.97,40.3,57.0,483.0,25.1,5.5,80.0,95,22,4,5,0,-0.5000000000000004,0.8660254037844384,0.8660254037844387,-0.4999999999999998,-0.433883739117558,-0.9009688679024191,1.0,94.0,106.0,75.0,111.58333333333333,37.96441888728535,33.425000000000004,9.34969192703351
Islamabad,2026-05-29 23:00:00+00:00,24.2,48,1005.5,0.43,41.1,63.8,450.0,21.3,5.7,85.0,96,23,4,5,0,-0.25881904510252157,0.9659258262890681,0.8660254037844387,-0.4999999999999998,-0.433883739117558,-0.9009688679024191,1.0,95.0,93.0,76.0,112.41666666666667,37.3641500658709,34.175000000000004,9.206295105264562
Islamabad,2026-05-30 00:00:00+00:00,22.8,53,1006.2,1.1,40.5,57.9,432.0,23.6,5.6,75.0,98,0,5,5,1,0.0,1.0,0.8660254037844387,-0.4999999999999998,-0.9749279121818236,-0.2225209339563146,2.0,96.0,94.0,76.0,113.33333333333333,36.6957723742793,34.88333333333333,9.000950030373252
Islamabad,2026-05-30 01:00:00+00:00,22.6,54,1007.2,2.4,38.6,58.4,436.0,19.2,6.8,100.0,99,1,5,5,1,0.25881904510252074,0.9659258262890683,0.8660254037844387,-0.4999999999999998,-0.9749279121818236,-0.2225209339563146,1.0,98.0,95.0,76.0,114.29166666666667,35.97158198001472,35.62916666666667,8.502402686845423
Islamabad,2026-05-30 02:00:00+00:00,24.8,49,1007.4,2.3,36.2,79.6,454.0,13.1,8.5,134.0,100,2,5,5,1,0.49999999999999994,0.8660254037844387,0.8660254037844387,-0.4999999999999998,-0.9749279121818236,-0.2225209339563146,1.0,99.0,96.0,76.0,115.29166666666667,35.18581627114338,36.2375,7.959998497924322
Islamabad,2026-05-30 03:00:00+00:00,26.3,53,1008.8,3.8,44.2,166.2,460.0,8.3,9.9,160.0,102,3,5,5,1,0.7071067811865476,0.7071067811865476,0.8660254037844387,-0.4999999999999998,-0.9749279121818236,-0.2225209339563146,2.0,100.0,98.0,77.0,116.33333333333333,34.3633610071852,37.2125,7.400312126202405
Islamabad,2026-05-30 04:00:00+00:00,27.6,46,1009.5,4.18,48.4,185.8,437.0,6.3,10.7,169.0,104,4,5,5,1,0.8660254037844386,0.5000000000000001,0.8660254037844387,-0.4999999999999998,-0.9749279121818236,-0.2225209339563146,2.0,102.0,99.0,77.0,117.45833333333333,33.44948061813784,38.354166666666664,6.886090527550753
Islamabad,2026-05-30 05:00:00+00:00,28.8,42,1009.6,4.05,56.0,219.3,401.0,5.6,11.2,170.0,107,5,5,5,1,0.9659258262890683,0.25881904510252074,0.8660254037844387,-0.4999999999999998,-0.9749279121818236,-0.2225209339563146,3.0,104.0,100.0,77.0,118.70833333333333,32.41641984183801,39.72083333333333,7.001613426897489
Islamabad,2026-05-30 06:00:00+00:00,29.6,44,1008.4,3.73,61.0,249.6,371.0,5.2,11.4,171.0,111,6,5,5,1,1.0,6.123233995736766e-17,0.8660254037844387,-0.4999999999999998,-0.9749279121818236,-0.2225209339563146,4.0,107.0,102.0,77.0,120.125,31.23586636906485,41.17916666666667,7.6357841296990205
Islamabad,2026-05-30 07:00:00+00:00,30.2,41,1008.2,3.98,65.0,276.6,350.0,4.8,11.3,176.0,114,7,5,5,1,0.9659258262890683,-0.25881904510252063,0.8660254037844387,-0.4999999999999998,-0.9749279121818236,-0.2225209339563146,3.0,111.0,104.0,78.0,121.625,29.963474141172025,42.6875,8.598802368581
Islamabad,2026-05-30 08:00:00+00:00,30.9,34,1007.8,3.34,68.5,291.5,334.0,4.6,11.1,182.0,118,8,5,5,1,0.8660254037844387,-0.4999999999999998,0.8660254037844387,-0.4999999999999998,-0.9749279121818236,-0.2225209339563146,4.0,114.0,107.0,79.0,123.25,28.576746399522065,44.23333333333333,9.740398468175819
Islamabad,2026-05-30 09:00:00+00:00,30.0,38,1007.6,3.48,69.4,299.9,333.0,4.9,10.9,186.0,135,9,5,5,1,0.7071067811865476,-0.7071067811865475,0.8660254037844387,-0.4999999999999998,-0.9749279121818236,-0.2225209339563146,17.0,118.0,111.0,112.0,124.20833333333333,28.56872593325197,45.74583333333334,10.706843775043593
Islamabad,2026-05-30 10:00:00+00:00,29.3,39,1007.4,2.73,70.8,312.0,312.0,4.3,11.0,189.0,152,10,5,5,1,0.49999999999999994,-0.8660254037844387,0.8660254037844387,-0.4999999999999998,-0.9749279121818236,-0.2225209339563146,17.0,135.0,114.0,141.0,124.66666666666667,28.935710848687105,47.31666666666666,11.506545081393734
Islamabad,2026-05-30 11:00:00+00:00,29.6,40,1007.1,1.68,78.5,338.1,305.0,4.1,11.1,189.0,161,11,5,5,1,0.258819045102521,-0.9659258262890682,0.8660254037844387,-0.4999999999999998,-0.9749279121818236,-0.2225209339563146,9.0,152.0,118.0,158.0,124.79166666666667,29.092026648082488,49.23333333333333,12.70041651719133
Islamabad,2026-05-30 12:00:00+00:00,30.3,42,1005.3,2.65,72.4,262.6,425.0,7.9,10.5,173.0,166,12,5,5,1,1.2246467991473532e-16,-1.0,0.8660254037844387,-0.4999999999999998,-0.9749279121818236,-0.2225209339563146,5.0,161.0,135.0,168.0,124.70833333333333,28.965465444314635,50.61666666666667,13.351458694665684
Islamabad,2026-05-30 13:00:00+00:00,28.9,45,1005.3,2.65,64.5,204.9,807.0,12.5,10.0,159.0,166,13,5,5,1,-0.2588190451025208,-0.9659258262890683,0.8660254037844387,-0.4999999999999998,-0.9749279121818236,-0.2225209339563146,0.0,166.0,152.0,172.0,124.45833333333333,28.562637752180855,51.762499999999996,13.312034845925398
Islamabad,2026-05-30 14:00:00+00:00,27.9,49,1005.7,1.96,58.9,163.9,1317.0,19.0,9.4,139.0,165,14,5,5,1,-0.4999999999999997,-0.8660254037844388,0.8660254037844387,-0.4999999999999998,-0.9749279121818236,-0.2225209339563146,-1.0,166.0,161.0,172.0,124.16666666666667,28.087853891528848,52.729166666666664,12.931844051785955
Islamabad,2026-05-30 15:00:00+00:00,26.8,53,1006.7,1.82,58.8,143.0,1663.0,25.9,8.9,119.0,160,15,5,5,1,-0.7071067811865471,-0.7071067811865479,0.8660254037844387,-0.4999999999999998,-0.9749279121818236,-0.2225209339563146,-5.0,165.0,166.0,167.0,123.875,27.656766606572486,53.520833333333336,12.685149796605497
Islamabad,2026-05-30 16:00:00+00:00,25.9,61,1007.2,0.36,63.6,142.0,1703.0,33.9,8.6,99.0,151,16,5,5,1,-0.8660254037844385,-0.5000000000000004,0.8660254037844387,-0.4999999999999998,-0.9749279121818236,-0.2225209339563146,-9.0,160.0,166.0,158.0,123.58333333333333,27.316051447210576,54.3125,12.697083283693352
Islamabad,2026-05-30 17:00:00+00:00,24.9,64,1007.6,0.74,69.2,149.5,1579.0,42.2,8.5,79.0,147,17,5,5,1,-0.9659258262890683,-0.25881904510252063,0.8660254037844387,-0.4999999999999998,-0.9749279121818236,-0.2225209339563146,-4.0,151.0,165.0,146.0,123.625,27.352469882912597,55.22083333333333,12.958159395822308
Islamabad,2026-05-30 18:00:00+00:00,24.7,65,1007.0,1.22,74.3,160.7,1429.0,47.0,8.3,65.0,149,18,5,5,1,-1.0,-1.8369701987210297e-16,0.8660254037844387,-0.4999999999999998,-0.9749279121818236,-0.2225209339563146,2.0,147.0,160.0,127.0,124.54166666666667,27.834884535442885,56.324999999999996,13.419170258804543
Islamabad,2026-05-30 19:00:00+00:00,24.2,69,1007.3,0.36,79.4,178.8,1286.0,45.6,8.0,62.0,151,19,5,5,1,-0.9659258262890684,0.2588190451025203,0.8660254037844387,-0.4999999999999998,-0.9749279121818236,-0.2225209339563146,2.0,149.0,151.0,106.0,126.41666666666667,28.04641597914696,57.708333333333336,14.027485958604359
Islamabad,2026-05-30 20:00:00+00:00,23.8,70,1007.7,0.46,82.0,195.1,1118.0,40.7,7.7,64.0,152,20,5,5,1,-0.8660254037844386,0.5000000000000001,0.8660254037844387,-0.4999999999999998,-0.9749279121818236,-0.2225209339563146,1.0,151.0,147.0,93.0,128.875,27.571744358246697,59.300000000000004,14.538644156627722
Islamabad,2026-05-30 21:00:00+00:00,23.4,72,1008.3,0.21,77.1,186.7,962.0,36.0,7.4,66.0,153,21,5,5,1,-0.7071067811865477,0.7071067811865474,0.8660254037844387,-0.4999999999999998,-0.9749279121818236,-0.2225209339563146,1.0,152.0,149.0,94.0,131.33333333333334,26.950303163038747,60.77916666666667,14.465250089263217
Islamabad,2026-05-30 22:00:00+00:00,23.1,70,1008.3,1.07,72.2,163.9,832.0,33.4,6.9,61.0,154,22,5,5,1,-0.5000000000000004,0.8660254037844384,0.8660254037844387,-0.4999999999999998,-0.9749279121818236,-0.2225209339563146,1.0,153.0,151.0,95.0,133.79166666666666,26.171639424096327,62.10833333333334,13.958382760025042
Islamabad,2026-05-30 23:00:00+00:00,22.9,71,1008.4,1.54,68.5,143.4,714.0,31.1,6.5,55.0,155,23,5,5,1,-0.25881904510252157,0.9659258262890681,0.8660254037844387,-0.4999999999999998,-0.9749279121818236,-0.2225209339563146,1.0,154.0,152.0,96.0,136.25,25.221195365251003,63.25,13.268891372713531
Islamabad,2026-05-31 00:00:00+00:00,22.7,74,1008.8,1.44,41.1,69.8,610.0,19.4,5.8,74.0,156,0,6,5,1,0.0,1.0,0.8660254037844387,-0.4999999999999998,-0.7818314824680299,0.6234898018587334,1.0,155.0,153.0,98.0,138.66666666666666,24.152894626536252,63.275,13.224655826868707
Islamabad,2026-05-31 01:00:00+00:00,23.1,73,1009.3,1.53,42.7,78.2,518.0,16.4,6.7,94.0,156,1,6,5,1,0.25881904510252074,0.9659258262890683,0.8660254037844387,-0.4999999999999998,-0.7818314824680299,0.6234898018587334,0.0,156.0,154.0,99.0,141.04166666666666,22.850133986224005,63.44583333333333,12.914904741915661
Islamabad,2026-05-31 02:00:00+00:00,24.5,67,1009.6,1.03,44.9,100.1,440.0,12.2,7.9,122.0,156,2,6,5,1,0.49999999999999994,0.8660254037844387,0.8660254037844387,-0.4999999999999998,-0.7818314824680299,0.6234898018587334,0.0,156.0,155.0,100.0,143.375,21.28239219146398,63.80833333333334,12.220329343981053
Islamabad,2026-05-31 03:00:00+00:00,26.3,57,1010.0,0.92,43.3,105.9,382.0,8.6,8.8,145.0,156,3,6,5,1,0.7071067811865476,0.7071067811865476,0.8660254037844387,-0.4999999999999998,-0.7818314824680299,0.6234898018587334,0.0,156.0,156.0,102.0,145.625,19.49763084827575,63.770833333333336,12.284330038417059
Islamabad,2026-05-31 04:00:00+00:00,27.9,47,1009.9,1.21,41.9,111.8,352.0,6.2,9.2,160.0,156,4,6,5,1,0.8660254037844386,0.5000000000000001,0.8660254037844387,-0.4999999999999998,-0.7818314824680299,0.6234898018587334,0.0,156.0,156.0,104.0,147.79166666666666,17.45299069093754,63.5,12.702481784212992
Islamabad,2026-05-31 05:00:00+00:00,29.1,43,1009.7,1.61,49.2,140.6,343.0,4.4,9.3,170.0,156,5,6,5,1,0.9659258262890683,0.25881904510252074,0.8660254037844387,-0.4999999999999998,-0.7818314824680299,0.6234898018587334,0.0,156.0,156.0,107.0,149.83333333333334,15.193438705906106,63.21666666666666,12.950463032402556
Islamabad,2026-05-31 06:00:00+00:00,30.0,39,1010.0,1.8,47.5,139.2,340.0,3.2,9.4,177.0,156,6,6,5,1,1.0,6.123233995736766e-17,0.8660254037844387,-0.4999999999999998,-0.7818314824680299,0.6234898018587334,0.0,156.0,156.0,111.0,151.70833333333334,12.777286800060287,62.65416666666666,13.33830636425287
Islamabad,2026-05-31 07:00:00+00:00,30.7,38,1009.5,1.44,45.8,132.2,339.0,2.7,9.6,182.0,155,7,6,5,1,0.9659258262890683,-0.25881904510252063,0.8660254037844387,-0.4999999999999998,-0.7818314824680299,0.6234898018587334,-1.0,156.0,156.0,114.0,153.41666666666666,9.942953225302814,61.854166666666664,13.760592099453358
Islamabad,2026-05-31 08:00:00+00:00,31.6,36,1008.8,1.93,46.6,129.9,343.0,2.8,9.8,183.0,155,8,6,5,1,0.8660254037844387,-0.4999999999999998,0.8660254037844387,-0.4999999999999998,-0.7818314824680299,0.6234898018587334,0.0,155.0,156.0,118.0,154.95833333333334,6.477245567747691,60.94166666666666,14.02432410730259
Islamabad,2026-05-31 09:00:00+00:00,31.7,36,1008.2,2.48,46.7,128.5,351.0,3.1,9.9,183.0,154,9,6,5,1,0.7071067811865476,-0.7071067811865475,0.8660254037844387,-0.4999999999999998,-0.7818314824680299,0.6234898018587334,-1.0,155.0,156.0,135.0,155.75,4.90119772406849,59.99583333333334,14.19352207313539
Islamabad,2026-05-31 10:00:00+00:00,31.5,37,1007.8,1.93,48.3,131.8,342.0,3.5,10.0,182.0,153,10,6,5,1,0.49999999999999994,-0.8660254037844387,0.8660254037844387,-0.4999999999999998,-0.7818314824680299,0.6234898018587334,-1.0,154.0,155.0,152.0,155.79166666666666,4.872095939178442,59.05833333333334,14.191942498617298
Islamabad,2026-05-31 11:00:00+00:00,31.5,37,1007.3,1.41,46.8,125.7,336.0,4.1,10.1,179.0,158,11,6,5,1,0.258819045102521,-0.9659258262890682,0.8660254037844387,-0.4999999999999998,-0.7818314824680299,0.6234898018587334,5.0,153.0,155.0,161.0,155.66666666666666,4.770075805308044,57.737500000000004,13.772809144801657
Islamabad,2026-05-31 12:00:00+00:00,31.5,36,1006.6,2.13,45.6,122.5,389.0,5.5,10.2,176.0,163,12,6,5,1,1.2246467991473532e-16,-1.0,0.8660254037844387,-0.4999999999999998,-0.7818314824680299,0.6234898018587334,5.0,158.0,154.0,166.0,155.54166666666666,4.520284395308791,56.62083333333334,13.61789038015062
Islamabad,2026-05-31 13:00:00+00:00,30.3,39,1006.5,2.78,44.7,119.0,558.0,7.8,10.2,165.0,166,13,6,5,1,-0.2588190451025208,-0.9659258262890683,0.8660254037844387,-0.4999999999999998,-0.7818314824680299,0.6234898018587334,3.0,163.0,153.0,166.0,155.54166666666666,4.520284395308791,55.79583333333333,13.719186158099225
Islamabad,2026-05-31 14:00:00+00:00,28.6,44,1006.9,1.88,45.1,115.9,785.0,11.1,10.1,150.0,165,14,6,5,1,-0.4999999999999997,-0.8660254037844388,0.8660254037844387,-0.4999999999999998,-0.7818314824680299,0.6234898018587334,-1.0,166.0,158.0,165.0,155.54166666666666,4.520284395308791,55.22083333333333,13.8717723756044
Islamabad,2026-05-31 15:00:00+00:00,27.8,54,1007.4,0.16,46.6,110.4,956.0,14.2,9.8,135.0,161,15,6,5,1,-0.7071067811865471,-0.7071067811865479,0.8660254037844387,-0.4999999999999998,-0.7818314824680299,0.6234898018587334,-4.0,165.0,163.0,160.0,155.58333333333334,4.567528745455151,54.7125,13.95817704866007
Islamabad,2026-05-31 16:00:00+00:00,26.7,56,1008.3,0.6,49.1,115.9,1034.0,16.8,9.1,122.0,153,16,6,5,1,-0.8660254037844385,-0.5000000000000004,0.8660254037844387,-0.4999999999999998,-0.7818314824680299,0.6234898018587334,-8.0,161.0,166.0,151.0,155.66666666666666,4.4979866671601405,54.10833333333334,13.870297218428227
Islamabad,2026-05-31 17:00:00+00:00,25.8,55,1009.2,0.96,51.6,119.0,1056.0,19.3,8.2,110.0,147,17,6,5,1,-0.9659258262890683,-0.25881904510252063,0.8660254037844387,-0.4999999999999998,-0.7818314824680299,0.6234898018587334,-6.0,153.0,165.0,147.0,155.66666666666666,4.4979866671601405,53.375,13.497962809253904
Islamabad,2026-05-31 18:00:00+00:00,26.0,55,1009.4,1.77,54.4,124.8,1014.0,21.5,7.4,98.0,145,18,6,5,1,-1.0,-1.8369701987210297e-16,0.8660254037844387,-0.4999999999999998,-0.7818314824680299,0.6234898018587334,-2.0,147.0,161.0,149.0,155.5,4.818442829828663,52.54583333333334,12.747002347241537
Islamabad,2026-05-31 19:00:00+00:00,25.3,55,1009.1,1.48,57.7,132.2,868.0,24.0,6.9,84.0,143,19,6,5,1,-0.9659258262890684,0.2588190451025203,0.8660254037844387,-0.4999999999999998,-0.7818314824680299,0.6234898018587334,-2.0,145.0,153.0,151.0,155.16666666666666,5.386510257448948,51.64166666666666,11.464459890448902
Islamabad,2026-05-31 20:00:00+00:00,24.8,57,1008.8,1.0,60.3,134.6,658.0,26.2,6.4,71.0,140,20,6,5,1,-0.8660254037844386,0.5000000000000001,0.8660254037844387,-0.4999999999999998,-0.7818314824680299,0.6234898018587334,-3.0,143.0,147.0,152.0,154.66666666666666,6.190221367583703,50.737500000000004,9.683460237637911
Islamabad,2026-05-31 21:00:00+00:00,24.4,58,1008.3,0.95,61.0,132.2,493.0,26.9,6.2,63.0,138,21,6,5,1,-0.7071067811865477,0.7071067811865474,0.8660254037844387,-0.4999999999999998,-0.7818314824680299,0.6234898018587334,-2.0,140.0,145.0,153.0,154.04166666666666,7.061710389358114,50.06666666666667,8.225710841050828
Islamabad,2026-05-31 22:00:00+00:00,24.0,61,1007.8,0.9,59.8,126.2,414.0,25.0,6.0,63.0,136,22,6,5,1,-0.5000000000000004,0.8660254037844384,0.8660254037844387,-0.4999999999999998,-0.7818314824680299,0.6234898018587334,-2.0,138.0,143.0,154.0,153.29166666666666,7.96448184218364,49.550000000000004,7.085441289070918
Islamabad,2026-05-31 23:00:00+00:00,23.4,64,1007.7,0.96,58.0,119.7,380.0,21.5,5.9,70.0,135,23,6,5,1,-0.25881904510252157,0.9659258262890681,0.8660254037844387,-0.4999999999999998,-0.7818314824680299,0.6234898018587334,-1.0,136.0,140.0,155.0,152.45833333333334,8.782290315651506,49.112500000000004,6.12332053283408
Islamabad,2026-06-01 00:00:00+00:00,23.6,68,1008.0,0.66,58.2,118.3,377.0,20.8,6.7,69.0,134,0,0,6,0,0.0,1.0,0.49999999999999994,-0.8660254037844387,0.0,1.0,-1.0,135.0,138.0,156.0,151.54166666666666,9.514196105620936,49.82500000000001,6.145288049993483
Islamabad,2026-06-01 01:00:00+00:00,24.3,63,1008.5,0.97,59.6,123.4,423.0,18.5,9.4,89.0,136,1,0,6,0,0.25881904510252074,0.9659258262890683,0.49999999999999994,-0.8660254037844387,0.0,1.0,2.0,134.0,136.0,156.0,150.70833333333334,9.971608246139322,50.52916666666667,6.260537493709815
Islamabad,2026-06-01 02:00:00+00:00,25.9,54,1009.2,1.15,55.8,138.3,500.0,15.2,13.0,118.0,138,2,0,6,0,0.49999999999999994,0.8660254037844387,0.49999999999999994,-0.8660254037844387,0.0,1.0,2.0,136.0,135.0,156.0,149.95833333333334,10.229875967909962,50.98333333333333,6.229709091307579
Islamabad,2026-06-01 03:00:00+00:00,27.2,50,1009.5,1.69,49.5,129.5,543.0,12.0,15.6,143.0,139,3,0,6,0,0.7071067811865476,0.7071067811865476,0.49999999999999994,-0.8660254037844387,0.0,1.0,1.0,138.0,134.0,156.0,149.25,10.380793301342571,51.24166666666667,6.022343662429709
Islamabad,2026-06-01 04:00:00+00:00,28.6,46,1009.7,2.09,46.4,122.5,513.0,9.0,16.1,160.0,139,4,0,6,0,0.8660254037844386,0.5000000000000001,0.49999999999999994,-0.8660254037844387,0.0,1.0,0.0,139.0,136.0,156.0,148.54166666666666,10.47970778992909,51.42916666666667,5.7841973000407405
Islamabad,2026-06-01 05:00:00+00:00,29.6,44,1009.9,2.19,45.2,117.1,448.0,6.0,15.5,173.0,140,5,0,6,0,0.9659258262890683,0.25881904510252074,0.49999999999999994,-0.8660254037844387,0.0,1.0,1.0,139.0,138.0,156.0,147.875,10.493528026110399,51.26250000000001,5.907534798145994
Islamabad,2026-06-01 06:00:00+00:00,30.4,43,1009.9,2.31,44.7,114.6,401.0,3.9,14.6,182.0,139,6,0,6,0,1.0,6.123233995736766e-17,0.49999999999999994,-0.8660254037844387,0.0,1.0,-1.0,140.0,139.0,156.0,147.16666666666666,10.494995356655181,51.145833333333336,6.011798484188756
Islamabad,2026-06-01 07:00:00+00:00,31.3,41,1009.3,1.52,46.8,121.5,393.0,3.0,13.6,185.0,139,7,0,6,0,0.9659258262890683,-0.25881904510252063,0.49999999999999994,-0.8660254037844387,0.0,1.0,0.0,139.0,139.0,155.0,146.5,10.483942172591517,51.1875,5.976498356788625
Islamabad,2026-06-01 08:00:00+00:00,31.8,41,1008.8,1.07,63.1,162.1,403.0,3.0,12.3,184.0,139,8,0,6,0,0.8660254037844387,-0.4999999999999998,0.49999999999999994,-0.8660254037844387,0.0,1.0,0.0,139.0,140.0,155.0,145.83333333333334,10.428500524446838,51.875,6.362406572304685
Islamabad,2026-06-01 09:00:00+00:00,32.0,41,1007.7,1.36,46.7,119.2,418.0,3.6,11.5,181.0,141,9,0,6,0,0.7071067811865476,-0.7071067811865475,0.49999999999999994,-0.8660254037844387,0.0,1.0,2.0,139.0,139.0,154.0,145.29166666666666,10.322955284078473,51.875,6.362406572304685
Islamabad,2026-06-01 10:00:00+00:00,32.1,40,1007.2,1.86,45.3,113.9,382.0,4.9,11.6,177.0,149,10,0,6,0,0.49999999999999994,-0.8660254037844387,0.49999999999999994,-0.8660254037844387,0.0,1.0,8.0,141.0,139.0,153.0,145.125,10.224916285401093,51.75,6.464350399456857
Islamabad,2026-06-01 11:00:00+00:00,31.7,41,1006.7,1.81,44.5,111.1,352.0,6.9,12.1,172.0,158,11,0,6,0,0.258819045102521,-0.9659258262890682,0.49999999999999994,-0.8660254037844387,0.0,1.0,9.0,149.0,139.0,158.0,145.125,10.224916285401093,51.65416666666667,6.557304534153092
Islamabad,2026-06-01 12:00:00+00:00,32.0,38,1006.4,1.71,51.0,130.4,483.0,8.3,10.8,165.0,163,12,0,6,0,1.2246467991473532e-16,-1.0,0.49999999999999994,-0.8660254037844387,0.0,1.0,5.0,158.0,141.0,163.0,145.125,10.224916285401093,51.87916666666666,6.431983882649908
Islamabad,2026-06-01 13:00:00+00:00,31.2,39,1006.0,1.79,52.3,132.2,958.0,11.6,11.0,154.0,164,13,0,6,0,-0.2588190451025208,-0.9659258262890683,0.49999999999999994,-0.8660254037844387,0.0,1.0,1.0,163.0,149.0,166.0,145.04166666666666,10.054110847186761,52.19583333333333,6.247606788179909
Islamabad,2026-06-01 14:00:00+00:00,30.1,48,1006.3,0.18,53.0,133.6,1594.0,16.4,11.3,139.0,161,14,0,6,0,-0.4999999999999997,-0.8660254037844388,0.49999999999999994,-0.8660254037844387,0.0,1.0,-3.0,164.0,158.0,165.0,144.875,9.737031509072871,52.525,6.062877061335741
Islamabad,2026-06-01 15:00:00+00:00,28.9,50,1006.8,0.51,54.1,126.2,1998.0,22.0,11.3,122.0,154,15,0,6,0,-0.7071067811865471,-0.7071067811865479,0.49999999999999994,-0.8660254037844387,0.0,1.0,-7.0,161.0,163.0,161.0,144.58333333333334,9.329321083768116,52.837500000000006,5.9361686150317965
Islamabad,2026-06-01 16:00:00+00:00,28.2,53,1007.7,0.5,56.7,122.0,1970.0,29.6,11.0,103.0,143,16,0,6,0,-0.8660254037844385,-0.5000000000000004,0.49999999999999994,-0.8660254037844387,0.0,1.0,-11.0,154.0,164.0,153.0,144.16666666666666,9.158824049570823,53.15416666666666,5.930831686429417
Islamabad,2026-06-01 17:00:00+00:00,27.3,56,1008.0,0.76,62.4,132.2,1711.0,37.9,10.5,82.0,144,17,0,6,0,-0.9659258262890683,-0.25881904510252063,0.49999999999999994,-0.8660254037844387,0.0,1.0,1.0,143.0,161.0,147.0,144.04166666666666,9.138923762468659,53.604166666666664,6.210893597169727
Islamabad,2026-06-01 18:00:00+00:00,28.2,57,1007.6,0.22,64.5,135.5,1428.0,42.4,9.9,68.0,145,18,0,6,0,-1.0,-1.8369701987210297e-16,0.49999999999999994,-0.8660254037844387,0.0,1.0,1.0,144.0,154.0,145.0,144.04166666666666,9.138923762468659,54.025,6.597315000619033
Islamabad,2026-06-01 19:00:00+00:00,26.9,57,1007.6,0.85,62.9,131.8,1161.0,39.9,9.2,64.0,146,19,0,6,0,-0.9659258262890684,0.2588190451025203,0.49999999999999994,-0.8660254037844387,0.0,1.0,1.0,145.0,143.0,143.0,144.16666666666666,9.144571526636964,54.241666666666674,6.805363400619718
Islamabad,2026-06-01 20:00:00+00:00,26.3,59,1007.7,0.92,62.4,130.9,870.0,33.5,8.3,67.0,147,20,0,6,0,-0.8660254037844386,0.5000000000000001,0.49999999999999994,-0.8660254037844387,0.0,1.0,1.0,146.0,144.0,140.0,144.45833333333334,9.117489960969968,54.32916666666666,6.899494572961157
Islamabad,2026-06-01 21:00:00+00:00,26.1,60,1007.6,0.94,63.1,131.8,642.0,27.9,7.7,70.0,147,21,0,6,0,-0.7071067811865477,0.7071067811865474,0.49999999999999994,-0.8660254037844387,0.0,1.0,0.0,147.0,145.0,138.0,144.83333333333334,9.02492522751857,54.416666666666664,7.000351958025647
Islamabad,2026-06-01 22:00:00+00:00,25.8,61,1007.8,1.04,60.8,121.5,515.0,24.8,7.3,69.0,147,22,0,6,0,-0.5000000000000004,0.8660254037844384,0.49999999999999994,-0.8660254037844387,0.0,1.0,0.0,147.0,146.0,136.0,145.29166666666666,8.834119461873316,54.458333333333336,7.03666896655862
Islamabad,2026-06-01 23:00:00+00:00,25.2,65,1008.4,1.0,57.3,106.9,452.0,22.4,7.0,69.0,147,23,0,6,0,-0.25881904510252157,0.9659258262890681,0.49999999999999994,-0.8660254037844387,0.0,1.0,0.0,147.0,147.0,135.0,145.79166666666666,8.561690033624565,54.42916666666667,7.022787701579117
Islamabad,2026-06-02 00:00:00+00:00,26.2,58,1008.7,2.84,49.8,97.1,427.0,11.2,7.4,111.0,147,0,1,6,0,0.0,1.0,0.49999999999999994,-0.8660254037844387,0.7818314824680298,0.6234898018587336,0.0,147.0,147.0,134.0,146.33333333333334,8.18623800983121,54.07916666666666,7.035993126443766
Islamabad,2026-06-02 01:00:00+00:00,25.6,63,1009.2,2.66,53.6,107.3,452.0,12.4,8.5,117.0,146,1,1,6,0,0.25881904510252074,0.9659258262890683,0.49999999999999994,-0.8660254037844387,0.7818314824680298,0.6234898018587336,-1.0,147.0,147.0,136.0,146.75,7.886422013428844,53.82916666666667,6.937201488551072
Islamabad,2026-06-02 02:00:00+00:00,27.1,60,1009.5,1.44,54.9,116.4,515.0,14.0,9.9,126.0,146,2,1,6,0,0.49999999999999994,0.8660254037844387,0.49999999999999994,-0.8660254037844387,0.7818314824680298,0.6234898018587336,0.0,146.0,147.0,138.0,147.08333333333334,7.666509135116357,53.791666666666664,6.928511771103548
Islamabad,2026-06-02 03:00:00+00:00,29.2,47,1009.5,1.31,56.1,126.2,553.0,14.1,11.2,137.0,146,3,1,6,0,0.7071067811865476,0.7071067811865476,0.49999999999999994,-0.8660254037844387,0.7818314824680298,0.6234898018587336,0.0,146.0,147.0,139.0,147.375,7.476412183020458,54.06666666666667,6.8815864365754775
Islamabad,2026-06-02 04:00:00+00:00,30.5,45,1009.6,1.49,57.6,138.8,531.0,11.4,12.0,150.0,146,4,1,6,0,0.8660254037844386,0.5000000000000001,0.49999999999999994,-0.8660254037844387,0.7818314824680298,0.6234898018587336,0.0,146.0,146.0,139.0,147.66666666666666,7.269152612934114,54.53333333333333,6.716861758593785
Islamabad,2026-06-02 05:00:00+00:00,30.9,45,1009.2,1.45,68.2,173.7,483.0,7.3,12.6,165.0,148,5,1,6,0,0.9659258262890683,0.25881904510252074,0.49999999999999994,-0.8660254037844387,0.7818314824680298,0.6234898018587336,2.0,146.0,146.0,140.0,148.0,7.083354646172967,55.49166666666667,6.963564596100164
Islamabad,2026-06-02 06:00:00+00:00,31.6,41,1009.3,0.98,63.6,166.2,453.0,4.2,12.9,176.0,150,6,1,6,0,1.0,6.123233995736766e-17,0.49999999999999994,-0.8660254037844387,0.7818314824680298,0.6234898018587336,2.0,148.0,146.0,139.0,148.45833333333334,6.826923469466525,56.27916666666667,6.755672602993892
Islamabad,2026-06-02 07:00:00+00:00,32.3,41,1008.2,1.33,76.4,200.7,460.0,3.2,12.8,182.0,151,7,1,6,0,0.9659258262890683,-0.25881904510252063,0.49999999999999994,-0.8660254037844387,0.7818314824680298,0.6234898018587336,1.0,150.0,146.0,139.0,148.95833333333334,6.5373785908849955,57.512499999999996,7.599159707551309
Islamabad,2026-06-02 08:00:00+00:00,32.4,40,1007.8,1.81,65.2,168.6,483.0,3.3,12.4,184.0,151,8,1,6,0,0.8660254037844387,-0.4999999999999998,0.49999999999999994,-0.8660254037844387,0.7818314824680298,0.6234898018587336,0.0,151.0,148.0,139.0,149.45833333333334,6.192415884994751,57.6,7.677975276583522
Islamabad,2026-06-02 09:00:00+00:00,33.0,39,1006.7,1.74,60.5,149.9,505.0,3.8,11.9,184.0,152,9,1,6,0,0.7071067811865476,-0.7071067811865475,0.49999999999999994,-0.8660254037844387,0.7818314824680298,0.6234898018587336,1.0,151.0,150.0,141.0,149.91666666666666,5.941136376927986,58.175000000000004,7.33527806888245
Islamabad,2026-06-02 10:00:00+00:00,32.8,39,1005.8,2.31,56.7,137.8,476.0,4.4,11.4,181.0,152,10,1,6,0,0.49999999999999994,-0.8660254037844387,0.49999999999999994,-0.8660254037844387,0.7818314824680298,0.6234898018587336,0.0,152.0,151.0,149.0,150.04166666666666,5.952560038712282,58.65,6.816029699874186
Islamabad,2026-06-02 11:00:00+00:00,33.1,36,1005.6,3.16,54.2,130.4,444.0,5.4,10.8,175.0,154,11,1,6,0,0.258819045102521,-0.9659258262890682,0.49999999999999994,-0.8660254037844387,0.7818314824680298,0.6234898018587336,2.0,152.0,151.0,158.0,149.875,5.773345801102865,59.05416666666667,6.200279037666716
Islamabad,2026-06-02 12:00:00+00:00,33.8,34,1004.4,2.04,46.9,104.8,538.0,10.2,8.0,156.0,160,12,1,6,0,1.2246467991473532e-16,-1.0,0.49999999999999994,-0.8660254037844387,0.7818314824680298,0.6234898018587336,6.0,154.0,152.0,163.0,149.75,5.50296362841277,58.88333333333333,6.481925818677837
Islamabad,2026-06-02 13:00:00+00:00,31.4,40,1004.5,4.46,48.3,100.8,872.0,13.1,9.1,149.0,161,13,1,6,0,-0.2588190451025208,-0.9659258262890683,0.49999999999999994,-0.8660254037844387,0.7818314824680298,0.6234898018587336,1.0,160.0,152.0,164.0,149.625,5.190396650669968,58.71666666666667,6.706107966471519
Islamabad,2026-06-02 14:00:00+00:00,29.1,49,1005.4,2.06,49.5,98.7,1332.0,17.2,10.5,138.0,159,14,1,6,0,-0.4999999999999997,-0.8660254037844388,0.49999999999999994,-0.8660254037844387,0.7818314824680298,0.6234898018587336,-2.0,161.0,154.0,161.0,149.54166666666666,5.012845817336444,58.57083333333333,6.87183787622374
Islamabad,2026-06-02 15:00:00+00:00,28.3,57,1005.9,0.28,49.8,92.4,1702.0,21.0,11.1,125.0,153,15,1,6,0,-0.7071067811865471,-0.7071067811865479,0.49999999999999994,-0.8660254037844387,0.7818314824680298,0.6234898018587336,-6.0,159.0,160.0,154.0,149.5,4.9782134039868025,58.39166666666666,7.047288511358151
Islamabad,2026-06-02 16:00:00+00:00,27.4,60,1006.4,0.3,49.7,85.2,1927.0,24.0,10.2,110.0,152,16,1,6,0,-0.8660254037844385,-0.5000000000000004,0.49999999999999994,-0.8660254037844387,0.7818314824680298,0.6234898018587336,-1.0,153.0,161.0,143.0,149.875,4.803191873524804,58.1,7.261931710909623
Islamabad,2026-06-02 17:00:00+00:00,26.9,60,1006.2,0.52,48.0,76.1,2062.0,26.7,8.5,94.0,152,17,1,6,0,-0.9659258262890683,-0.25881904510252063,0.49999999999999994,-0.8660254037844387,0.7818314824680298,0.6234898018587336,0.0,152.0,159.0,144.0,150.20833333333334,4.6529949837521025,57.5,7.482733748291983
Islamabad,2026-06-02 18:00:00+00:00,26.3,64,1006.8,0.83,45.1,69.4,2053.0,28.5,6.9,79.0,151,18,1,6,0,-1.0,-1.8369701987210297e-16,0.49999999999999994,-0.8660254037844387,0.7818314824680298,0.6234898018587336,-1.0,152.0,153.0,145.0,150.45833333333334,4.520284395309038,56.69166666666666,7.737200744605278
Islamabad,2026-06-02 19:00:00+00:00,25.9,66,1006.6,0.0,43.1,60.8,1818.0,29.4,5.8,65.0,151,19,1,6,0,-0.9659258262890684,0.2588190451025203,0.49999999999999994,-0.8660254037844387,0.7818314824680298,0.6234898018587336,0.0,151.0,152.0,146.0,150.66666666666666,4.41998098231651,55.86666666666667,8.093833759568936
Islamabad,2026-06-02 20:00:00+00:00,25.6,63,1006.3,0.91,39.1,51.1,1440.0,29.5,4.9,51.0,150,20,1,6,0,-0.8660254037844386,0.5000000000000001,0.49999999999999994,-0.8660254037844387,0.7818314824680298,0.6234898018587336,-1.0,151.0,152.0,147.0,150.79166666666666,4.353700741312978,54.895833333333336,8.654100770439934
Islamabad,2026-06-02 21:00:00+00:00,25.4,64,1005.8,1.27,35.2,43.7,1111.0,28.4,4.3,44.0,148,21,1,6,0,-0.7071067811865477,0.7071067811865474,0.49999999999999994,-0.8660254037844387,0.7818314824680298,0.6234898018587336,-2.0,150.0,151.0,147.0,150.83333333333334,4.3204937989364485,53.73333333333333,9.350036813071837
Islamabad,2026-06-02 22:00:00+00:00,24.9,67,1005.4,1.0,32.0,39.2,893.0,25.4,3.8,44.0,146,22,1,6,0,-0.5000000000000004,0.8660254037844384,0.49999999999999994,-0.8660254037844387,0.7818314824680298,0.6234898018587336,-2.0,148.0,151.0,147.0,150.79166666666666,4.363675820526578,52.53333333333333,10.212041769472481
Islamabad,2026-06-02 23:00:00+00:00,24.7,71,1005.4,0.66,29.6,38.6,725.0,21.3,3.6,49.0,143,23,1,6,0,-0.25881904510252157,0.9659258262890681,0.49999999999999994,-0.8660254037844387,0.7818314824680298,0.6234898018587336,-3.0,146.0,150.0,147.0,150.625,4.58553965341323,51.37916666666666,11.170262507781763
Islamabad,2026-06-03 00:00:00+00:00,25.0,71,1005.5,0.21,30.2,55.8,612.0,11.0,4.9,91.0,140,0,2,6,0,0.0,1.0,0.49999999999999994,-0.8660254037844387,0.9749279121818236,-0.22252093395631434,-3.0,143.0,148.0,147.0,150.33333333333334,5.027460822206598,50.5625,11.978016548443396
Islamabad,2026-06-03 01:00:00+00:00,25.5,64,1006.1,0.8,28.8,52.2,586.0,12.4,7.1,99.0,138,1,2,6,0,0.25881904510252074,0.9659258262890683,0.49999999999999994,-0.8660254037844387,0.9749279121818236,-0.22252093395631434,-2.0,140.0,146.0,146.0,150.0,5.563858529753621,49.52916666666666,12.749474982086193
Islamabad,2026-06-03 02:00:00+00:00,26.0,60,1006.8,0.96,29.2,54.6,615.0,14.1,10.3,110.0,135,2,2,6,0,0.49999999999999994,0.8660254037844387,0.49999999999999994,-0.8660254037844387,0.9749279121818236,-0.22252093395631434,-3.0,138.0,143.0,146.0,149.54166666666666,6.310647776757989,48.458333333333336,13.344170414753107
Islamabad,2026-06-03 03:00:00+00:00,27.8,54,1006.7,0.28,34.5,72.4,616.0,14.3,12.8,124.0,132,3,2,6,0,0.7071067811865476,0.7071067811865476,0.49999999999999994,-0.8660254037844387,0.9749279121818236,-0.22252093395631434,-3.0,135.0,140.0,146.0,148.95833333333334,7.232049241526621,47.55833333333333,13.53343417539359
Islamabad,2026-06-03 04:00:00+00:00,29.6,48,1006.5,0.67,39.7,86.4,537.0,11.6,14.3,144.0,130,4,2,6,0,0.8660254037844386,0.5000000000000001,0.49999999999999994,-0.8660254037844387,0.9749279121818236,-0.22252093395631434,-2.0,132.0,138.0,146.0,148.29166666666666,8.190552174763187,46.8125,13.448947348495704
Islamabad,2026-06-03 05:00:00+00:00,27.4,59,1006.9,5.08,42.5,100.4,429.0,7.4,15.2,167.0,128,5,2,6,0,0.9659258262890683,0.25881904510252074,0.49999999999999994,-0.8660254037844387,0.9749279121818236,-0.22252093395631434,-2.0,130.0,135.0,148.0,147.45833333333334,9.1792732812024,45.74166666666667,12.672734054094166
Islamabad,2026-06-03 06:00:00+00:00,31.1,42,1006.0,1.85,45.2,108.7,361.0,4.2,15.3,183.0,126,6,2,6,0,1.0,6.123233995736766e-17,0.49999999999999994,-0.8660254037844387,0.9749279121818236,-0.22252093395631434,-2.0,128.0,132.0,150.0,146.45833333333334,10.14666004875049,44.975,12.088487156759163
Islamabad,2026-06-03 07:00:00+00:00,32.0,41,1005.3,1.21,44.5,106.4,370.0,3.1,14.1,187.0,124,7,2,6,0,0.9659258262890683,-0.25881904510252063,0.49999999999999994,-0.8660254037844387,0.9749279121818236,-0.22252093395631434,-2.0,126.0,130.0,151.0,145.33333333333334,11.075498483889945,43.645833333333336,10.067855830041143
Islamabad,2026-06-03 08:00:00+00:00,32.5,40,1004.5,1.82,43.4,103.4,419.0,3.0,11.9,184.0,120,8,2,6,0,0.8660254037844387,-0.4999999999999998,0.49999999999999994,-0.8660254037844387,0.9749279121818236,-0.22252093395631434,-4.0,124.0,128.0,151.0,144.04166666666666,12.142197948249509,42.737500000000004,8.961260222904437
Islamabad,2026-06-03 09:00:00+00:00,33.3,39,1003.3,2.62,42.3,100.4,459.0,3.5,10.1,178.0,121,9,2,6,0,0.7071067811865476,-0.7071067811865475,0.49999999999999994,-0.8660254037844387,0.9749279121818236,-0.22252093395631434,1.0,120.0,126.0,152.0,142.75,12.884942340981457,41.979166666666664,8.123716175049088
Islamabad,2026-06-03 10:00:00+00:00,32.4,40,1002.8,2.5,41.9,100.4,388.0,3.7,8.9,170.0,138,10,2,6,0,0.49999999999999994,-0.8660254037844387,0.49999999999999994,-0.8660254037844387,0.9749279121818236,-0.22252093395631434,17.0,121.0,124.0,152.0,142.16666666666666,12.764307119145403,41.3625,7.4950889718303335
Islamabad,2026-06-03 11:00:00+00:00,31.1,43,1002.3,3.59,40.0,96.9,308.0,4.3,7.9,158.0,151,11,2,6,0,0.258819045102521,-0.9659258262890682,0.49999999999999994,-0.8660254037844387,0.9749279121818236,-0.22252093395631434,13.0,138.0,120.0,154.0,142.04166666666666,12.657629308449781,40.770833333333336,6.980437208598676
Islamabad,2026-06-03 12:00:00+00:00,33.5,35,1000.8,2.33,29.0,74.0,483.0,7.1,8.0,150.0,156,12,2,6,0,1.2246467991473532e-16,-1.0,0.49999999999999994,-0.8660254037844387,0.9749279121818236,-0.22252093395631434,5.0,151.0,121.0,160.0,141.875,12.43526716903177,40.025,7.248223170573269
Islamabad,2026-06-03 13:00:00+00:00,32.3,38,1000.9,1.63,29.0,74.0,1192.0,11.0,8.3,142.0,157,13,2,6,0,-0.2588190451025208,-0.9659258262890683,0.49999999999999994,-0.8660254037844387,0.9749279121818236,-0.22252093395631434,1.0,156.0,138.0,161.0,141.70833333333334,12.19222548671171,39.22083333333333,7.359996406347604
Islamabad,2026-06-03 14:00:00+00:00,30.9,40,1001.1,1.56,28.9,61.7,2156.0,16.4,8.6,131.0,153,14,2,6,0,-0.4999999999999997,-0.8660254037844388,0.49999999999999994,-0.8660254037844387,0.9749279121818236,-0.22252093395631434,-4.0,157.0,151.0,159.0,141.45833333333334,11.879756865710165,38.362500000000004,7.310136648933948
Islamabad,2026-06-03 15:00:00+00:00,29.5,45,1001.4,2.46,31.1,51.6,2797.0,21.1,8.7,119.0,143,15,2,6,0,-0.7071067811865471,-0.7071067811865479,0.49999999999999994,-0.8660254037844387,0.9749279121818236,-0.22252093395631434,-10.0,153.0,156.0,153.0,141.04166666666666,11.630092775683114,37.583333333333336,7.029235017235977
Islamabad,2026-06-03 16:00:00+00:00,28.4,50,1001.5,2.3,32.5,46.2,2830.0,24.4,8.3,107.0,129,16,2,6,0,-0.8660254037844385,-0.5000000000000004,0.49999999999999994,-0.8660254037844387,0.9749279121818236,-0.22252093395631434,-14.0,143.0,157.0,152.0,140.08333333333334,11.63546552446427,36.86666666666667,6.60412694863018
Islamabad,2026-06-03 17:00:00+00:00,27.7,53,1001.4,1.6,32.8,44.6,2541.0,26.8,7.5,94.0,112,17,2,6,0,-0.9659258262890683,-0.25881904510252063,0.49999999999999994,-0.8660254037844387,0.9749279121818236,-0.22252093395631434,-17.0,129.0,153.0,152.0,138.41666666666666,12.672862710348621,36.233333333333334,6.20691526456173
Islamabad,2026-06-03 18:00:00+00:00,27.1,61,1001.3,0.67,33.5,43.0,2212.0,27.9,6.8,83.0,102,18,2,6,0,-1.0,-1.8369701987210297e-16,0.49999999999999994,-0.8660254037844387,0.9749279121818236,-0.22252093395631434,-10.0,112.0,143.0,151.0,136.375,14.388438897706239,35.75,5.93200603945866
Islamabad,2026-06-03 19:00:00+00:00,26.3,64,1000.9,0.65,33.2,39.1,1911.0,27.0,6.1,74.0,101,19,2,6,0,-0.9659258262890684,0.2588190451025203,0.49999999999999994,-0.8660254037844387,0.9749279121818236,-0.22252093395631434,-1.0,102.0,129.0,151.0,134.29166666666666,15.735529354233801,35.3375,5.739778249011555
Islamabad,2026-06-03 20:00:00+00:00,25.7,65,1000.9,0.85,30.9,36.6,1570.0,24.6,5.3,67.0,100,20,2,6,0,-0.8660254037844386,0.5000000000000001,0.49999999999999994,-0.8660254037844387,0.9749279121818236,-0.22252093395631434,-1.0,101.0,112.0,150.0,132.20833333333334,16.83675887085591,34.99583333333334,5.75012129676725
Islamabad,2026-06-03 21:00:00+00:00,25.4,64,1001.1,1.05,28.4,34.5,1269.0,22.3,4.7,62.0,99,21,2,6,0,-0.7071067811865477,0.7071067811865474,0.49999999999999994,-0.8660254037844387,0.9749279121818236,-0.22252093395631434,-1.0,100.0,102.0,148.0,130.16666666666666,17.78290988724719,34.7125,5.905068751210417
Islamabad,2026-06-03 22:00:00+00:00,25.1,64,1000.9,1.0,26.4,32.5,1018.0,20.2,4.1,59.0,99,22,2,6,0,-0.5000000000000004,0.8660254037844384,0.49999999999999994,-0.8660254037844387,0.9749279121818236,-0.22252093395631434,0.0,99.0,101.0,146.0,128.20833333333334,18.53546346323945,34.479166666666664,6.123509874933314
Islamabad,2026-06-03 23:00:00+00:00,24.9,61,1000.7,1.35,25.0,31.9,808.0,18.1,3.7,58.0,98,23,2,6,0,-0.25881904510252157,0.9659258262890681,0.49999999999999994,-0.8660254037844387,0.9749279121818236,-0.22252093395631434,-1.0,99.0,100.0,143.0,126.33333333333333,19.236890887419307,34.2875,6.350646149939322
Islamabad,2026-06-04 00:00:00+00:00,24.3,64,1002.1,3.36,21.7,32.7,690.0,13.9,3.7,79.0,98,0,3,6,0,0.0,1.0,0.49999999999999994,-0.8660254037844387,0.43388373911755823,-0.900968867902419,0.0,98.0,99.0,140.0,124.58333333333333,19.840487079107085,33.93333333333334,6.808988092263026
Islamabad,2026-06-04 01:00:00+00:00,23.9,68,1002.4,3.24,22.2,34.0,742.0,14.5,6.0,93.0,97,1,3,6,0,0.25881904510252074,0.9659258262890683,0.49999999999999994,-0.8660254037844387,0.43388373911755823,-0.900968867902419,-1.0,98.0,99.0,138.0,122.875,20.392480498201994,33.65833333333333,7.150063342174068
Islamabad,2026-06-04 02:00:00+00:00,24.1,75,1003.3,1.42,24.7,39.8,887.0,15.2,9.1,112.0,97,2,3,6,0,0.49999999999999994,0.8660254037844387,0.49999999999999994,-0.8660254037844387,0.43388373911755823,-0.900968867902419,0.0,97.0,98.0,135.0,121.29166666666667,20.87952849431498,33.47083333333334,7.328828079201524
Islamabad,2026-06-04 03:00:00+00:00,21.6,93,1005.9,1.98,29.0,61.2,939.0,14.6,11.3,130.0,96,3,3,6,0,0.7071067811865476,0.7071067811865476,0.49999999999999994,-0.8660254037844387,0.43388373911755823,-0.900968867902419,-1.0,97.0,98.0,132.0,119.79166666666667,21.364291961459347,33.24166666666667,7.381051926130301
Islamabad,2026-06-04 04:00:00+00:00,21.7,97,1005.3,3.19,33.8,77.8,784.0,11.4,11.8,144.0,96,4,3,6,0,0.8660254037844386,0.5000000000000001,0.49999999999999994,-0.8660254037844387,0.43388373911755823,-0.900968867902419,0.0,96.0,97.0,130.0,118.375,21.78114960833917,32.99583333333333,7.253753401225949
Islamabad,2026-06-04 05:00:00+00:00,25.3,71,1003.8,3.75,35.4,83.4,536.0,7.0,11.4,156.0,95,5,3,6,0,0.9659258262890683,0.25881904510252074,0.49999999999999994,-0.8660254037844387,0.43388373911755823,-0.900968867902419,-1.0,96.0,97.0,128.0,117.0,22.184992969200202,32.699999999999996,6.989246398388828
Islamabad,2026-06-04 06:00:00+00:00,26.0,69,1004.2,1.65,35.6,85.4,356.0,4.3,11.2,165.0,95,6,3,6,0,1.0,6.123233995736766e-17,0.49999999999999994,-0.8660254037844387,0.43388373911755823,-0.900968867902419,0.0,95.0,96.0,126.0,115.70833333333333,22.53785061058201,32.3,6.500367882565995
Islamabad,2026-06-04 07:00:00+00:00,26.1,66,1004.8,2.23,33.6,73.1,318.0,4.9,11.4,168.0,94,7,3,6,0,0.9659258262890683,-0.25881904510252063,0.49999999999999994,-0.8660254037844387,0.43388373911755823,-0.900968867902419,-1.0,95.0,96.0,124.0,114.45833333333333,22.887207679450615,31.84583333333333,5.970068761286807
Islamabad,2026-06-04 08:00:00+00:00,25.3,61,1005.4,2.8,31.9,58.7,349.0,7.2,11.8,168.0,93,8,3,6,0,0.8660254037844387,-0.4999999999999998,0.49999999999999994,-0.8660254037844387,0.43388373911755823,-0.900968867902419,-1.0,94.0,95.0,120.0,113.33333333333333,23.263456445616285,31.366666666666664,5.440401732821996
Islamabad,2026-06-04 09:00:00+00:00,25.4,62,1004.0,2.37,32.2,64.5,388.0,9.2,12.1,167.0,108,9,3,6,0,0.7071067811865476,-0.7071067811865475,0.49999999999999994,-0.8660254037844387,0.43388373911755823,-0.900968867902419,15.0,93.0,95.0,121.0,112.79166666666667,23.228504166155123,30.945833333333336,4.9240297359560605
Islamabad,2026-06-04 10:00:00+00:00,27.6,52,1003.1,1.2,31.4,62.9,367.0,7.7,12.3,171.0,124,10,3,6,0,0.49999999999999994,-0.8660254037844387,0.49999999999999994,-0.8660254037844387,0.43388373911755823,-0.900968867902419,16.0,108.0,94.0,138.0,112.20833333333333,22.73855023229606,30.508333333333336,4.340298193188675
Islamabad,2026-06-04 11:00:00+00:00,29.7,44,1002.3,0.49,30.4,58.9,355.0,6.0,12.4,175.0,136,11,3,6,0,0.258819045102521,-0.9659258262890682,0.49999999999999994,-0.8660254037844387,0.43388373911755823,-0.900968867902419,12.0,124.0,93.0,151.0,111.58333333333333,21.8132721199662,30.108333333333334,3.8411860336265002
Islamabad,2026-06-04 12:00:00+00:00,25.2,62,1003.9,0.63,34.5,81.3,498.0,8.1,9.0,145.0,146,12,3,6,0,1.2246467991473532e-16,-1.0,0.49999999999999994,-0.8660254037844387,0.43388373911755823,-0.900968867902419,10.0,136.0,108.0,156.0,111.16666666666667,21.00862486790995,30.337500000000002,3.935105379507117
Islamabad,2026-06-04 13:00:00+00:00,25.7,61,1003.2,1.37,35.0,81.5,963.0,21.4,10.1,125.0,146,13,3,6,0,-0.2588190451025208,-0.9659258262890683,0.49999999999999994,-0.8660254037844387,0.43388373911755823,-0.900968867902419,0.0,146.0,124.0,157.0,110.70833333333333,20.063982799959884,30.587500000000002,4.035743829936353
Islamabad,2026-06-04 14:00:00+00:00,25.5,65,1003.0,0.82,35.3,80.8,1582.0,40.2,11.6,97.0,140,14,3,6,0,-0.4999999999999997,-0.8660254037844388,0.49999999999999994,-0.8660254037844387,0.43388373911755823,-0.900968867902419,-6.0,146.0,136.0,153.0,110.16666666666667,19.02096478755113,30.854166666666668,4.129741455921111
Islamabad,2026-06-04 15:00:00+00:00,24.4,74,1002.7,0.96,46.0,90.1,2001.0,57.8,12.6,70.0,125,15,3,6,0,-0.7071067811865471,-0.7071067811865479,0.49999999999999994,-0.8660254037844387,0.43388373911755823,-0.900968867902419,-15.0,140.0,146.0,143.0,109.41666666666667,17.99738306258535,31.475000000000005,5.1598154668722165
Islamabad,2026-06-04 16:00:00+00:00,23.4,80,1002.7,0.89,48.2,87.8,2057.0,73.7,12.6,44.0,104,16,3,6,0,-0.8660254037844385,-0.5000000000000004,0.49999999999999994,-0.8660254037844387,0.43388373911755823,-0.900968867902419,-21.0,125.0,146.0,129.0,108.375,17.532113392286305,32.12916666666667,6.188170985430785
Islamabad,2026-06-04 17:00:00+00:00,22.6,83,1002.8,0.98,51.3,85.7,1911.0,88.4,12.1,18.0,94,17,3,6,0,-0.9659258262890683,-0.25881904510252063,0.49999999999999994,-0.8660254037844387,0.43388373911755823,-0.900968867902419,-10.0,104.0,140.0,112.0,107.625,17.753903428725373,32.9,7.323458436985957
Islamabad,2026-06-04 18:00:00+00:00,23.0,84,1002.3,0.94,57.3,86.8,1695.0,97.1,11.3,0.0,95,18,3,6,0,-1.0,-1.8369701987210297e-16,0.49999999999999994,-0.8660254037844387,0.43388373911755823,-0.900968867902419,1.0,94.0,125.0,102.0,107.33333333333333,17.907168024750636,33.891666666666666,8.85869342935866
Islamabad,2026-06-04 19:00:00+00:00,22.9,81,1002.4,0.45,58.3,80.8,1406.0,96.4,10.0,0.0,97,19,3,6,0,-0.9659258262890684,0.2588190451025203,0.49999999999999994,-0.8660254037844387,0.43388373911755823,-0.900968867902419,2.0,95.0,104.0,101.0,107.16666666666667,17.987112939102897,34.9375,10.159587996610375
Islamabad,2026-06-04 20:00:00+00:00,22.7,79,1002.2,0.3,54.9,71.7,1047.0,89.6,8.3,0.0,99,20,3,6,0,-0.8660254037844386,0.5000000000000001,0.49999999999999994,-0.8660254037844387,0.43388373911755823,-0.900968867902419,2.0,97.0,94.0,100.0,107.125,18.00558488237765,35.93749999999999,10.89913488788665
Islamabad,2026-06-04 21:00:00+00:00,22.1,79,1002.4,0.61,51.0,65.4,754.0,81.6,7.0,1.0,101,21,3,6,0,-0.7071067811865477,0.7071067811865474,0.49999999999999994,-0.8660254037844387,0.43388373911755823,-0.900968867902419,2.0,99.0,95.0,99.0,107.20833333333333,17.97094071396688,36.87916666666666,11.19196059160584
Islamabad,2026-06-04 22:00:00+00:00,21.2,80,1002.4,0.75,47.7,61.0,578.0,74.3,6.2,3.0,103,22,3,6,0,-0.5000000000000004,0.8660254037844384,0.49999999999999994,-0.8660254037844387,0.43388373911755823,-0.900968867902419,2.0,101.0,97.0,99.0,107.375,17.909949870052984,37.766666666666666,11.169355073307651
Islamabad,2026-06-04 23:00:00+00:00,20.7,80,1002.8,0.85,45.5,56.0,468.0,65.8,5.8,6.0,106,23,3,6,0,-0.25881904510252157,0.9659258262890681,0.49999999999999994,-0.8660254037844387,0.43388373911755823,-0.900968867902419,3.0,103.0,99.0,98.0,107.70833333333333,17.802000783171614,38.62083333333333,10.931922905225655
Islamabad,2026-06-05 00:00:00+00:00,20.8,84,1002.8,0.65,40.9,54.2,409.0,49.7,6.0,13.0,108,0,4,6,0,0.0,1.0,0.49999999999999994,-0.8660254037844387,-0.433883739117558,-0.9009688679024191,2.0,106.0,101.0,98.0,108.125,17.681512083676616,39.42083333333333,10.32552679640069
Islamabad,2026-06-05 01:00:00+00:00,22.0,75,1003.9,0.83,37.7,47.4,420.0,39.9,7.3,39.0,110,1,4,6,0,0.25881904510252074,0.9659258262890683,0.49999999999999994,-0.8660254037844387,-0.433883739117558,-0.9009688679024191,2.0,108.0,103.0,97.0,108.66666666666667,17.524310236792406,40.06666666666667,9.665207286140236
Islamabad,2026-06-05 02:00:00+00:00,23.7,64,1004.6,0.86,29.2,41.4,482.0,26.3,9.2,77.0,111,2,4,6,0,0.49999999999999994,0.8660254037844387,0.49999999999999994,-0.8660254037844387,-0.433883739117558,-0.9009688679024191,1.0,110.0,106.0,97.0,109.25,17.351231005069614,40.25416666666666,9.393984160397409
Islamabad,2026-06-05 03:00:00+00:00,26.0,53,1004.9,0.91,26.4,52.6,518.0,15.3,10.3,108.0,112,3,4,6,0,0.7071067811865476,0.7071067811865476,0.49999999999999994,-0.8660254037844387,-0.433883739117558,-0.9009688679024191,1.0,111.0,108.0,96.0,109.91666666666667,17.125918995757864,40.145833333333336,9.543218815594619
Islamabad,2026-06-05 04:00:00+00:00,27.8,51,1005.0,1.51,28.9,62.4,492.0,9.3,10.0,128.0,112,4,4,6,0,0.8660254037844386,0.5000000000000001,0.49999999999999994,-0.8660254037844387,-0.433883739117558,-0.9009688679024191,0.0,112.0,110.0,96.0,110.58333333333333,16.870134832755397,39.94166666666667,9.735364340412742
Islamabad,2026-06-05 05:00:00+00:00,29.2,46,1004.7,2.42,29.5,64.3,442.0,5.9,9.1,142.0,111,5,4,6,0,0.9659258262890683,0.25881904510252074,0.49999999999999994,-0.8660254037844387,-0.433883739117558,-0.9009688679024191,-1.0,112.0,111.0,95.0,111.25,16.54046421723779,39.69583333333333,9.927628516972963
Islamabad,2026-06-05 06:00:00+00:00,30.2,39,1005.3,2.74,28.9,61.9,402.0,3.8,8.5,153.0,110,6,4,6,0,1.0,6.123233995736766e-17,0.49999999999999994,-0.8660254037844387,-0.433883739117558,-0.9009688679024191,-1.0,111.0,112.0,95.0,111.875,16.17919356296261,39.416666666666664,10.139748160266283
Islamabad,2026-06-05 07:00:00+00:00,30.6,38,1005.0,2.52,29.5,61.5,382.0,2.8,8.7,163.0,110,7,4,6,0,0.9659258262890683,-0.25881904510252063,0.49999999999999994,-0.8660254037844387,-0.433883739117558,-0.9009688679024191,0.0,110.0,112.0,94.0,112.54166666666667,15.734147762020227,39.24583333333333,10.275635140283647
Islamabad,2026-06-05 08:00:00+00:00,30.3,38,1004.7,0.99,30.0,61.7,373.0,3.1,9.3,170.0,109,8,4,6,0,0.8660254037844387,-0.4999999999999998,0.49999999999999994,-0.8660254037844387,-0.433883739117558,-0.9009688679024191,-1.0,110.0,111.0,93.0,113.20833333333333,15.200054824462025,39.166666666666664,10.34179644081185
Islamabad,2026-06-05 09:00:00+00:00,30.9,35,1003.9,0.69,30.2,60.1,382.0,3.9,10.0,175.0,109,9,4,6,0,0.7071067811865476,-0.7071067811865475,0.49999999999999994,-0.8660254037844387,-0.433883739117558,-0.9009688679024191,0.0,109.0,110.0,108.0,113.25,15.186521483953898,39.083333333333336,10.408218603236284
Islamabad,2026-06-05 10:00:00+00:00,30.8,36,1003.4,0.58,30.0,58.9,365.0,3.8,10.6,180.0,109,10,4,6,0,0.49999999999999994,-0.8660254037844387,0.49999999999999994,-0.8660254037844387,-0.433883739117558,-0.9009688679024191,0.0,109.0,110.0,124.0,112.625,15.032754094049384,39.025,10.456961484019203
Islamabad,2026-06-05 11:00:00+00:00,30.4,36,1002.9,1.0,30.4,58.9,367.0,4.2,11.3,183.0,126,11,4,6,0,0.258819045102521,-0.9659258262890682,0.49999999999999994,-0.8660254037844387,-0.433883739117558,-0.9009688679024191,17.0,109.0,109.0,136.0,112.20833333333333,14.485312401267137,39.025,10.456961484019203
Islamabad,2026-06-05 12:00:00+00:00,31.9,27,1002.2,0.27,23.9,41.3,529.0,8.0,11.1,174.0,142,12,4,6,0,1.2246467991473532e-16,-1.0,0.49999999999999994,-0.8660254037844387,-0.433883739117558,-0.9009688679024191,16.0,126.0,109.0,146.0,112.04166666666667,14.09742241832046,38.583333333333336,10.872009000646804
Islamabad,2026-06-05 13:00:00+00:00,30.3,46,1002.2,0.6,24.2,41.4,1026.0,22.4,11.5,147.0,151,13,4,6,0,-0.2588190451025208,-0.9659258262890683,0.49999999999999994,-0.8660254037844387,-0.433883739117558,-0.9009688679024191,9.0,142.0,109.0,146.0,112.25,14.647302764019528,38.13333333333333,11.243922674113755
Islamabad,2026-06-05 14:00:00+00:00,28.0,47,1002.4,0.76,28.3,44.4,1683.0,42.0,12.0,110.0,152,14,4,6,0,-0.4999999999999997,-0.8660254037844388,0.49999999999999994,-0.8660254037844387,-0.433883739117558,-0.9009688679024191,1.0,151.0,126.0,140.0,112.75,15.795568998930825,37.84166666666667,11.410175346999514
Islamabad,2026-06-05 15:00:00+00:00,26.6,48,1003.1,2.36,35.0,49.4,2119.0,55.0,11.8,80.0,143,15,4,6,0,-0.7071067811865471,-0.7071067811865479,0.49999999999999994,-0.8660254037844387,-0.433883739117558,-0.9009688679024191,-9.0,152.0,142.0,125.0,113.5,16.79803301114338,37.38333333333333,11.288496132237293
Islamabad,2026-06-05 16:00:00+00:00,25.9,51,1003.3,2.1,33.6,44.6,2162.0,55.4,10.4,66.0,126,16,4,6,0,-0.8660254037844385,-0.5000000000000004,0.49999999999999994,-0.8660254037844387,-0.433883739117558,-0.9009688679024191,-17.0,143.0,151.0,104.0,114.41666666666667,16.85724374465325,36.775,11.071555799709767
Islamabad,2026-06-05 17:00:00+00:00,24.7,58,1003.5,1.95,32.5,41.8,1985.0,49.2,8.5,59.0,104,17,4,6,0,-0.9659258262890683,-0.25881904510252063,0.49999999999999994,-0.8660254037844387,-0.433883739117558,-0.9009688679024191,-22.0,126.0,152.0,94.0,114.83333333333333,16.4493072846522,35.99166666666667,10.656490843680636
Islamabad,2026-06-05 18:00:00+00:00,24.3,63,1003.6,0.95,31.4,39.6,1722.0,42.2,6.7,55.0,101,18,4,6,0,-1.0,-1.8369701987210297e-16,0.49999999999999994,-0.8660254037844387,-0.433883739117558,-0.9009688679024191,-3.0,104.0,143.0,95.0,115.08333333333333,16.178129807179673,34.9125,9.670632931941306
Islamabad,2026-06-05 19:00:00+00:00,23.8,64,1003.6,0.91,29.1,35.9,1353.0,35.5,5.5,54.0,99,19,4,6,0,-0.9659258262890684,0.2588190451025203,0.49999999999999994,-0.8660254037844387,-0.433883739117558,-0.9009688679024191,-2.0,101.0,126.0,97.0,115.16666666666667,16.08582056310433,33.69583333333333,8.346489976483289
Islamabad,2026-06-05 20:00:00+00:00,23.6,63,1003.5,0.78,26.1,31.3,899.0,28.0,4.5,56.0,97,20,4,6,0,-0.8660254037844386,0.5000000000000001,0.49999999999999994,-0.8660254037844387,-0.433883739117558,-0.9009688679024191,-2.0,99.0,104.0,99.0,115.08333333333333,16.178129807179673,32.49583333333334,7.149915120606939
Islamabad,2026-06-05 21:00:00+00:00,23.3,61,1003.4,0.78,23.7,28.3,555.0,21.9,3.8,58.0,94,21,4,6,0,-0.7071067811865477,0.7071067811865474,0.49999999999999994,-0.8660254037844387,-0.433883739117558,-0.9009688679024191,-3.0,97.0,101.0,101.0,114.79166666666667,16.502909273601976,31.358333333333334,6.184476826958606
Islamabad,2026-06-05 22:00:00+00:00,23.0,61,1003.1,1.0,22.0,26.1,403.0,17.7,3.4,58.0,92,22,4,6,0,-0.5000000000000004,0.8660254037844384,0.49999999999999994,-0.8660254037844387,-0.433883739117558,-0.9009688679024191,-2.0,94.0,99.0,103.0,114.33333333333333,16.990193249832423,30.287499999999998,5.408151054296324
Islamabad,2026-06-05 23:00:00+00:00,22.7,61,1003.4,0.85,20.9,24.8,361.0,14.9,3.3,58.0,90,23,4,6,0,-0.25881904510252157,0.9659258262890681,0.49999999999999994,-0.8660254037844387,-0.433883739117558,-0.9009688679024191,-2.0,92.0,97.0,106.0,113.66666666666667,17.633137447200614,29.2625,4.682048279007375
Islamabad,2026-06-06 00:00:00+00:00,23.0,59,1003.9,0.5,20.1,24.3,382.0,15.2,3.6,57.0,88,0,5,6,1,0.0,1.0,0.49999999999999994,-0.8660254037844387,-0.9749279121818236,-0.2225209339563146,-2.0,90.0,94.0,108.0,112.83333333333333,18.369792469222496,28.395833333333332,4.34736093526275
Islamabad,2026-06-06 01:00:00+00:00,23.4,59,1004.3,1.84,19.9,24.2,497.0,16.6,4.7,69.0,87,1,5,6,1,0.25881904510252074,0.9659258262890683,0.49999999999999994,-0.8660254037844387,-0.9749279121818236,-0.2225209339563146,-1.0,88.0,92.0,110.0,111.875,19.10909753744632,27.654166666666665,4.207134640590582
Islamabad,2026-06-06 02:00:00+00:00,25.9,55,1004.4,2.09,21.7,27.7,675.0,18.2,6.1,85.0,85,2,5,6,1,0.49999999999999994,0.8660254037844387,0.49999999999999994,-0.8660254037844387,-0.9749279121818236,-0.2225209339563146,-2.0,87.0,90.0,111.0,110.79166666666667,19.882216582460543,27.34166666666667,4.362978307319918
Islamabad,2026-06-06 03:00:00+00:00,29.4,41,1004.7,0.84,22.8,34.1,774.0,18.0,7.4,104.0,85,3,5,6,1,0.7071067811865476,0.7071067811865476,0.49999999999999994,-0.8660254037844387,-0.9749279121818236,-0.2225209339563146,0.0,85.0,88.0,112.0,109.66666666666667,20.563087796100323,27.191666666666663,4.457618458194894
Islamabad,2026-06-06 04:00:00+00:00,31.3,35,1004.7,1.12,20.5,33.2,712.0,14.0,8.3,126.0,84,4,5,6,1,0.8660254037844386,0.5000000000000001,0.49999999999999994,-0.8660254037844387,-0.9749279121818236,-0.2225209339563146,-1.0,85.0,87.0,112.0,108.5,21.209103869718472,26.841666666666665,4.643547806568084
Islamabad,2026-06-06 05:00:00+00:00,32.4,31,1004.7,2.04,15.8,26.4,571.0,8.2,9.0,150.0,84,5,5,6,1,0.9659258262890683,0.25881904510252074,0.49999999999999994,-0.8660254037844387,-0.9749279121818236,-0.2225209339563146,0.0,84.0,85.0,111.0,107.375,21.77915337516856,26.270833333333332,5.120162970119103
Islamabad,2026-06-06 06:00:00+00:00,32.5,29,1005.0,3.05,15.0,26.0,457.0,3.9,9.2,167.0,83,6,5,6,1,1.0,6.123233995736766e-17,0.49999999999999994,-0.8660254037844387,-0.9749279121818236,-0.2225209339563146,-1.0,84.0,85.0,110.0,106.25,22.328087205599484,25.691666666666666,5.575717280171666
Islamabad,2026-06-06 07:00:00+00:00,32.4,31,1005.0,1.0,14.7,25.8,407.0,2.6,8.6,174.0,81,7,5,6,1,0.9659258262890683,-0.25881904510252063,0.49999999999999994,-0.8660254037844387,-0.9749279121818236,-0.2225209339563146,-2.0,83.0,84.0,110.0,105.04166666666667,22.893855577171614,25.075,5.942569346232459
Islamabad,2026-06-06 08:00:00+00:00,33.2,28,1003.9,1.45,14.5,25.7,385.0,2.9,7.5,174.0,80,8,5,6,1,0.8660254037844387,-0.4999999999999998,0.49999999999999994,-0.8660254037844387,-0.9749279121818236,-0.2225209339563146,-1.0,81.0,84.0,109.0,103.83333333333333,23.43476916457868,24.429166666666664,6.219847556265943
Islamabad,2026-06-06 09:00:00+00:00,33.8,26,1003.1,1.9,14.3,25.7,382.0,3.5,6.6,172.0,90,9,5,6,1,0.7071067811865476,-0.7071067811865475,0.49999999999999994,-0.8660254037844387,-0.9749279121818236,-0.2225209339563146,10.0,80.0,83.0,109.0,103.04166666666667,23.57315932537886,23.766666666666666,6.421950581821795
Islamabad,2026-06-06 10:00:00+00:00,33.9,27,1002.5,1.54,13.9,25.5,340.0,1.8,6.0,172.0,112,10,5,6,1,0.49999999999999994,-0.8660254037844387,0.49999999999999994,-0.8660254037844387,-0.9749279121818236,-0.2225209339563146,22.0,90.0,81.0,109.0,103.16666666666667,23.61404642169112,23.09583333333333,6.581428361333217
Islamabad,2026-06-06 11:00:00+00:00,33.8,27,1002.1,0.61,13.6,25.1,317.0,0.6,5.7,169.0,130,11,5,6,1,0.258819045102521,-0.9659258262890682,0.49999999999999994,-0.8660254037844387,-0.9749279121818236,-0.2225209339563146,18.0,112.0,80.0,126.0,103.33333333333333,23.79562741467342,22.395833333333332,6.663690005751504
Islamabad,2026-06-06 12:00:00+00:00,33.3,31,1001.3,1.3,8.2,13.1,486.0,6.7,4.9,156.0,144,12,5,6,1,1.2246467991473532e-16,-1.0,0.49999999999999994,-0.8660254037844387,-0.9749279121818236,-0.2225209339563146,14.0,130.0,90.0,142.0,103.41666666666667,23.939991403628014,21.741666666666664,7.254079312129519
Islamabad,2026-06-06 13:00:00+00:00,31.7,43,1001.7,0.74,8.9,13.9,1068.0,20.3,5.4,131.0,150,13,5,6,1,-0.2588190451025208,-0.9659258262890683,0.49999999999999994,-0.8660254037844387,-0.9749279121818236,-0.2225209339563146,6.0,144.0,112.0,151.0,103.375,23.85429047180045,21.104166666666668,7.687962310830639
Islamabad,2026-06-06 14:00:00+00:00,29.4,53,1002.0,0.67,12.9,17.3,1841.0,39.5,6.1,95.0,146,14,5,6,1,-0.4999999999999997,-0.8660254037844388,0.49999999999999994,-0.8660254037844387,-0.9749279121818236,-0.2225209339563146,-4.0,150.0,130.0,152.0,103.125,23.348610423227296,20.462500000000002,7.7039127551607915
Islamabad,2026-06-06 15:00:00+00:00,27.5,52,1002.5,1.23,20.8,25.5,2315.0,56.2,6.6,64.0,131,15,5,6,1,-0.7071067811865471,-0.7071067811865479,0.49999999999999994,-0.8660254037844387,-0.9749279121818236,-0.2225209339563146,-15.0,146.0,144.0,143.0,102.625,22.573190138823193,19.870833333333334,7.057002637939333
Islamabad,2026-06-06 16:00:00+00:00,25.5,57,1003.2,1.5,24.9,29.7,2228.0,68.9,6.9,41.0,108,16,5,6,1,-0.8660254037844385,-0.5000000000000004,0.49999999999999994,-0.8660254037844387,-0.9749279121818236,-0.2225209339563146,-23.0,131.0,150.0,126.0,101.875,22.055882583150595,19.508333333333333,6.5244634406519895
Islamabad,2026-06-06 17:00:00+00:00,23.9,62,1003.5,1.48,26.6,31.3,1841.0,79.2,7.1,23.0,79,17,5,6,1,-0.9659258262890683,-0.25881904510252063,0.49999999999999994,-0.8660254037844387,-0.9749279121818236,-0.2225209339563146,-29.0,108.0,146.0,104.0,100.83333333333333,22.53628314454274,19.2625,6.111771428972012
Islamabad,2026-06-06 18:00:00+00:00,23.5,63,1003.6,1.66,30.6,34.9,1445.0,83.8,7.0,12.0,69,18,5,6,1,-1.0,-1.8369701987210297e-16,0.49999999999999994,-0.8660254037844387,-0.9749279121818236,-0.2225209339563146,-10.0,79.0,131.0,101.0,99.5,23.453932645117877,19.229166666666668,6.044507328192951
Islamabad,2026-06-06 19:00:00+00:00,22.6,64,1003.3,1.77,31.1,34.7,1102.0,79.9,6.4,11.0,69,19,5,6,1,-0.9659258262890684,0.2588190451025203,0.49999999999999994,-0.8660254037844387,-0.9749279121818236,-0.2225209339563146,0.0,69.0,108.0,99.0,98.25,24.267082732537364,19.3125,6.198338662408793
Islamabad,2026-06-06 20:00:00+00:00,22.4,60,1003.0,1.77,28.6,31.5,750.0,70.5,5.5,16.0,69,20,5,6,1,-0.8660254037844386,0.5000000000000001,0.49999999999999994,-0.8660254037844387,-0.9749279121818236,-0.2225209339563146,0.0,69.0,79.0,97.0,97.08333333333333,24.992027714360226,19.416666666666668,6.336825886738501
Islamabad,2026-06-06 21:00:00+00:00,22.2,58,1003.0,1.41,25.4,27.9,488.0,60.8,4.8,22.0,70,21,5,6,1,-0.7071067811865477,0.7071067811865474,0.49999999999999994,-0.8660254037844387,-0.9749279121818236,-0.2225209339563146,1.0,69.0,69.0,94.0,96.08333333333333,25.593675622779262,19.4875,6.39601183483137
Islamabad,2026-06-06 22:00:00+00:00,21.8,58,1003.0,0.95,22.6,25.0,362.0,52.7,4.2,24.0,70,22,5,6,1,-0.5000000000000004,0.8660254037844384,0.49999999999999994,-0.8660254037844387,-0.9749279121818236,-0.2225209339563146,0.0,70.0,69.0,92.0,95.16666666666667,26.134545964175672,19.5125,6.407421817535091
Islamabad,2026-06-06 23:00:00+00:00,21.5,58,1003.3,0.96,20.4,22.6,327.0,44.4,3.8,26.0,70,23,5,6,1,-0.25881904510252157,0.9659258262890681,0.49999999999999994,-0.8660254037844387,-0.9749279121818236,-0.2225209339563146,0.0,70.0,69.0,90.0,94.33333333333333,26.620793877468312,19.491666666666667,6.403525976173973
Islamabad,2026-06-07 00:00:00+00:00,21.9,58,1003.7,0.45,24.8,27.6,348.0,49.4,4.3,26.0,70,0,6,6,1,0.0,1.0,0.49999999999999994,-0.8660254037844387,-0.7818314824680299,0.6234898018587334,0.0,70.0,70.0,88.0,93.58333333333333,27.056971562702934,19.6875,6.494165441579643
Islamabad,2026-06-07 01:00:00+00:00,23.5,56,1004.0,0.62,21.5,23.9,458.0,39.2,6.1,57.0,70,1,6,6,1,0.25881904510252074,0.9659258262890683,0.49999999999999994,-0.8660254037844387,-0.7818314824680299,0.6234898018587334,0.0,70.0,70.0,87.0,92.875,27.456388343508568,19.754166666666666,6.504645775648762
Islamabad,2026-06-07 02:00:00+00:00,26.0,59,1004.5,0.65,19.9,22.6,623.0,25.0,8.7,99.0,70,2,6,6,1,0.49999999999999994,0.8660254037844387,0.49999999999999994,-0.8660254037844387,-0.7818314824680299,0.6234898018587334,0.0,70.0,70.0,85.0,92.25,27.811867970346544,19.679166666666667,6.491598528041763
Islamabad,2026-06-07 03:00:00+00:00,29.3,42,1004.6,0.38,14.1,21.0,708.0,13.6,10.5,135.0,70,3,6,6,1,0.7071067811865476,0.7071067811865476,0.49999999999999994,-0.8660254037844387,-0.7818314824680299,0.6234898018587334,0.0,70.0,70.0,85.0,91.625,28.14838399871507,19.316666666666666,6.552375385186993
Islamabad,2026-06-07 04:00:00+00:00,31.8,33,1004.7,1.08,13.6,22.6,627.0,7.9,11.0,156.0,69,4,6,6,1,0.8660254037844386,0.5000000000000001,0.49999999999999994,-0.8660254037844387,-0.7818314824680299,0.6234898018587334,-1.0,70.0,70.0,84.0,91.0,28.489509892467993,19.029166666666665,6.648862548466796
Islamabad,2026-06-07 05:00:00+00:00,33.3,27,1004.7,2.51,13.4,23.0,466.0,5.0,10.7,170.0,69,5,6,6,1,0.9659258262890683,0.25881904510252074,0.49999999999999994,-0.8660254037844387,-0.7818314824680299,0.6234898018587334,0.0,69.0,70.0,84.0,90.375,28.8124557907798,18.929166666666664,6.717237991308826
Islamabad,2026-06-07 06:00:00+00:00,33.6,25,1005.2,1.96,13.6,23.1,345.0,3.2,10.2,179.0,69,6,6,6,1,1.0,6.123233995736766e-17,0.49999999999999994,-0.8660254037844387,-0.7818314824680299,0.6234898018587334,0.0,69.0,70.0,83.0,89.79166666666667,29.108461591638132,18.870833333333334,6.758793252636348
Islamabad,2026-06-07 07:00:00+00:00,33.8,25,1004.7,0.8,14.2,24.1,314.0,2.2,9.6,183.0,69,7,6,6,1,0.9659258262890683,-0.25881904510252063,0.49999999999999994,-0.8660254037844387,-0.7818314824680299,0.6234898018587334,0.0,69.0,69.0,81.0,89.29166666666667,29.367949354276522,18.849999999999998,6.772964157461594
Islamabad,2026-06-07 08:00:00+00:00,34.4,24,1003.8,0.81,14.8,25.4,323.0,2.3,8.7,183.0,80,8,6,6,1,0.8660254037844387,-0.4999999999999998,0.49999999999999994,-0.8660254037844387,-0.7818314824680299,0.6234898018587334,11.0,69.0,69.0,80.0,89.29166666666667,29.367949354276522,18.8625,6.7648588468193385
Islamabad,2026-06-07 09:00:00+00:00,35.0,24,1003.2,1.55,14.8,26.1,337.0,2.6,7.9,181.0,114,9,6,6,1,0.7071067811865476,-0.7071067811865475,0.49999999999999994,-0.8660254037844387,-0.7818314824680299,0.6234898018587334,34.0,80.0,69.0,90.0,90.29166666666667,29.798568927801146,18.883333333333333,6.750952697126469
Islamabad,2026-06-07 10:00:00+00:00,34.4,26,1003.0,1.42,14.3,26.3,306.0,2.5,7.1,178.0,140,10,6,6,1,0.49999999999999994,-0.8660254037844387,0.49999999999999994,-0.8660254037844387,-0.7818314824680299,0.6234898018587334,26.0,114.0,69.0,112.0,91.45833333333333,31.20058411753457,18.900000000000002,6.738597454379694
Islamabad,2026-06-07 11:00:00+00:00,34.4,26,1002.6,1.43,13.6,25.8,280.0,2.6,6.4,173.0,155,11,6,6,1,0.258819045102521,-0.9659258262890682,0.49999999999999994,-0.8660254037844387,-0.7818314824680299,0.6234898018587334,15.0,140.0,80.0,130.0,92.5,32.9135891058097,18.9,6.738597454379694
Islamabad,2026-06-07 12:00:00+00:00,34.4,28,1001.7,1.76,11.8,21.1,379.0,4.4,6.2,165.0,161,12,6,6,1,1.2246467991473532e-16,-1.0,0.49999999999999994,-0.8660254037844387,-0.7818314824680299,0.6234898018587334,6.0,155.0,114.0,144.0,93.20833333333333,34.22683814312023,19.05,6.526800934208213
Islamabad,2026-06-07 13:00:00+00:00,32.7,42,1001.8,0.86,11.0,20.0,746.0,9.7,6.2,150.0,163,13,6,6,1,-0.2588190451025208,-0.9659258262890683,0.49999999999999994,-0.8660254037844387,-0.7818314824680299,0.6234898018587334,2.0,161.0,140.0,150.0,93.75,35.25219697131423,19.1375,6.397609098242221
Islamabad,2026-06-07 14:00:00+00:00,30.8,47,1002.0,0.32,12.6,19.8,1237.0,17.5,6.3,129.0,159,14,6,6,1,-0.4999999999999997,-0.8660254037844388,0.49999999999999994,-0.8660254037844387,-0.7818314824680299,0.6234898018587334,-4.0,163.0,155.0,146.0,94.29166666666667,36.17767647821384,19.125,6.410606021681257
Islamabad,2026-06-07 15:00:00+00:00,28.5,51,1002.2,0.96,16.0,22.8,1539.0,27.1,6.4,105.0,151,15,6,6,1,-0.7071067811865471,-0.7071067811865479,0.49999999999999994,-0.8660254037844387,-0.7818314824680299,0.6234898018587334,-8.0,159.0,161.0,131.0,95.125,37.27373769477805,18.925,6.430920550779131
Islamabad,2026-06-07 16:00:00+00:00,27.0,57,1002.7,1.35,19.7,26.0,1488.0,41.2,6.8,76.0,135,16,6,6,1,-0.8660254037844385,-0.5000000000000004,0.49999999999999994,-0.8660254037844387,-0.7818314824680299,0.6234898018587334,-16.0,151.0,163.0,108.0,96.25,38.07800917338882,18.708333333333332,6.307270936519632
Islamabad,2026-06-07 17:00:00+00:00,25.9,60,1002.8,1.47,27.4,33.4,1248.0,57.1,7.3,44.0,113,17,6,6,1,-0.9659258262890683,-0.25881904510252063,0.49999999999999994,-0.8660254037844387,-0.7818314824680299,0.6234898018587334,-22.0,135.0,159.0,79.0,97.66666666666667,38.04078665426557,18.741666666666667,6.352741049387916
Islamabad,2026-06-07 18:00:00+00:00,24.9,64,1002.5,1.38,32.1,37.0,995.0,65.3,7.3,24.0,84,18,6,6,1,-1.0,-1.8369701987210297e-16,0.49999999999999994,-0.8660254037844387,-0.7818314824680299,0.6234898018587334,-29.0,113.0,151.0,69.0,98.29166666666667,37.67074654061854,18.804166666666667,6.480571577493228
Islamabad,2026-06-07 19:00:00+00:00,24.8,59,1001.9,1.38,28.6,31.8,762.0,59.8,6.5,25.0,68,19,6,6,1,-0.9659258262890684,0.2588190451025203,0.49999999999999994,-0.8660254037844387,-0.7818314824680299,0.6234898018587334,-16.0,84.0,135.0,69.0,98.25,37.70509134113674,18.7,6.291678424021917
Islamabad,2026-06-07 20:00:00+00:00,24.6,57,1001.6,0.98,24.2,26.5,517.0,46.6,5.2,37.0,68,20,6,6,1,-0.8660254037844386,0.5000000000000001,0.49999999999999994,-0.8660254037844387,-0.7818314824680299,0.6234898018587334,0.0,68.0,113.0,69.0,98.20833333333333,37.73935688337841,18.51666666666667,6.050128756564859
Islamabad,2026-06-07 21:00:00+00:00,24.0,57,1001.1,1.04,20.1,21.8,331.0,35.2,4.2,47.0,68,21,6,6,1,-0.7071067811865477,0.7071067811865474,0.49999999999999994,-0.8660254037844387,-0.7818314824680299,0.6234898018587334,0.0,68.0,84.0,70.0,98.125,37.806501051262565,18.29583333333333,5.882359713337836
Islamabad,2026-06-07 22:00:00+00:00,23.5,58,1001.0,0.82,16.5,17.9,218.0,28.8,3.5,47.0,68,22,6,6,1,-0.5000000000000004,0.8660254037844384,0.49999999999999994,-0.8660254037844387,-0.7818314824680299,0.6234898018587334,0.0,68.0,68.0,70.0,98.04166666666667,37.87333485123287,18.041666666666668,5.81975023120595
Islamabad,2026-06-07 23:00:00+00:00,23.1,58,1001.0,0.73,14.0,15.1,165.0,24.1,2.9,44.0,67,23,6,6,1,-0.25881904510252157,0.9659258262890681,0.49999999999999994,-0.8660254037844387,-0.7818314824680299,0.6234898018587334,-1.0,68.0,68.0,70.0,97.91666666666667,37.974724622371056,17.775,5.853519936941567
Islamabad,2026-06-08 00:00:00+00:00,23.9,55,1001.5,0.83,13.7,14.6,209.0,20.6,3.4,50.0,67,0,0,6,0,0.0,1.0,0.49999999999999994,-0.8660254037844387,0.0,1.0,0.0,67.0,68.0,70.0,97.79166666666667,38.0754162004904,17.3125,5.711111404819498
Islamabad,2026-06-08 01:00:00+00:00,25.1,55,1001.7,0.72,13.1,13.9,438.0,19.6,5.1,69.0,66,1,0,6,0,0.25881904510252074,0.9659258262890683,0.49999999999999994,-0.8660254037844387,0.0,1.0,-1.0,67.0,68.0,70.0,97.625,38.210870863851035,16.9625,5.700710291365928
Islamabad,2026-06-08 02:00:00+00:00,27.7,53,1002.2,0.58,13.5,14.7,763.0,18.0,7.3,95.0,65,2,0,6,0,0.49999999999999994,0.8660254037844387,0.49999999999999994,-0.8660254037844387,0.0,1.0,-1.0,66.0,67.0,70.0,97.41666666666667,38.38128695609078,16.695833333333333,5.707011642186864
Islamabad,2026-06-08 03:00:00+00:00,30.4,38,1002.6,0.72,10.2,12.8,953.0,15.7,8.8,119.0,65,3,0,6,0,0.7071067811865476,0.7071067811865476,0.49999999999999994,-0.8660254037844387,0.0,1.0,0.0,65.0,67.0,70.0,97.20833333333333,38.54977490112651,16.533333333333335,5.838155356875398
Islamabad,2026-06-08 04:00:00+00:00,32.2,34,1002.6,1.44,9.7,14.3,872.0,11.9,8.8,139.0,64,4,0,6,0,0.8660254037844386,0.5000000000000001,0.49999999999999994,-0.8660254037844387,0.0,1.0,-1.0,65.0,66.0,69.0,97.0,38.721974437621505,16.370833333333334,5.97600121985501
Islamabad,2026-06-08 05:00:00+00:00,33.8,31,1002.3,1.93,9.9,17.8,656.0,7.3,8.1,156.0,64,5,0,6,0,0.9659258262890683,0.25881904510252074,0.49999999999999994,-0.8660254037844387,0.0,1.0,0.0,64.0,65.0,69.0,96.79166666666667,38.892247094478336,16.225,6.093207194330576
Islamabad,2026-06-08 06:00:00+00:00,34.9,27,1001.8,2.11,10.1,19.7,478.0,4.0,7.3,169.0,64,6,0,6,0,1.0,6.123233995736766e-17,0.49999999999999994,-0.8660254037844387,0.0,1.0,0.0,64.0,65.0,69.0,96.58333333333333,39.06061807060864,16.079166666666666,6.199718027716003
Islamabad,2026-06-08 07:00:00+00:00,35.6,26,1001.5,2.31,10.4,21.2,400.0,2.8,6.7,175.0,63,7,0,6,0,0.9659258262890683,-0.25881904510252063,0.49999999999999994,-0.8660254037844387,0.0,1.0,-1.0,64.0,64.0,69.0,96.33333333333333,39.263509629244616,15.920833333333334,6.297548119612821
Islamabad,2026-06-08 08:00:00+00:00,36.0,24,1000.8,2.15,10.3,21.5,359.0,2.9,6.0,177.0,73,8,0,6,0,0.8660254037844387,-0.4999999999999998,0.49999999999999994,-0.8660254037844387,0.0,1.0,10.0,63.0,64.0,80.0,96.04166666666667,39.41582022561447,15.733333333333334,6.398550560506707
Islamabad,2026-06-08 09:00:00+00:00,36.5,22,1000.0,1.4,10.4,21.8,347.0,3.4,5.5,177.0,100,9,0,6,0,0.7071067811865476,-0.7071067811865475,0.49999999999999994,-0.8660254037844387,0.0,1.0,27.0,73.0,64.0,114.0,95.45833333333333,39.24170271387374,15.549999999999999,6.488853318676784
Islamabad,2026-06-08 10:00:00+00:00,36.7,20,999.6,0.8,10.2,21.4,299.0,2.7,5.1,179.0,123,10,0,6,0,0.49999999999999994,-0.8660254037844387,0.49999999999999994,-0.8660254037844387,0.0,1.0,23.0,100.0,63.0,140.0,94.75,38.550080358569446,15.379166666666665,6.576571008655074
Islamabad,2026-06-08 11:00:00+00:00,36.6,20,999.3,0.82,10.1,20.7,278.0,2.5,4.9,179.0,141,11,0,6,0,0.258819045102521,-0.9659258262890682,0.49999999999999994,-0.8660254037844387,0.0,1.0,18.0,123.0,73.0,155.0,94.16666666666667,37.69519248169284,15.233333333333334,6.656064032579273
Islamabad,2026-06-08 12:00:00+00:00,36.9,18,999.0,0.49,7.6,14.5,467.0,6.4,5.2,174.0,153,12,0,6,0,1.2246467991473532e-16,-1.0,0.49999999999999994,-0.8660254037844387,0.0,1.0,12.0,141.0,100.0,161.0,93.83333333333333,37.10931755334973,15.058333333333332,6.803829910372078
Islamabad,2026-06-08 13:00:00+00:00,34.9,33,998.9,0.51,7.7,13.6,1107.0,19.8,5.8,148.0,158,13,0,6,0,-0.2588190451025208,-0.9659258262890683,0.49999999999999994,-0.8660254037844387,0.0,1.0,5.0,153.0,123.0,163.0,93.625,36.71608165605232,14.920833333333334,6.921735090760481
Islamabad,2026-06-08 14:00:00+00:00,31.3,43,998.9,0.68,11.6,16.0,1956.0,38.7,6.7,112.0,157,14,0,6,0,-0.4999999999999997,-0.8660254037844388,0.49999999999999994,-0.8660254037844387,0.0,1.0,-1.0,158.0,141.0,159.0,93.54166666666667,36.5632021795572,14.879166666666665,6.939300752059574
Islamabad,2026-06-08 15:00:00+00:00,28.8,44,999.2,1.1,19.2,23.4,2470.0,56.4,7.4,79.0,147,15,0,6,0,-0.7071067811865471,-0.7071067811865479,0.49999999999999994,-0.8660254037844387,0.0,1.0,-10.0,157.0,153.0,151.0,93.375,36.29805660146927,15.012499999999998,6.9923133262299
Islamabad,2026-06-08 16:00:00+00:00,26.7,50,999.4,1.3,26.3,30.5,2353.0,73.2,8.0,50.0,127,16,0,6,0,-0.8660254037844385,-0.5000000000000004,0.49999999999999994,-0.8660254037844387,0.0,1.0,-20.0,147.0,158.0,135.0,93.04166666666667,35.93409325377507,15.2875,7.307370460259738
Islamabad,2026-06-08 17:00:00+00:00,25.5,51,999.7,1.37,33.6,38.0,1900.0,88.7,8.5,25.0,100,17,0,6,0,-0.9659258262890683,-0.25881904510252063,0.49999999999999994,-0.8660254037844387,0.0,1.0,-27.0,127.0,157.0,113.0,92.5,35.717490539436994,15.545833333333334,7.844077198845485
Islamabad,2026-06-08 18:00:00+00:00,26.0,49,999.6,1.28,35.4,39.0,1455.0,95.1,8.5,10.0,68,18,0,6,0,-1.0,-1.8369701987210297e-16,0.49999999999999994,-0.8660254037844387,0.0,1.0,-32.0,100.0,147.0,84.0,91.83333333333333,36.030985055337574,15.683333333333332,8.16906501310916
Islamabad,2026-06-08 19:00:00+00:00,24.8,51,999.4,1.23,30.4,33.2,1109.0,86.1,7.7,13.0,63,19,0,6,0,-0.9659258262890684,0.2588190451025203,0.49999999999999994,-0.8660254037844387,0.0,1.0,-5.0,68.0,127.0,68.0,91.625,36.18889152164247,15.758333333333333,8.300021826407383
Islamabad,2026-06-08 20:00:00+00:00,24.2,51,999.1,1.23,25.7,28.0,772.0,68.0,6.4,26.0,63,20,0,6,0,-0.8660254037844386,0.5000000000000001,0.49999999999999994,-0.8660254037844387,0.0,1.0,0.0,63.0,100.0,68.0,91.41666666666667,36.344865873494534,15.820833333333333,8.371690347555903
Islamabad,2026-06-08 21:00:00+00:00,24.4,46,998.9,1.33,22.0,24.0,513.0,52.0,5.4,38.0,63,21,0,6,0,-0.7071067811865477,0.7071067811865474,0.49999999999999994,-0.8660254037844387,0.0,1.0,0.0,63.0,68.0,68.0,91.20833333333333,36.498932880966045,15.9,8.422743537330966
Islamabad,2026-06-08 22:00:00+00:00,23.9,45,998.9,1.06,19.1,21.0,340.0,42.0,4.6,40.0,63,22,0,6,0,-0.5000000000000004,0.8660254037844384,0.49999999999999994,-0.8660254037844387,0.0,1.0,0.0,63.0,63.0,68.0,91.0,36.65111659726175,16.008333333333333,8.447480543702381
Islamabad,2026-06-08 23:00:00+00:00,23.6,45,999.0,1.03,16.6,18.3,246.0,34.0,4.1,41.0,63,23,0,6,0,-0.25881904510252157,0.9659258262890681,0.49999999999999994,-0.8660254037844387,0.0,1.0,0.0,63.0,63.0,67.0,90.83333333333333,36.77388802642031,16.116666666666667,8.437270662476251
Islamabad,2026-06-09 00:00:00+00:00,24.1,45,998.9,0.57,20.5,22.6,282.0,39.4,4.4,33.0,63,0,1,6,0,0.0,1.0,0.49999999999999994,-0.8660254037844387,0.7818314824680298,0.6234898018587336,0.0,63.0,63.0,67.0,90.66666666666667,36.89546533544237,16.400000000000002,8.46671231301163
Islamabad,2026-06-09 01:00:00+00:00,24.7,48,999.2,0.92,16.9,18.7,570.0,34.3,7.0,64.0,64,1,1,6,0,0.25881904510252074,0.9659258262890683,0.49999999999999994,-0.8660254037844387,0.7818314824680298,0.6234898018587336,1.0,63.0,63.0,66.0,90.58333333333333,36.95580988231701,16.558333333333334,8.43779884065511
Islamabad,2026-06-09 02:00:00+00:00,27.6,52,999.3,0.81,14.8,16.9,989.0,27.1,10.6,106.0,64,2,1,6,0,0.49999999999999994,0.8660254037844387,0.49999999999999994,-0.8660254037844387,0.7818314824680298,0.6234898018587336,0.0,64.0,63.0,65.0,90.54166666666667,36.98645952785676,16.6125,8.42146907043814
Islamabad,2026-06-09 03:00:00+00:00,31.2,36,999.4,1.03,12.2,15.5,1225.0,20.3,12.8,141.0,64,3,1,6,0,0.7071067811865476,0.7071067811865476,0.49999999999999994,-0.8660254037844387,0.7818314824680298,0.6234898018587336,0.0,64.0,63.0,65.0,90.5,37.017034856471234,16.695833333333333,8.364962078796806
Islamabad,2026-06-09 04:00:00+00:00,33.4,28,999.6,1.36,11.3,15.6,1095.0,14.3,12.5,161.0,65,4,1,6,0,0.8660254037844386,0.5000000000000001,0.49999999999999994,-0.8660254037844387,0.7818314824680298,0.6234898018587336,1.0,64.0,64.0,64.0,90.54166666666667,36.98645952785676,16.7625,8.312997288165198
Islamabad,2026-06-09 05:00:00+00:00,35.4,25,999.2,1.05,11.8,19.0,783.0,8.7,10.8,172.0,65,5,1,6,0,0.9659258262890683,0.25881904510252074,0.49999999999999994,-0.8660254037844387,0.7818314824680298,0.6234898018587336,0.0,65.0,64.0,64.0,90.58333333333333,36.95580988231701,16.841666666666665,8.253637757491086
Islamabad,2026-06-09 06:00:00+00:00,36.4,21,999.2,1.39,11.9,19.8,529.0,4.7,9.2,180.0,65,6,1,6,0,1.0,6.123233995736766e-17,0.49999999999999994,-0.8660254037844387,0.7818314824680298,0.6234898018587336,0.0,65.0,64.0,64.0,90.625,36.925085734791836,16.916666666666668,8.197702046340678
Islamabad,2026-06-09 07:00:00+00:00,37.0,21,998.8,1.81,12.0,19.9,416.0,3.1,8.0,184.0,65,7,1,6,0,0.9659258262890683,-0.25881904510252063,0.49999999999999994,-0.8660254037844387,0.7818314824680298,0.6234898018587336,0.0,65.0,65.0,63.0,90.70833333333333,36.86223372724864,16.98333333333333,8.148761798002083
Islamabad,2026-06-09 08:00:00+00:00,37.7,19,997.9,2.04,11.4,18.7,360.0,3.1,6.9,183.0,88,8,1,6,0,0.8660254037844387,-0.4999999999999998,0.49999999999999994,-0.8660254037844387,0.7818314824680298,0.6234898018587336,23.0,65.0,65.0,73.0,91.33333333333333,36.675624729176064,17.029166666666665,8.112549546531348
Islamabad,2026-06-09 09:00:00+00:00,38.1,17,997.2,1.96,11.1,17.9,352.0,3.6,6.0,181.0,120,9,1,6,0,0.7071067811865476,-0.7071067811865475,0.49999999999999994,-0.8660254037844387,0.7818314824680298,0.6234898018587336,32.0,88.0,65.0,100.0,92.16666666666667,37.10580250729167,17.058333333333334,8.088903653699864
Islamabad,2026-06-09 10:00:00+00:00,38.3,17,996.8,1.5,10.7,17.1,352.0,2.7,5.5,180.0,145,10,1,6,0,0.49999999999999994,-0.8660254037844387,0.49999999999999994,-0.8660254037844387,0.7818314824680298,0.6234898018587336,25.0,120.0,65.0,123.0,93.08333333333333,38.15747310322286,17.07916666666667,8.07109599618965
Islamabad,2026-06-09 11:00:00+00:00,38.1,17,996.7,0.98,10.2,16.2,399.0,2.2,5.3,179.0,158,11,1,6,0,0.258819045102521,-0.9659258262890682,0.49999999999999994,-0.8660254037844387,0.7818314824680298,0.6234898018587336,13.0,145.0,88.0,141.0,93.79166666666667,39.22840493345576,17.083333333333332,8.067361330731266
Islamabad,2026-06-09 12:00:00+00:00,37.8,21,995.9,1.53,4.4,5.2,604.0,7.0,5.1,174.0,164,12,1,6,0,1.2246467991473532e-16,-1.0,0.49999999999999994,-0.8660254037844387,0.7818314824680298,0.6234898018587336,6.0,158.0,120.0,153.0,94.25,40.00679290146683,16.95,8.255169658278074
Islamabad,2026-06-09 13:00:00+00:00,36.0,36,996.2,0.92,4.6,5.6,1141.0,20.4,5.9,152.0,166,13,1,6,0,-0.2588190451025208,-0.9659258262890683,0.49999999999999994,-0.8660254037844387,0.7818314824680298,0.6234898018587336,2.0,164.0,145.0,158.0,94.58333333333333,40.590121593984904,16.820833333333333,8.428625096330432
Islamabad,2026-06-09 14:00:00+00:00,34.5,28,996.5,0.07,9.1,10.2,1835.0,39.3,7.0,120.0,163,14,1,6,0,-0.4999999999999997,-0.8660254037844388,0.49999999999999994,-0.8660254037844387,0.7818314824680298,0.6234898018587336,-3.0,166.0,158.0,157.0,94.83333333333333,41.00759915437362,16.716666666666665,8.51099885144357
Islamabad,2026-06-09 15:00:00+00:00,31.3,33,996.9,1.0,17.2,18.7,2271.0,57.0,7.9,89.0,153,15,1,6,0,-0.7071067811865471,-0.7071067811865479,0.49999999999999994,-0.8660254037844387,0.7818314824680298,0.6234898018587336,-10.0,163.0,164.0,147.0,95.08333333333333,41.35626409276026,16.633333333333336,8.49540370188312
Islamabad,2026-06-09 16:00:00+00:00,29.7,40,997.4,0.9,27.5,29.3,2231.0,74.4,8.4,59.0,134,16,1,6,0,-0.8660254037844385,-0.5000000000000004,0.49999999999999994,-0.8660254037844387,0.7818314824680298,0.6234898018587336,-19.0,153.0,166.0,127.0,95.375,41.61501871450598,16.683333333333334,8.558071027407014
Islamabad,2026-06-09 17:00:00+00:00,28.0,44,998.1,1.2,35.9,37.7,1932.0,90.6,8.6,30.0,108,17,1,6,0,-0.9659258262890683,-0.25881904510252063,0.49999999999999994,-0.8660254037844387,0.7818314824680298,0.6234898018587336,-26.0,134.0,163.0,100.0,95.70833333333333,41.68565509356542,16.779166666666665,8.76608976169782
Islamabad,2026-06-09 18:00:00+00:00,27.4,42,998.1,1.05,33.2,34.5,1616.0,95.4,8.4,16.0,76,18,1,6,0,-1.0,-1.8369701987210297e-16,0.49999999999999994,-0.8660254037844387,0.7818314824680298,0.6234898018587336,-32.0,108.0,153.0,68.0,96.04166666666667,41.485963227669224,16.6875,8.572266328107078
Islamabad,2026-06-09 19:00:00+00:00,26.3,47,998.0,1.1,25.8,26.4,1336.0,80.2,7.6,26.0,65,19,1,6,0,-0.9659258262890684,0.2588190451025203,0.49999999999999994,-0.8660254037844387,0.7818314824680298,0.6234898018587336,-11.0,76.0,134.0,63.0,96.125,41.41866046581656,16.495833333333334,8.299422670684093
Islamabad,2026-06-09 20:00:00+00:00,25.7,46,998.0,1.6,19.6,20.0,1037.0,53.6,6.4,51.0,64,20,1,6,0,-0.8660254037844386,0.5000000000000001,0.49999999999999994,-0.8660254037844387,0.7818314824680298,0.6234898018587336,-1.0,65.0,108.0,63.0,96.16666666666667,41.384377084434334,16.241666666666667,8.096210421450532
Islamabad,2026-06-09 21:00:00+00:00,25.3,47,997.8,0.93,15.4,15.7,800.0,32.2,5.4,70.0,64,21,1,6,0,-0.7071067811865477,0.7071067811865474,0.49999999999999994,-0.8660254037844387,0.7818314824680298,0.6234898018587336,0.0,64.0,76.0,63.0,96.20833333333333,41.3500214674951,15.966666666666667,8.003676691353075
Islamabad,2026-06-09 22:00:00+00:00,25.0,49,997.8,0.56,12.5,13.0,633.0,22.0,4.8,74.0,63,22,1,6,0,-0.5000000000000004,0.8660254037844384,0.49999999999999994,-0.8660254037844387,0.7818314824680298,0.6234898018587336,-1.0,64.0,65.0,63.0,96.20833333333333,41.3500214674951,15.691666666666668,8.004722338104132
Islamabad,2026-06-09 23:00:00+00:00,24.5,48,998.2,1.02,11.0,11.5,527.0,16.9,4.4,73.0,63,23,1,6,0,-0.25881904510252157,0.9659258262890681,0.49999999999999994,-0.8660254037844387,0.7818314824680298,0.6234898018587336,0.0,63.0,64.0,63.0,96.20833333333333,41.3500214674951,15.458333333333334,8.058531351073235
Islamabad,2026-06-10 00:00:00+00:00,25.9,42,998.7,0.76,8.7,8.9,533.0,16.7,4.5,67.0,62,0,2,6,0,0.0,1.0,0.49999999999999994,-0.8660254037844387,0.9749279121818236,-0.22252093395631434,-1.0,63.0,64.0,63.0,96.16666666666667,41.385427667095485,14.966666666666667,8.09743204955125
Islamabad,2026-06-10 01:00:00+00:00,26.4,47,999.2,0.91,9.9,10.5,763.0,17.8,6.0,87.0,61,1,2,6,0,0.25881904510252074,0.9659258262890683,0.49999999999999994,-0.8660254037844387,0.9749279121818236,-0.22252093395631434,-1.0,62.0,63.0,64.0,96.04166666666667,41.49120301384642,14.675000000000002,8.150660149310822
Islamabad,2026-06-10 02:00:00+00:00,28.6,49,999.4,0.96,13.5,15.0,1105.0,19.0,8.1,116.0,61,2,2,6,0,0.49999999999999994,0.8660254037844387,0.49999999999999994,-0.8660254037844387,0.9749279121818236,-0.22252093395631434,0.0,61.0,63.0,64.0,95.91666666666667,41.59631742340171,14.620833333333335,8.154112281631125
Islamabad,2026-06-10 03:00:00+00:00,31.9,35,999.5,0.16,15.8,23.3,1270.0,18.6,10.2,143.0,61,3,2,6,0,0.7071067811865476,0.7071067811865476,0.49999999999999994,-0.8660254037844387,0.9749279121818236,-0.22252093395631434,0.0,61.0,62.0,64.0,95.79166666666667,41.7007758937998,14.770833333333334,8.140744500012946
Islamabad,2026-06-10 04:00:00+00:00,34.1,27,999.8,1.5,22.8,44.4,1071.0,14.8,12.5,167.0,61,4,2,6,0,0.8660254037844386,0.5000000000000001,0.49999999999999994,-0.8660254037844387,0.9749279121818236,-0.22252093395631434,0.0,61.0,61.0,65.0,95.625,41.83696358173138,15.25,8.265065296041188
Islamabad,2026-06-10 05:00:00+00:00,35.4,27,999.5,2.06,25.2,50.1,695.0,9.3,14.7,189.0,62,5,2,6,0,0.9659258262890683,0.25881904510252074,0.49999999999999994,-0.8660254037844387,0.9749279121818236,-0.22252093395631434,1.0,61.0,61.0,65.0,95.5,41.93680545980941,15.808333333333332,8.47189300065169
Islamabad,2026-06-10 06:00:00+00:00,36.5,23,999.4,2.63,23.3,44.9,414.0,5.2,15.5,203.0,63,6,2,6,0,1.0,6.123233995736766e-17,0.49999999999999994,-0.8660254037844387,0.9749279121818236,-0.22252093395631434,1.0,62.0,61.0,65.0,95.41666666666667,42.001984080119996,16.283333333333335,8.562337483911982
Islamabad,2026-06-10 07:00:00+00:00,37.3,22,999.0,2.07,20.4,38.3,343.0,3.7,13.9,204.0,89,7,2,6,0,0.9659258262890683,-0.25881904510252063,0.49999999999999994,-0.8660254037844387,0.9749279121818236,-0.22252093395631434,26.0,63.0,61.0,65.0,96.41666666666667,41.5293679917849,16.633333333333336,8.551311451247129
Islamabad,2026-06-10 08:00:00+00:00,38.1,22,997.8,2.06,18.1,33.2,367.0,3.5,10.8,197.0,117,8,2,6,0,0.8660254037844387,-0.4999999999999998,0.49999999999999994,-0.8660254037844387,0.9749279121818236,-0.22252093395631434,28.0,89.0,62.0,88.0,97.625,41.695388651295666,16.912499999999998,8.482119941126191
Islamabad,2026-06-10 09:00:00+00:00,38.5,21,997.1,2.15,16.4,29.5,407.0,3.8,8.4,190.0,144,9,2,6,0,0.7071067811865476,-0.7071067811865475,0.49999999999999994,-0.8660254037844387,0.9749279121818236,-0.22252093395631434,27.0,117.0,63.0,120.0,98.625,42.534704500636984,17.133333333333336,8.392733226696246
Islamabad,2026-06-10 10:00:00+00:00,38.7,20,996.5,2.03,15.3,27.1,395.0,2.9,7.2,186.0,162,10,2,6,0,0.49999999999999994,-0.8660254037844387,0.49999999999999994,-0.8660254037844387,0.9749279121818236,-0.22252093395631434,18.0,144.0,89.0,145.0,99.33333333333333,43.471796620904236,17.325,8.29133911668221
Islamabad,2026-06-10 11:00:00+00:00,38.8,19,996.0,1.76,14.2,24.9,399.0,2.4,6.6,182.0,173,11,2,6,0,0.258819045102521,-0.9659258262890682,0.49999999999999994,-0.8660254037844387,0.9749279121818236,-0.22252093395631434,11.0,162.0,117.0,158.0,99.95833333333333,44.44877771749968,17.491666666666667,8.181363587136682
Islamabad,2026-06-10 12:00:00+00:00,39.8,15,995.0,1.17,10.4,16.6,553.0,6.9,5.9,171.0,180,12,2,6,0,1.2246467991473532e-16,-1.0,0.49999999999999994,-0.8660254037844387,0.9749279121818236,-0.22252093395631434,7.0,173.0,144.0,164.0,100.625,45.55723824511012,17.741666666666667,7.848839109213369
Islamabad,2026-06-10 13:00:00+00:00,37.9,34,995.3,0.25,10.7,16.6,1031.0,25.0,6.6,142.0,180,13,2,6,0,-0.2588190451025208,-0.9659258262890683,0.49999999999999994,-0.8660254037844387,0.9749279121818236,-0.22252093395631434,0.0,180.0,162.0,166.0,101.20833333333333,46.51038141866964,17.995833333333334,7.49559169962817
Islamabad,2026-06-10 14:00:00+00:00,34.5,30,995.8,0.25,15.4,21.0,1658.0,50.3,7.5,101.0,173,14,2,6,0,-0.4999999999999997,-0.8660254037844388,0.49999999999999994,-0.8660254037844387,0.9749279121818236,-0.22252093395631434,-7.0,180.0,173.0,163.0,101.625,47.12869752533766,18.258333333333336,7.277655897493185
Islamabad,2026-06-10 15:00:00+00:00,31.5,34,996.3,1.08,25.5,31.7,2044.0,71.4,8.3,65.0,156,15,2,6,0,-0.7071067811865471,-0.7071067811865479,0.49999999999999994,-0.8660254037844387,0.9749279121818236,-0.22252093395631434,-17.0,173.0,180.0,153.0,101.75,47.27463700915969,18.604166666666668,7.420973753441921
Islamabad,2026-06-10 16:00:00+00:00,29.7,37,996.9,1.5,37.4,44.5,1970.0,85.8,8.9,39.0,129,16,2,6,0,-0.8660254037844385,-0.5000000000000004,0.49999999999999994,-0.8660254037844387,0.9749279121818236,-0.22252093395631434,-27.0,156.0,180.0,134.0,101.54166666666667,47.137153413035485,19.016666666666666,8.173906876346644
Islamabad,2026-06-10 17:00:00+00:00,29.0,37,997.4,1.76,45.4,52.3,1655.0,96.0,9.4,18.0,95,17,2,6,0,-0.9659258262890683,-0.25881904510252063,0.49999999999999994,-0.8660254037844387,0.9749279121818236,-0.22252093395631434,-34.0,129.0,173.0,108.0,101.0,47.13440541592764,19.412499999999998,9.19349072654827
Islamabad,2026-06-10 18:00:00+00:00,28.1,39,998.0,1.01,46.7,52.7,1361.0,97.7,9.4,8.0,70,18,2,6,0,-1.0,-1.8369701987210297e-16,0.49999999999999994,-0.8660254037844387,0.9749279121818236,-0.22252093395631434,-25.0,95.0,156.0,76.0,100.75,47.288430426203604,19.975,10.406697258308496
Islamabad,2026-06-10 19:00:00+00:00,27.7,39,997.6,1.15,40.4,45.1,1172.0,85.9,8.5,14.0,71,19,2,6,0,-0.9659258262890684,0.2588190451025203,0.49999999999999994,-0.8660254037844387,0.9749279121818236,-0.22252093395631434,1.0,70.0,129.0,65.0,101.0,47.106724342293795,20.583333333333332,11.161372311864552
Islamabad,2026-06-10 20:00:00+00:00,26.9,40,997.3,1.2,32.4,35.7,1004.0,65.7,7.1,31.0,72,20,2,6,0,-0.8660254037844386,0.5000000000000001,0.49999999999999994,-0.8660254037844387,0.9749279121818236,-0.22252093395631434,1.0,71.0,95.0,64.0,101.33333333333333,46.86118878659332,21.116666666666664,11.415270728156216
Islamabad,2026-06-10 21:00:00+00:00,25.9,43,997.2,0.91,26.5,29.5,864.0,47.9,6.0,46.0,73,21,2,6,0,-0.7071067811865477,0.7071067811865474,0.49999999999999994,-0.8660254037844387,0.9749279121818236,-0.22252093395631434,1.0,72.0,70.0,64.0,101.70833333333333,46.5846393480554,21.579166666666666,11.398435406236404
Islamabad,2026-06-10 22:00:00+00:00,25.4,45,997.0,1.2,22.8,25.9,736.0,36.1,5.4,53.0,74,22,2,6,0,-0.5000000000000004,0.8660254037844384,0.49999999999999994,-0.8660254037844387,0.9749279121818236,-0.22252093395631434,1.0,73.0,71.0,63.0,102.16666666666667,46.24007923367149,22.008333333333336,11.234454638053931
Islamabad,2026-06-10 23:00:00+00:00,25.6,43,997.1,1.16,20.3,23.7,635.0,26.6,5.1,58.0,75,23,2,6,0,-0.25881904510252157,0.9659258262890681,0.49999999999999994,-0.8660254037844387,0.9749279121818236,-0.22252093395631434,1.0,74.0,72.0,63.0,102.66666666666667,45.861480158394635,22.395833333333332,10.996105206396658
Islamabad,2026-06-11 00:00:00+00:00,26.8,50,997.1,1.31,22.3,24.5,617.0,35.3,5.6,49.0,75,0,3,6,0,0.0,1.0,0.49999999999999994,-0.8660254037844387,0.43388373911755823,-0.900968867902419,0.0,75.0,73.0,62.0,103.20833333333333,45.4350747164868,22.962499999999995,10.6030271518377
Islamabad,2026-06-11 01:00:00+00:00,27.5,54,997.7,0.79,20.0,22.1,766.0,31.3,6.9,76.0,76,1,3,6,0,0.25881904510252074,0.9659258262890683,0.49999999999999994,-0.8660254037844387,0.43388373911755823,-0.900968867902419,1.0,75.0,74.0,61.0,103.83333333333333,44.92957452131782,23.38333333333333,10.256818163571905
Islamabad,2026-06-11 02:00:00+00:00,29.3,50,997.9,0.3,20.5,23.1,997.0,25.5,8.8,113.0,77,2,3,6,0,0.49999999999999994,0.8660254037844387,0.49999999999999994,-0.8660254037844387,0.43388373911755823,-0.900968867902419,1.0,76.0,75.0,61.0,104.5,44.381743210860556,23.674999999999997,10.061214811257123
Islamabad,2026-06-11 03:00:00+00:00,32.2,41,998.0,0.67,18.7,25.6,1116.0,19.9,10.6,147.0,78,3,3,6,0,0.7071067811865476,0.7071067811865476,0.49999999999999994,-0.8660254037844387,0.43388373911755823,-0.900968867902419,1.0,77.0,75.0,61.0,105.20833333333333,43.78899918101972,23.795833333333334,9.979608738808802
Islamabad,2026-06-11 04:00:00+00:00,34.3,34,998.1,1.78,19.7,28.2,1003.0,14.7,12.6,174.0,78,4,3,6,0,0.8660254037844386,0.5000000000000001,0.49999999999999994,-0.8660254037844387,0.43388373911755823,-0.900968867902419,0.0,78.0,76.0,61.0,105.91666666666667,43.17599641776261,23.666666666666668,10.013063930454113
Islamabad,2026-06-11 05:00:00+00:00,35.9,27,997.9,1.51,20.5,29.3,778.0,9.7,14.6,198.0,78,5,3,6,0,0.9659258262890683,0.25881904510252074,0.49999999999999994,-0.8660254037844387,0.43388373911755823,-0.900968867902419,0.0,78.0,77.0,62.0,106.58333333333333,42.58793120190219,23.470833333333335,10.027721539580224
Islamabad,2026-06-11 06:00:00+00:00,37.3,22,997.9,0.92,20.3,28.9,600.0,6.0,15.4,214.0,77,6,3,6,0,1.0,6.123233995736766e-17,0.49999999999999994,-0.8660254037844387,0.43388373911755823,-0.900968867902419,-1.0,78.0,78.0,63.0,107.16666666666667,42.05758647034002,23.34583333333333,10.048620029275286
Islamabad,2026-06-11 07:00:00+00:00,38.3,18,997.5,2.58,19.6,28.3,539.0,4.2,14.1,220.0,85,7,3,6,0,0.9659258262890683,-0.25881904510252063,0.49999999999999994,-0.8660254037844387,0.43388373911755823,-0.900968867902419,8.0,77.0,78.0,89.0,107.0,42.140551573947214,23.3125,10.060137111175523
Islamabad,2026-06-11 08:00:00+00:00,37.7,19,997.4,3.21,19.3,28.3,525.0,3.8,11.7,217.0,120,8,3,6,0,0.8660254037844387,-0.4999999999999998,0.49999999999999994,-0.8660254037844387,0.43388373911755823,-0.900968867902419,35.0,85.0,78.0,117.0,107.125,42.17593843186751,23.362499999999997,10.036057276250107
Islamabad,2026-06-11 09:00:00+00:00,37.2,19,997.4,4.44,19.3,28.8,515.0,4.0,9.7,212.0,154,9,3,6,0,0.7071067811865476,-0.7071067811865475,0.49999999999999994,-0.8660254037844387,0.43388373911755823,-0.900968867902419,34.0,120.0,77.0,144.0,107.54166666666667,42.60330581852363,23.483333333333334,9.965796578762491
Islamabad,2026-06-11 10:00:00+00:00,37.3,18,997.2,3.1,19.4,29.9,481.0,4.7,8.8,204.0,176,10,3,6,0,0.49999999999999994,-0.8660254037844387,0.49999999999999994,-0.8660254037844387,0.43388373911755823,-0.900968867902419,22.0,154.0,85.0,162.0,108.125,43.468441826025824,23.65416666666667,9.853932305635999
Islamabad,2026-06-11 11:00:00+00:00,37.2,18,997.1,2.87,20.2,31.9,450.0,6.1,8.3,193.0,190,11,3,6,0,0.258819045102521,-0.9659258262890682,0.49999999999999994,-0.8660254037844387,0.43388373911755823,-0.900968867902419,14.0,176.0,120.0,173.0,108.83333333333333,44.692832483098464,23.904166666666665,9.678190594755026
Islamabad,2026-06-11 12:00:00+00:00,37.7,19,995.5,2.85,12.3,21.5,459.0,7.6,6.8,176.0,198,12,3,6,0,1.2246467991473532e-16,-1.0,0.49999999999999994,-0.8660254037844387,0.43388373911755823,-0.900968867902419,8.0,190.0,154.0,180.0,109.58333333333333,46.068867792796105,23.983333333333334,9.5700923018885
Islamabad,2026-06-11 13:00:00+00:00,35.7,24,996.3,2.6,13.7,21.8,536.0,8.3,7.4,176.0,198,13,3,6,0,-0.2588190451025208,-0.9659258262890683,0.49999999999999994,-0.8660254037844387,0.43388373911755823,-0.900968867902419,0.0,198.0,176.0,180.0,110.33333333333333,47.39259405238833,24.10833333333333,9.407255140335103
Islamabad,2026-06-11 14:00:00+00:00,33.8,26,997.3,2.99,25.0,31.1,652.0,9.4,8.2,175.0,195,14,3,6,0,-0.4999999999999997,-0.8660254037844388,0.49999999999999994,-0.8660254037844387,0.43388373911755823,-0.900968867902419,-3.0,198.0,190.0,173.0,111.25,48.84781157485107,24.50833333333333,9.22317104134852
Islamabad,2026-06-11 15:00:00+00:00,30.7,37,998.8,1.29,35.7,46.4,761.0,11.5,8.7,169.0,188,15,3,6,0,-0.7071067811865471,-0.7071067811865479,0.49999999999999994,-0.8660254037844387,0.43388373911755823,-0.900968867902419,-7.0,195.0,198.0,156.0,112.58333333333333,50.53016031489763,24.933333333333334,9.501655080845719
Islamabad,2026-06-11 16:00:00+00:00,29.9,37,999.9,1.38,37.6,48.1,866.0,15.7,8.6,153.0,180,16,3,6,0,-0.8660254037844385,-0.5000000000000004,0.49999999999999994,-0.8660254037844387,0.43388373911755823,-0.900968867902419,-8.0,188.0,198.0,129.0,114.70833333333333,52.29222168999269,24.941666666666666,9.51314498660831
Islamabad,2026-06-11 17:00:00+00:00,29.0,40,1000.6,1.15,35.0,41.4,963.0,20.9,8.2,131.0,170,17,3,6,0,-0.9659258262890683,-0.25881904510252063,0.49999999999999994,-0.8660254037844387,0.43388373911755823,-0.900968867902419,-10.0,180.0,195.0,95.0,117.83333333333333,53.294641762373146,24.508333333333336,8.746721953253983
Islamabad,2026-06-11 18:00:00+00:00,29.5,45,999.9,0.87,34.6,38.3,990.0,24.4,7.7,113.0,157,18,3,6,0,-1.0,-1.8369701987210297e-16,0.49999999999999994,-0.8660254037844387,0.43388373911755823,-0.900968867902419,-13.0,170.0,188.0,70.0,121.45833333333333,52.856638895812274,24.004166666666666,7.697796362633829
Islamabad,2026-06-11 19:00:00+00:00,27.5,47,1001.0,1.43,33.4,36.7,895.0,24.8,7.2,101.0,140,19,3,6,0,-0.9659258262890684,0.2588190451025203,0.49999999999999994,-0.8660254037844387,0.43388373911755823,-0.900968867902419,-17.0,157.0,180.0,71.0,124.33333333333333,51.859900456540544,23.712500000000002,7.163634764801813
Islamabad,2026-06-11 20:00:00+00:00,26.7,45,1001.8,2.31,31.0,33.8,731.0,23.5,6.5,92.0,120,20,3,6,0,-0.8660254037844386,0.5000000000000001,0.49999999999999994,-0.8660254037844387,0.43388373911755823,-0.900968867902419,-20.0,140.0,170.0,72.0,126.33333333333333,50.6657131870617,23.65416666666667,7.095189991430224
Islamabad,2026-06-11 21:00:00+00:00,25.6,49,1001.9,1.81,28.2,30.7,591.0,22.0,6.1,86.0,103,21,3,6,0,-0.7071067811865477,0.7071067811865474,0.49999999999999994,-0.8660254037844387,0.43388373911755823,-0.900968867902419,-17.0,120.0,157.0,73.0,127.58333333333333,49.652633947968845,23.724999999999998,7.133219896158774
Islamabad,2026-06-11 22:00:00+00:00,24.7,52,1002.1,2.24,26.3,29.8,504.0,20.6,5.8,82.0,84,22,3,6,0,-0.5000000000000004,0.8660254037844384,0.49999999999999994,-0.8660254037844387,0.43388373911755823,-0.900968867902419,-19.0,103.0,140.0,74.0,128.0,49.22353625796407,23.870833333333334,7.149246185052773
Islamabad,2026-06-11 23:00:00+00:00,21.1,81,1004.5,2.8,25.8,34.5,442.0,18.9,5.8,81.0,78,23,3,6,0,-0.25881904510252157,0.9659258262890681,0.49999999999999994,-0.8660254037844387,0.43388373911755823,-0.900968867902419,-6.0,84.0,120.0,75.0,128.125,49.086713424129165,24.099999999999998,7.117889281668116
Islamabad,2026-06-12 00:00:00+00:00,25.3,46,1003.2,2.25,49.4,75.9,409.0,12.2,9.9,93.0,78,0,4,6,0,0.0,1.0,0.49999999999999994,-0.8660254037844387,-0.433883739117558,-0.9009688679024191,0.0,78.0,103.0,75.0,128.25,48.949175060775104,25.229166666666668,8.776276281106801
Islamabad,2026-06-12 01:00:00+00:00,25.6,47,1004.1,2.2,45.3,71.2,426.0,12.3,10.4,98.0,81,1,4,6,0,0.25881904510252074,0.9659258262890683,0.49999999999999994,-0.8660254037844387,-0.433883739117558,-0.9009688679024191,3.0,78.0,84.0,76.0,128.45833333333334,48.72726151234775,26.283333333333335,9.601524637385351
Islamabad,2026-06-12 02:00:00+00:00,27.2,45,1005.1,2.98,45.1,86.8,473.0,12.3,10.9,106.0,83,2,4,6,0,0.49999999999999994,0.8660254037844387,0.49999999999999994,-0.8660254037844387,-0.433883739117558,-0.9009688679024191,2.0,81.0,78.0,77.0,128.70833333333334,48.46646457506231,27.308333333333337,10.248559460455498
Islamabad,2026-06-12 03:00:00+00:00,23.5,73,1007.3,0.89,43.3,104.1,494.0,11.6,11.1,115.0,85,3,4,6,0,0.7071067811865476,0.7071067811865476,0.49999999999999994,-0.8660254037844387,-0.433883739117558,-0.9009688679024191,2.0,83.0,78.0,78.0,129.0,48.16818361785558,28.333333333333332,10.575141757366895
Islamabad,2026-06-12 04:00:00+00:00,22.5,85,1007.8,2.8,46.6,130.4,457.0,9.4,10.4,126.0,86,4,4,6,0,0.8660254037844386,0.5000000000000001,0.49999999999999994,-0.8660254037844387,-0.433883739117558,-0.9009688679024191,1.0,85.0,81.0,78.0,129.33333333333334,47.82637681071557,29.454166666666666,11.03583015008153
Islamabad,2026-06-12 05:00:00+00:00,24.5,73,1008.3,0.49,44.1,122.9,394.0,6.4,9.3,138.0,89,5,4,6,0,0.9659258262890683,0.25881904510252074,0.49999999999999994,-0.8660254037844387,-0.433883739117558,-0.9009688679024191,3.0,86.0,83.0,78.0,129.79166666666666,47.36351482134594,30.4375,11.252586659152573
Islamabad,2026-06-12 06:00:00+00:00,29.2,49,1007.4,4.94,39.7,111.1,345.0,4.2,8.4,148.0,90,6,4,6,0,1.0,6.123233995736766e-17,0.49999999999999994,-0.8660254037844387,-0.433883739117558,-0.9009688679024191,1.0,89.0,85.0,77.0,130.33333333333334,46.80455818258131,31.245833333333334,11.18931863203809
Islamabad,2026-06-12 07:00:00+00:00,30.4,43,1007.2,4.04,36.8,102.9,321.0,3.4,8.0,155.0,92,7,4,6,0,0.9659258262890683,-0.25881904510252063,0.49999999999999994,-0.8660254037844387,-0.433883739117558,-0.9009688679024191,2.0,90.0,86.0,85.0,130.625,46.5307869096876,31.962500000000002,10.959443515704274
Islamabad,2026-06-12 08:00:00+00:00,30.3,41,1006.8,3.55,34.3,92.0,312.0,3.4,7.8,161.0,93,8,4,6,0,0.8660254037844387,-0.4999999999999998,0.49999999999999994,-0.8660254037844387,-0.433883739117558,-0.9009688679024191,1.0,92.0,89.0,120.0,129.5,47.12148960515434,32.5875,10.628645154773324
Islamabad,2026-06-12 09:00:00+00:00,30.7,41,1006.2,2.14,32.8,83.4,327.0,3.9,7.8,164.0,95,9,4,6,0,0.7071067811865476,-0.7071067811865475,0.49999999999999994,-0.8660254037844387,-0.433883739117558,-0.9009688679024191,2.0,93.0,90.0,154.0,127.04166666666667,47.326322454860396,33.15,10.2451685325752
Islamabad,2026-06-12 10:00:00+00:00,28.8,49,1007.4,1.64,32.6,81.3,349.0,4.4,8.1,166.0,103,10,4,6,0,0.49999999999999994,-0.8660254037844387,0.49999999999999994,-0.8660254037844387,-0.433883739117558,-0.9009688679024191,8.0,95.0,92.0,176.0,124.0,46.37934322800232,33.699999999999996,9.820431231123047
Islamabad,2026-06-12 11:00:00+00:00,28.8,49,1006.5,1.19,33.3,83.1,395.0,5.4,8.7,167.0,116,11,4,6,0,0.258819045102521,-0.9659258262890682,0.49999999999999994,-0.8660254037844387,-0.433883739117558,-0.9009688679024191,13.0,103.0,93.0,190.0,120.91666666666667,44.20989134519106,34.24583333333334,9.39217894645957
Islamabad,2026-06-12 12:00:00+00:00,31.8,37,1004.0,2.82,32.1,78.2,523.0,8.0,10.3,168.0,127,12,4,6,0,1.2246467991473532e-16,-1.0,0.49999999999999994,-0.8660254037844387,-0.433883739117558,-0.9009688679024191,11.0,116.0,95.0,198.0,117.95833333333333,41.09319119171469,35.07083333333333,8.1708644195286
Islamabad,2026-06-12 13:00:00+00:00,24.8,73,1006.8,2.24,30.2,70.3,789.0,14.5,9.9,148.0,136,13,4,6,0,-0.2588190451025208,-0.9659258262890683,0.49999999999999994,-0.8660254037844387,-0.433883739117558,-0.9009688679024191,9.0,127.0,103.0,198.0,115.375,37.646886238814474,35.75833333333333,6.8879804995599745
Islamabad,2026-06-12 14:00:00+00:00,24.3,70,1007.1,2.61,28.1,54.6,1137.0,23.5,9.3,120.0,138,14,4,6,0,-0.4999999999999997,-0.8660254037844388,0.49999999999999994,-0.8660254037844387,-0.433883739117558,-0.9009688679024191,2.0,136.0,116.0,195.0,113.0,34.0293990543468,35.8875,6.704074847823302
Islamabad,2026-06-12 15:00:00+00:00,24.4,67,1007.5,2.57,28.9,51.3,1461.0,30.0,8.8,99.0,132,15,4,6,0,-0.7071067811865471,-0.7071067811865479,0.49999999999999994,-0.8660254037844387,-0.433883739117558,-0.9009688679024191,-6.0,138.0,127.0,188.0,110.66666666666667,30.38830820171301,35.604166666666664,6.85435305459976
Islamabad,2026-06-12 16:00:00+00:00,25.2,60,1007.9,3.02,29.5,49.0,1788.0,31.8,8.6,92.0,120,16,4,6,0,-0.8660254037844385,-0.5000000000000004,0.49999999999999994,-0.8660254037844387,-0.433883739117558,-0.9009688679024191,-12.0,132.0,136.0,180.0,108.16666666666667,26.677896186309678,35.266666666666666,6.950549973026295
Islamabad,2026-06-12 17:00:00+00:00,25.5,59,1007.8,2.23,29.9,45.1,2091.0,31.1,8.5,92.0,106,17,4,6,0,-0.9659258262890683,-0.25881904510252063,0.49999999999999994,-0.8660254037844387,-0.433883739117558,-0.9009688679024191,-14.0,120.0,138.0,170.0,105.5,23.20044977075226,35.05416666666667,7.03648746158913
Islamabad,2026-06-12 18:00:00+00:00,25.3,64,1006.5,0.78,31.4,45.1,2175.0,29.9,8.2,90.0,99,18,4,6,0,-1.0,-1.8369701987210297e-16,0.49999999999999994,-0.8660254037844387,-0.433883739117558,-0.9009688679024191,-7.0,106.0,132.0,157.0,103.08333333333333,20.461876888425547,34.92083333333333,7.075676594882068
Islamabad,2026-06-12 19:00:00+00:00,24.5,75,1006.1,0.38,32.2,43.3,1872.0,28.6,7.4,85.0,99,19,4,6,0,-0.9659258262890684,0.2588190451025203,0.49999999999999994,-0.8660254037844387,-0.433883739117558,-0.9009688679024191,0.0,99.0,120.0,140.0,101.375,18.897463597921423,34.87083333333333,7.0911138002105005
Islamabad,2026-06-12 20:00:00+00:00,24.5,77,1005.8,0.16,31.7,39.9,1350.0,26.7,6.4,79.0,99,20,4,6,0,-0.8660254037844386,0.5000000000000001,0.49999999999999994,-0.8660254037844387,-0.433883739117558,-0.9009688679024191,0.0,99.0,106.0,120.0,100.5,18.479130414322753,34.9,7.075923660708438
Islamabad,2026-06-12 21:00:00+00:00,24.4,73,1005.9,0.74,30.7,42.6,922.0,25.6,5.5,71.0,99,21,4,6,0,-0.7071067811865477,0.7071067811865474,0.49999999999999994,-0.8660254037844387,-0.433883739117558,-0.9009688679024191,0.0,99.0,99.0,103.0,100.33333333333333,18.47363966084712,35.00416666666667,6.990893403543622
Islamabad,2026-06-12 22:00:00+00:00,24.6,70,1006.0,0.11,30.5,40.3,711.0,26.1,4.7,58.0,99,22,4,6,0,-0.5000000000000004,0.8660254037844384,0.49999999999999994,-0.8660254037844387,-0.433883739117558,-0.9009688679024191,0.0,99.0,99.0,84.0,100.95833333333333,18.14789283891484,35.17916666666667,6.813859224861597
Islamabad,2026-06-12 23:00:00+00:00,24.1,70,1006.4,0.6,30.9,37.7,593.0,27.3,4.2,43.0,99,23,4,6,0,-0.25881904510252157,0.9659258262890681,0.49999999999999994,-0.8660254037844387,-0.433883739117558,-0.9009688679024191,0.0,99.0,99.0,78.0,101.83333333333333,17.487055253794388,35.391666666666666,6.5842973060526635
Islamabad,2026-06-13 00:00:00+00:00,24.2,67,1004.9,0.43,35.0,62.6,510.0,17.9,9.4,91.0,100,0,5,6,1,0.0,1.0,0.49999999999999994,-0.8660254037844387,-0.9749279121818236,-0.2225209339563146,1.0,99.0,99.0,78.0,102.75,16.744239762299554,34.791666666666664,5.869591250613194
Islamabad,2026-06-13 01:00:00+00:00,24.6,64,1005.8,0.85,29.9,48.7,453.0,16.8,8.7,101.0,99,1,5,6,1,0.25881904510252074,0.9659258262890683,0.49999999999999994,-0.8660254037844387,-0.9749279121818236,-0.2225209339563146,-1.0,100.0,99.0,81.0,103.5,16.119121779938993,34.15,5.501067090159359
Islamabad,2026-06-13 02:00:00+00:00,25.4,57,1007.2,2.35,27.2,48.4,430.0,15.1,7.8,115.0,97,2,5,6,1,0.49999999999999994,0.8660254037844387,0.49999999999999994,-0.8660254037844387,-0.9749279121818236,-0.2225209339563146,-2.0,99.0,99.0,83.0,104.08333333333333,15.589619363026143,33.40416666666666,5.154439130848548
Islamabad,2026-06-13 03:00:00+00:00,26.3,53,1008.0,3.13,27.5,51.8,411.0,12.9,7.1,128.0,96,3,5,6,1,0.7071067811865476,0.7071067811865476,0.49999999999999994,-0.8660254037844387,-0.9749279121818236,-0.2225209339563146,-1.0,97.0,100.0,85.0,104.54166666666667,15.159956311358563,32.74583333333333,4.834655616229119
Islamabad,2026-06-13 04:00:00+00:00,26.4,57,1008.5,1.66,30.6,61.9,382.0,9.8,6.9,139.0,95,4,5,6,1,0.8660254037844386,0.5000000000000001,0.49999999999999994,-0.8660254037844387,-0.9749279121818236,-0.2225209339563146,-1.0,96.0,99.0,86.0,104.91666666666667,14.788117047044318,32.079166666666666,3.8425511415414917
Islamabad,2026-06-13 05:00:00+00:00,27.7,52,1008.4,1.16,30.3,66.4,356.0,6.2,6.9,150.0,94,5,5,6,1,0.9659258262890683,0.25881904510252074,0.49999999999999994,-0.8660254037844387,-0.9749279121818236,-0.2225209339563146,-1.0,95.0,97.0,89.0,105.125,14.588001323302548,31.504166666666663,2.8766646094673254
Islamabad,2026-06-13 06:00:00+00:00,30.3,40,1008.5,2.9,28.5,62.4,340.0,3.6,6.8,158.0,92,6,5,6,1,1.0,6.123233995736766e-17,0.49999999999999994,-0.8660254037844387,-0.9749279121818236,-0.2225209339563146,-2.0,94.0,96.0,90.0,105.20833333333333,14.503310466673975,31.037499999999998,2.3494333266813934
Islamabad,2026-06-13 07:00:00+00:00,29.9,40,1008.5,3.41,27.2,59.5,340.0,2.7,6.5,163.0,92,7,5,6,1,0.9659258262890683,-0.25881904510252063,0.49999999999999994,-0.8660254037844387,-0.9749279121818236,-0.2225209339563146,0.0,92.0,95.0,92.0,105.20833333333333,14.503310466673975,30.6375,2.1329327635705
Islamabad,2026-06-13 08:00:00+00:00,31.0,39,1007.7,2.93,30.4,68.0,350.0,2.8,6.1,165.0,91,8,5,6,1,0.8660254037844387,-0.4999999999999998,0.49999999999999994,-0.8660254037844387,-0.9749279121818236,-0.2225209339563146,-1.0,92.0,94.0,93.0,105.125,14.582039280059515,30.474999999999998,1.9852171056388719
Islamabad,2026-06-13 09:00:00+00:00,30.7,40,1006.8,3.05,25.7,56.9,360.0,3.5,5.8,165.0,105,9,5,6,1,0.7071067811865476,-0.7071067811865475,0.49999999999999994,-0.8660254037844387,-0.9749279121818236,-0.2225209339563146,14.0,91.0,92.0,95.0,105.54166666666667,14.42214229598981,30.17916666666667,2.1461753983724488
Islamabad,2026-06-13 10:00:00+00:00,31.1,38,1006.4,2.97,25.0,55.1,343.0,4.1,5.5,163.0,118,10,5,6,1,0.49999999999999994,-0.8660254037844387,0.49999999999999994,-0.8660254037844387,-0.9749279121818236,-0.2225209339563146,13.0,105.0,92.0,103.0,106.16666666666667,14.630720112642221,29.8625,2.326559785344452
Islamabad,2026-06-13 11:00:00+00:00,30.4,40,1006.2,2.3,25.7,54.7,326.0,5.3,5.2,159.0,128,11,5,6,1,0.258819045102521,-0.9659258262890682,0.49999999999999994,-0.8660254037844387,-0.9749279121818236,-0.2225209339563146,10.0,118.0,91.0,116.0,106.66666666666667,15.176259110192168,29.545833333333334,2.355378519689329
Islamabad,2026-06-13 12:00:00+00:00,31.3,34,1005.8,2.95,21.4,46.2,383.0,8.7,4.6,150.0,135,12,5,6,1,1.2246467991473532e-16,-1.0,0.49999999999999994,-0.8660254037844387,-0.9749279121818236,-0.2225209339563146,7.0,128.0,105.0,127.0,107.0,15.720382781045418,29.099999999999998,2.8181091409727492
Islamabad,2026-06-13 13:00:00+00:00,30.6,34,1005.7,2.75,21.7,43.5,561.0,10.3,5.2,146.0,137,13,5,6,1,-0.2588190451025208,-0.9659258262890683,0.49999999999999994,-0.8660254037844387,-0.9749279121818236,-0.2225209339563146,2.0,135.0,118.0,136.0,107.04166666666667,15.801703723956184,28.745833333333334,3.1841972801382687
Islamabad,2026-06-13 14:00:00+00:00,28.9,40,1006.1,3.74,21.5,41.0,812.0,12.9,6.1,140.0,136,14,5,6,1,-0.4999999999999997,-0.8660254037844388,0.49999999999999994,-0.8660254037844387,-0.9749279121818236,-0.2225209339563146,-1.0,137.0,128.0,138.0,106.95833333333333,15.635742683842777,28.47083333333333,3.510664394776718
Islamabad,2026-06-13 15:00:00+00:00,27.4,47,1006.5,2.01,23.8,41.0,1068.0,18.6,6.7,127.0,133,15,5,6,1,-0.7071067811865471,-0.7071067811865479,0.49999999999999994,-0.8660254037844387,-0.9749279121818236,-0.2225209339563146,-3.0,136.0,135.0,132.0,107.0,15.706548066774367,28.25833333333333,3.635682660216159
Islamabad,2026-06-13 16:00:00+00:00,26.3,53,1006.9,0.51,27.9,41.3,1369.0,30.7,6.9,102.0,125,16,5,6,1,-0.8660254037844385,-0.5000000000000004,0.49999999999999994,-0.8660254037844387,-0.9749279121818236,-0.2225209339563146,-8.0,133.0,137.0,120.0,107.20833333333333,15.918212611772834,28.191666666666666,3.6265826130497434
Islamabad,2026-06-13 17:00:00+00:00,25.7,54,1007.0,0.6,31.7,43.7,1674.0,45.7,6.9,71.0,112,17,5,6,1,-0.9659258262890683,-0.25881904510252063,0.49999999999999994,-0.8660254037844387,-0.9749279121818236,-0.2225209339563146,-13.0,125.0,136.0,106.0,107.45833333333333,15.945502750650258,28.266666666666666,3.6816426705510863
Islamabad,2026-06-13 18:00:00+00:00,25.8,54,1006.4,0.38,36.1,46.0,1791.0,55.7,6.7,47.0,92,18,5,6,1,-1.0,-1.8369701987210297e-16,0.49999999999999994,-0.8660254037844387,-0.9749279121818236,-0.2225209339563146,-20.0,112.0,133.0,99.0,107.16666666666667,16.169393166173535,28.462500000000002,3.969318471782547
Islamabad,2026-06-13 19:00:00+00:00,25.1,55,1006.1,0.47,36.8,43.9,1567.0,56.5,6.2,37.0,87,19,5,6,1,-0.9659258262890684,0.2588190451025203,0.49999999999999994,-0.8660254037844387,-0.9749279121818236,-0.2225209339563146,-5.0,92.0,125.0,99.0,106.66666666666667,16.612375341676287,28.654166666666665,4.2581869142982445
Islamabad,2026-06-13 20:00:00+00:00,24.8,55,1005.7,0.51,35.6,42.4,1155.0,52.1,5.5,35.0,87,20,5,6,1,-0.8660254037844386,0.5000000000000001,0.49999999999999994,-0.8660254037844387,-0.9749279121818236,-0.2225209339563146,0.0,87.0,112.0,99.0,106.16666666666667,17.028535300862917,28.816666666666666,4.44958881018342
Islamabad,2026-06-13 21:00:00+00:00,24.4,56,1005.4,0.68,36.9,41.8,819.0,46.8,4.9,35.0,87,21,5,6,1,-0.7071067811865477,0.7071067811865474,0.49999999999999994,-0.8660254037844387,-0.9749279121818236,-0.2225209339563146,0.0,87.0,92.0,99.0,105.66666666666667,17.419795502884067,29.075,4.73454005846574
Islamabad,2026-06-13 22:00:00+00:00,24.0,58,1005.2,0.67,36.4,41.2,667.0,41.6,4.3,34.0,88,22,5,6,1,-0.5000000000000004,0.8660254037844384,0.49999999999999994,-0.8660254037844387,-0.9749279121818236,-0.2225209339563146,1.0,87.0,87.0,99.0,105.20833333333333,17.744513338583555,29.320833333333336,4.959573891818246
Islamabad,2026-06-13 23:00:00+00:00,23.4,61,1005.0,0.72,35.9,40.6,591.0,35.4,3.9,36.0,88,23,5,6,1,-0.25881904510252157,0.9659258262890681,0.49999999999999994,-0.8660254037844387,-0.9749279121818236,-0.2225209339563146,0.0,88.0,87.0,99.0,104.75,18.051255526609165,29.52916666666667,5.130851202088246
Islamabad,2026-06-14 00:00:00+00:00,23.1,70,1005.0,0.36,37.3,41.1,538.0,37.5,4.9,32.0,89,0,6,6,1,0.0,1.0,0.49999999999999994,-0.8660254037844387,-0.7818314824680299,0.6234898018587334,1.0,88.0,87.0,100.0,104.29166666666667,18.31482926522861,29.625,5.257396446084672
Islamabad,2026-06-14 01:00:00+00:00,23.7,67,1005.2,0.96,35.2,39.3,495.0,30.4,7.8,62.0,89,1,6,6,1,0.25881904510252074,0.9659258262890683,0.49999999999999994,-0.8660254037844387,-0.7818314824680299,0.6234898018587334,0.0,89.0,88.0,99.0,103.875,18.552657140056876,29.845833333333335,5.37934691095538
Islamabad,2026-06-14 02:00:00+00:00,25.8,57,1005.2,0.96,27.6,36.0,475.0,20.4,11.8,105.0,89,2,6,6,1,0.49999999999999994,0.8660254037844387,0.49999999999999994,-0.8660254037844387,-0.7818314824680299,0.6234898018587334,0.0,89.0,88.0,97.0,103.54166666666667,18.75234284879685,29.8625,5.371406786826391
Islamabad,2026-06-14 03:00:00+00:00,28.1,48,1005.2,0.51,22.5,41.1,456.0,12.3,14.2,139.0,89,3,6,6,1,0.7071067811865476,0.7071067811865476,0.49999999999999994,-0.8660254037844387,-0.7818314824680299,0.6234898018587334,0.0,89.0,89.0,96.0,103.25,18.92835462198535,29.65416666666667,5.560652070510684
Islamabad,2026-06-14 04:00:00+00:00,30.1,42,1005.0,1.25,25.2,57.0,431.0,7.7,13.7,157.0,89,4,6,6,1,0.8660254037844386,0.5000000000000001,0.49999999999999994,-0.8660254037844387,-0.7818314824680299,0.6234898018587334,0.0,89.0,89.0,95.0,103.0,19.081062772333233,29.429166666666664,5.629540035783753
Islamabad,2026-06-14 05:00:00+00:00,31.1,39,1004.7,1.46,28.6,66.6,407.0,4.9,11.7,166.0,89,5,6,6,1,0.9659258262890683,0.25881904510252074,0.49999999999999994,-0.8660254037844387,-0.7818314824680299,0.6234898018587334,0.0,89.0,89.0,94.0,102.79166666666667,19.21045722169696,29.358333333333334,5.628801452982761
Islamabad,2026-06-14 06:00:00+00:00,31.6,37,1004.6,1.4,29.7,68.7,386.0,3.1,10.0,172.0,88,6,6,6,1,1.0,6.123233995736766e-17,0.49999999999999994,-0.8660254037844387,-0.7818314824680299,0.6234898018587334,-1.0,89.0,89.0,92.0,102.625,19.3251638161678,29.408333333333335,5.626174595558649
Islamabad,2026-06-14 07:00:00+00:00,32.4,36,1004.2,1.19,30.0,68.9,365.0,2.2,9.1,174.0,89,7,6,6,1,0.9659258262890683,-0.25881904510252063,0.49999999999999994,-0.8660254037844387,-0.7818314824680299,0.6234898018587334,1.0,88.0,89.0,92.0,102.5,19.406408623239802,29.525000000000002,5.607390309846098
Islamabad,2026-06-14 08:00:00+00:00,32.9,35,1003.3,1.89,29.0,66.1,347.0,2.2,8.5,172.0,89,8,6,6,1,0.8660254037844387,-0.4999999999999998,0.49999999999999994,-0.8660254037844387,-0.7818314824680299,0.6234898018587334,0.0,89.0,89.0,91.0,102.41666666666667,19.46215204746954,29.46666666666667,5.605173593609046
Islamabad,2026-06-14 09:00:00+00:00,33.7,33,1002.4,2.39,28.5,64.7,338.0,2.6,8.1,169.0,111,9,6,6,1,0.7071067811865476,-0.7071067811865475,0.49999999999999994,-0.8660254037844387,-0.7818314824680299,0.6234898018587334,22.0,89.0,88.0,105.0,102.66666666666667,19.535178228154955,29.583333333333332,5.552255058251868
Islamabad,2026-06-14 10:00:00+00:00,33.3,34,1002.1,2.09,27.4,62.6,330.0,2.8,7.9,166.0,133,10,6,6,1,0.49999999999999994,-0.8660254037844387,0.49999999999999994,-0.8660254037844387,-0.7818314824680299,0.6234898018587334,22.0,111.0,89.0,118.0,103.29166666666667,20.273090252987558,29.683333333333334,5.487350407323468
Islamabad,2026-06-14 11:00:00+00:00,32.4,35,1001.8,1.38,26.8,61.7,332.0,3.4,7.8,162.0,146,11,6,6,1,0.258819045102521,-0.9659258262890682,0.49999999999999994,-0.8660254037844387,-0.7818314824680299,0.6234898018587334,13.0,133.0,89.0,128.0,104.04166666666667,21.521433536111324,29.729166666666668,5.457143636250201
Islamabad,2026-06-14 12:00:00+00:00,33.8,29,1000.4,2.87,24.9,58.0,380.0,4.8,7.1,151.0,151,12,6,6,1,1.2246467991473532e-16,-1.0,0.49999999999999994,-0.8660254037844387,-0.7818314824680299,0.6234898018587334,5.0,146.0,111.0,135.0,104.70833333333333,22.735681909369678,29.875,5.268383961445559
Islamabad,2026-06-14 13:00:00+00:00,32.7,30,1000.4,2.63,25.6,59.8,504.0,8.7,7.9,142.0,150,13,6,6,1,-0.2588190451025208,-0.9659258262890683,0.49999999999999994,-0.8660254037844387,-0.7818314824680299,0.6234898018587334,-1.0,151.0,133.0,137.0,105.25,23.673962949601655,30.037499999999998,5.0613464869408995
Islamabad,2026-06-14 14:00:00+00:00,30.7,34,1000.5,2.37,26.4,58.1,674.0,14.2,8.9,128.0,145,14,6,6,1,-0.4999999999999997,-0.8660254037844388,0.49999999999999994,-0.8660254037844387,-0.7818314824680299,0.6234898018587334,-5.0,150.0,146.0,136.0,105.625,24.246582009232068,30.241666666666664,4.79373836751979
Islamabad,2026-06-14 15:00:00+00:00,28.7,39,1000.9,1.78,28.1,53.0,842.0,19.0,9.5,114.0,135,15,6,6,1,-0.7071067811865471,-0.7071067811865479,0.49999999999999994,-0.8660254037844387,-0.7818314824680299,0.6234898018587334,-10.0,145.0,151.0,133.0,105.70833333333333,24.34798298344855,30.420833333333334,4.619710057405354
Islamabad,2026-06-14 16:00:00+00:00,27.5,46,1001.8,0.96,29.5,48.2,1023.0,22.8,9.2,100.0,123,16,6,6,1,-0.8660254037844385,-0.5000000000000004,0.49999999999999994,-0.8660254037844387,-0.7818314824680299,0.6234898018587334,-12.0,135.0,150.0,125.0,105.625,24.282418939743188,30.487499999999997,4.593219246179926
Islamabad,2026-06-14 17:00:00+00:00,26.9,49,1002.5,1.0,30.4,44.4,1202.0,25.9,8.3,85.0,107,17,6,6,1,-0.9659258262890683,-0.25881904510252063,0.49999999999999994,-0.8660254037844387,-0.7818314824680299,0.6234898018587334,-16.0,123.0,145.0,112.0,105.41666666666667,24.246768797129043,30.433333333333334,4.585958405039567
Islamabad,2026-06-14 18:00:00+00:00,27.7,44,1001.9,0.86,30.3,41.6,1284.0,27.6,7.4,73.0,90,18,6,6,1,-1.0,-1.8369701987210297e-16,0.49999999999999994,-0.8660254037844387,-0.7818314824680299,0.6234898018587334,-17.0,107.0,135.0,92.0,105.33333333333333,24.29826736830078,30.191666666666666,4.424331604313465
Islamabad,2026-06-14 19:00:00+00:00,26.6,47,1001.7,1.08,29.0,39.0,1204.0,27.0,6.4,65.0,90,19,6,6,1,-0.9659258262890684,0.2588190451025203,0.49999999999999994,-0.8660254037844387,-0.7818314824680299,0.6234898018587334,0.0,90.0,123.0,87.0,105.45833333333333,24.207399455657733,29.86666666666667,4.198515955892447
Islamabad,2026-06-14 20:00:00+00:00,26.2,49,1001.5,1.43,27.4,36.4,1028.0,25.0,5.4,60.0,89,20,6,6,1,-0.8660254037844386,0.5000000000000001,0.49999999999999994,-0.8660254037844387,-0.7818314824680299,0.6234898018587334,-1.0,90.0,107.0,87.0,105.54166666666667,24.14445506001137,29.525000000000002,4.042411032604321
Islamabad,2026-06-14 21:00:00+00:00,25.9,49,1001.7,1.61,25.6,33.3,854.0,23.0,4.6,56.0,89,21,6,6,1,-0.7071067811865477,0.7071067811865474,0.49999999999999994,-0.8660254037844387,-0.7818314824680299,0.6234898018587334,0.0,89.0,90.0,87.0,105.625,24.08104522503988,29.05416666666667,3.796678086532095
Islamabad,2026-06-14 22:00:00+00:00,25.7,50,1001.7,1.52,23.5,29.9,699.0,21.8,3.9,50.0,88,22,6,6,1,-0.5000000000000004,0.8660254037844384,0.49999999999999994,-0.8660254037844387,-0.7818314824680299,0.6234898018587334,-1.0,89.0,90.0,88.0,105.625,24.08104522503988,28.516666666666666,3.6205532446161905
Islamabad,2026-06-14 23:00:00+00:00,25.6,51,1002.1,1.68,21.5,27.0,547.0,20.7,3.5,46.0,87,23,6,6,1,-0.25881904510252157,0.9659258262890681,0.49999999999999994,-0.8660254037844387,-0.7818314824680299,0.6234898018587334,-1.0,88.0,89.0,88.0,105.58333333333333,24.113710093901663,27.916666666666668,3.535984785854779
Islamabad,2026-06-15 00:00:00+00:00,25.7,55,1002.2,0.85,19.8,23.7,445.0,20.1,3.8,49.0,86,0,0,6,0,0.0,1.0,0.49999999999999994,-0.8660254037844387,0.0,1.0,-1.0,87.0,89.0,89.0,105.45833333333333,24.210991335533055,27.1875,3.314305291492736
Islamabad,2026-06-15 01:00:00+00:00,26.3,55,1002.8,1.2,18.5,22.8,432.0,18.0,6.5,72.0,84,1,0,6,0,0.25881904510252074,0.9659258262890683,0.49999999999999994,-0.8660254037844387,0.0,1.0,-2.0,86.0,88.0,89.0,105.25,24.37969575727664,26.491666666666664,3.312022456690554
Islamabad,2026-06-15 02:00:00+00:00,28.5,49,1003.2,1.24,18.7,27.2,470.0,14.9,10.3,104.0,83,2,0,6,0,0.49999999999999994,0.8660254037844387,0.49999999999999994,-0.8660254037844387,0.0,1.0,-1.0,84.0,87.0,89.0,105.0,24.583486857786017,26.120833333333334,3.6622610225243077
Islamabad,2026-06-15 03:00:00+00:00,30.5,41,1003.6,1.63,22.7,46.6,492.0,12.0,12.9,131.0,82,3,0,6,0,0.7071067811865476,0.7071067811865476,0.49999999999999994,-0.8660254037844387,0.0,1.0,-1.0,83.0,86.0,89.0,104.70833333333333,24.821938344706023,26.129166666666663,3.653881696124644
Islamabad,2026-06-15 04:00:00+00:00,32.0,37,1004.0,2.13,25.0,53.7,468.0,9.2,13.3,146.0,82,4,0,6,0,0.8660254037844386,0.5000000000000001,0.49999999999999994,-0.8660254037844387,0.0,1.0,0.0,82.0,84.0,89.0,104.41666666666667,25.05457810576647,26.120833333333334,3.656320217955646
Islamabad,2026-06-15 05:00:00+00:00,32.3,33,1004.6,2.68,25.8,56.5,429.0,6.6,12.6,155.0,82,5,0,6,0,0.9659258262890683,0.25881904510252074,0.49999999999999994,-0.8660254037844387,0.0,1.0,0.0,82.0,83.0,89.0,104.125,25.281566579142872,26.004166666666666,3.6182483351052745
Islamabad,2026-06-15 06:00:00+00:00,31.7,36,1004.4,3.03,24.7,53.6,396.0,4.6,11.7,162.0,82,6,0,6,0,1.0,6.123233995736766e-17,0.49999999999999994,-0.8660254037844387,0.0,1.0,0.0,82.0,82.0,88.0,103.875,25.476865038185032,25.79583333333333,3.539280099566541
Islamabad,2026-06-15 07:00:00+00:00,32.0,34,1004.2,3.21,24.4,51.6,376.0,3.6,10.8,168.0,82,7,0,6,0,0.9659258262890683,-0.25881904510252063,0.49999999999999994,-0.8660254037844387,0.0,1.0,0.0,82.0,82.0,89.0,103.58333333333333,25.69370869817451,25.5625,3.433063342416334
Islamabad,2026-06-15 08:00:00+00:00,32.4,35,1004.3,1.44,24.1,49.8,364.0,3.3,9.8,172.0,81,8,0,6,0,0.8660254037844387,-0.4999999999999998,0.49999999999999994,-0.8660254037844387,0.0,1.0,-1.0,82.0,82.0,89.0,103.25,25.941824547813656,25.35833333333333,3.3647684417602934
Islamabad,2026-06-15 09:00:00+00:00,33.9,30,1003.2,2.25,25.0,50.9,361.0,3.6,9.0,174.0,103,9,0,6,0,0.7071067811865476,-0.7071067811865475,0.49999999999999994,-0.8660254037844387,0.0,1.0,22.0,81.0,82.0,111.0,102.91666666666667,25.889256906840487,25.212499999999995,3.29786656992711
Islamabad,2026-06-15 10:00:00+00:00,33.7,30,1002.9,3.25,25.4,50.4,312.0,3.9,8.5,173.0,124,10,0,6,0,0.49999999999999994,-0.8660254037844387,0.49999999999999994,-0.8660254037844387,0.0,1.0,21.0,103.0,82.0,133.0,102.54166666666667,25.496767342695,25.129166666666666,3.2652956676388083
Islamabad,2026-06-15 11:00:00+00:00,33.1,32,1002.7,2.58,25.4,49.7,273.0,4.7,8.1,170.0,139,11,0,6,0,0.258819045102521,-0.9659258262890682,0.49999999999999994,-0.8660254037844387,0.0,1.0,15.0,124.0,81.0,146.0,102.25,25.013474629556377,25.070833333333336,3.2466007864635875
Islamabad,2026-06-15 12:00:00+00:00,30.7,42,1002.4,3.13,41.9,72.2,416.0,10.0,9.5,156.0,147,12,0,6,0,1.2246467991473532e-16,-1.0,0.49999999999999994,-0.8660254037844387,0.0,1.0,8.0,139.0,103.0,151.0,102.08333333333333,24.685705539258887,25.77916666666667,4.725415018963796
Islamabad,2026-06-15 13:00:00+00:00,31.0,44,1001.9,2.36,41.4,70.8,917.0,12.5,10.0,149.0,149,13,0,6,0,-0.2588190451025208,-0.9659258262890683,0.49999999999999994,-0.8660254037844387,0.0,1.0,2.0,147.0,124.0,150.0,102.04166666666667,24.602013291009275,26.4375,5.699566154351175
Islamabad,2026-06-15 14:00:00+00:00,30.1,46,1002.3,1.87,41.4,69.2,1599.0,16.2,10.5,139.0,148,14,0,6,0,-0.4999999999999997,-0.8660254037844388,0.49999999999999994,-0.8660254037844387,0.0,1.0,-1.0,149.0,139.0,145.0,102.16666666666667,24.836275479832466,27.0625,6.4661535169177045
Islamabad,2026-06-15 15:00:00+00:00,28.9,48,1002.8,2.7,41.4,66.8,2106.0,20.6,10.7,125.0,143,15,0,6,0,-0.7071067811865471,-0.7071067811865479,0.49999999999999994,-0.8660254037844387,0.0,1.0,-5.0,148.0,147.0,135.0,102.5,25.344581789545057,27.616666666666664,7.097989100820154
Islamabad,2026-06-15 16:00:00+00:00,28.3,49,1003.8,2.1,40.2,61.9,2303.0,26.7,10.1,105.0,134,16,0,6,0,-0.8660254037844385,-0.5000000000000004,0.49999999999999994,-0.8660254037844387,0.0,1.0,-9.0,143.0,149.0,123.0,102.95833333333333,25.826308067661923,28.0625,7.543486248586134
Islamabad,2026-06-15 17:00:00+00:00,27.7,50,1004.4,1.59,38.5,58.6,2325.0,33.5,9.1,82.0,120,17,0,6,0,-0.9659258262890683,-0.25881904510252063,0.49999999999999994,-0.8660254037844387,0.0,1.0,-14.0,134.0,148.0,107.0,103.5,26.050118918196052,28.400000000000002,7.828432015805359
Islamabad,2026-06-15 18:00:00+00:00,28.0,54,1003.8,0.7,40.6,54.2,2215.0,37.8,8.0,64.0,100,18,0,6,0,-1.0,-1.8369701987210297e-16,0.49999999999999994,-0.8660254037844387,0.0,1.0,-20.0,120.0,143.0,90.0,103.91666666666667,25.904367042721578,28.829166666666666,8.210146382567599
Islamabad,2026-06-15 19:00:00+00:00,22.7,84,1006.0,3.26,39.9,50.5,1925.0,38.1,7.0,53.0,87,19,0,6,0,-0.9659258262890684,0.2588190451025203,0.49999999999999994,-0.8660254037844387,0.0,1.0,-13.0,100.0,134.0,90.0,103.79166666666667,25.981563976532446,29.28333333333333,8.51579946803056
Islamabad,2026-06-15 20:00:00+00:00,22.8,87,1005.9,2.35,38.3,47.0,1503.0,35.8,5.9,46.0,88,20,0,6,0,-0.8660254037844386,0.5000000000000001,0.49999999999999994,-0.8660254037844387,0.0,1.0,1.0,87.0,120.0,89.0,103.75,26.00710605233449,29.737499999999997,8.699665785684422
Islamabad,2026-06-15 21:00:00+00:00,23.1,90,1005.3,1.87,35.9,44.1,1142.0,32.8,5.1,43.0,89,21,0,6,0,-0.7071067811865477,0.7071067811865474,0.49999999999999994,-0.8660254037844387,0.0,1.0,1.0,88.0,100.0,89.0,103.75,26.00710605233449,30.166666666666668,8.740643030104227
Islamabad,2026-06-15 22:00:00+00:00,23.5,84,1004.9,1.23,36.1,46.6,910.0,29.0,4.5,42.0,90,22,0,6,0,-0.5000000000000004,0.8660254037844384,0.49999999999999994,-0.8660254037844387,0.0,1.0,1.0,89.0,87.0,88.0,103.83333333333333,25.957601997281206,30.691666666666663,8.701120201078862
Islamabad,2026-06-15 23:00:00+00:00,23.7,82,1004.7,0.65,34.0,44.6,737.0,24.4,4.2,44.0,91,23,0,6,0,-0.25881904510252157,0.9659258262890681,0.49999999999999994,-0.8660254037844387,0.0,1.0,1.0,90.0,88.0,87.0,104.0,25.857468856254197,31.212499999999995,8.49876269766981
Islamabad,2026-06-16 00:00:00+00:00,24.6,69,1004.2,1.92,29.7,38.2,609.0,21.6,4.2,49.0,92,0,1,6,0,0.0,1.0,0.49999999999999994,-0.8660254037844387,0.7818314824680298,0.6234898018587336,1.0,91.0,89.0,86.0,104.25,25.704423574636518,31.625,8.154020080810469
Islamabad,2026-06-16 01:00:00+00:00,24.6,69,1005.8,1.56,28.9,39.2,533.0,19.6,5.9,70.0,93,1,1,6,0,0.25881904510252074,0.9659258262890683,0.49999999999999994,-0.8660254037844387,0.7818314824680298,0.6234898018587336,1.0,92.0,90.0,84.0,104.625,25.460647384097932,32.05833333333333,7.689287673610327
Islamabad,2026-06-16 02:00:00+00:00,25.0,68,1006.5,1.71,29.8,50.8,502.0,16.7,8.2,99.0,94,2,1,6,0,0.49999999999999994,0.8660254037844387,0.49999999999999994,-0.8660254037844387,0.7818314824680298,0.6234898018587336,1.0,93.0,91.0,83.0,105.08333333333333,25.151569519124326,32.520833333333336,7.166951881752926
Islamabad,2026-06-16 03:00:00+00:00,26.7,61,1006.2,1.42,38.1,68.2,471.0,13.7,10.1,125.0,94,3,1,6,0,0.7071067811865476,0.7071067811865476,0.49999999999999994,-0.8660254037844387,0.7818314824680298,0.6234898018587336,0.0,94.0,92.0,82.0,105.58333333333333,24.789402831726395,33.1625,6.9350911407446025
Islamabad,2026-06-16 04:00:00+00:00,28.6,53,1006.5,2.02,41.4,72.6,423.0,10.3,11.2,146.0,96,4,1,6,0,0.8660254037844386,0.5000000000000001,0.49999999999999994,-0.8660254037844387,0.7818314824680298,0.6234898018587336,2.0,94.0,93.0,82.0,106.16666666666667,24.371520561769117,33.84583333333334,6.90374688227286
Islamabad,2026-06-16 05:00:00+00:00,30.1,48,1006.5,2.71,42.4,75.0,377.0,6.8,11.8,165.0,97,5,1,6,0,0.9659258262890683,0.25881904510252074,0.49999999999999994,-0.8660254037844387,0.7818314824680298,0.6234898018587336,1.0,96.0,94.0,82.0,106.79166666666667,23.912847495902696,34.5375,6.894157103947699
Islamabad,2026-06-16 06:00:00+00:00,30.7,44,1006.8,3.29,41.6,73.1,344.0,4.3,11.9,178.0,98,6,1,6,0,1.0,6.123233995736766e-17,0.49999999999999994,-0.8660254037844387,0.7818314824680298,0.6234898018587336,1.0,97.0,94.0,82.0,107.45833333333333,23.409361127672362,35.24166666666667,6.706189008258883
Islamabad,2026-06-16 07:00:00+00:00,31.4,43,1006.6,3.61,41.2,72.4,330.0,3.4,11.3,182.0,100,7,1,6,0,0.9659258262890683,-0.25881904510252063,0.49999999999999994,-0.8660254037844387,0.7818314824680298,0.6234898018587336,2.0,98.0,96.0,82.0,108.20833333333333,22.83966642310743,35.94166666666666,6.394897195805968
Islamabad,2026-06-16 08:00:00+00:00,31.1,48,1006.5,2.75,42.4,74.7,329.0,3.7,10.1,179.0,101,8,1,6,0,0.8660254037844387,-0.4999999999999998,0.49999999999999994,-0.8660254037844387,0.7818314824680298,0.6234898018587336,1.0,100.0,97.0,81.0,109.04166666666667,22.158478928071244,36.704166666666666,6.00039702792683
Islamabad,2026-06-16 09:00:00+00:00,29.5,54,1006.2,2.93,41.9,72.2,336.0,4.5,9.1,174.0,110,9,1,6,0,0.7071067811865476,-0.7071067811865475,0.49999999999999994,-0.8660254037844387,0.7818314824680298,0.6234898018587336,9.0,101.0,98.0,103.0,109.33333333333333,22.12153518272545,37.40833333333334,5.541222331538028
Islamabad,2026-06-16 10:00:00+00:00,30.7,46,1005.5,2.2,41.3,69.4,332.0,4.0,8.5,170.0,132,10,1,6,0,0.49999999999999994,-0.8660254037844387,0.49999999999999994,-0.8660254037844387,0.7818314824680298,0.6234898018587336,22.0,110.0,100.0,124.0,109.66666666666667,22.41053065096744,38.07083333333333,4.963473465284086
Islamabad,2026-06-16 11:00:00+00:00,30.8,46,1004.9,1.34,42.8,71.0,336.0,4.2,8.0,164.0,147,11,1,6,0,0.258819045102521,-0.9659258262890682,0.49999999999999994,-0.8660254037844387,0.7818314824680298,0.6234898018587336,15.0,132.0,101.0,139.0,110.0,22.91951892658454,38.79583333333333,4.252005068370541
Islamabad,2026-06-16 12:00:00+00:00,31.3,45,1003.6,1.61,41.1,60.8,405.0,9.8,7.7,153.0,154,12,1,6,0,1.2246467991473532e-16,-1.0,0.49999999999999994,-0.8660254037844387,0.7818314824680298,0.6234898018587336,7.0,147.0,110.0,147.0,110.29166666666667,23.449259127383286,38.762499999999996,4.2296893194571545
Islamabad,2026-06-16 13:00:00+00:00,30.5,48,1003.9,0.89,34.3,46.3,590.0,16.0,7.6,138.0,155,13,1,6,0,-0.2588190451025208,-0.9659258262890683,0.49999999999999994,-0.8660254037844387,0.7818314824680298,0.6234898018587336,1.0,154.0,132.0,149.0,110.54166666666667,23.90739228349845,38.46666666666667,4.285127634106037
Islamabad,2026-06-16 14:00:00+00:00,29.2,56,1004.3,0.83,31.2,40.6,839.0,24.5,7.5,117.0,151,14,1,6,0,-0.4999999999999997,-0.8660254037844388,0.49999999999999994,-0.8660254037844387,0.7818314824680298,0.6234898018587336,-4.0,155.0,147.0,148.0,110.66666666666667,24.118667975813175,38.041666666666664,4.482809354650767
Islamabad,2026-06-16 15:00:00+00:00,27.9,61,1004.6,1.0,34.1,40.6,1053.0,31.1,7.3,99.0,138,15,1,6,0,-0.7071067811865471,-0.7071067811865479,0.49999999999999994,-0.8660254037844387,0.7818314824680298,0.6234898018587336,-13.0,151.0,154.0,143.0,110.45833333333333,23.847302584982014,37.737500000000004,4.492681246495037
Islamabad,2026-06-16 16:00:00+00:00,27.2,66,1005.5,0.92,37.8,44.2,1216.0,33.8,7.0,88.0,120,16,1,6,0,-0.8660254037844385,-0.5000000000000004,0.49999999999999994,-0.8660254037844387,0.7818314824680298,0.6234898018587336,-18.0,138.0,155.0,134.0,109.875,23.41369443203062,37.637499999999996,4.462092753308691
Islamabad,2026-06-16 17:00:00+00:00,26.6,67,1005.9,0.87,37.5,45.4,1343.0,34.6,6.5,80.0,105,17,1,6,0,-0.9659258262890683,-0.25881904510252063,0.49999999999999994,-0.8660254037844387,0.7818314824680298,0.6234898018587336,-15.0,120.0,151.0,120.0,109.25,23.33172872329377,37.59583333333333,4.458356020530056
Islamabad,2026-06-16 18:00:00+00:00,26.6,65,1005.7,0.63,38.6,47.3,1387.0,35.1,6.1,71.0,105,18,1,6,0,-1.0,-1.8369701987210297e-16,0.49999999999999994,-0.8660254037844387,0.7818314824680298,0.6234898018587336,0.0,105.0,138.0,100.0,109.45833333333333,23.267777993474223,37.512499999999996,4.418273566037681
Islamabad,2026-06-16 19:00:00+00:00,25.9,67,1005.7,0.51,39.9,48.3,1305.0,36.2,5.7,60.0,105,19,1,6,0,-0.9659258262890684,0.2588190451025203,0.49999999999999994,-0.8660254037844387,0.7818314824680298,0.6234898018587336,0.0,105.0,120.0,87.0,110.20833333333333,22.79774810898128,37.512499999999996,4.418273566037681
Islamabad,2026-06-16 20:00:00+00:00,25.3,71,1005.9,0.73,39.9,46.8,1138.0,37.0,5.2,48.0,105,20,1,6,0,-0.8660254037844386,0.5000000000000001,0.49999999999999994,-0.8660254037844387,0.7818314824680298,0.6234898018587336,0.0,105.0,105.0,88.0,110.91666666666667,22.33717250151188,37.57916666666667,4.4426763542267285
Islamabad,2026-06-16 21:00:00+00:00,24.9,73,1005.7,0.8,39.3,45.1,964.0,36.9,4.8,39.0,105,21,1,6,0,-0.7071067811865477,0.7071067811865474,0.49999999999999994,-0.8660254037844387,0.7818314824680298,0.6234898018587336,0.0,105.0,105.0,89.0,111.58333333333333,21.88888275828112,37.72083333333333,4.441012337261589
Islamabad,2026-06-16 22:00:00+00:00,24.7,73,1005.5,0.9,38.3,43.3,776.0,35.5,4.1,31.0,106,22,1,6,0,-0.5000000000000004,0.8660254037844384,0.49999999999999994,-0.8660254037844387,0.7818314824680298,0.6234898018587336,1.0,105.0,105.0,90.0,112.25,21.442035107824925,37.8125,4.42879044239036
Islamabad,2026-06-16 23:00:00+00:00,24.5,69,1005.7,1.1,36.9,41.4,580.0,33.1,3.4,26.0,106,23,1,6,0,-0.25881904510252157,0.9659258262890681,0.49999999999999994,-0.8660254037844387,0.7818314824680298,0.6234898018587336,0.0,106.0,105.0,91.0,112.875,21.00996140550593,37.93333333333334,4.359264663426231
Islamabad,2026-06-17 00:00:00+00:00,24.7,78,1005.4,1.56,38.1,44.4,470.0,24.5,4.2,43.0,106,0,2,6,0,0.0,1.0,0.49999999999999994,-0.8660254037844387,0.9749279121818236,-0.22252093395631434,0.0,106.0,105.0,92.0,113.45833333333333,20.595438850610936,38.28333333333333,3.9911496291567863
Islamabad,2026-06-17 01:00:00+00:00,25.0,78,1006.3,1.66,36.4,45.1,529.0,22.9,6.7,63.0,107,1,2,6,0,0.25881904510252074,0.9659258262890683,0.49999999999999994,-0.8660254037844387,0.9749279121818236,-0.22252093395631434,1.0,106.0,106.0,93.0,114.04166666666667,20.184968937664273,38.59583333333333,3.4861813126868557
Islamabad,2026-06-17 02:00:00+00:00,25.8,73,1006.8,1.65,34.9,44.5,673.0,20.5,10.1,90.0,108,2,2,6,0,0.49999999999999994,0.8660254037844387,0.49999999999999994,-0.8660254037844387,0.9749279121818236,-0.22252093395631434,1.0,107.0,106.0,94.0,114.625,19.778803981952507,38.80833333333333,3.0555603864695313
Islamabad,2026-06-17 03:00:00+00:00,26.3,67,1007.6,1.39,32.1,46.8,750.0,17.5,12.9,117.0,108,3,2,6,0,0.7071067811865476,0.7071067811865476,0.49999999999999994,-0.8660254037844387,0.9749279121818236,-0.22252093395631434,0.0,108.0,106.0,94.0,115.20833333333333,19.34577623076916,38.55833333333334,3.3475385722577027
Islamabad,2026-06-17 04:00:00+00:00,26.8,65,1008.0,1.3,30.5,43.5,671.0,13.3,14.7,141.0,108,4,2,6,0,0.8660254037844386,0.5000000000000001,0.49999999999999994,-0.8660254037844387,0.9749279121818236,-0.22252093395631434,0.0,108.0,107.0,96.0,115.70833333333333,18.979346134946887,38.104166666666664,3.6691995533519783
Islamabad,2026-06-17 05:00:00+00:00,29.6,53,1007.6,1.05,32.0,48.8,525.0,8.6,15.9,164.0,107,5,2,6,0,0.9659258262890683,0.25881904510252074,0.49999999999999994,-0.8660254037844387,0.9749279121818236,-0.22252093395631434,-1.0,108.0,108.0,97.0,116.125,18.657816872152026,37.67083333333333,3.7529674249523066
Islamabad,2026-06-17 06:00:00+00:00,32.2,42,1006.7,1.43,34.6,54.8,420.0,5.1,16.1,180.0,105,6,2,6,0,1.0,6.123233995736766e-17,0.49999999999999994,-0.8660254037844387,0.9749279121818236,-0.22252093395631434,-2.0,107.0,108.0,98.0,116.41666666666667,18.415297673558666,37.37916666666666,3.706044318778871
Islamabad,2026-06-17 07:00:00+00:00,32.9,38,1006.3,1.32,35.4,56.3,404.0,3.7,14.7,185.0,105,7,2,6,0,0.9659258262890683,-0.25881904510252063,0.49999999999999994,-0.8660254037844387,0.9749279121818236,-0.22252093395631434,0.0,105.0,108.0,100.0,116.625,18.24903213633593,37.137499999999996,3.634474126185598
Islamabad,2026-06-17 08:00:00+00:00,33.2,39,1005.5,1.95,43.7,70.1,430.0,3.7,12.3,182.0,104,8,2,6,0,0.8660254037844387,-0.4999999999999998,0.49999999999999994,-0.8660254037844387,0.9749279121818236,-0.22252093395631434,-1.0,105.0,107.0,101.0,116.75,18.147343798928254,37.19166666666667,3.724877198637166
Islamabad,2026-06-17 09:00:00+00:00,33.6,38,1004.3,1.74,42.8,66.4,461.0,4.6,10.5,177.0,105,9,2,6,0,0.7071067811865476,-0.7071067811865475,0.49999999999999994,-0.8660254037844387,0.9749279121818236,-0.22252093395631434,1.0,104.0,105.0,110.0,116.54166666666667,18.256575150664546,37.229166666666664,3.778483611952899
Islamabad,2026-06-17 10:00:00+00:00,33.9,38,1003.9,0.76,39.5,60.8,432.0,6.0,9.8,171.0,129,10,2,6,0,0.49999999999999994,-0.8660254037844387,0.49999999999999994,-0.8660254037844387,0.9749279121818236,-0.22252093395631434,24.0,105.0,105.0,132.0,116.41666666666667,18.156126446359917,37.15416666666667,3.711436984882426
Islamabad,2026-06-17 11:00:00+00:00,33.3,39,1003.6,1.11,42.1,64.5,409.0,8.3,9.6,163.0,147,11,2,6,0,0.258819045102521,-0.9659258262890682,0.49999999999999994,-0.8660254037844387,0.9749279121818236,-0.22252093395631434,18.0,129.0,104.0,147.0,116.41666666666667,18.156126446359917,37.125,3.667631625331252
Islamabad,2026-06-17 12:00:00+00:00,31.5,46,1003.4,2.09,31.9,48.2,555.0,9.7,8.1,155.0,155,12,2,6,0,1.2246467991473532e-16,-1.0,0.49999999999999994,-0.8660254037844387,0.9749279121818236,-0.22252093395631434,8.0,147.0,105.0,154.0,116.45833333333333,18.24704661431284,36.74166666666667,3.7145912838153046
Islamabad,2026-06-17 13:00:00+00:00,31.3,45,1003.3,1.4,34.0,47.8,1029.0,19.6,7.9,134.0,157,13,2,6,0,-0.2588190451025208,-0.9659258262890683,0.49999999999999994,-0.8660254037844387,0.9749279121818236,-0.22252093395631434,2.0,155.0,129.0,155.0,116.54166666666667,18.434323295480553,36.729166666666664,3.7236586924650523
Islamabad,2026-06-17 14:00:00+00:00,29.6,53,1003.7,1.57,34.6,40.7,1671.0,33.2,7.6,104.0,152,14,2,6,0,-0.4999999999999997,-0.8660254037844388,0.49999999999999994,-0.8660254037844387,0.9749279121818236,-0.22252093395631434,-5.0,157.0,147.0,151.0,116.58333333333333,18.51654176245008,36.87083333333333,3.5654719995688753
Islamabad,2026-06-17 15:00:00+00:00,28.3,56,1004.0,1.4,35.6,40.9,2164.0,43.6,7.3,80.0,137,15,2,6,0,-0.7071067811865471,-0.7071067811865479,0.49999999999999994,-0.8660254037844387,0.9749279121818236,-0.22252093395631434,-15.0,152.0,155.0,138.0,116.54166666666667,18.46731346640991,36.93333333333333,3.527736885913037
Islamabad,2026-06-17 16:00:00+00:00,27.4,59,1004.3,1.48,37.8,42.4,2409.0,48.0,7.0,66.0,115,16,2,6,0,-0.8660254037844385,-0.5000000000000004,0.49999999999999994,-0.8660254037844387,0.9749279121818236,-0.22252093395631434,-22.0,137.0,157.0,120.0,116.33333333333333,18.454801818088043,36.93333333333334,3.527736885913037
Islamabad,2026-06-17 17:00:00+00:00,26.6,64,1004.6,1.2,37.4,41.8,2505.0,49.1,6.7,57.0,104,17,2,6,0,-0.9659258262890683,-0.25881904510252063,0.49999999999999994,-0.8660254037844387,0.9749279121818236,-0.22252093395631434,-11.0,115.0,152.0,105.0,116.29166666666667,18.482610315048824,36.92916666666667,3.527097484712635
Islamabad,2026-06-17 18:00:00+00:00,25.4,74,1006.0,0.32,35.9,39.6,2428.0,48.1,6.2,50.0,104,18,2,6,0,-1.0,-1.8369701987210297e-16,0.49999999999999994,-0.8660254037844387,0.9749279121818236,-0.22252093395631434,0.0,104.0,137.0,105.0,116.25,18.510279165441748,36.81666666666667,3.5145247271815494
Islamabad,2026-06-17 19:00:00+00:00,24.2,79,1005.7,0.62,33.5,36.8,2083.0,44.6,5.3,45.0,103,19,2,6,0,-0.9659258262890684,0.2588190451025203,0.49999999999999994,-0.8660254037844387,0.9749279121818236,-0.22252093395631434,-1.0,104.0,115.0,105.0,116.16666666666667,18.56754219568072,36.550000000000004,3.513204903738424
Islamabad,2026-06-17 20:00:00+00:00,23.7,80,1005.2,0.85,31.7,34.3,1564.0,39.2,4.2,43.0,103,20,2,6,0,-0.8660254037844386,0.5000000000000001,0.49999999999999994,-0.8660254037844387,0.9749279121818236,-0.22252093395631434,0.0,103.0,104.0,105.0,116.08333333333333,18.624240087599762,36.20833333333333,3.5714954445084306
Islamabad,2026-06-17 21:00:00+00:00,23.4,80,1004.7,0.92,30.5,32.7,1136.0,34.2,3.4,41.0,102,21,2,6,0,-0.7071067811865477,0.7071067811865474,0.49999999999999994,-0.8660254037844387,0.9749279121818236,-0.22252093395631434,-1.0,103.0,104.0,105.0,115.95833333333333,18.711724217409365,35.84166666666666,3.6900473269813046
Islamabad,2026-06-17 22:00:00+00:00,23.5,77,1004.6,0.76,29.3,31.5,883.0,30.7,2.8,36.0,101,22,2,6,0,-0.5000000000000004,0.8660254037844384,0.49999999999999994,-0.8660254037844387,0.9749279121818236,-0.22252093395631434,-1.0,102.0,103.0,106.0,115.75,18.854707634964228,35.46666666666667,3.8816924442675282
Islamabad,2026-06-17 23:00:00+00:00,23.3,77,1004.6,0.43,27.9,30.0,721.0,27.7,2.4,31.0,100,23,2,6,0,-0.25881904510252157,0.9659258262890681,0.49999999999999994,-0.8660254037844387,0.9749279121818236,-0.22252093395631434,-1.0,101.0,103.0,106.0,115.5,19.02858261988311,35.09166666666666,4.161826173862725
Islamabad,2026-06-18 00:00:00+00:00,24.0,73,1004.8,0.3,22.6,25.6,654.0,19.5,3.7,55.0,99,0,3,6,0,0.0,1.0,0.49999999999999994,-0.8660254037844387,0.43388373911755823,-0.900968867902419,-1.0,100.0,102.0,106.0,115.20833333333333,19.233076505958074,34.44583333333333,4.824572895416544
Islamabad,2026-06-18 01:00:00+00:00,24.7,71,1005.7,1.1,22.4,25.2,756.0,20.2,4.4,67.0,98,1,3,6,0,0.25881904510252074,0.9659258262890683,0.49999999999999994,-0.8660254037844387,0.43388373911755823,-0.900968867902419,-1.0,99.0,101.0,107.0,114.83333333333333,19.486152645597205,33.8625,5.391120920792658
Islamabad,2026-06-18 02:00:00+00:00,25.2,73,1006.1,1.17,23.6,27.9,954.0,21.0,5.5,83.0,97,2,3,6,0,0.49999999999999994,0.8660254037844387,0.49999999999999994,-0.8660254037844387,0.43388373911755823,-0.900968867902419,-1.0,98.0,100.0,108.0,114.375,19.78100208478427,33.391666666666666,5.776256999782456
Islamabad,2026-06-18 03:00:00+00:00,27.6,61,1005.9,1.01,25.8,35.0,1038.0,20.1,7.2,103.0,96,3,3,6,0,0.7071067811865476,0.7071067811865476,0.49999999999999994,-0.8660254037844387,0.43388373911755823,-0.900968867902419,-1.0,97.0,99.0,108.0,113.875,20.098264039246853,33.12916666666666,5.977165182859513
Islamabad,2026-06-18 04:00:00+00:00,29.7,50,1005.9,0.61,28.6,43.0,874.0,15.9,10.4,128.0,96,4,3,6,0,0.8660254037844386,0.5000000000000001,0.49999999999999994,-0.8660254037844387,0.43388373911755823,-0.900968867902419,0.0,96.0,98.0,108.0,113.375,20.39780998474817,33.05,6.025886187759081
Islamabad,2026-06-18 05:00:00+00:00,31.8,40,1005.6,1.33,30.2,46.6,596.0,10.1,14.1,155.0,95,5,3,6,0,0.9659258262890683,0.25881904510252074,0.49999999999999994,-0.8660254037844387,0.43388373911755823,-0.900968867902419,-1.0,96.0,97.0,107.0,112.875,20.705623054787214,32.975,6.050673695871612
Islamabad,2026-06-18 06:00:00+00:00,32.1,36,1005.8,1.66,31.4,50.6,395.0,5.6,16.4,175.0,95,6,3,6,0,1.0,6.123233995736766e-17,0.49999999999999994,-0.8660254037844387,0.43388373911755823,-0.900968867902419,0.0,95.0,96.0,105.0,112.45833333333333,20.969914612142777,32.84166666666667,6.048565526431521
Islamabad,2026-06-18 07:00:00+00:00,33.2,33,1005.3,3.06,34.7,62.2,358.0,3.9,15.8,182.0,95,7,3,6,0,0.9659258262890683,-0.25881904510252063,0.49999999999999994,-0.8660254037844387,0.43388373911755823,-0.900968867902419,0.0,95.0,96.0,105.0,112.04166666666667,21.22238188219227,32.8125,6.037370036408347
Islamabad,2026-06-18 08:00:00+00:00,31.8,39,1005.4,1.85,32.7,53.8,399.0,3.6,13.7,182.0,95,8,3,6,0,0.8660254037844387,-0.4999999999999998,0.49999999999999994,-0.8660254037844387,0.43388373911755823,-0.900968867902419,0.0,95.0,95.0,104.0,111.66666666666667,21.448962003194293,32.354166666666664,5.574708350075847
Islamabad,2026-06-18 09:00:00+00:00,31.9,41,1004.5,1.33,32.5,53.4,451.0,3.8,11.9,179.0,95,9,3,6,0,0.7071067811865476,-0.7071067811865475,0.49999999999999994,-0.8660254037844387,0.43388373911755823,-0.900968867902419,0.0,95.0,95.0,105.0,111.25,21.679984758537415,31.925,5.112920547176409
Islamabad,2026-06-18 10:00:00+00:00,32.6,38,1003.6,2.5,32.0,52.5,459.0,2.0,10.9,177.0,119,10,3,6,0,0.49999999999999994,-0.8660254037844387,0.49999999999999994,-0.8660254037844387,0.43388373911755823,-0.900968867902419,24.0,95.0,95.0,129.0,110.83333333333333,21.418534571449694,31.6125,4.852369434661211
Islamabad,2026-06-18 11:00:00+00:00,31.7,40,1003.7,1.64,31.5,52.2,478.0,0.7,10.2,173.0,139,11,3,6,0,0.258819045102521,-0.9659258262890682,0.49999999999999994,-0.8660254037844387,0.43388373911755823,-0.900968867902419,20.0,119.0,95.0,147.0,110.5,20.88685877687685,31.170833333333334,4.308180203597134
Islamabad,2026-06-18 12:00:00+00:00,34.2,29,1001.6,1.91,24.8,40.5,603.0,7.4,10.9,161.0,153,12,3,6,0,1.2246467991473532e-16,-1.0,0.49999999999999994,-0.8660254037844387,0.43388373911755823,-0.900968867902419,14.0,139.0,95.0,155.0,110.41666666666667,20.704791855922664,30.875000000000004,4.4956258934560624
Islamabad,2026-06-18 13:00:00+00:00,33.0,41,1001.4,0.81,24.0,39.1,959.0,11.6,10.3,144.0,158,13,3,6,0,-0.2588190451025208,-0.9659258262890683,0.49999999999999994,-0.8660254037844387,0.43388373911755823,-0.900968867902419,5.0,153.0,119.0,157.0,110.45833333333333,20.80338427038806,30.458333333333332,4.654022726226361
Islamabad,2026-06-18 14:00:00+00:00,31.2,46,1001.9,1.25,26.1,38.0,1422.0,17.7,9.5,120.0,156,14,3,6,0,-0.4999999999999997,-0.8660254037844388,0.49999999999999994,-0.8660254037844387,0.43388373911755823,-0.900968867902419,-2.0,158.0,139.0,152.0,110.625,21.163571039179917,30.104166666666668,4.648560241498452
Islamabad,2026-06-18 15:00:00+00:00,29.1,54,1002.2,0.78,25.1,36.3,1710.0,24.1,9.0,98.0,147,15,3,6,0,-0.7071067811865471,-0.7071067811865479,0.49999999999999994,-0.8660254037844387,0.43388373911755823,-0.900968867902419,-9.0,156.0,153.0,137.0,111.04166666666667,21.79445315684193,29.666666666666668,4.602708717291531
Islamabad,2026-06-18 16:00:00+00:00,27.9,61,1003.1,0.8,27.1,36.7,1667.0,31.0,9.0,80.0,129,16,3,6,0,-0.8660254037844385,-0.5000000000000004,0.49999999999999994,-0.8660254037844387,0.43388373911755823,-0.900968867902419,-18.0,147.0,158.0,115.0,111.625,22.090352999718085,29.220833333333335,4.28810074170536
Islamabad,2026-06-18 17:00:00+00:00,27.0,67,1003.7,1.35,32.1,42.0,1449.0,38.2,9.2,65.0,107,17,3,6,0,-0.9659258262890683,-0.25881904510252063,0.49999999999999994,-0.8660254037844387,0.43388373911755823,-0.900968867902419,-22.0,129.0,156.0,104.0,111.75,22.053788001551368,29.0,3.9734991697713333
Islamabad,2026-06-18 18:00:00+00:00,26.8,68,1003.0,0.92,34.0,42.5,1249.0,43.5,9.3,52.0,88,18,3,6,0,-1.0,-1.8369701987210297e-16,0.49999999999999994,-0.8660254037844387,0.43388373911755823,-0.900968867902419,-19.0,107.0,147.0,104.0,111.08333333333333,22.53483615604272,28.920833333333334,3.8469614397391796
Islamabad,2026-06-18 19:00:00+00:00,26.2,70,1003.1,0.67,34.8,43.4,1139.0,45.9,9.0,43.0,88,19,3,6,0,-0.9659258262890684,0.2588190451025203,0.49999999999999994,-0.8660254037844387,0.43388373911755823,-0.900968867902419,0.0,88.0,129.0,103.0,110.45833333333333,22.97253400999898,28.974999999999998,3.922648838864249
Islamabad,2026-06-18 20:00:00+00:00,26.0,71,1003.4,0.73,36.1,43.9,1047.0,46.5,8.5,36.0,88,20,3,6,0,-0.8660254037844386,0.5000000000000001,0.49999999999999994,-0.8660254037844387,0.43388373911755823,-0.900968867902419,0.0,88.0,107.0,103.0,109.83333333333333,23.3846227190033,29.158333333333335,4.151680295417975
Islamabad,2026-06-18 21:00:00+00:00,25.8,68,1003.1,1.05,36.6,43.1,944.0,46.0,8.0,31.0,88,21,3,6,0,-0.7071067811865477,0.7071067811865474,0.49999999999999994,-0.8660254037844387,0.43388373911755823,-0.900968867902419,0.0,88.0,88.0,102.0,109.25,23.76012370045346,29.412500000000005,4.415714280690636
Islamabad,2026-06-18 22:00:00+00:00,25.3,70,1003.2,0.75,36.3,41.9,788.0,44.8,7.4,25.0,89,22,3,6,0,-0.5000000000000004,0.8660254037844384,0.49999999999999994,-0.8660254037844387,0.43388373911755823,-0.900968867902419,1.0,88.0,88.0,101.0,108.75,24.065580689296162,29.704166666666666,4.633758842936512
Islamabad,2026-06-18 23:00:00+00:00,25.2,70,1003.5,0.75,35.4,40.3,621.0,42.6,6.8,22.0,89,23,3,6,0,-0.25881904510252157,0.9659258262890681,0.49999999999999994,-0.8660254037844387,0.43388373911755823,-0.900968867902419,0.0,89.0,88.0,100.0,108.29166666666667,24.34262528564005,30.016666666666666,4.758029064613804
Islamabad,2026-06-19 00:00:00+00:00,24.7,75,1003.6,0.65,29.7,33.5,548.0,23.4,6.9,57.0,90,0,4,6,0,0.0,1.0,0.49999999999999994,-0.8660254037844387,-0.433883739117558,-0.9009688679024191,1.0,89.0,88.0,99.0,107.91666666666667,24.560336824390607,30.3125,4.490019124583992
Islamabad,2026-06-19 01:00:00+00:00,25.2,71,1004.3,1.1,28.1,32.2,665.0,21.9,7.8,71.0,90,1,4,6,0,0.25881904510252074,0.9659258262890683,0.49999999999999994,-0.8660254037844387,-0.433883739117558,-0.9009688679024191,0.0,90.0,89.0,98.0,107.58333333333333,24.75429987535139,30.55,4.1943025538273995
Islamabad,2026-06-19 02:00:00+00:00,24.3,69,1005.8,1.3,24.6,30.4,876.0,19.7,9.1,92.0,91,2,4,6,0,0.49999999999999994,0.8660254037844387,0.49999999999999994,-0.8660254037844387,-0.433883739117558,-0.9009688679024191,1.0,90.0,89.0,97.0,107.33333333333333,24.895724561644247,30.59166666666667,4.12668059748059
Islamabad,2026-06-19 03:00:00+00:00,26.4,59,1005.7,2.84,22.6,32.7,989.0,16.8,10.1,111.0,91,3,4,6,0,0.7071067811865476,0.7071067811865476,0.49999999999999994,-0.8660254037844387,-0.433883739117558,-0.9009688679024191,0.0,91.0,90.0,96.0,107.125,25.01532139205506,30.458333333333332,4.334684850554046
Islamabad,2026-06-19 04:00:00+00:00,29.5,48,1005.3,1.7,22.3,34.3,896.0,12.7,10.6,128.0,90,4,4,6,0,0.8660254037844386,0.5000000000000001,0.49999999999999994,-0.8660254037844387,-0.433883739117558,-0.9009688679024191,-1.0,91.0,90.0,96.0,106.875,25.160895297542464,30.195833333333336,4.632632753832708
Islamabad,2026-06-19 05:00:00+00:00,30.9,44,1005.3,0.83,22.9,36.9,705.0,8.0,10.7,145.0,90,5,4,6,0,0.9659258262890683,0.25881904510252074,0.49999999999999994,-0.8660254037844387,-0.433883739117558,-0.9009688679024191,0.0,90.0,91.0,95.0,106.66666666666667,25.283895315374608,29.891666666666666,4.866113230393849
Islamabad,2026-06-19 06:00:00+00:00,32.1,40,1004.8,2.35,22.1,36.4,559.0,4.5,10.7,158.0,89,6,4,6,0,1.0,6.123233995736766e-17,0.49999999999999994,-0.8660254037844387,-0.433883739117558,-0.9009688679024191,-1.0,90.0,91.0,95.0,106.41666666666667,25.433488137504092,29.504166666666666,5.1051959181130755
Islamabad,2026-06-19 07:00:00+00:00,32.3,40,1005.0,2.15,21.9,36.1,515.0,3.2,10.4,168.0,89,7,4,6,0,0.9659258262890683,-0.25881904510252063,0.49999999999999994,-0.8660254037844387,-0.433883739117558,-0.9009688679024191,0.0,89.0,90.0,95.0,106.16666666666667,25.57965677212444,28.970833333333335,5.206390652187749
Islamabad,2026-06-19 08:00:00+00:00,31.8,41,1005.6,2.65,22.7,36.6,515.0,3.2,10.0,174.0,88,8,4,6,0,0.8660254037844387,-0.4999999999999998,0.49999999999999994,-0.8660254037844387,-0.433883739117558,-0.9009688679024191,-1.0,89.0,90.0,95.0,105.875,25.751846704569246,28.55416666666667,5.294375946857782
Islamabad,2026-06-19 09:00:00+00:00,29.9,49,1005.8,4.82,24.3,38.8,522.0,3.7,9.6,177.0,89,9,4,6,0,0.7071067811865476,-0.7071067811865475,0.49999999999999994,-0.8660254037844387,-0.433883739117558,-0.9009688679024191,1.0,88.0,89.0,95.0,105.625,25.890761320191267,28.212500000000002,5.293253499379679
Islamabad,2026-06-19 10:00:00+00:00,30.1,47,1006.1,1.35,25.3,40.3,458.0,2.9,9.4,178.0,112,10,4,6,0,0.49999999999999994,-0.8660254037844387,0.49999999999999994,-0.8660254037844387,-0.433883739117558,-0.9009688679024191,23.0,89.0,89.0,119.0,105.33333333333333,25.772696484030398,27.933333333333334,5.261398943301988
Islamabad,2026-06-19 11:00:00+00:00,29.4,50,1005.3,1.55,26.3,42.1,401.0,2.7,9.3,174.0,130,11,4,6,0,0.258819045102521,-0.9659258262890682,0.49999999999999994,-0.8660254037844387,-0.433883739117558,-0.9009688679024191,18.0,112.0,88.0,139.0,104.95833333333333,25.323093372868104,27.71666666666667,5.21500066002465
Islamabad,2026-06-19 12:00:00+00:00,30.5,44,1004.6,2.09,26.3,36.9,545.0,10.8,12.0,153.0,143,12,4,6,0,1.2246467991473532e-16,-1.0,0.49999999999999994,-0.8660254037844387,-0.433883739117558,-0.9009688679024191,13.0,130.0,89.0,153.0,104.54166666666667,24.569297147432252,27.779166666666665,5.187441286554368
Islamabad,2026-06-19 13:00:00+00:00,29.8,47,1004.6,0.99,24.9,34.9,1106.0,34.7,13.4,121.0,149,13,4,6,0,-0.2588190451025208,-0.9659258262890683,0.49999999999999994,-0.8660254037844387,-0.433883739117558,-0.9009688679024191,6.0,143.0,112.0,158.0,104.16666666666667,23.77369146340306,27.816666666666663,5.162125166235668
Islamabad,2026-06-19 14:00:00+00:00,28.5,56,1005.1,0.57,25.9,35.7,1868.0,67.8,15.3,77.0,144,14,4,6,0,-0.4999999999999997,-0.8660254037844388,0.49999999999999994,-0.8660254037844387,-0.433883739117558,-0.9009688679024191,-5.0,149.0,130.0,156.0,103.66666666666667,22.739864759389945,27.808333333333337,5.165177438483024
Islamabad,2026-06-19 15:00:00+00:00,27.4,63,1005.2,0.81,45.4,54.9,2383.0,94.2,16.9,41.0,126,15,4,6,0,-0.7071067811865471,-0.7071067811865479,0.49999999999999994,-0.8660254037844387,-0.433883739117558,-0.9009688679024191,-18.0,144.0,143.0,147.0,102.79166666666667,21.362256774337684,28.65416666666667,6.250494183361141
Islamabad,2026-06-19 16:00:00+00:00,27.1,67,1005.6,0.52,56.7,66.4,2451.0,108.3,18.0,22.0,99,16,4,6,0,-0.8660254037844385,-0.5000000000000004,0.49999999999999994,-0.8660254037844387,-0.433883739117558,-0.9009688679024191,-27.0,126.0,149.0,129.0,101.54166666666667,20.627080483562025,29.8875,8.460204155209594
Islamabad,2026-06-19 17:00:00+00:00,26.8,62,1005.9,0.4,60.3,69.8,2271.0,115.6,18.8,12.0,89,17,4,6,0,-0.9659258262890683,-0.25881904510252063,0.49999999999999994,-0.8660254037844387,-0.433883739117558,-0.9009688679024191,-10.0,99.0,144.0,107.0,100.79166666666667,20.74687858484924,31.0625,10.494545684803816
Islamabad,2026-06-19 18:00:00+00:00,25.3,71,1006.1,0.66,67.1,76.4,1993.0,117.2,18.4,5.0,92,18,4,6,0,-1.0,-1.8369701987210297e-16,0.49999999999999994,-0.8660254037844387,-0.433883739117558,-0.9009688679024191,3.0,89.0,126.0,88.0,100.95833333333333,20.655516510579538,32.44166666666666,12.815646573678945
Islamabad,2026-06-19 19:00:00+00:00,24.5,76,1005.7,0.74,70.5,77.8,1597.0,111.1,15.9,1.0,94,19,4,6,0,-0.9659258262890684,0.2588190451025203,0.49999999999999994,-0.8660254037844387,-0.433883739117558,-0.9009688679024191,2.0,92.0,99.0,88.0,101.20833333333333,20.527773692088637,33.92916666666667,14.988850324757086
Islamabad,2026-06-19 20:00:00+00:00,24.0,78,1005.4,0.73,65.9,70.1,1103.0,99.3,12.1,0.0,97,20,4,6,0,-0.8660254037844386,0.5000000000000001,0.49999999999999994,-0.8660254037844387,-0.433883739117558,-0.9009688679024191,3.0,94.0,89.0,88.0,101.58333333333333,20.357493368090953,35.170833333333334,16.34908531324336
Islamabad,2026-06-19 21:00:00+00:00,23.2,81,1005.3,0.56,59.6,62.4,717.0,88.2,9.2,2.0,99,21,4,6,0,-0.7071067811865477,0.7071067811865474,0.49999999999999994,-0.8660254037844387,-0.433883739117558,-0.9009688679024191,2.0,97.0,92.0,88.0,102.04166666666667,20.16126110329771,36.12916666666667,17.093641817345706
Islamabad,2026-06-19 22:00:00+00:00,22.7,82,1005.0,0.7,53.6,55.6,520.0,81.1,7.7,3.0,102,22,4,6,0,-0.5000000000000004,0.8660254037844384,0.49999999999999994,-0.8660254037844387,-0.433883739117558,-0.9009688679024191,3.0,99.0,94.0,89.0,102.58333333333333,19.96936058863236,36.85,17.46195865302629
Islamabad,2026-06-19 23:00:00+00:00,22.2,83,1005.0,1.0,48.1,50.2,430.0,74.7,6.9,5.0,103,23,4,6,0,-0.25881904510252157,0.9659258262890681,0.49999999999999994,-0.8660254037844387,-0.433883739117558,-0.9009688679024191,1.0,102.0,97.0,89.0,103.16666666666667,19.758689154431064,37.37916666666667,17.607927541844337
Islamabad,2026-06-20 00:00:00+00:00,22.2,85,1004.9,0.79,43.1,45.2,415.0,64.8,6.4,11.0,105,0,5,6,1,0.0,1.0,0.49999999999999994,-0.8660254037844387,-0.9749279121818236,-0.2225209339563146,2.0,103.0,99.0,90.0,103.79166666666667,19.56033956908605,37.9375,17.56624263850361
Islamabad,2026-06-20 01:00:00+00:00,23.1,81,1005.2,1.26,38.6,40.3,510.0,53.0,7.7,38.0,106,1,5,6,1,0.25881904510252074,0.9659258262890683,0.49999999999999994,-0.8660254037844387,-0.9749279121818236,-0.2225209339563146,1.0,105.0,102.0,90.0,104.45833333333333,19.341280850231154,38.375,17.440887741665875
Islamabad,2026-06-20 02:00:00+00:00,26.0,65,1005.6,0.51,34.8,36.8,679.0,36.6,9.5,76.0,107,2,5,6,1,0.49999999999999994,0.8660254037844387,0.49999999999999994,-0.8660254037844387,-0.9749279121818236,-0.2225209339563146,1.0,106.0,103.0,91.0,105.125,19.131836658121074,38.8,17.21341741579616
Islamabad,2026-06-20 03:00:00+00:00,28.2,52,1005.8,0.55,22.2,28.1,776.0,22.9,10.8,110.0,108,3,5,6,1,0.7071067811865476,0.7071067811865476,0.49999999999999994,-0.8660254037844387,-0.9749279121818236,-0.2225209339563146,1.0,107.0,105.0,91.0,105.83333333333333,18.89942871615656,38.78333333333334,17.229970518197955
Islamabad,2026-06-20 04:00:00+00:00,30.0,47,1005.7,1.19,21.4,30.2,719.0,14.5,11.1,134.0,108,4,5,6,1,0.8660254037844386,0.5000000000000001,0.49999999999999994,-0.8660254037844387,-0.9749279121818236,-0.2225209339563146,0.0,108.0,106.0,90.0,106.58333333333333,18.598542875758596,38.74583333333333,17.268341960303275
Islamabad,2026-06-20 05:00:00+00:00,31.7,42,1005.5,1.26,21.3,32.1,590.0,8.8,10.8,153.0,108,5,5,6,1,0.9659258262890683,0.25881904510252074,0.49999999999999994,-0.8660254037844387,-0.9749279121818236,-0.2225209339563146,0.0,108.0,107.0,90.0,107.33333333333333,18.26059351068032,38.67916666666667,17.335135950023492
Islamabad,2026-06-20 06:00:00+00:00,32.7,34,1005.5,1.51,21.5,33.4,487.0,5.0,10.5,168.0,108,6,5,6,1,1.0,6.123233995736766e-17,0.49999999999999994,-0.8660254037844387,-0.9749279121818236,-0.2225209339563146,0.0,108.0,108.0,89.0,108.125,17.83819180736946,38.65416666666666,17.360499370864794
Islamabad,2026-06-20 07:00:00+00:00,32.9,33,1005.3,0.91,22.8,35.3,450.0,3.2,10.2,178.0,108,7,5,6,1,0.9659258262890683,-0.25881904510252063,0.49999999999999994,-0.8660254037844387,-0.9749279121818236,-0.2225209339563146,0.0,108.0,108.0,89.0,108.91666666666667,17.3679281302121,38.69166666666667,17.323668570877906
Islamabad,2026-06-20 08:00:00+00:00,33.6,30,1004.8,1.31,23.6,35.6,439.0,3.4,9.8,183.0,108,8,5,6,1,0.8660254037844387,-0.4999999999999998,0.49999999999999994,-0.8660254037844387,-0.9749279121818236,-0.2225209339563146,0.0,108.0,108.0,88.0,109.75,16.790913691895277,38.729166666666664,17.288485214572518
Islamabad,2026-06-20 09:00:00+00:00,33.6,31,1004.3,1.37,24.2,36.3,437.0,4.0,9.4,184.0,108,9,5,6,1,0.7071067811865476,-0.7071067811865475,0.49999999999999994,-0.8660254037844387,-0.9749279121818236,-0.2225209339563146,0.0,108.0,108.0,89.0,110.54166666666667,16.207832692241446,38.725,17.29212562687572
Islamabad,2026-06-20 10:00:00+00:00,33.8,30,1003.6,1.46,23.9,36.2,422.0,2.3,8.9,184.0,119,10,5,6,1,0.49999999999999994,-0.8660254037844387,0.49999999999999994,-0.8660254037844387,-0.9749279121818236,-0.2225209339563146,11.0,108.0,108.0,112.0,110.83333333333333,16.29795043573815,38.666666666666664,17.34167302160912
Islamabad,2026-06-20 11:00:00+00:00,33.6,31,1003.2,0.96,23.6,36.2,414.0,1.1,8.4,179.0,142,11,5,6,1,0.258819045102521,-0.9659258262890682,0.49999999999999994,-0.8660254037844387,-0.9749279121818236,-0.2225209339563146,23.0,119.0,108.0,130.0,111.33333333333333,17.07697831601883,38.55416666666667,17.433899490626736
Islamabad,2026-06-20 12:00:00+00:00,33.5,33,1002.7,0.82,11.0,13.2,462.0,8.4,6.8,152.0,155,12,5,6,1,1.2246467991473532e-16,-1.0,0.49999999999999994,-0.8660254037844387,-0.9749279121818236,-0.2225209339563146,13.0,142.0,108.0,143.0,111.83333333333333,18.18424226264726,37.916666666666664,18.165846278511015
Islamabad,2026-06-20 13:00:00+00:00,32.2,42,1002.7,0.81,11.5,13.9,592.0,29.4,7.7,122.0,158,13,5,6,1,-0.2588190451025208,-0.9659258262890683,0.49999999999999994,-0.8660254037844387,-0.9749279121818236,-0.2225209339563146,3.0,155.0,119.0,149.0,112.20833333333333,19.055934067591274,37.358333333333334,18.778894644200196
Islamabad,2026-06-20 14:00:00+00:00,29.7,55,1003.0,1.2,17.5,19.9,777.0,57.9,9.0,81.0,153,14,5,6,1,-0.4999999999999997,-0.8660254037844388,0.49999999999999994,-0.8660254037844387,-0.9749279121818236,-0.2225209339563146,-5.0,158.0,142.0,144.0,112.58333333333333,19.783428872948047,37.00833333333333,19.07764265509138
Islamabad,2026-06-20 15:00:00+00:00,27.8,64,1003.2,1.25,28.3,31.1,979.0,75.5,9.5,51.0,135,15,5,6,1,-0.7071067811865471,-0.7071067811865479,0.49999999999999994,-0.8660254037844387,-0.9749279121818236,-0.2225209339563146,-18.0,153.0,155.0,126.0,112.95833333333333,20.1310471156121,36.295833333333334,19.069928049080342
Islamabad,2026-06-20 16:00:00+00:00,26.9,65,1003.9,1.35,24.5,27.4,1233.0,72.0,8.6,45.0,108,16,5,6,1,-0.8660254037844385,-0.5000000000000004,0.49999999999999994,-0.8660254037844387,-0.9749279121818236,-0.2225209339563146,-27.0,135.0,158.0,99.0,113.33333333333333,19.94267145914799,34.95416666666667,18.701127126382016
Islamabad,2026-06-20 17:00:00+00:00,26.5,65,1004.0,1.21,24.4,27.6,1504.0,57.5,6.9,50.0,99,17,5,6,1,-0.9659258262890683,-0.25881904510252063,0.49999999999999994,-0.8660254037844387,-0.9749279121818236,-0.2225209339563146,-9.0,108.0,153.0,89.0,113.75,19.511980711970974,33.458333333333336,18.008594968892574
Islamabad,2026-06-20 18:00:00+00:00,26.6,61,1004.0,1.06,24.7,28.0,1647.0,44.5,5.5,55.0,96,18,5,6,1,-1.0,-1.8369701987210297e-16,0.49999999999999994,-0.8660254037844387,-0.9749279121818236,-0.2225209339563146,-3.0,99.0,135.0,92.0,113.91666666666667,19.33439527318322,31.691666666666666,16.588574293815878
Islamabad,2026-06-20 19:00:00+00:00,25.9,62,1003.8,1.82,23.8,27.1,1567.0,37.3,4.6,54.0,93,19,5,6,1,-0.9659258262890684,0.2588190451025203,0.49999999999999994,-0.8660254037844387,-0.9749279121818236,-0.2225209339563146,-3.0,96.0,108.0,94.0,113.875,19.380206172905574,29.745833333333334,14.437992729530334
Islamabad,2026-06-20 20:00:00+00:00,22.8,84,1004.4,1.77,22.2,25.3,1360.0,31.5,3.9,53.0,89,20,5,6,1,-0.8660254037844386,0.5000000000000001,0.49999999999999994,-0.8660254037844387,-0.9749279121818236,-0.2225209339563146,-4.0,93.0,99.0,97.0,113.54166666666667,19.748371791258556,27.924999999999997,12.273557650139756
Islamabad,2026-06-20 21:00:00+00:00,22.5,89,1004.4,3.24,20.7,23.5,1161.0,26.5,3.3,52.0,86,21,5,6,1,-0.7071067811865477,0.7071067811865474,0.49999999999999994,-0.8660254037844387,-0.9749279121818236,-0.2225209339563146,-3.0,89.0,96.0,99.0,113.0,20.334164867767374,26.304166666666664,10.322136582277343
Islamabad,2026-06-20 22:00:00+00:00,21.7,88,1003.7,2.71,19.0,21.4,1014.0,22.2,2.7,50.0,83,22,5,6,1,-0.5000000000000004,0.8660254037844384,0.49999999999999994,-0.8660254037844387,-0.9749279121818236,-0.2225209339563146,-3.0,86.0,93.0,102.0,112.20833333333333,21.13513284982354,24.8625,8.619937077345234
Islamabad,2026-06-20 23:00:00+00:00,21.6,96,1004.1,1.35,17.1,19.7,877.0,18.8,2.2,49.0,80,23,5,6,1,-0.25881904510252157,0.9659258262890681,0.49999999999999994,-0.8660254037844387,-0.9749279121818236,-0.2225209339563146,-3.0,83.0,89.0,103.0,111.25,22.07152405052772,23.570833333333336,7.1906025124987565
Islamabad,2026-06-21 00:00:00+00:00,21.7,87,1003.7,2.24,17.2,20.4,758.0,12.7,2.6,60.0,77,0,6,6,1,0.0,1.0,0.49999999999999994,-0.8660254037844387,-0.7818314824680299,0.6234898018587334,-3.0,80.0,86.0,105.0,110.08333333333333,23.130850219653368,22.491666666666664,5.972612615034996
Islamabad,2026-06-21 01:00:00+00:00,22.9,90,1003.9,1.23,17.9,21.0,665.0,12.5,4.1,75.0,75,1,6,6,1,0.25881904510252074,0.9659258262890683,0.49999999999999994,-0.8660254037844387,-0.7818314824680299,0.6234898018587334,-2.0,77.0,83.0,106.0,108.79166666666667,24.209195462210573,21.629166666666666,4.952862954824733
Islamabad,2026-06-21 02:00:00+00:00,25.4,81,1004.3,0.62,20.0,23.6,590.0,12.0,6.2,95.0,74,2,6,6,1,0.49999999999999994,0.8660254037844387,0.49999999999999994,-0.8660254037844387,-0.7818314824680299,0.6234898018587334,-1.0,75.0,80.0,107.0,107.41666666666667,25.23096211553066,21.0125,4.0874476462542475
Islamabad,2026-06-21 03:00:00+00:00,28.8,51,1004.3,0.39,20.0,28.2,522.0,10.9,7.9,115.0,73,3,6,6,1,0.7071067811865476,0.7071067811865476,0.49999999999999994,-0.8660254037844387,-0.7818314824680299,0.6234898018587334,-1.0,74.0,77.0,108.0,105.95833333333333,26.189076990668642,20.92083333333333,4.084326262003634
Islamabad,2026-06-21 04:00:00+00:00,31.1,41,1003.8,0.74,16.8,24.2,453.0,8.4,9.1,133.0,72,4,6,6,1,0.8660254037844386,0.5000000000000001,0.49999999999999994,-0.8660254037844387,-0.7818314824680299,0.6234898018587334,-1.0,73.0,75.0,108.0,104.45833333333333,27.082770339744492,20.729166666666668,4.167939660610812
Islamabad,2026-06-21 05:00:00+00:00,32.8,34,1003.3,0.78,13.4,20.4,390.0,5.3,10.0,151.0,72,5,6,6,1,0.9659258262890683,0.25881904510252074,0.49999999999999994,-0.8660254037844387,-0.7818314824680299,0.6234898018587334,0.0,72.0,74.0,108.0,102.95833333333333,27.86376666485716,20.4,4.424929377967497
Islamabad,2026-06-21 06:00:00+00:00,32.4,35,1003.6,2.0,13.1,20.7,349.0,3.0,10.3,162.0,72,6,6,6,1,1.0,6.123233995736766e-17,0.49999999999999994,-0.8660254037844387,-0.7818314824680299,0.6234898018587334,0.0,72.0,73.0,108.0,101.45833333333333,28.54131889135387,20.05,4.660098897998867
Islamabad,2026-06-21 07:00:00+00:00,33.1,31,1003.0,2.6,13.2,21.2,339.0,2.4,9.6,164.0,71,7,6,6,1,0.9659258262890683,-0.25881904510252063,0.49999999999999994,-0.8660254037844387,-0.7818314824680299,0.6234898018587334,-1.0,72.0,72.0,108.0,99.91666666666667,29.165072420197156,19.65,4.822952370199938
Islamabad,2026-06-21 08:00:00+00:00,33.7,29,1002.5,2.98,13.8,22.0,351.0,2.6,8.4,161.0,70,8,6,6,1,0.8660254037844387,-0.4999999999999998,0.49999999999999994,-0.8660254037844387,-0.7818314824680299,0.6234898018587334,-1.0,71.0,72.0,108.0,98.33333333333333,29.733112366761667,19.241666666666667,4.888399459471589
Islamabad,2026-06-21 09:00:00+00:00,33.6,29,1002.0,1.33,14.6,23.0,366.0,3.2,7.4,156.0,91,9,6,6,1,0.7071067811865476,-0.7071067811865475,0.49999999999999994,-0.8660254037844387,-0.7818314824680299,0.6234898018587334,21.0,70.0,72.0,108.0,97.625,29.69528216078572,18.84166666666667,4.857707158792048
Islamabad,2026-06-21 10:00:00+00:00,32.9,31,1001.8,1.88,15.7,24.3,359.0,3.1,7.0,153.0,108,10,6,6,1,0.49999999999999994,-0.8660254037844387,0.49999999999999994,-0.8660254037844387,-0.7818314824680299,0.6234898018587334,17.0,91.0,71.0,119.0,97.16666666666667,29.43477190503491,18.5,4.774114987413194
Islamabad,2026-06-21 11:00:00+00:00,33.0,31,1001.4,2.7,17.9,27.3,355.0,3.3,6.9,150.0,121,11,6,6,1,0.258819045102521,-0.9659258262890682,0.49999999999999994,-0.8660254037844387,-0.7818314824680299,0.6234898018587334,13.0,108.0,70.0,142.0,96.29166666666667,28.33568830792789,18.2625,4.649526623871162
Islamabad,2026-06-21 12:00:00+00:00,27.4,81,1001.0,1.74,21.4,33.5,415.0,6.2,6.3,145.0,128,12,6,6,1,1.2246467991473532e-16,-1.0,0.49999999999999994,-0.8660254037844387,-0.7818314824680299,0.6234898018587334,7.0,121.0,91.0,155.0,95.16666666666667,26.3713722692298,18.695833333333336,4.42232273876488
Islamabad,2026-06-21 13:00:00+00:00,28.6,65,1001.6,1.93,22.5,31.7,586.0,16.6,6.4,121.0,131,13,6,6,1,-0.2588190451025208,-0.9659258262890683,0.49999999999999994,-0.8660254037844387,-0.7818314824680299,0.6234898018587334,3.0,128.0,108.0,158.0,94.04166666666667,24.047921661379966,19.15416666666667,4.2089944236089005
Islamabad,2026-06-21 14:00:00+00:00,27.4,70,1001.7,0.74,25.9,31.1,821.0,31.1,6.4,88.0,124,14,6,6,1,-0.4999999999999997,-0.8660254037844388,0.49999999999999994,-0.8660254037844387,-0.7818314824680299,0.6234898018587334,-7.0,131.0,121.0,153.0,92.83333333333333,21.55612828563262,19.504166666666666,4.409917594287404
Islamabad,2026-06-21 15:00:00+00:00,26.5,65,1001.9,1.61,30.4,35.0,1032.0,42.8,6.5,60.0,109,15,6,6,1,-0.7071067811865471,-0.7071067811865479,0.49999999999999994,-0.8660254037844387,-0.7818314824680299,0.6234898018587334,-15.0,124.0,128.0,135.0,91.75,19.937402037376494,19.591666666666665,4.608396558520059
Islamabad,2026-06-21 16:00:00+00:00,26.0,61,1002.4,1.07,34.9,39.7,1220.0,49.6,6.6,44.0,86,16,6,6,1,-0.8660254037844385,-0.5000000000000004,0.49999999999999994,-0.8660254037844387,-0.7818314824680299,0.6234898018587334,-23.0,109.0,131.0,108.0,90.83333333333333,19.661630404035986,20.025000000000002,5.493889886679231
Islamabad,2026-06-21 17:00:00+00:00,25.5,62,1002.8,1.07,36.8,41.3,1384.0,53.6,6.7,33.0,71,17,6,6,1,-0.9659258262890683,-0.25881904510252063,0.49999999999999994,-0.8660254037844387,-0.7818314824680299,0.6234898018587334,-15.0,86.0,124.0,99.0,89.66666666666667,19.984051612237312,20.541666666666664,6.4270431815859785
Islamabad,2026-06-21 18:00:00+00:00,25.8,60,1002.5,0.21,35.7,40.3,1438.0,54.4,6.5,26.0,72,18,6,6,1,-1.0,-1.8369701987210297e-16,0.49999999999999994,-0.8660254037844387,-0.7818314824680299,0.6234898018587334,1.0,71.0,109.0,96.0,88.66666666666667,20.252035145540738,21.0,7.094088169491661
Islamabad,2026-06-21 19:00:00+00:00,25.2,57,1002.8,0.85,32.8,36.9,1315.0,50.9,5.7,22.0,73,19,6,6,1,-0.9659258262890684,0.2588190451025203,0.49999999999999994,-0.8660254037844387,-0.7818314824680299,0.6234898018587334,1.0,72.0,86.0,93.0,87.83333333333333,20.476214550517536,21.375,7.476121407812185
Islamabad,2026-06-21 20:00:00+00:00,25.2,56,1002.8,1.52,30.2,33.6,1082.0,44.2,4.6,22.0,73,20,6,6,1,-0.8660254037844386,0.5000000000000001,0.49999999999999994,-0.8660254037844387,-0.7818314824680299,0.6234898018587334,0.0,73.0,71.0,89.0,87.16666666666667,20.695865301545037,21.708333333333332,7.689796552217268
Islamabad,2026-06-21 21:00:00+00:00,22.7,77,1004.1,1.35,28.5,31.2,856.0,36.9,3.6,27.0,74,21,6,6,1,-0.7071067811865477,0.7071067811865474,0.49999999999999994,-0.8660254037844387,-0.7818314824680299,0.6234898018587334,1.0,73.0,72.0,86.0,86.66666666666667,20.86950483083017,22.03333333333333,7.809229025391323
Islamabad,2026-06-21 22:00:00+00:00,21.3,89,1005.0,1.55,27.2,29.5,634.0,28.9,2.8,38.0,75,22,6,6,1,-0.5000000000000004,0.8660254037844384,0.49999999999999994,-0.8660254037844387,-0.7818314824680299,0.6234898018587334,1.0,74.0,73.0,83.0,86.33333333333333,20.994133065892285,22.375,7.850020769842354
Islamabad,2026-06-21 23:00:00+00:00,21.5,84,1004.5,2.33,23.3,25.7,420.0,20.5,2.2,53.0,75,23,6,6,1,-0.25881904510252157,0.9659258262890681,0.49999999999999994,-0.8660254037844387,-0.7818314824680299,0.6234898018587334,0.0,75.0,73.0,80.0,86.125,21.08432861258485,22.63333333333333,7.7704941741272
Islamabad,2026-06-22 00:00:00+00:00,21.3,88,1005.0,2.62,14.8,17.1,341.0,8.2,1.9,89.0,76,0,0,6,0,0.0,1.0,0.49999999999999994,-0.8660254037844387,0.0,1.0,1.0,75.0,74.0,77.0,86.08333333333333,21.104124193413014,22.533333333333335,7.858402684618739
Islamabad,2026-06-22 01:00:00+00:00,21.3,88,1004.5,2.39,14.5,18.3,537.0,11.7,2.5,89.0,76,1,0,6,0,0.25881904510252074,0.9659258262890683,0.49999999999999994,-0.8660254037844387,0.0,1.0,0.0,76.0,75.0,75.0,86.125,21.082266399078755,22.391666666666666,7.975337892074131
Islamabad,2026-06-22 02:00:00+00:00,22.2,92,1005.0,2.2,16.1,21.0,869.0,16.3,3.4,89.0,75,2,0,6,0,0.49999999999999994,0.8660254037844387,0.49999999999999994,-0.8660254037844387,0.0,1.0,-1.0,76.0,75.0,74.0,86.16666666666667,21.05823533352937,22.229166666666668,8.065410804743623
Islamabad,2026-06-22 03:00:00+00:00,25.1,78,1005.0,0.95,19.4,27.0,1046.0,18.3,4.4,96.0,75,3,0,6,0,0.7071067811865476,0.7071067811865476,0.49999999999999994,-0.8660254037844387,0.0,1.0,0.0,75.0,76.0,73.0,86.25,21.007762540463652,22.204166666666666,8.073546667797324
Islamabad,2026-06-22 04:00:00+00:00,28.6,52,1005.2,0.66,22.2,33.8,898.0,14.9,5.6,114.0,75,4,0,6,0,0.8660254037844386,0.5000000000000001,0.49999999999999994,-0.8660254037844387,0.0,1.0,0.0,75.0,76.0,72.0,86.375,20.92806000689409,22.429166666666664,7.991216872382396
Islamabad,2026-06-22 05:00:00+00:00,29.3,45,1005.5,0.62,22.1,34.1,596.0,8.9,7.0,139.0,75,5,0,6,0,0.9659258262890683,0.25881904510252074,0.49999999999999994,-0.8660254037844387,0.0,1.0,0.0,75.0,75.0,72.0,86.5,20.84727070031374,22.791666666666668,7.757740407611218
Islamabad,2026-06-22 06:00:00+00:00,30.4,40,1005.7,1.05,20.8,31.8,364.0,4.3,7.9,158.0,76,6,0,6,0,1.0,6.123233995736766e-17,0.49999999999999994,-0.8660254037844387,0.0,1.0,1.0,75.0,75.0,72.0,86.66666666666667,20.742031820869354,23.1125,7.494247794141838
Islamabad,2026-06-22 07:00:00+00:00,26.0,65,1007.2,4.95,20.0,30.5,295.0,3.0,8.0,167.0,77,7,0,6,0,0.9659258262890683,-0.25881904510252063,0.49999999999999994,-0.8660254037844387,0.0,1.0,1.0,76.0,75.0,71.0,86.91666666666667,20.58052407045259,23.395833333333332,7.226971171856187
Islamabad,2026-06-22 08:00:00+00:00,27.9,55,1006.2,2.76,19.6,30.2,296.0,3.1,7.7,170.0,77,8,0,6,0,0.8660254037844387,-0.4999999999999998,0.49999999999999994,-0.8660254037844387,0.0,1.0,0.0,77.0,75.0,70.0,87.20833333333333,20.378972894428944,23.6375,6.985065590554439
Islamabad,2026-06-22 09:00:00+00:00,29.3,48,1004.9,2.2,20.5,32.1,313.0,3.8,7.5,171.0,84,9,0,6,0,0.7071067811865476,-0.7071067811865475,0.49999999999999994,-0.8660254037844387,0.0,1.0,7.0,77.0,76.0,91.0,86.91666666666667,20.372438044673093,23.88333333333333,6.7531420491673115
Islamabad,2026-06-22 10:00:00+00:00,29.6,46,1004.6,1.39,21.9,34.2,266.0,3.6,7.8,174.0,101,10,0,6,0,0.49999999999999994,-0.8660254037844387,0.49999999999999994,-0.8660254037844387,0.0,1.0,17.0,84.0,77.0,108.0,86.625,20.105834108968896,24.14166666666667,6.541766592055033
Islamabad,2026-06-22 11:00:00+00:00,29.8,45,1004.0,0.81,22.3,34.6,236.0,3.8,8.3,175.0,119,11,0,6,0,0.258819045102521,-0.9659258262890682,0.49999999999999994,-0.8660254037844387,0.0,1.0,18.0,101.0,77.0,121.0,86.54166666666667,19.960785831586854,24.325,6.419755514781308
Islamabad,2026-06-22 12:00:00+00:00,31.3,39,1002.5,1.51,17.2,24.3,408.0,7.6,5.8,139.0,136,12,0,6,0,1.2246467991473532e-16,-1.0,0.49999999999999994,-0.8660254037844387,0.0,1.0,17.0,119.0,84.0,128.0,86.875,20.734999816524958,24.149999999999995,6.558698174114298
Islamabad,2026-06-22 13:00:00+00:00,30.2,45,1002.6,1.06,18.5,24.8,993.0,24.8,6.5,110.0,142,13,0,6,0,-0.2588190451025208,-0.9659258262890683,0.49999999999999994,-0.8660254037844387,0.0,1.0,6.0,136.0,101.0,131.0,87.33333333333333,21.844642496435757,23.98333333333333,6.652601104025038
Islamabad,2026-06-22 14:00:00+00:00,27.8,55,1002.9,1.54,24.2,28.4,1781.0,48.8,7.5,69.0,135,14,0,6,0,-0.4999999999999997,-0.8660254037844388,0.49999999999999994,-0.8660254037844387,0.0,1.0,-7.0,142.0,119.0,124.0,87.79166666666667,22.7442857929606,23.912499999999998,6.6403452306795385
Islamabad,2026-06-22 15:00:00+00:00,26.4,60,1003.3,1.1,30.6,34.5,2330.0,67.9,8.2,36.0,116,15,0,6,0,-0.7071067811865471,-0.7071067811865479,0.49999999999999994,-0.8660254037844387,0.0,1.0,-19.0,135.0,136.0,109.0,88.08333333333333,23.070622514106358,23.920833333333334,6.648960635785993
Islamabad,2026-06-22 16:00:00+00:00,25.8,62,1003.8,1.18,35.7,39.6,2455.0,78.0,8.4,17.0,89,16,0,6,0,-0.8660254037844385,-0.5000000000000004,0.49999999999999994,-0.8660254037844387,0.0,1.0,-27.0,116.0,142.0,86.0,88.20833333333333,23.066970865883572,23.95416666666667,6.7081377683259
Islamabad,2026-06-22 17:00:00+00:00,25.1,66,1003.7,1.55,40.2,43.8,2340.0,83.2,8.4,6.0,78,17,0,6,0,-0.9659258262890683,-0.25881904510252063,0.49999999999999994,-0.8660254037844387,0.0,1.0,-11.0,89.0,135.0,71.0,88.5,22.883447596746183,24.09583333333333,7.01987731632339
Islamabad,2026-06-22 18:00:00+00:00,25.4,63,1003.1,1.37,42.7,45.9,2099.0,85.1,8.0,0.0,78,18,0,6,0,-1.0,-1.8369701987210297e-16,0.49999999999999994,-0.8660254037844387,0.0,1.0,0.0,78.0,116.0,72.0,88.75,22.727592883120174,24.387500000000003,7.640925991003957
Islamabad,2026-06-22 19:00:00+00:00,24.2,69,1003.0,1.27,41.9,44.7,1686.0,83.3,7.2,0.0,79,19,0,6,0,-0.9659258262890684,0.2588190451025203,0.49999999999999994,-0.8660254037844387,0.0,1.0,1.0,78.0,89.0,73.0,89.0,22.57932875345294,24.766666666666666,8.2759298264759
Islamabad,2026-06-22 20:00:00+00:00,23.9,71,1002.8,1.22,39.3,41.7,1147.0,78.1,6.1,4.0,80,20,0,6,0,-0.8660254037844386,0.5000000000000001,0.49999999999999994,-0.8660254037844387,0.0,1.0,1.0,79.0,78.0,73.0,89.29166666666667,22.40822668549189,25.145833333333332,8.73160073808206
Islamabad,2026-06-22 21:00:00+00:00,23.9,71,1002.6,1.26,36.8,38.9,733.0,71.5,5.1,9.0,80,21,0,6,0,-0.7071067811865477,0.7071067811865474,0.49999999999999994,-0.8660254037844387,0.0,1.0,0.0,80.0,78.0,74.0,89.54166666666667,22.263206469842242,25.49166666666667,9.029512802431544
Islamabad,2026-06-22 22:00:00+00:00,23.6,72,1002.5,0.96,35.0,37.0,543.0,63.5,3.8,9.0,81,22,0,6,0,-0.5000000000000004,0.8660254037844384,0.49999999999999994,-0.8660254037844387,0.0,1.0,1.0,80.0,79.0,75.0,89.79166666666667,22.126079765676664,25.816666666666666,9.231781902831601
Islamabad,2026-06-22 23:00:00+00:00,23.1,73,1002.5,0.68,34.1,35.9,478.0,54.0,2.7,10.0,82,23,0,6,0,-0.25881904510252157,0.9659258262890681,0.49999999999999994,-0.8660254037844387,0.0,1.0,1.0,81.0,80.0,75.0,90.08333333333333,21.96819176162087,26.26666666666667,9.36601937007283
Islamabad,2026-06-23 00:00:00+00:00,23.0,73,1002.8,0.52,25.9,27.5,494.0,35.0,4.7,33.0,83,0,1,6,0,0.0,1.0,0.49999999999999994,-0.8660254037844387,0.7818314824680298,0.6234898018587336,1.0,82.0,80.0,76.0,90.375,21.819043337733618,26.729166666666668,9.0436852418482
Islamabad,2026-06-23 01:00:00+00:00,23.7,74,1002.9,0.91,24.5,26.0,642.0,31.1,7.0,55.0,83,1,1,6,0,0.25881904510252074,0.9659258262890683,0.49999999999999994,-0.8660254037844387,0.7818314824680298,0.6234898018587336,0.0,83.0,81.0,76.0,90.66666666666667,21.664771377528183,27.145833333333332,8.678758635270087
Islamabad,2026-06-23 02:00:00+00:00,26.0,64,1003.0,0.55,23.6,25.4,872.0,25.5,10.2,86.0,84,2,1,6,0,0.49999999999999994,0.8660254037844387,0.49999999999999994,-0.8660254037844387,0.7818314824680298,0.6234898018587336,1.0,83.0,82.0,75.0,91.04166666666667,21.458714995901943,27.458333333333332,8.39409298861104
Islamabad,2026-06-23 03:00:00+00:00,28.4,54,1003.0,0.21,20.8,26.5,985.0,19.8,12.3,114.0,85,3,1,6,0,0.7071067811865476,0.7071067811865476,0.49999999999999994,-0.8660254037844387,0.7818314824680298,0.6234898018587336,1.0,84.0,83.0,75.0,91.45833333333333,21.229551115831313,27.516666666666666,8.34035066860873
Islamabad,2026-06-23 04:00:00+00:00,30.3,48,1002.6,0.7,20.3,27.2,861.0,14.1,12.2,137.0,85,4,1,6,0,0.8660254037844386,0.5000000000000001,0.49999999999999994,-0.8660254037844387,0.7818314824680298,0.6234898018587336,0.0,85.0,83.0,75.0,91.875,20.98925708650648,27.4375,8.401801696013194
Islamabad,2026-06-23 05:00:00+00:00,31.6,45,1002.2,1.22,19.2,25.9,620.0,8.4,11.0,157.0,85,5,1,6,0,0.9659258262890683,0.25881904510252074,0.49999999999999994,-0.8660254037844387,0.7818314824680298,0.6234898018587336,0.0,85.0,84.0,75.0,92.29166666666667,20.737446001536707,27.316666666666666,8.502156589164095
Islamabad,2026-06-23 06:00:00+00:00,32.7,38,1001.9,1.57,20.9,27.7,431.0,4.3,9.8,172.0,85,6,1,6,0,1.0,6.123233995736766e-17,0.49999999999999994,-0.8660254037844387,0.7818314824680298,0.6234898018587336,0.0,85.0,85.0,76.0,92.66666666666667,20.51016008388649,27.32083333333333,8.498847961145465
Islamabad,2026-06-23 07:00:00+00:00,32.9,39,1001.2,1.98,19.1,24.9,358.0,2.8,9.1,179.0,85,7,1,6,0,0.9659258262890683,-0.25881904510252063,0.49999999999999994,-0.8660254037844387,0.7818314824680298,0.6234898018587336,0.0,85.0,85.0,77.0,93.0,20.308490406937675,27.283333333333335,8.53446550460397
Islamabad,2026-06-23 08:00:00+00:00,33.5,37,1000.2,2.3,17.8,22.7,337.0,3.0,8.5,181.0,84,8,1,6,0,0.8660254037844387,-0.4999999999999998,0.49999999999999994,-0.8660254037844387,0.7818314824680298,0.6234898018587336,-1.0,85.0,85.0,77.0,93.29166666666667,20.11808437303521,27.208333333333332,8.61247410126308
Islamabad,2026-06-23 09:00:00+00:00,33.6,37,999.3,2.39,17.3,21.8,342.0,3.6,8.0,179.0,96,9,1,6,0,0.7071067811865476,-0.7071067811865475,0.49999999999999994,-0.8660254037844387,0.7818314824680298,0.6234898018587336,12.0,84.0,85.0,84.0,93.79166666666667,20.02602473449612,27.075000000000003,8.744600818691532
Islamabad,2026-06-23 10:00:00+00:00,33.8,36,998.7,2.17,16.6,20.9,291.0,2.2,7.5,177.0,123,10,1,6,0,0.49999999999999994,-0.8660254037844387,0.49999999999999994,-0.8660254037844387,0.7818314824680298,0.6234898018587336,27.0,96.0,85.0,101.0,94.70833333333333,20.85661018492172,26.85416666666667,8.94558327583659
Islamabad,2026-06-23 11:00:00+00:00,33.6,36,998.4,1.78,15.8,20.0,267.0,1.3,7.1,173.0,142,11,1,6,0,0.258819045102521,-0.9659258262890682,0.49999999999999994,-0.8660254037844387,0.7818314824680298,0.6234898018587336,19.0,123.0,84.0,119.0,95.66666666666667,22.48606653921001,26.583333333333332,9.184659548099347
Islamabad,2026-06-23 12:00:00+00:00,34.2,32,997.6,0.54,13.1,16.5,495.0,7.2,6.9,157.0,154,12,1,6,0,1.2246467991473532e-16,-1.0,0.49999999999999994,-0.8660254037844387,0.7818314824680298,0.6234898018587336,12.0,142.0,96.0,136.0,96.41666666666667,24.129932100782806,26.412499999999998,9.402326839671112
Islamabad,2026-06-23 13:00:00+00:00,32.8,47,997.5,0.36,12.5,16.4,1269.0,27.6,7.9,124.0,157,13,1,6,0,-0.2588190451025208,-0.9659258262890683,0.49999999999999994,-0.8660254037844387,0.7818314824680298,0.6234898018587336,3.0,154.0,123.0,142.0,97.04166666666667,25.51637013619921,26.162500000000005,9.69701040886133
Islamabad,2026-06-23 14:00:00+00:00,30.4,54,997.6,0.65,19.4,22.6,2294.0,55.7,9.2,78.0,151,14,1,6,0,-0.4999999999999997,-0.8660254037844388,0.49999999999999994,-0.8660254037844387,0.7818314824680298,0.6234898018587336,-6.0,157.0,142.0,135.0,97.70833333333333,26.7313188188889,25.962500000000002,9.788316571522785
Islamabad,2026-06-23 15:00:00+00:00,29.1,58,998.1,0.36,30.0,33.8,2913.0,76.3,10.1,43.0,132,15,1,6,0,-0.7071067811865471,-0.7071067811865479,0.49999999999999994,-0.8660254037844387,0.7818314824680298,0.6234898018587336,-19.0,151.0,154.0,116.0,98.375,27.398528205472445,25.9375,9.776716462218205
Islamabad,2026-06-23 16:00:00+00:00,28.2,59,998.7,0.78,35.2,38.8,2765.0,83.4,10.1,27.0,103,16,1,6,0,-0.8660254037844385,-0.5000000000000004,0.49999999999999994,-0.8660254037844387,0.7818314824680298,0.6234898018587336,-29.0,132.0,157.0,89.0,98.95833333333333,27.339220380516974,25.916666666666668,9.755518690850629
Islamabad,2026-06-23 17:00:00+00:00,27.3,61,999.2,1.05,36.8,39.8,2211.0,82.9,9.7,22.0,82,17,1,6,0,-0.9659258262890683,-0.25881904510252063,0.49999999999999994,-0.8660254037844387,0.7818314824680298,0.6234898018587336,-21.0,103.0,151.0,78.0,99.125,27.21782104814192,25.775000000000002,9.561846738129512
Islamabad,2026-06-23 18:00:00+00:00,27.7,58,999.0,0.85,36.6,39.1,1671.0,77.4,9.1,23.0,82,18,1,6,0,-1.0,-1.8369701987210297e-16,0.49999999999999994,-0.8660254037844387,0.7818314824680298,0.6234898018587336,0.0,82.0,132.0,78.0,99.29166666666667,27.0948080485614,25.520833333333332,9.165245278468683
Islamabad,2026-06-23 19:00:00+00:00,26.7,62,999.4,0.76,33.5,35.6,1254.0,65.0,8.3,33.0,81,19,1,6,0,-0.9659258262890684,0.2588190451025203,0.49999999999999994,-0.8660254037844387,0.7818314824680298,0.6234898018587336,-1.0,82.0,103.0,79.0,99.375,27.03268955076072,25.170833333333334,8.658972685660478
Islamabad,2026-06-23 20:00:00+00:00,26.7,62,999.8,0.79,29.4,31.3,852.0,47.6,7.2,49.0,81,20,1,6,0,-0.8660254037844386,0.5000000000000001,0.49999999999999994,-0.8660254037844387,0.7818314824680298,0.6234898018587336,0.0,81.0,82.0,80.0,99.41666666666667,27.002281170408153,24.758333333333336,8.179131274517903
Islamabad,2026-06-23 21:00:00+00:00,26.9,56,1000.1,0.92,26.1,27.9,558.0,33.6,6.4,62.0,80,21,1,6,0,-0.7071067811865477,0.7071067811865474,0.49999999999999994,-0.8660254037844387,0.7818314824680298,0.6234898018587336,-1.0,81.0,82.0,80.0,99.41666666666667,27.002281170408153,24.3125,7.7758999199589205
Islamabad,2026-06-23 22:00:00+00:00,26.2,58,1000.3,0.81,24.0,25.7,426.0,26.7,5.8,65.0,79,22,1,6,0,-0.5000000000000004,0.8660254037844384,0.49999999999999994,-0.8660254037844387,0.7818314824680298,0.6234898018587336,-1.0,80.0,81.0,81.0,99.33333333333333,27.064603333933604,23.854166666666668,7.435284805905373
Islamabad,2026-06-23 23:00:00+00:00,25.6,62,1000.7,1.11,22.4,24.1,402.0,23.3,5.5,65.0,78,23,1,6,0,-0.25881904510252157,0.9659258262890681,0.49999999999999994,-0.8660254037844387,0.7818314824680298,0.6234898018587336,-1.0,79.0,81.0,82.0,99.16666666666667,27.18801952693655,23.36666666666667,7.110779732617012
Islamabad,2026-06-24 00:00:00+00:00,25.7,66,1000.9,1.07,21.1,22.9,419.0,16.4,4.4,84.0,77,0,2,6,0,0.0,1.0,0.49999999999999994,-0.8660254037844387,0.9749279121818236,-0.22252093395631434,-1.0,78.0,80.0,83.0,98.91666666666667,27.3701148774677,23.166666666666668,7.103928286620652
Islamabad,2026-06-24 01:00:00+00:00,26.4,64,1001.4,1.25,21.7,23.1,487.0,15.6,5.6,100.0,77,1,2,6,0,0.25881904510252074,0.9659258262890683,0.49999999999999994,-0.8660254037844387,0.9749279121818236,-0.22252093395631434,0.0,77.0,79.0,83.0,98.66666666666667,27.54863946244652,23.049999999999997,7.104071092476222
Islamabad,2026-06-24 02:00:00+00:00,27.9,60,1001.9,0.73,21.2,22.6,596.0,14.4,7.2,122.0,77,2,2,6,0,0.49999999999999994,0.8660254037844387,0.49999999999999994,-0.8660254037844387,0.9749279121818236,-0.22252093395631434,0.0,77.0,78.0,84.0,98.375,27.74701315692225,22.95,7.112878705437106
Islamabad,2026-06-24 03:00:00+00:00,29.6,52,1002.4,0.71,19.1,23.7,653.0,12.6,8.5,140.0,76,3,2,6,0,0.7071067811865476,0.7071067811865476,0.49999999999999994,-0.8660254037844387,0.9749279121818236,-0.22252093395631434,-1.0,77.0,77.0,85.0,98.0,27.995341227332172,22.879166666666666,7.14361856707676
Islamabad,2026-06-24 04:00:00+00:00,31.0,49,1002.6,1.26,20.9,29.6,599.0,9.8,9.1,151.0,76,4,2,6,0,0.8660254037844386,0.5000000000000001,0.49999999999999994,-0.8660254037844387,0.9749279121818236,-0.22252093395631434,0.0,76.0,77.0,85.0,97.625,28.236289477873022,22.90416666666667,7.135244986298124
Islamabad,2026-06-24 05:00:00+00:00,32.1,46,1002.5,1.53,22.6,36.2,494.0,6.5,9.4,158.0,76,5,2,6,0,0.9659258262890683,0.25881904510252074,0.49999999999999994,-0.8660254037844387,0.9749279121818236,-0.22252093395631434,0.0,76.0,77.0,85.0,97.25,28.470045280273993,23.045833333333334,7.09212540453304
Islamabad,2026-06-24 06:00:00+00:00,33.3,40,1002.1,1.17,23.6,42.5,419.0,4.1,9.4,162.0,77,6,2,6,0,1.0,6.123233995736766e-17,0.49999999999999994,-0.8660254037844387,0.9749279121818236,-0.22252093395631434,1.0,76.0,76.0,85.0,96.91666666666667,28.665866183632982,23.158333333333335,7.078007375370334
Islamabad,2026-06-24 07:00:00+00:00,34.0,39,1001.3,1.35,25.3,48.1,412.0,3.1,9.0,163.0,77,7,2,6,0,0.9659258262890683,-0.25881904510252063,0.49999999999999994,-0.8660254037844387,0.9749279121818236,-0.22252093395631434,0.0,77.0,76.0,85.0,96.58333333333333,28.856340824801116,23.416666666666668,7.036468152274318
Islamabad,2026-06-24 08:00:00+00:00,34.6,38,1000.4,1.71,25.4,48.3,435.0,3.0,8.4,161.0,96,8,2,6,0,0.8660254037844387,-0.4999999999999998,0.49999999999999994,-0.8660254037844387,0.9749279121818236,-0.22252093395631434,19.0,77.0,76.0,84.0,97.08333333333333,28.732524619574846,23.733333333333334,6.9431020924847715
Islamabad,2026-06-24 09:00:00+00:00,35.0,37,999.3,1.93,25.1,46.7,460.0,3.5,7.9,158.0,113,9,2,6,0,0.7071067811865476,-0.7071067811865475,0.49999999999999994,-0.8660254037844387,0.9749279121818236,-0.22252093395631434,17.0,96.0,77.0,96.0,97.79166666666667,28.913633261936813,24.058333333333334,6.810153332032755
Islamabad,2026-06-24 10:00:00+00:00,35.8,35,998.7,2.21,24.4,44.5,442.0,2.9,7.5,156.0,125,10,2,6,0,0.49999999999999994,-0.8660254037844387,0.49999999999999994,-0.8660254037844387,0.9749279121818236,-0.22252093395631434,12.0,113.0,77.0,123.0,97.875,28.992221595515232,24.38333333333333,6.622272476546319
Islamabad,2026-06-24 11:00:00+00:00,35.2,36,998.2,2.0,24.2,43.8,426.0,2.9,7.3,152.0,132,11,2,6,0,0.258819045102521,-0.9659258262890682,0.49999999999999994,-0.8660254037844387,0.9749279121818236,-0.22252093395631434,7.0,125.0,96.0,142.0,97.45833333333333,28.396232399611314,24.733333333333334,6.36591922162319
Islamabad,2026-06-24 12:00:00+00:00,35.8,35,996.8,1.31,24.8,44.1,521.0,8.5,7.4,140.0,135,12,2,6,0,1.2246467991473532e-16,-1.0,0.49999999999999994,-0.8660254037844387,0.9749279121818236,-0.22252093395631434,3.0,132.0,113.0,154.0,96.66666666666667,26.980937983931092,25.22083333333333,5.864556706377606
Islamabad,2026-06-24 13:00:00+00:00,34.0,44,997.3,1.9,28.2,48.4,856.0,25.3,8.2,112.0,132,13,2,6,0,-0.2588190451025208,-0.9659258262890683,0.49999999999999994,-0.8660254037844387,0.9749279121818236,-0.22252093395631434,-3.0,135.0,125.0,157.0,95.625,24.957028286026915,25.875,5.224628133220054
Islamabad,2026-06-24 14:00:00+00:00,32.2,55,997.7,0.69,31.3,48.1,1303.0,47.7,9.2,77.0,123,14,2,6,0,-0.4999999999999997,-0.8660254037844388,0.49999999999999994,-0.8660254037844387,0.9749279121818236,-0.22252093395631434,-9.0,132.0,132.0,151.0,94.45833333333333,22.81871689161538,26.370833333333334,5.147517693587539
Islamabad,2026-06-24 15:00:00+00:00,31.1,55,998.7,0.45,39.2,54.8,1581.0,64.3,9.9,49.0,105,15,2,6,0,-0.7071067811865471,-0.7071067811865479,0.49999999999999994,-0.8660254037844387,0.9749279121818236,-0.22252093395631434,-18.0,123.0,135.0,132.0,93.33333333333333,21.515750887009904,26.754166666666666,5.738199927311418
Islamabad,2026-06-24 16:00:00+00:00,30.1,54,1000.0,1.26,42.4,56.3,1549.0,70.5,9.8,35.0,83,16,2,6,0,-0.8660254037844385,-0.5000000000000004,0.49999999999999994,-0.8660254037844387,0.9749279121818236,-0.22252093395631434,-22.0,105.0,132.0,103.0,92.5,21.512382682902327,27.054166666666664,6.3541139817250105
Islamabad,2026-06-24 17:00:00+00:00,29.4,55,1001.2,2.57,43.3,54.7,1349.0,70.9,9.3,29.0,84,17,2,6,0,-0.9659258262890683,-0.25881904510252063,0.49999999999999994,-0.8660254037844387,0.9749279121818236,-0.22252093395631434,1.0,83.0,123.0,82.0,92.58333333333333,21.47377908999207,27.325,6.902441282051847
Islamabad,2026-06-24 18:00:00+00:00,28.9,57,1001.5,1.65,42.3,51.5,1128.0,67.1,8.6,29.0,85,18,2,6,0,-1.0,-1.8369701987210297e-16,0.49999999999999994,-0.8660254037844387,0.9749279121818236,-0.22252093395631434,1.0,84.0,105.0,82.0,92.70833333333333,21.41815395501123,27.5625,7.320834622173692
Islamabad,2026-06-24 19:00:00+00:00,28.2,59,1001.5,1.46,39.9,47.3,907.0,57.9,7.8,35.0,85,19,2,6,0,-0.9659258262890684,0.2588190451025203,0.49999999999999994,-0.8660254037844387,0.9749279121818236,-0.22252093395631434,0.0,85.0,83.0,81.0,92.875,21.338498582119453,27.829166666666666,7.655431670256787
Islamabad,2026-06-24 20:00:00+00:00,26.9,60,1002.6,5.84,36.2,42.1,665.0,44.6,6.8,46.0,86,20,2,6,0,-0.8660254037844386,0.5000000000000001,0.49999999999999994,-0.8660254037844387,0.9749279121818236,-0.22252093395631434,1.0,85.0,84.0,81.0,93.08333333333333,21.24170767446722,28.1125,7.839715639252959
Islamabad,2026-06-24 21:00:00+00:00,24.3,77,1003.2,1.45,32.6,37.7,481.0,32.9,5.9,57.0,86,21,2,6,0,-0.7071067811865477,0.7071067811865474,0.49999999999999994,-0.8660254037844387,0.9749279121818236,-0.22252093395631434,0.0,86.0,85.0,80.0,93.33333333333333,21.115966896426926,28.38333333333333,7.879343752560494
Islamabad,2026-06-24 22:00:00+00:00,23.8,88,1003.0,1.6,29.9,35.2,389.0,24.6,5.0,66.0,87,22,2,6,0,-0.5000000000000004,0.8660254037844384,0.49999999999999994,-0.8660254037844387,0.9749279121818236,-0.22252093395631434,1.0,86.0,85.0,79.0,93.66666666666667,20.94229476788326,28.629166666666663,7.828514166683906
Islamabad,2026-06-24 23:00:00+00:00,24.4,84,1003.2,0.82,26.5,31.9,354.0,17.9,4.3,75.0,87,23,2,6,0,-0.25881904510252157,0.9659258262890681,0.49999999999999994,-0.8660254037844387,0.9749279121818236,-0.22252093395631434,0.0,87.0,86.0,78.0,94.04166666666667,20.729057879693737,28.8,7.7307966854201995
Islamabad,2026-06-25 00:00:00+00:00,24.5,87,1002.6,1.76,24.9,30.7,353.0,13.6,4.1,85.0,87,0,3,6,0,0.0,1.0,0.49999999999999994,-0.8660254037844387,0.43388373911755823,-0.900968867902419,0.0,87.0,86.0,77.0,94.45833333333333,20.470507240091766,28.958333333333332,7.604113112775457
Islamabad,2026-06-25 01:00:00+00:00,25.3,84,1003.3,1.17,24.1,30.2,400.0,13.3,4.8,96.0,88,1,3,6,0,0.25881904510252074,0.9659258262890683,0.49999999999999994,-0.8660254037844387,0.43388373911755823,-0.900968867902419,1.0,87.0,87.0,77.0,94.91666666666667,20.183757280818583,29.058333333333337,7.519824042036356
Islamabad,2026-06-25 02:00:00+00:00,26.0,76,1004.6,0.66,25.6,32.2,480.0,15.4,6.0,107.0,88,2,3,6,0,0.49999999999999994,0.8660254037844387,0.49999999999999994,-0.8660254037844387,0.43388373911755823,-0.900968867902419,0.0,88.0,87.0,77.0,95.375,19.881852113881223,29.241666666666664,7.372092893011318
Islamabad,2026-06-25 03:00:00+00:00,27.1,67,1005.5,1.72,27.4,45.6,525.0,15.9,7.3,120.0,88,3,3,6,0,0.7071067811865476,0.7071067811865476,0.49999999999999994,-0.8660254037844387,0.43388373911755823,-0.900968867902419,0.0,88.0,87.0,76.0,95.875,19.52103102230759,29.587499999999995,7.063889340065799
Islamabad,2026-06-25 04:00:00+00:00,28.4,61,1006.0,2.58,29.7,56.0,493.0,12.6,8.8,137.0,89,4,3,6,0,0.8660254037844386,0.5000000000000001,0.49999999999999994,-0.8660254037844387,0.43388373911755823,-0.900968867902419,1.0,88.0,88.0,76.0,96.41666666666667,19.121844250391067,29.954166666666666,6.817431568296477
Islamabad,2026-06-25 05:00:00+00:00,29.3,57,1005.9,2.89,31.8,62.2,425.0,7.7,10.5,155.0,90,5,3,6,0,0.9659258262890683,0.25881904510252074,0.49999999999999994,-0.8660254037844387,0.43388373911755823,-0.900968867902419,1.0,89.0,88.0,76.0,97.0,18.680377987051337,30.337499999999995,6.642341945559464
Islamabad,2026-06-25 06:00:00+00:00,29.7,55,1006.0,3.16,34.6,68.9,375.0,4.1,11.6,168.0,90,6,3,6,0,1.0,6.123233995736766e-17,0.49999999999999994,-0.8660254037844387,0.43388373911755823,-0.900968867902419,0.0,90.0,88.0,77.0,97.54166666666667,18.258956507796515,30.79583333333333,6.535886165701942
Islamabad,2026-06-25 07:00:00+00:00,30.4,53,1005.8,3.3,36.1,72.6,365.0,2.9,11.6,174.0,91,7,3,6,0,0.9659258262890683,-0.25881904510252063,0.49999999999999994,-0.8660254037844387,0.43388373911755823,-0.900968867902419,1.0,90.0,89.0,77.0,98.125,17.791821521234397,31.245833333333334,6.512795377039565
Islamabad,2026-06-25 08:00:00+00:00,30.0,55,1005.4,3.13,38.1,75.2,373.0,3.0,11.1,175.0,92,8,3,6,0,0.8660254037844387,-0.4999999999999998,0.49999999999999994,-0.8660254037844387,0.43388373911755823,-0.900968867902419,1.0,91.0,90.0,96.0,97.95833333333333,17.83128459043007,31.775000000000002,6.53307637767394
Islamabad,2026-06-25 09:00:00+00:00,30.7,52,1004.3,1.11,36.2,69.6,389.0,3.6,10.6,174.0,107,9,3,6,0,0.7071067811865476,-0.7071067811865475,0.49999999999999994,-0.8660254037844387,0.43388373911755823,-0.900968867902419,15.0,92.0,90.0,113.0,97.70833333333333,17.65239032136873,32.237500000000004,6.4321078092305575
Islamabad,2026-06-25 10:00:00+00:00,31.5,50,1003.5,1.0,36.7,69.6,381.0,2.3,10.2,173.0,124,10,3,6,0,0.49999999999999994,-0.8660254037844387,0.49999999999999994,-0.8660254037844387,0.43388373911755823,-0.900968867902419,17.0,107.0,91.0,125.0,97.66666666666667,17.58622649458439,32.75,6.268416345318837
Islamabad,2026-06-25 11:00:00+00:00,31.6,49,1002.8,1.36,34.7,65.2,382.0,1.5,9.9,168.0,138,11,3,6,0,0.258819045102521,-0.9659258262890682,0.49999999999999994,-0.8660254037844387,0.43388373911755823,-0.900968867902419,14.0,124.0,92.0,132.0,97.91666666666667,18.129765740270415,33.1875,6.006685586838213
Islamabad,2026-06-25 12:00:00+00:00,31.5,51,1002.8,2.04,26.8,40.6,475.0,8.4,7.7,166.0,148,12,3,6,0,1.2246467991473532e-16,-1.0,0.49999999999999994,-0.8660254037844387,0.43388373911755823,-0.900968867902419,10.0,138.0,107.0,135.0,98.45833333333333,19.433228304088377,33.270833333333336,5.898155877358843
Islamabad,2026-06-25 13:00:00+00:00,30.8,53,1002.7,2.14,28.4,42.5,716.0,27.8,8.7,135.0,153,13,3,6,0,-0.2588190451025208,-0.9659258262890683,0.49999999999999994,-0.8660254037844387,0.43388373911755823,-0.900968867902419,5.0,148.0,124.0,132.0,99.33333333333333,21.38399780954958,33.27916666666666,5.8908166678731595
Islamabad,2026-06-25 14:00:00+00:00,29.4,61,1002.6,1.06,34.0,45.9,1050.0,54.7,10.2,91.0,150,14,3,6,0,-0.4999999999999997,-0.8660254037844388,0.49999999999999994,-0.8660254037844387,0.43388373911755823,-0.900968867902419,-3.0,153.0,138.0,123.0,100.45833333333333,23.306985641865513,33.391666666666666,5.87714191605484
Islamabad,2026-06-25 15:00:00+00:00,28.8,65,1002.5,0.11,43.7,54.5,1394.0,76.2,11.0,55.0,134,15,3,6,0,-0.7071067811865471,-0.7071067811865479,0.49999999999999994,-0.8660254037844387,0.43388373911755823,-0.900968867902419,-16.0,150.0,148.0,105.0,101.66666666666667,24.28394829774425,33.579166666666666,6.136560371120395
Islamabad,2026-06-25 16:00:00+00:00,28.1,67,1003.1,0.34,47.6,57.0,1806.0,88.3,10.9,32.0,108,16,3,6,0,-0.8660254037844385,-0.5000000000000004,0.49999999999999994,-0.8660254037844387,0.43388373911755823,-0.900968867902419,-26.0,134.0,153.0,83.0,102.70833333333333,23.982745911368333,33.795833333333334,6.5400757319552225
Islamabad,2026-06-25 17:00:00+00:00,28.1,68,1003.3,0.22,51.7,60.3,2228.0,94.9,10.2,16.0,97,17,3,6,0,-0.9659258262890683,-0.25881904510252063,0.49999999999999994,-0.8660254037844387,0.43388373911755823,-0.900968867902419,-11.0,108.0,150.0,84.0,103.25,23.686815264853216,34.145833333333336,7.256360278593747
Islamabad,2026-06-25 18:00:00+00:00,28.2,71,1003.1,0.14,54.7,62.4,2407.0,94.8,9.2,8.0,97,18,3,6,0,-1.0,-1.8369701987210297e-16,0.49999999999999994,-0.8660254037844387,0.43388373911755823,-0.900968867902419,0.0,97.0,134.0,85.0,103.75,23.40986414164793,34.6625,8.237338769287051
Islamabad,2026-06-25 19:00:00+00:00,27.4,70,1003.3,0.35,52.6,58.0,2163.0,84.8,7.8,11.0,98,19,3,6,0,-0.9659258262890684,0.2588190451025203,0.49999999999999994,-0.8660254037844387,0.43388373911755823,-0.900968867902419,1.0,97.0,108.0,85.0,104.29166666666667,23.1055784091887,35.19166666666667,8.964272887735882
Islamabad,2026-06-25 20:00:00+00:00,27.4,70,1003.7,0.15,47.4,51.2,1676.0,68.2,6.2,22.0,99,20,3,6,0,-0.8660254037844386,0.5000000000000001,0.49999999999999994,-0.8660254037844387,0.43388373911755823,-0.900968867902419,1.0,98.0,97.0,86.0,104.83333333333333,22.808592329601343,35.65833333333334,9.304132633296375
Islamabad,2026-06-25 21:00:00+00:00,27.2,69,1003.8,0.29,43.0,46.2,1229.0,53.2,5.0,33.0,100,21,3,6,0,-0.7071067811865477,0.7071067811865474,0.49999999999999994,-0.8660254037844387,0.43388373911755823,-0.900968867902419,1.0,99.0,97.0,86.0,105.41666666666667,22.482682546634233,36.09166666666667,9.397220526474193
Islamabad,2026-06-25 22:00:00+00:00,26.4,70,1004.2,0.96,39.8,43.1,892.0,42.6,4.4,38.0,101,22,3,6,0,-0.5000000000000004,0.8660254037844384,0.49999999999999994,-0.8660254037844387,0.43388373911755823,-0.900968867902419,1.0,100.0,98.0,87.0,106.0,22.163424629427773,36.50416666666666,9.330663761591861
Islamabad,2026-06-25 23:00:00+00:00,26.2,70,1004.6,1.19,37.4,40.2,596.0,33.8,4.2,42.0,103,23,3,6,0,-0.25881904510252157,0.9659258262890681,0.49999999999999994,-0.8660254037844387,0.43388373911755823,-0.900968867902419,2.0,101.0,99.0,87.0,106.66666666666667,21.804799365330016,36.958333333333336,9.08457443987459
Islamabad,2026-06-26 00:00:00+00:00,26.0,74,1004.7,0.82,41.2,43.8,415.0,38.3,4.9,33.0,104,0,4,6,0,0.0,1.0,0.49999999999999994,-0.8660254037844387,-0.433883739117558,-0.9009688679024191,1.0,103.0,100.0,87.0,107.375,21.41070942918162,37.637499999999996,8.746915605440307
Islamabad,2026-06-26 01:00:00+00:00,26.4,73,1005.3,1.29,38.2,41.4,427.0,32.5,6.7,57.0,105,1,4,6,0,0.25881904510252074,0.9659258262890683,0.49999999999999994,-0.8660254037844387,-0.433883739117558,-0.9009688679024191,1.0,104.0,101.0,88.0,108.08333333333333,21.01948716262333,38.225,8.257973748734138
Islamabad,2026-06-26 02:00:00+00:00,28.1,66,1005.7,1.08,31.5,36.6,553.0,24.3,9.3,91.0,107,2,4,6,0,0.49999999999999994,0.8660254037844387,0.49999999999999994,-0.8660254037844387,-0.433883739117558,-0.9009688679024191,2.0,105.0,103.0,88.0,108.875,20.583472686261263,38.47083333333334,7.947790459518
Islamabad,2026-06-26 03:00:00+00:00,30.0,59,1005.9,0.63,28.1,36.9,633.0,17.1,11.6,122.0,107,3,4,6,0,0.7071067811865476,0.7071067811865476,0.49999999999999994,-0.8660254037844387,-0.433883739117558,-0.9009688679024191,0.0,107.0,104.0,88.0,109.66666666666667,20.105518746303147,38.50000000000001,7.906574039587425
Islamabad,2026-06-26 04:00:00+00:00,31.5,54,1005.8,0.81,29.2,40.5,587.0,11.9,13.5,147.0,108,4,4,6,0,0.8660254037844386,0.5000000000000001,0.49999999999999994,-0.8660254037844387,-0.433883739117558,-0.9009688679024191,1.0,107.0,105.0,89.0,110.45833333333333,19.624694218977822,38.479166666666664,7.931389437279994
Islamabad,2026-06-26 05:00:00+00:00,32.7,49,1005.5,1.24,31.7,46.0,493.0,7.6,15.2,169.0,107,5,4,6,0,0.9659258262890683,0.25881904510252074,0.49999999999999994,-0.8660254037844387,-0.433883739117558,-0.9009688679024191,-1.0,108.0,107.0,90.0,111.16666666666667,19.155352678347104,38.475,7.935076230422002
Islamabad,2026-06-26 06:00:00+00:00,33.5,44,1005.4,1.75,33.3,48.9,428.0,4.7,16.0,186.0,107,6,4,6,0,1.0,6.123233995736766e-17,0.49999999999999994,-0.8660254037844387,-0.433883739117558,-0.9009688679024191,0.0,107.0,107.0,90.0,111.875,18.64616174514375,38.420833333333334,7.967050578949262
Islamabad,2026-06-26 07:00:00+00:00,34.4,41,1004.9,1.3,34.2,49.0,422.0,3.5,15.5,196.0,107,7,4,6,0,0.9659258262890683,-0.25881904510252063,0.49999999999999994,-0.8660254037844387,-0.433883739117558,-0.9009688679024191,0.0,107.0,108.0,91.0,112.54166666666667,18.14669491207308,38.34166666666667,8.000484586772727
Islamabad,2026-06-26 08:00:00+00:00,34.9,39,1004.4,1.7,34.3,48.1,444.0,3.6,14.3,200.0,107,8,4,6,0,0.8660254037844387,-0.4999999999999998,0.49999999999999994,-0.8660254037844387,-0.433883739117558,-0.9009688679024191,0.0,107.0,107.0,92.0,113.16666666666667,17.660239465278753,38.18333333333333,8.042964339241992
Islamabad,2026-06-26 09:00:00+00:00,34.7,39,1003.5,1.99,34.9,47.8,475.0,4.3,13.2,201.0,115,9,4,6,0,0.7071067811865476,-0.7071067811865475,0.49999999999999994,-0.8660254037844387,-0.433883739117558,-0.9009688679024191,8.0,107.0,107.0,107.0,113.5,17.614223501624814,38.12916666666666,8.061258892228668
Islamabad,2026-06-26 10:00:00+00:00,34.7,40,1003.0,1.81,36.2,49.2,442.0,3.0,12.7,203.0,146,10,4,6,0,0.49999999999999994,-0.8660254037844387,0.49999999999999994,-0.8660254037844387,-0.433883739117558,-0.9009688679024191,31.0,115.0,107.0,124.0,114.41666666666667,18.722032281608676,38.108333333333334,8.065757823996567
Islamabad,2026-06-26 11:00:00+00:00,34.6,40,1002.5,1.98,36.3,49.5,418.0,2.2,12.4,201.0,165,11,4,6,0,0.258819045102521,-0.9659258262890682,0.49999999999999994,-0.8660254037844387,-0.433883739117558,-0.9009688679024191,19.0,146.0,107.0,138.0,115.54166666666667,20.88681540998982,38.175,8.042941815248808
Islamabad,2026-06-26 12:00:00+00:00,34.9,37,1001.7,2.0,35.2,50.6,605.0,9.1,11.7,186.0,177,12,4,6,0,1.2246467991473532e-16,-1.0,0.49999999999999994,-0.8660254037844387,-0.433883739117558,-0.9009688679024191,12.0,165.0,115.0,148.0,116.75,23.519187356560952,38.525,7.701961918323401
Islamabad,2026-06-26 13:00:00+00:00,33.8,45,1001.9,1.24,35.9,51.2,1218.0,32.6,12.4,148.0,183,13,4,6,0,-0.2588190451025208,-0.9659258262890683,0.49999999999999994,-0.8660254037844387,-0.433883739117558,-0.9009688679024191,6.0,177.0,146.0,153.0,118.0,26.176657374544984,38.8375,7.4202901912080685
Islamabad,2026-06-26 14:00:00+00:00,32.1,51,1002.1,1.15,45.4,59.8,2043.0,64.8,13.2,96.0,180,14,4,6,0,-0.4999999999999997,-0.8660254037844388,0.49999999999999994,-0.8660254037844387,-0.433883739117558,-0.9009688679024191,-3.0,183.0,165.0,150.0,119.25,28.39358470101803,39.3125,7.461921450881803
Islamabad,2026-06-26 15:00:00+00:00,31.2,48,1002.5,0.71,53.7,69.8,2635.0,87.1,13.4,55.0,166,15,4,6,0,-0.7071067811865471,-0.7071067811865479,0.49999999999999994,-0.8660254037844387,-0.433883739117558,-0.9009688679024191,-14.0,180.0,177.0,134.0,120.58333333333333,29.83128889440449,39.729166666666664,7.978856797630913
Islamabad,2026-06-26 16:00:00+00:00,30.0,51,1003.1,1.27,55.9,72.4,2801.0,91.0,12.3,37.0,141,16,4,6,0,-0.8660254037844385,-0.5000000000000004,0.49999999999999994,-0.8660254037844387,-0.433883739117558,-0.9009688679024191,-25.0,166.0,183.0,108.0,121.95833333333333,29.986198516138153,40.074999999999996,8.497838599877312
Islamabad,2026-06-26 17:00:00+00:00,28.9,57,1003.8,0.85,53.1,65.2,2735.0,84.9,10.4,32.0,111,17,4,6,0,-0.9659258262890683,-0.25881904510252063,0.49999999999999994,-0.8660254037844387,-0.433883739117558,-0.9009688679024191,-30.0,141.0,180.0,97.0,122.54166666666667,29.61342111517847,40.13333333333333,8.58546125304493
Islamabad,2026-06-26 18:00:00+00:00,28.9,60,1003.9,0.0,49.7,59.5,2577.0,75.7,8.7,31.0,112,18,4,6,0,-1.0,-1.8369701987210297e-16,0.49999999999999994,-0.8660254037844387,-0.433883739117558,-0.9009688679024191,1.0,111.0,166.0,97.0,123.16666666666667,29.20641184318254,39.925000000000004,8.271546304099925
Islamabad,2026-06-26 19:00:00+00:00,27.7,62,1004.0,0.7,45.1,52.9,2338.0,63.5,7.2,36.0,111,19,4,6,0,-0.9659258262890684,0.2588190451025203,0.49999999999999994,-0.8660254037844387,-0.433883739117558,-0.9009688679024191,-1.0,112.0,141.0,98.0,123.70833333333333,28.83759497700772,39.612500000000004,7.905436351843145
Islamabad,2026-06-26 20:00:00+00:00,27.1,65,1004.0,0.96,39.7,45.5,2007.0,48.1,5.9,45.0,110,20,4,6,0,-0.8660254037844386,0.5000000000000001,0.49999999999999994,-0.8660254037844387,-0.433883739117558,-0.9009688679024191,-1.0,111.0,111.0,99.0,124.16666666666667,28.513408999163754,39.291666666666664,7.72994834712852
Islamabad,2026-06-26 21:00:00+00:00,26.8,66,1004.0,1.17,35.0,39.9,1688.0,35.6,4.9,53.0,109,21,4,6,0,-0.7071067811865477,0.7071067811865474,0.49999999999999994,-0.8660254037844387,-0.433883739117558,-0.9009688679024191,-1.0,110.0,112.0,100.0,124.54166666666667,28.239625515847965,38.958333333333336,7.7355709531368175
Islamabad,2026-06-26 22:00:00+00:00,26.8,65,1004.1,1.29,32.1,36.9,1400.0,28.8,4.2,53.0,109,22,4,6,0,-0.5000000000000004,0.8660254037844384,0.49999999999999994,-0.8660254037844387,-0.433883739117558,-0.9009688679024191,0.0,109.0,111.0,101.0,124.875,27.99582655232374,38.6375,7.857857463268409
Islamabad,2026-06-26 23:00:00+00:00,26.9,63,1004.2,1.3,30.4,34.9,1124.0,24.9,3.9,51.0,108,23,4,6,0,-0.25881904510252157,0.9659258262890681,0.49999999999999994,-0.8660254037844387,-0.433883739117558,-0.9009688679024191,-1.0,109.0,110.0,103.0,125.08333333333333,27.84415740239313,38.34583333333333,8.033732099670422
Islamabad,2026-06-27 00:00:00+00:00,27.1,67,1004.0,0.98,29.0,31.9,907.0,26.4,3.9,49.0,107,0,5,6,1,0.0,1.0,0.49999999999999994,-0.8660254037844387,-0.9749279121818236,-0.2225209339563146,-1.0,108.0,109.0,104.0,125.20833333333333,27.75197473062492,37.8375,8.228889327559154
Islamabad,2026-06-27 01:00:00+00:00,27.5,66,1004.4,1.09,28.5,31.4,781.0,24.1,5.2,72.0,106,1,5,6,1,0.25881904510252074,0.9659258262890683,0.49999999999999994,-0.8660254037844387,-0.9749279121818236,-0.2225209339563146,-1.0,107.0,109.0,105.0,125.25,27.72104835209338,37.43333333333333,8.445666069785046
Islamabad,2026-06-27 02:00:00+00:00,29.2,61,1004.6,1.03,29.8,33.8,715.0,20.8,7.1,105.0,105,2,5,6,1,0.49999999999999994,0.8660254037844387,0.49999999999999994,-0.8660254037844387,-0.9749279121818236,-0.2225209339563146,-1.0,106.0,108.0,107.0,125.16666666666667,27.781236499645658,37.362500000000004,8.504516063731105
Islamabad,2026-06-27 03:00:00+00:00,31.0,54,1004.7,0.6,34.2,51.1,658.0,17.1,9.1,134.0,105,3,5,6,1,0.7071067811865476,0.7071067811865476,0.49999999999999994,-0.8660254037844387,-0.9749279121818236,-0.2225209339563146,0.0,105.0,107.0,107.0,125.08333333333333,27.841034255317567,37.61666666666667,8.304460125198629
Islamabad,2026-06-27 04:00:00+00:00,32.4,50,1004.6,1.33,39.8,63.6,594.0,12.8,11.3,157.0,105,4,5,6,1,0.8660254037844386,0.5000000000000001,0.49999999999999994,-0.8660254037844387,-0.9749279121818236,-0.2225209339563146,0.0,105.0,106.0,108.0,124.95833333333333,27.927669257295648,38.05833333333334,8.117127177960683
Islamabad,2026-06-27 05:00:00+00:00,33.5,47,1004.2,1.55,41.7,66.4,540.0,8.2,13.5,177.0,106,5,5,6,1,0.9659258262890683,0.25881904510252074,0.49999999999999994,-0.8660254037844387,-0.9749279121818236,-0.2225209339563146,1.0,105.0,105.0,107.0,124.91666666666667,27.956358328910827,38.475,8.032772546425566
Islamabad,2026-06-27 06:00:00+00:00,34.7,42,1004.1,1.55,42.6,66.4,500.0,4.8,14.7,191.0,107,6,5,6,1,1.0,6.123233995736766e-17,0.49999999999999994,-0.8660254037844387,-0.9749279121818236,-0.2225209339563146,1.0,106.0,105.0,107.0,124.91666666666667,27.956358328910827,38.862500000000004,7.996510788000493
Islamabad,2026-06-27 07:00:00+00:00,35.4,40,1003.3,1.84,42.0,64.3,475.0,3.4,14.0,195.0,108,7,5,6,1,0.9659258262890683,-0.25881904510252063,0.49999999999999994,-0.8660254037844387,-0.9749279121818236,-0.2225209339563146,1.0,107.0,105.0,107.0,124.95833333333333,27.929226030569403,39.1875,7.957185022246273
Islamabad,2026-06-27 08:00:00+00:00,36.1,39,1002.3,1.11,41.2,61.7,464.0,3.3,12.2,193.0,109,8,5,6,1,0.8660254037844387,-0.4999999999999998,0.49999999999999994,-0.8660254037844387,-0.9749279121818236,-0.2225209339563146,1.0,108.0,106.0,107.0,125.04166666666667,27.87624696632431,39.475,7.897344077489623
Islamabad,2026-06-27 09:00:00+00:00,36.4,38,1001.3,1.06,40.2,59.3,463.0,3.7,10.8,188.0,127,9,5,6,1,0.7071067811865476,-0.7071067811865475,0.49999999999999994,-0.8660254037844387,-0.9749279121818236,-0.2225209339563146,18.0,109.0,107.0,115.0,125.54166666666667,27.795806951012228,39.69583333333333,7.837728107306194
Islamabad,2026-06-27 10:00:00+00:00,36.0,40,1000.7,1.3,38.8,56.7,435.0,2.2,10.2,185.0,151,10,5,6,1,0.49999999999999994,-0.8660254037844387,0.49999999999999994,-0.8660254037844387,-0.9749279121818236,-0.2225209339563146,24.0,127.0,108.0,146.0,125.75,27.97397859191356,39.80416666666667,7.805208916607141
Islamabad,2026-06-27 11:00:00+00:00,35.8,40,999.9,1.19,37.5,54.9,418.0,1.3,9.9,181.0,164,11,5,6,1,0.258819045102521,-0.9659258262890682,0.49999999999999994,-0.8660254037844387,-0.9749279121818236,-0.2225209339563146,13.0,151.0,109.0,165.0,125.70833333333333,27.913654390803863,39.85416666666667,7.785604283417606
Islamabad,2026-06-27 12:00:00+00:00,36.6,34,999.3,0.35,23.9,34.0,523.0,7.9,8.9,159.0,171,12,5,6,1,1.2246467991473532e-16,-1.0,0.49999999999999994,-0.8660254037844387,-0.9749279121818236,-0.2225209339563146,7.0,164.0,127.0,177.0,125.45833333333333,27.457444015858915,39.38333333333333,8.39698013349552
Islamabad,2026-06-27 13:00:00+00:00,35.0,44,999.1,1.4,23.9,34.9,872.0,33.7,10.0,123.0,172,13,5,6,1,-0.2588190451025208,-0.9659258262890683,0.49999999999999994,-0.8660254037844387,-0.9749279121818236,-0.2225209339563146,1.0,171.0,151.0,183.0,125.0,26.53135962362709,38.88333333333333,8.9523213733095
Islamabad,2026-06-27 14:00:00+00:00,32.7,50,999.2,1.46,34.3,44.9,1343.0,69.0,11.4,72.0,163,14,5,6,1,-0.4999999999999997,-0.8660254037844388,0.49999999999999994,-0.8660254037844387,-0.9749279121818236,-0.2225209339563146,-9.0,172.0,164.0,180.0,124.29166666666667,25.192267907411786,38.420833333333334,8.88750853563664
Islamabad,2026-06-27 15:00:00+00:00,31.1,55,999.3,0.93,44.4,55.1,1677.0,93.3,12.2,35.0,142,15,5,6,1,-0.7071067811865471,-0.7071067811865479,0.49999999999999994,-0.8660254037844387,-0.9749279121818236,-0.2225209339563146,-21.0,163.0,171.0,166.0,123.29166666666667,23.908301572005083,38.03333333333333,8.380654050779103
Islamabad,2026-06-27 16:00:00+00:00,30.8,55,1000.0,0.86,48.5,58.3,1778.0,97.0,11.9,22.0,108,16,5,6,1,-0.8660254037844385,-0.5000000000000004,0.49999999999999994,-0.8660254037844387,-0.9749279121818236,-0.2225209339563146,-34.0,142.0,172.0,141.0,121.91666666666667,23.79425701018288,37.725,7.811543854533749
Islamabad,2026-06-27 17:00:00+00:00,29.9,57,1000.4,0.81,48.7,56.2,1744.0,89.6,11.1,23.0,106,17,5,6,1,-0.9659258262890683,-0.25881904510252063,0.49999999999999994,-0.8660254037844387,-0.9749279121818236,-0.2225209339563146,-2.0,108.0,163.0,111.0,121.70833333333333,23.915574635473387,37.541666666666664,7.47959058788103
Islamabad,2026-06-27 18:00:00+00:00,30.0,57,1000.2,0.7,46.9,53.6,1604.0,79.2,10.1,27.0,105,18,5,6,1,-1.0,-1.8369701987210297e-16,0.49999999999999994,-0.8660254037844387,-0.9749279121818236,-0.2225209339563146,-1.0,106.0,142.0,112.0,121.41666666666667,24.081233296935185,37.425,7.301414395438235
Islamabad,2026-06-27 19:00:00+00:00,28.9,59,1000.5,1.22,44.0,50.1,1304.0,66.7,9.0,34.0,105,19,5,6,1,-0.9659258262890684,0.2588190451025203,0.49999999999999994,-0.8660254037844387,-0.9749279121818236,-0.2225209339563146,0.0,105.0,108.0,111.0,121.16666666666667,24.2247926659882,37.37916666666666,7.2544426667936905
Islamabad,2026-06-27 20:00:00+00:00,28.2,63,1000.4,1.49,40.4,45.9,899.0,51.1,7.8,45.0,105,20,5,6,1,-0.8660254037844386,0.5000000000000001,0.49999999999999994,-0.8660254037844387,-0.9749279121818236,-0.2225209339563146,0.0,105.0,106.0,110.0,120.95833333333333,24.346197215182304,37.40833333333333,7.2655779665767435
Islamabad,2026-06-27 21:00:00+00:00,28.0,64,1000.2,1.93,36.2,41.2,589.0,38.0,6.9,55.0,105,21,5,6,1,-0.7071067811865477,0.7071067811865474,0.49999999999999994,-0.8660254037844387,-0.9749279121818236,-0.2225209339563146,0.0,105.0,105.0,109.0,120.79166666666667,24.44511005900919,37.458333333333336,7.2524009018103355
Islamabad,2026-06-27 22:00:00+00:00,27.8,65,1000.5,1.43,32.4,36.6,464.0,29.5,6.3,61.0,105,22,5,6,1,-0.5000000000000004,0.8660254037844384,0.49999999999999994,-0.8660254037844387,-0.9749279121818236,-0.2225209339563146,0.0,105.0,105.0,109.0,120.625,24.54244327158772,37.47083333333333,7.243016376612974
Islamabad,2026-06-27 23:00:00+00:00,27.5,68,1000.6,1.11,29.6,33.5,434.0,23.5,5.9,66.0,105,23,5,6,1,-0.25881904510252157,0.9659258262890681,0.49999999999999994,-0.8660254037844387,-0.9749279121818236,-0.2225209339563146,0.0,105.0,105.0,108.0,120.5,24.61706725018175,37.4375,7.278724954037033
Islamabad,2026-06-28 00:00:00+00:00,27.8,62,1000.4,1.45,29.3,32.7,428.0,22.0,5.7,66.0,105,0,6,6,1,0.0,1.0,0.49999999999999994,-0.8660254037844387,-0.7818314824680299,0.6234898018587334,0.0,105.0,105.0,107.0,120.41666666666667,24.66808652396035,37.45,7.263847345647431
Islamabad,2026-06-28 01:00:00+00:00,28.2,62,1000.3,1.81,28.8,32.7,434.0,18.4,7.1,89.0,105,1,6,6,1,0.25881904510252074,0.9659258262890683,0.49999999999999994,-0.8660254037844387,-0.7818314824680299,0.6234898018587334,0.0,105.0,105.0,106.0,120.375,24.694326931679406,37.4625,7.248016970178785
Islamabad,2026-06-28 02:00:00+00:00,30.1,59,1000.6,1.54,30.0,35.6,464.0,13.4,9.1,120.0,105,2,6,6,1,0.49999999999999994,0.8660254037844387,0.49999999999999994,-0.8660254037844387,-0.7818314824680299,0.6234898018587334,0.0,105.0,105.0,105.0,120.375,24.694326931679406,37.47083333333333,7.2389333328261225
Islamabad,2026-06-28 03:00:00+00:00,32.1,51,1000.9,1.04,32.7,45.6,480.0,9.1,10.7,146.0,105,3,6,6,1,0.7071067811865476,0.7071067811865476,0.49999999999999994,-0.8660254037844387,-0.7818314824680299,0.6234898018587334,0.0,105.0,105.0,105.0,120.375,24.694326931679406,37.40833333333334,7.274787710434149
Islamabad,2026-06-28 04:00:00+00:00,33.3,49,1001.1,2.32,36.0,52.5,463.0,6.4,11.6,159.0,105,4,6,6,1,0.8660254037844386,0.5000000000000001,0.49999999999999994,-0.8660254037844387,-0.7818314824680299,0.6234898018587334,0.0,105.0,105.0,105.0,120.375,24.694326931679406,37.25,7.261811966959619
Islamabad,2026-06-28 05:00:00+00:00,34.2,47,1001.1,2.59,36.2,53.3,431.0,4.5,12.1,167.0,104,5,6,6,1,0.9659258262890683,0.25881904510252074,0.49999999999999994,-0.8660254037844387,-0.7818314824680299,0.6234898018587334,-1.0,105.0,105.0,106.0,120.29166666666667,24.748261540466505,37.020833333333336,7.201810108617096
Islamabad,2026-06-28 06:00:00+00:00,35.0,45,1000.9,2.04,34.6,51.9,404.0,3.2,12.2,171.0,104,6,6,6,1,1.0,6.123233995736766e-17,0.49999999999999994,-0.8660254037844387,-0.7818314824680299,0.6234898018587334,0.0,104.0,105.0,107.0,120.16666666666667,24.825769687558154,36.6875,7.116992067366396
Islamabad,2026-06-28 07:00:00+00:00,35.8,42,1000.1,1.94,32.8,50.2,385.0,2.5,11.6,172.0,103,7,6,6,1,0.9659258262890683,-0.25881904510252063,0.49999999999999994,-0.8660254037844387,-0.7818314824680299,0.6234898018587334,-1.0,104.0,105.0,108.0,119.95833333333333,24.952962996782805,36.30416666666667,7.065991986524107
Islamabad,2026-06-28 08:00:00+00:00,36.7,39,999.5,1.98,30.9,47.4,371.0,2.5,10.7,170.0,102,8,6,6,1,0.8660254037844387,-0.4999999999999998,0.49999999999999994,-0.8660254037844387,-0.7818314824680299,0.6234898018587334,-1.0,103.0,104.0,109.0,119.66666666666667,25.126924181852246,35.875,7.068500240657394
Islamabad,2026-06-28 09:00:00+00:00,37.4,37,998.4,2.1,29.3,44.9,363.0,2.7,9.9,168.0,120,9,6,6,1,0.7071067811865476,-0.7071067811865475,0.49999999999999994,-0.8660254037844387,-0.7818314824680299,0.6234898018587334,18.0,102.0,104.0,127.0,119.375,25.07868053529284,35.420833333333334,7.1284475513784455
Islamabad,2026-06-28 10:00:00+00:00,37.8,36,997.5,2.28,28.2,43.1,347.0,2.3,9.6,168.0,137,10,6,6,1,0.49999999999999994,-0.8660254037844387,0.49999999999999994,-0.8660254037844387,-0.7818314824680299,0.6234898018587334,17.0,120.0,103.0,151.0,118.79166666666667,24.466444041951476,34.979166666666664,7.237521745355417
Islamabad,2026-06-28 11:00:00+00:00,37.6,34,996.9,2.53,27.2,41.8,338.0,2.2,9.5,166.0,147,11,6,6,1,0.258819045102521,-0.9659258262890682,0.49999999999999994,-0.8660254037844387,-0.7818314824680299,0.6234898018587334,10.0,137.0,102.0,164.0,118.08333333333333,23.319923682972945,34.55,7.385414533124511
Islamabad,2026-06-28 12:00:00+00:00,37.0,35,996.5,3.09,26.5,41.2,386.0,5.1,9.6,159.0,151,12,6,6,1,1.2246467991473532e-16,-1.0,0.49999999999999994,-0.8660254037844387,-0.7818314824680299,0.6234898018587334,4.0,147.0,120.0,171.0,117.25,21.64385644332135,34.65833333333333,7.240040635645416
Islamabad,2026-06-28 13:00:00+00:00,35.6,39,996.6,3.46,26.0,40.9,547.0,13.9,9.9,140.0,151,13,6,6,1,-0.2588190451025208,-0.9659258262890683,0.49999999999999994,-0.8660254037844387,-0.7818314824680299,0.6234898018587334,0.0,151.0,137.0,172.0,116.375,19.668585634700282,34.74583333333333,7.1159941813077365
Islamabad,2026-06-28 14:00:00+00:00,33.4,50,996.9,1.25,32.4,45.4,764.0,25.7,10.4,114.0,146,14,6,6,1,-0.4999999999999997,-0.8660254037844388,0.49999999999999994,-0.8660254037844387,-0.7818314824680299,0.6234898018587334,-5.0,151.0,147.0,163.0,115.66666666666667,18.165104307234987,34.666666666666664,7.131721340276981
Islamabad,2026-06-28 15:00:00+00:00,32.7,51,997.3,0.39,36.2,48.4,918.0,34.9,10.7,93.0,134,15,6,6,1,-0.7071067811865471,-0.7071067811865479,0.49999999999999994,-0.8660254037844387,-0.7818314824680299,0.6234898018587334,-12.0,146.0,151.0,142.0,115.33333333333333,17.729039471434536,34.324999999999996,6.835409723414999
Islamabad,2026-06-28 16:00:00+00:00,31.3,53,998.0,0.99,38.3,50.9,963.0,39.5,10.7,80.0,117,16,6,6,1,-0.8660254037844385,-0.5000000000000004,0.49999999999999994,-0.8660254037844387,-0.7818314824680299,0.6234898018587334,-17.0,134.0,151.0,108.0,115.70833333333333,17.662239669557795,33.9,6.203645492071913
Islamabad,2026-06-28 17:00:00+00:00,30.1,57,998.3,0.86,41.8,55.8,946.0,41.5,10.4,71.0,98,17,6,6,1,-0.9659258262890683,-0.25881904510252063,0.49999999999999994,-0.8660254037844387,-0.7818314824680299,0.6234898018587334,-19.0,117.0,146.0,106.0,115.375,17.926935041996824,33.612500000000004,5.620406336850047
Islamabad,2026-06-28 18:00:00+00:00,30.3,59,998.2,1.08,45.9,60.5,882.0,41.6,10.0,64.0,96,18,6,6,1,-1.0,-1.8369701987210297e-16,0.49999999999999994,-0.8660254037844387,-0.7818314824680299,0.6234898018587334,-2.0,98.0,134.0,105.0,115.0,18.244713349827265,33.57083333333333,5.520434699854907
Islamabad,2026-06-28 19:00:00+00:00,29.5,61,998.1,1.29,47.8,61.7,749.0,39.4,9.2,59.0,96,19,6,6,1,-0.9659258262890684,0.2588190451025203,0.49999999999999994,-0.8660254037844387,-0.7818314824680299,0.6234898018587334,0.0,96.0,117.0,105.0,114.625,18.5491415481657,33.729166666666664,5.875629784314074
Islamabad,2026-06-28 20:00:00+00:00,29.2,61,997.9,1.42,46.3,57.7,571.0,35.4,8.1,55.0,97,20,6,6,1,-0.8660254037844386,0.5000000000000001,0.49999999999999994,-0.8660254037844387,-0.7818314824680299,0.6234898018587334,1.0,96.0,98.0,105.0,114.29166666666667,18.79981305796595,33.975,6.276612905478336
Islamabad,2026-06-28 21:00:00+00:00,28.9,61,997.9,1.27,43.0,52.0,433.0,31.0,7.3,55.0,97,21,6,6,1,-0.7071067811865477,0.7071067811865474,0.49999999999999994,-0.8660254037844387,-0.7818314824680299,0.6234898018587334,0.0,97.0,96.0,105.0,113.95833333333333,19.04109780966097,34.25833333333333,6.529792370802987
Islamabad,2026-06-28 22:00:00+00:00,28.4,63,998.1,1.06,39.8,47.4,367.0,26.5,6.8,57.0,98,22,6,6,1,-0.5000000000000004,0.8660254037844384,0.49999999999999994,-0.8660254037844387,-0.7818314824680299,0.6234898018587334,1.0,97.0,96.0,105.0,113.66666666666667,19.236890887419083,34.56666666666667,6.6124169538085145
Islamabad,2026-06-28 23:00:00+00:00,28.1,64,998.2,1.02,37.5,44.2,342.0,21.7,6.5,63.0,98,23,6,6,1,-0.25881904510252157,0.9659258262890681,0.49999999999999994,-0.8660254037844387,-0.7818314824680299,0.6234898018587334,0.0,98.0,97.0,105.0,113.375,19.42614218006176,34.895833333333336,6.550770227973953
Islamabad,2026-06-29 00:00:00+00:00,28.1,64,997.6,0.87,39.3,48.5,353.0,19.4,6.0,61.0,99,0,0,6,0,0.0,1.0,0.49999999999999994,-0.8660254037844387,0.0,1.0,1.0,98.0,97.0,105.0,113.125,19.57663314304495,35.31249999999999,6.497177480828968
Islamabad,2026-06-29 01:00:00+00:00,28.7,62,997.7,1.12,39.2,48.3,426.0,17.5,7.5,83.0,100,1,0,6,0,0.25881904510252074,0.9659258262890683,0.49999999999999994,-0.8660254037844387,0.0,1.0,1.0,99.0,98.0,105.0,112.91666666666667,19.6931165786344,35.74583333333333,6.389868282419161
Islamabad,2026-06-29 02:00:00+00:00,30.5,57,997.9,1.17,40.4,52.2,535.0,14.7,9.7,114.0,101,2,0,6,0,0.49999999999999994,0.8660254037844387,0.49999999999999994,-0.8660254037844387,0.0,1.0,1.0,100.0,98.0,105.0,112.75,19.779765681998295,36.17916666666667,6.3356808197126755
Islamabad,2026-06-29 03:00:00+00:00,32.7,49,998.3,0.87,41.2,58.1,595.0,12.0,11.4,141.0,102,3,0,6,0,0.7071067811865476,0.7071067811865476,0.49999999999999994,-0.8660254037844387,0.0,1.0,1.0,101.0,99.0,105.0,112.625,19.84025880791862,36.53333333333333,6.370220572706037
Islamabad,2026-06-29 04:00:00+00:00,34.1,47,998.5,2.09,40.6,58.1,553.0,9.3,12.4,160.0,103,4,0,6,0,0.8660254037844386,0.5000000000000001,0.49999999999999994,-0.8660254037844387,0.0,1.0,1.0,102.0,100.0,105.0,112.54166666666667,19.877842518452066,36.725,6.422463972515575
Islamabad,2026-06-29 05:00:00+00:00,35.2,45,998.3,2.51,39.3,56.6,461.0,6.5,13.0,175.0,103,5,0,6,0,0.9659258262890683,0.25881904510252074,0.49999999999999994,-0.8660254037844387,0.0,1.0,0.0,103.0,101.0,104.0,112.5,19.89756375736075,36.854166666666664,6.442587865586062
Islamabad,2026-06-29 06:00:00+00:00,35.6,46,998.6,3.15,38.2,55.1,392.0,4.5,13.2,186.0,103,6,0,6,0,1.0,6.123233995736766e-17,0.49999999999999994,-0.8660254037844387,0.0,1.0,0.0,103.0,102.0,104.0,112.45833333333333,19.91717451295954,37.00416666666667,6.429718985452142
Islamabad,2026-06-29 07:00:00+00:00,35.6,47,998.6,3.0,38.5,55.6,376.0,3.6,12.7,191.0,104,7,0,6,0,0.9659258262890683,-0.25881904510252063,0.49999999999999994,-0.8660254037844387,0.0,1.0,1.0,103.0,103.0,103.0,112.5,19.89756375736075,37.24166666666667,6.372694240590681
Islamabad,2026-06-29 08:00:00+00:00,36.0,46,998.0,2.44,37.1,53.2,383.0,3.4,11.8,191.0,104,8,0,6,0,0.8660254037844387,-0.4999999999999998,0.49999999999999994,-0.8660254037844387,0.0,1.0,0.0,104.0,103.0,102.0,112.58333333333333,19.855820889310543,37.5,6.228475980806052
Islamabad,2026-06-29 09:00:00+00:00,36.3,45,997.4,2.21,34.9,50.1,396.0,3.7,11.1,189.0,130,9,0,6,0,0.7071067811865476,-0.7071067811865475,0.49999999999999994,-0.8660254037844387,0.0,1.0,26.0,104.0,103.0,120.0,113.0,20.12137085830302,37.733333333333334,6.008954670480025
Islamabad,2026-06-29 10:00:00+00:00,36.5,44,997.0,2.33,33.3,48.0,367.0,3.5,10.8,188.0,152,10,0,6,0,0.49999999999999994,-0.8660254037844387,0.49999999999999994,-0.8660254037844387,0.0,1.0,22.0,130.0,104.0,137.0,113.625,21.10802958694754,37.94583333333333,5.741381379505039
Islamabad,2026-06-29 11:00:00+00:00,36.1,44,996.3,2.37,32.7,47.3,344.0,3.8,10.8,184.0,164,11,0,6,0,0.258819045102521,-0.9659258262890682,0.49999999999999994,-0.8660254037844387,0.0,1.0,12.0,152.0,104.0,147.0,114.33333333333333,22.515051326431795,38.175000000000004,5.393010774826148
Islamabad,2026-06-29 12:00:00+00:00,36.5,44,995.9,2.8,38.1,52.4,448.0,7.6,10.7,177.0,171,12,0,6,0,1.2246467991473532e-16,-1.0,0.49999999999999994,-0.8660254037844387,0.0,1.0,7.0,164.0,130.0,151.0,115.16666666666667,24.23555897520322,38.65833333333333,4.786931182388896
Islamabad,2026-06-29 13:00:00+00:00,35.6,47,995.8,2.27,38.5,51.7,816.0,13.8,10.6,158.0,174,13,0,6,0,-0.2588190451025208,-0.9659258262890683,0.49999999999999994,-0.8660254037844387,0.0,1.0,3.0,171.0,152.0,151.0,116.125,26.0973303648838,39.17916666666667,3.9580385092340014
Islamabad,2026-06-29 14:00:00+00:00,34.2,53,995.8,1.7,41.3,51.0,1312.0,22.5,10.3,132.0,171,14,0,6,0,-0.4999999999999997,-0.8660254037844388,0.49999999999999994,-0.8660254037844387,0.0,1.0,-3.0,174.0,164.0,146.0,117.16666666666667,27.78593117054861,39.550000000000004,3.7040518354903726
Islamabad,2026-06-29 15:00:00+00:00,32.8,59,996.2,1.2,43.5,53.1,1646.0,29.7,10.1,109.0,162,15,0,6,0,-0.7071067811865471,-0.7071067811865479,0.49999999999999994,-0.8660254037844387,0.0,1.0,-9.0,171.0,171.0,134.0,118.33333333333333,29.081096006297766,39.854166666666664,3.716704848052348
Islamabad,2026-06-29 16:00:00+00:00,31.7,65,996.8,0.56,45.2,55.4,1694.0,34.4,9.9,93.0,149,16,0,6,0,-0.8660254037844385,-0.5000000000000004,0.49999999999999994,-0.8660254037844387,0.0,1.0,-13.0,162.0,174.0,117.0,119.66666666666667,29.743346594938465,40.14166666666667,3.8555343245179157
Islamabad,2026-06-29 17:00:00+00:00,30.8,66,997.4,0.74,47.7,58.4,1579.0,37.6,9.6,81.0,128,17,0,6,0,-0.9659258262890683,-0.25881904510252063,0.49999999999999994,-0.8660254037844387,0.0,1.0,-21.0,149.0,171.0,98.0,120.91666666666667,29.421844393854748,40.387499999999996,4.143230466152198
Islamabad,2026-06-29 18:00:00+00:00,31.5,63,997.0,1.15,50.2,61.0,1387.0,38.4,9.3,73.0,112,18,0,6,0,-1.0,-1.8369701987210297e-16,0.49999999999999994,-0.8660254037844387,0.0,1.0,-16.0,128.0,162.0,96.0,121.58333333333333,29.01111730933853,40.56666666666667,4.471909101769884
Islamabad,2026-06-29 19:00:00+00:00,30.8,62,997.0,1.25,51.2,62.2,1086.0,35.8,8.8,70.0,113,19,0,6,0,-0.9659258262890684,0.2588190451025203,0.49999999999999994,-0.8660254037844387,0.0,1.0,1.0,112.0,149.0,96.0,122.29166666666667,28.563398845780906,40.708333333333336,4.755858324823888
Islamabad,2026-06-29 20:00:00+00:00,30.2,64,997.2,0.97,50.6,61.5,707.0,30.8,8.2,72.0,113,20,0,6,0,-0.8660254037844386,0.5000000000000001,0.49999999999999994,-0.8660254037844387,0.0,1.0,0.0,113.0,128.0,97.0,122.95833333333333,28.130872977792972,40.887499999999996,5.04771256847224
Islamabad,2026-06-29 21:00:00+00:00,29.7,67,997.2,0.93,49.5,60.1,428.0,26.1,7.8,75.0,113,21,0,6,0,-0.7071067811865477,0.7071067811865474,0.49999999999999994,-0.8660254037844387,0.0,1.0,0.0,113.0,112.0,97.0,123.625,27.67483945988492,41.15833333333333,5.332339128347868
Islamabad,2026-06-29 22:00:00+00:00,29.3,70,997.5,0.69,48.4,59.1,335.0,22.4,7.5,78.0,114,22,0,6,0,-0.5000000000000004,0.8660254037844384,0.49999999999999994,-0.8660254037844387,0.0,1.0,1.0,113.0,113.0,98.0,124.29166666666667,27.219684639687255,41.516666666666666,5.522654266286009
Islamabad,2026-06-29 23:00:00+00:00,29.0,71,997.7,0.83,47.5,58.8,342.0,18.9,7.2,83.0,115,23,0,6,0,-0.25881904510252157,0.9659258262890681,0.49999999999999994,-0.8660254037844387,0.0,1.0,1.0,114.0,113.0,98.0,125.0,26.722405515254557,41.93333333333333,5.5833344148819615
Islamabad,2026-06-30 00:00:00+00:00,29.4,75,997.7,1.49,48.4,59.5,368.0,20.6,7.9,79.0,116,0,1,6,0,0.0,1.0,0.49999999999999994,-0.8660254037844387,0.7818314824680298,0.6234898018587336,1.0,115.0,113.0,99.0,125.70833333333333,26.223917338560955,42.31250000000001,5.704408097176246
Islamabad,2026-06-30 01:00:00+00:00,29.8,74,997.9,1.82,47.8,58.1,398.0,18.1,9.5,99.0,117,1,1,6,0,0.25881904510252074,0.9659258262890683,0.49999999999999994,-0.8660254037844387,0.7818314824680298,0.6234898018587336,1.0,116.0,114.0,100.0,126.41666666666667,25.724149821868522,42.67083333333333,5.770123890363567
Islamabad,2026-06-30 02:00:00+00:00,31.5,67,998.1,1.46,48.0,65.2,445.0,14.6,11.7,126.0,118,2,1,6,0,0.49999999999999994,0.8660254037844387,0.49999999999999994,-0.8660254037844387,0.7818314824680298,0.6234898018587336,1.0,117.0,115.0,101.0,127.125,25.22302691899782,42.987500000000004,5.8480998400446165
Islamabad,2026-06-30 03:00:00+00:00,32.5,63,998.4,2.05,48.5,71.2,474.0,11.4,13.5,150.0,119,3,1,6,0,0.7071067811865476,0.7071067811865476,0.49999999999999994,-0.8660254037844387,0.7818314824680298,0.6234898018587336,1.0,118.0,116.0,102.0,127.83333333333333,24.720466202629126,43.291666666666664,5.940203236653864
Islamabad,2026-06-30 04:00:00+00:00,33.4,60,998.3,2.21,48.3,74.7,463.0,8.8,14.7,168.0,119,4,1,6,0,0.8660254037844386,0.5000000000000001,0.49999999999999994,-0.8660254037844387,0.7818314824680298,0.6234898018587336,0.0,119.0,117.0,103.0,128.5,24.232568813568115,43.612500000000004,5.996180849724939
Islamabad,2026-06-30 05:00:00+00:00,34.7,55,998.2,2.37,49.1,77.5,432.0,6.4,15.5,182.0,120,5,1,6,0,0.9659258262890683,0.25881904510252074,0.49999999999999994,-0.8660254037844387,0.7818314824680298,0.6234898018587336,1.0,119.0,118.0,103.0,129.20833333333334,23.697329085723293,44.020833333333336,6.023358817908388
Islamabad,2026-06-30 06:00:00+00:00,35.8,50,998.6,3.42,49.9,78.5,405.0,4.7,15.7,190.0,121,6,1,6,0,1.0,6.123233995736766e-17,0.49999999999999994,-0.8660254037844387,0.7818314824680298,0.6234898018587336,1.0,120.0,119.0,103.0,129.95833333333334,23.10934154550129,44.50833333333333,6.005209091437483
Islamabad,2026-06-30 07:00:00+00:00,36.1,49,998.5,3.42,49.5,75.7,388.0,3.8,14.8,190.0,123,7,1,6,0,0.9659258262890683,-0.25881904510252063,0.49999999999999994,-0.8660254037844387,0.7818314824680298,0.6234898018587336,2.0,121.0,119.0,104.0,130.75,22.498792238115314,44.96666666666667,5.946183771905699
Islamabad,2026-06-30 08:00:00+00:00,36.7,47,998.0,3.18,55.8,82.7,375.0,3.6,13.2,185.0,124,8,1,6,0,0.8660254037844387,-0.4999999999999998,0.49999999999999994,-0.8660254037844387,0.7818314824680298,0.6234898018587336,1.0,123.0,120.0,104.0,131.58333333333334,21.82522805631385,45.74583333333334,6.093901382363379
Islamabad,2026-06-30 09:00:00+00:00,36.7,46,997.5,3.11,46.1,67.1,370.0,4.1,11.9,179.0,141,9,1,6,0,0.7071067811865476,-0.7071067811865475,0.49999999999999994,-0.8660254037844387,0.7818314824680298,0.6234898018587336,17.0,124.0,121.0,130.0,132.04166666666666,21.905883995473737,46.2125,5.6390958649336955
Islamabad,2026-06-30 10:00:00+00:00,35.0,54,997.8,1.99,43.5,62.2,384.0,5.3,11.2,173.0,156,10,1,6,0,0.49999999999999994,-0.8660254037844387,0.49999999999999994,-0.8660254037844387,0.7818314824680298,0.6234898018587336,15.0,141.0,123.0,152.0,132.20833333333334,22.078868840484702,46.637499999999996,4.968055563996417
Islamabad,2026-06-30 11:00:00+00:00,35.4,51,997.2,1.9,45.2,64.0,406.0,7.2,10.7,167.0,163,11,1,6,0,0.258819045102521,-0.9659258262890682,0.49999999999999994,-0.8660254037844387,0.7818314824680298,0.6234898018587336,7.0,156.0,124.0,164.0,132.16666666666666,22.017121137614012,47.15833333333333,4.005313499825361
Islamabad,2026-06-30 12:00:00+00:00,35.9,47,996.6,3.82,44.5,62.2,412.0,8.2,10.6,169.0,166,12,1,6,0,1.2246467991473532e-16,-1.0,0.49999999999999994,-0.8660254037844387,0.7818314824680298,0.6234898018587336,3.0,163.0,141.0,171.0,131.95833333333334,21.654358265347465,47.425000000000004,3.5648342848244834
Islamabad,2026-06-30 13:00:00+00:00,34.0,54,996.5,2.46,51.5,70.3,369.0,10.2,10.5,160.0,166,13,1,6,0,-0.2588190451025208,-0.9659258262890683,0.49999999999999994,-0.8660254037844387,0.7818314824680298,0.6234898018587336,0.0,166.0,156.0,174.0,131.625,21.031679004280537,47.96666666666667,3.108147311525651
Islamabad,2026-06-30 14:00:00+00:00,32.9,56,996.8,2.42,58.0,76.8,310.0,13.2,10.2,147.0,163,14,1,6,0,-0.4999999999999997,-0.8660254037844388,0.49999999999999994,-0.8660254037844387,0.7818314824680298,0.6234898018587336,-3.0,166.0,163.0,171.0,131.29166666666666,20.43543207416803,48.6625,3.405853337494281
Islamabad,2026-06-30 15:00:00+00:00,32.1,63,997.1,0.84,57.0,73.8,307.0,16.3,9.9,133.0,156,15,1,6,0,-0.7071067811865471,-0.7071067811865479,0.49999999999999994,-0.8660254037844387,0.7818314824680298,0.6234898018587336,-7.0,163.0,166.0,162.0,131.04166666666666,20.07698047335557,49.225,3.623984115523191
Islamabad,2026-06-30 16:00:00+00:00,31.6,65,998.4,0.8,56.0,69.8,423.0,19.6,9.3,120.0,146,16,1,6,0,-0.8660254037844385,-0.5000000000000004,0.49999999999999994,-0.8660254037844387,0.7818314824680298,0.6234898018587336,-10.0,156.0,166.0,149.0,130.91666666666666,19.969360588631908,49.675000000000004,3.7700478603811387
Islamabad,2026-06-30 17:00:00+00:00,30.9,66,999.3,1.0,54.1,68.2,594.0,23.1,8.6,106.0,135,17,1,6,0,-0.9659258262890683,-0.25881904510252063,0.49999999999999994,-0.8660254037844387,0.7818314824680298,0.6234898018587336,-11.0,146.0,163.0,128.0,131.20833333333334,19.97602729940644,49.94166666666666,3.8497788379916655
Islamabad,2026-06-30 18:00:00+00:00,31.7,64,998.8,1.48,53.4,68.0,709.0,26.1,8.0,93.0,136,18,1,6,0,-1.0,-1.8369701987210297e-16,0.49999999999999994,-0.8660254037844387,0.7818314824680298,0.6234898018587336,1.0,135.0,156.0,112.0,132.20833333333334,19.569228654826734,50.074999999999996,3.9139938459438253
Islamabad,2026-06-30 19:00:00+00:00,30.7,66,998.5,1.42,53.7,67.1,712.0,28.8,7.5,79.0,136,19,1,6,0,-0.9659258262890684,0.2588190451025203,0.49999999999999994,-0.8660254037844387,0.7818314824680298,0.6234898018587336,0.0,136.0,146.0,113.0,133.16666666666666,19.146271442369436,50.17916666666667,3.977980607059832
Islamabad,2026-06-30 20:00:00+00:00,30.2,67,998.5,1.73,52.9,64.0,658.0,31.0,7.0,67.0,137,20,1,6,0,-0.8660254037844386,0.5000000000000001,0.49999999999999994,-0.8660254037844387,0.7818314824680298,0.6234898018587336,1.0,136.0,135.0,113.0,134.16666666666666,18.66796061767733,50.275,4.016081802388672
Islamabad,2026-06-30 21:00:00+00:00,29.7,71,998.5,0.87,50.5,60.5,595.0,31.1,6.6,60.0,137,21,1,6,0,-0.7071067811865477,0.7071067811865474,0.49999999999999994,-0.8660254037844387,0.7818314824680298,0.6234898018587336,0.0,137.0,136.0,113.0,135.16666666666666,18.119570651085336,50.31666666666666,4.012877820940513
Islamabad,2026-06-30 22:00:00+00:00,29.6,69,998.7,1.08,48.4,59.6,523.0,27.6,6.3,62.0,137,22,1,6,0,-0.5000000000000004,0.8660254037844384,0.49999999999999994,-0.8660254037844387,0.7818314824680298,0.6234898018587336,0.0,137.0,136.0,114.0,136.125,17.550702946406616,50.31666666666666,4.012877820940513
Islamabad,2026-06-30 23:00:00+00:00,26.5,81,999.7,3.18,48.2,62.4,443.0,22.1,6.0,70.0,137,23,1,6,0,-0.25881904510252157,0.9659258262890681,0.49999999999999994,-0.8660254037844387,0.7818314824680298,0.6234898018587336,0.0,137.0,137.0,115.0,137.04166666666666,16.9641031917815,50.34583333333333,3.994014997105122
Islamabad,2026-07-01 00:00:00+00:00,25.7,90,998.6,2.07,35.4,48.3,406.0,7.5,5.7,126.0,137,0,2,7,0,0.0,1.0,1.2246467991473532e-16,-1.0,0.9749279121818236,-0.22252093395631434,0.0,137.0,137.0,116.0,137.91666666666666,16.362514600694254,49.80416666666667,5.0193087317803755
Islamabad,2026-07-01 01:00:00+00:00,26.3,89,999.3,1.25,28.8,37.7,461.0,10.1,6.3,125.0,136,1,2,7,0,0.25881904510252074,0.9659258262890683,1.2246467991473532e-16,-1.0,0.9749279121818236,-0.22252093395631434,-1.0,137.0,137.0,117.0,138.70833333333334,15.75485892384017,49.01250000000001,6.598966486931976
Islamabad,2026-07-01 02:00:00+00:00,27.6,84,999.2,0.47,27.6,41.0,559.0,13.5,7.2,125.0,134,2,2,7,0,0.49999999999999994,0.8660254037844387,1.2246467991473532e-16,-1.0,0.9749279121818236,-0.22252093395631434,-2.0,136.0,137.0,118.0,139.375,15.168080042440243,48.1625,7.917224618019441
Islamabad,2026-07-01 03:00:00+00:00,29.2,72,1000.2,1.48,30.9,50.4,606.0,14.9,8.2,129.0,132,3,2,7,0,0.7071067811865476,0.7071067811865476,1.2246467991473532e-16,-1.0,0.9749279121818236,-0.22252093395631434,-2.0,134.0,137.0,119.0,139.91666666666666,14.631463021341654,47.429166666666674,8.664444043313415
Islamabad,2026-07-01 04:00:00+00:00,28.8,70,1001.3,2.62,42.5,79.4,542.0,12.3,9.4,143.0,130,4,2,7,0,0.8660254037844386,0.5000000000000001,1.2246467991473532e-16,-1.0,0.9749279121818236,-0.22252093395631434,-2.0,132.0,136.0,119.0,140.375,14.110780645830447,47.1875,8.719808160035704
Islamabad,2026-07-01 05:00:00+00:00,30.9,62,1000.8,2.47,47.0,92.4,426.0,7.8,10.7,161.0,129,5,2,7,0,0.9659258262890683,0.25881904510252074,1.2246467991473532e-16,-1.0,0.9749279121818236,-0.22252093395631434,-1.0,130.0,134.0,120.0,140.75,13.65809204321123,47.1,8.710313726691504
Islamabad,2026-07-01 06:00:00+00:00,33.2,54,1000.2,3.33,48.2,96.2,344.0,4.4,11.4,174.0,129,6,2,7,0,1.0,6.123233995736766e-17,1.2246467991473532e-16,-1.0,0.9749279121818236,-0.22252093395631434,0.0,129.0,132.0,121.0,141.08333333333334,13.246547266843303,47.02916666666666,8.693449766380368
Islamabad,2026-07-01 07:00:00+00:00,33.4,55,1000.4,3.5,47.8,97.3,326.0,3.5,11.1,178.0,129,7,2,7,0,0.9659258262890683,-0.25881904510252063,1.2246467991473532e-16,-1.0,0.9749279121818236,-0.22252093395631434,0.0,129.0,130.0,123.0,141.33333333333334,12.943578789655433,46.958333333333336,8.679356651506904
Islamabad,2026-07-01 08:00:00+00:00,30.6,70,1000.8,2.06,47.0,97.3,341.0,3.7,10.2,176.0,129,8,2,7,0,0.8660254037844387,-0.4999999999999998,1.2246467991473532e-16,-1.0,0.9749279121818236,-0.22252093395631434,0.0,129.0,129.0,124.0,141.54166666666666,12.690219330910976,46.59166666666667,8.473021978566711
Islamabad,2026-07-01 09:00:00+00:00,32.0,61,999.7,2.39,46.1,97.6,381.0,4.5,9.5,173.0,128,9,2,7,0,0.7071067811865476,-0.7071067811865475,1.2246467991473532e-16,-1.0,0.9749279121818236,-0.22252093395631434,-1.0,129.0,129.0,141.0,141.0,12.988289039510681,46.59166666666667,8.473021978566711
Islamabad,2026-07-01 10:00:00+00:00,33.0,60,999.0,2.28,48.3,108.5,456.0,5.1,9.6,170.0,134,10,2,7,0,0.49999999999999994,-0.8660254037844387,1.2246467991473532e-16,-1.0,0.9749279121818236,-0.22252093395631434,6.0,128.0,129.0,156.0,140.08333333333334,12.655697004378199,46.791666666666664,8.453500261232966
Islamabad,2026-07-01 11:00:00+00:00,32.1,63,998.7,2.78,44.2,95.2,555.0,6.1,9.9,164.0,144,11,2,7,0,0.258819045102521,-0.9659258262890682,1.2246467991473532e-16,-1.0,0.9749279121818236,-0.22252093395631434,10.0,134.0,129.0,163.0,139.29166666666666,11.71947159613925,46.75,8.464144323582506
Islamabad,2026-07-01 12:00:00+00:00,30.3,62,999.1,3.5,59.8,145.3,641.0,10.2,10.0,153.0,151,12,2,7,0,1.2246467991473532e-16,-1.0,1.2246467991473532e-16,-1.0,0.9749279121818236,-0.22252093395631434,7.0,144.0,128.0,166.0,138.66666666666666,10.57752607990053,47.387499999999996,8.854491000027295
Islamabad,2026-07-01 13:00:00+00:00,27.1,85,999.6,2.79,63.6,154.6,699.0,13.6,10.2,141.0,153,13,2,7,0,-0.2588190451025208,-0.9659258262890683,1.2246467991473532e-16,-1.0,0.9749279121818236,-0.22252093395631434,2.0,151.0,134.0,166.0,138.125,9.382279782281335,47.89166666666667,9.424939933687766
Islamabad,2026-07-01 14:00:00+00:00,27.8,80,1000.1,2.38,65.4,156.0,744.0,18.2,10.5,125.0,149,14,2,7,0,-0.4999999999999997,-0.8660254037844388,1.2246467991473532e-16,-1.0,0.9749279121818236,-0.22252093395631434,-4.0,153.0,144.0,163.0,137.54166666666666,8.118573266530266,48.199999999999996,9.880063368921892
Islamabad,2026-07-01 15:00:00+00:00,27.5,77,1000.5,2.88,60.1,122.5,780.0,22.1,10.4,111.0,139,15,2,7,0,-0.7071067811865471,-0.7071067811865479,1.2246467991473532e-16,-1.0,0.9749279121818236,-0.22252093395631434,-10.0,149.0,151.0,156.0,136.83333333333334,7.1180521680182265,48.32916666666667,10.019393332613625
Islamabad,2026-07-01 16:00:00+00:00,27.8,71,1000.5,2.03,50.3,91.5,817.0,24.7,9.7,101.0,132,16,2,7,0,-0.8660254037844385,-0.5000000000000004,1.2246467991473532e-16,-1.0,0.9749279121818236,-0.22252093395631434,-7.0,139.0,153.0,146.0,136.25,6.904629826677234,48.09166666666667,9.896460353895783
Islamabad,2026-07-01 17:00:00+00:00,27.5,71,1001.5,1.52,48.4,86.8,845.0,26.4,8.7,94.0,131,17,2,7,0,-0.9659258262890683,-0.25881904510252063,1.2246467991473532e-16,-1.0,0.9749279121818236,-0.22252093395631434,-1.0,132.0,149.0,135.0,136.08333333333334,6.983936019094341,47.854166666666664,9.814052886446566
Islamabad,2026-07-01 18:00:00+00:00,24.9,90,1002.0,1.63,48.7,85.7,834.0,26.6,7.6,89.0,131,18,2,7,0,-1.0,-1.8369701987210297e-16,1.2246467991473532e-16,-1.0,0.9749279121818236,-0.22252093395631434,0.0,131.0,139.0,136.0,135.875,7.060684164408438,47.65833333333333,9.745229230429747
Islamabad,2026-07-01 19:00:00+00:00,25.1,91,1001.2,0.25,47.7,81.5,758.0,24.4,6.4,88.0,130,19,2,7,0,-0.9659258262890684,0.2588190451025203,1.2246467991473532e-16,-1.0,0.9749279121818236,-0.22252093395631434,-1.0,131.0,132.0,136.0,135.625,7.161567110501994,47.40833333333333,9.660088966493987
Islamabad,2026-07-01 20:00:00+00:00,25.1,93,1001.2,0.46,39.9,62.4,644.0,20.7,5.2,89.0,130,20,2,7,0,-0.8660254037844386,0.5000000000000001,1.2246467991473532e-16,-1.0,0.9749279121818236,-0.22252093395631434,0.0,130.0,131.0,137.0,135.33333333333334,7.245188308329301,46.866666666666674,9.703144567239674
Islamabad,2026-07-01 21:00:00+00:00,25.2,94,1000.8,0.67,32.1,44.5,543.0,17.2,4.3,92.0,128,21,2,7,0,-0.7071067811865477,0.7071067811865474,1.2246467991473532e-16,-1.0,0.9749279121818236,-0.22252093395631434,-2.0,130.0,131.0,137.0,134.95833333333334,7.386704664264361,46.1,10.121479527523935
Islamabad,2026-07-01 22:00:00+00:00,25.3,91,1001.3,1.22,32.5,43.1,465.0,14.0,3.7,96.0,127,22,2,7,0,-0.5000000000000004,0.8660254037844384,1.2246467991473532e-16,-1.0,0.9749279121818236,-0.22252093395631434,-1.0,128.0,130.0,137.0,134.54166666666666,7.546834445308259,45.4375,10.478458752416127
Islamabad,2026-07-01 23:00:00+00:00,25.0,91,1001.7,0.38,29.0,36.7,400.0,11.1,3.4,101.0,125,23,2,7,0,-0.25881904510252157,0.9659258262890681,1.2246467991473532e-16,-1.0,0.9749279121818236,-0.22252093395631434,-2.0,127.0,130.0,137.0,134.04166666666666,7.771067671407011,44.637499999999996,10.979340777708044
Islamabad,2026-07-02 00:00:00+00:00,25.9,85,1001.5,0.76,43.2,55.6,367.0,27.8,7.5,59.0,123,0,3,7,0,0.0,1.0,1.2246467991473532e-16,-1.0,0.43388373911755823,-0.900968867902419,-2.0,125.0,128.0,137.0,133.45833333333334,8.059448501286667,44.962500000000006,10.808121443175681
Islamabad,2026-07-02 01:00:00+00:00,25.1,87,1002.8,1.46,48.3,60.3,392.0,26.6,8.8,67.0,124,1,3,7,0,0.25881904510252074,0.9659258262890683,1.2246467991473532e-16,-1.0,0.43388373911755823,-0.900968867902419,1.0,123.0,127.0,136.0,132.95833333333334,8.264534846671573,45.775,10.259301188168928
Islamabad,2026-07-02 02:00:00+00:00,25.7,76,1003.0,1.21,44.9,62.9,449.0,24.7,10.7,79.0,126,2,3,7,0,0.49999999999999994,0.8660254037844387,1.2246467991473532e-16,-1.0,0.43388373911755823,-0.900968867902419,2.0,124.0,125.0,134.0,132.625,8.381203088898168,46.49583333333334,9.506953023818967
Islamabad,2026-07-02 03:00:00+00:00,26.7,72,1003.3,1.15,47.1,84.8,482.0,22.1,12.9,97.0,127,3,3,7,0,0.7071067811865476,0.7071067811865476,1.2246467991473532e-16,-1.0,0.43388373911755823,-0.900968867902419,1.0,126.0,123.0,132.0,132.41666666666666,8.459194466050404,47.17083333333333,8.907714251613875
Islamabad,2026-07-02 04:00:00+00:00,28.1,68,1003.4,1.74,49.2,91.3,461.0,18.2,15.9,125.0,129,4,3,7,0,0.8660254037844386,0.5000000000000001,1.2246467991473532e-16,-1.0,0.43388373911755823,-0.900968867902419,2.0,127.0,124.0,130.0,132.375,8.474065294099445,47.449999999999996,8.859826281543537
Islamabad,2026-07-02 05:00:00+00:00,29.5,62,1003.2,1.45,47.3,87.5,417.0,13.6,19.1,158.0,130,5,3,7,0,0.9659258262890683,0.25881904510252074,1.2246467991473532e-16,-1.0,0.43388373911755823,-0.900968867902419,1.0,129.0,126.0,129.0,132.41666666666666,8.459194466050404,47.4625,8.859375407369008
Islamabad,2026-07-02 06:00:00+00:00,30.4,55,1003.5,1.66,44.2,79.6,384.0,9.8,20.9,184.0,130,6,3,7,0,1.0,6.123233995736766e-17,1.2246467991473532e-16,-1.0,0.43388373911755823,-0.900968867902419,0.0,130.0,127.0,129.0,132.45833333333334,8.444082912421516,47.29583333333334,8.882492754639939
Islamabad,2026-07-02 07:00:00+00:00,31.7,51,1002.8,2.15,45.3,80.6,376.0,7.3,20.0,197.0,129,7,3,7,0,0.9659258262890683,-0.25881904510252063,1.2246467991473532e-16,-1.0,0.43388373911755823,-0.900968867902419,-1.0,130.0,129.0,129.0,132.45833333333334,8.444082912421516,47.19166666666666,8.890978166299943
Islamabad,2026-07-02 08:00:00+00:00,32.1,51,1001.8,2.17,46.9,84.3,381.0,5.6,17.7,203.0,129,8,3,7,0,0.8660254037844387,-0.4999999999999998,1.2246467991473532e-16,-1.0,0.43388373911755823,-0.900968867902419,0.0,129.0,130.0,129.0,132.45833333333334,8.444082912421516,47.1875,8.89109532549031
Islamabad,2026-07-02 09:00:00+00:00,32.8,50,1001.0,2.58,48.0,87.8,393.0,4.9,15.7,203.0,129,9,3,7,0,0.7071067811865476,-0.7071067811865475,1.2246467991473532e-16,-1.0,0.43388373911755823,-0.900968867902419,0.0,129.0,130.0,128.0,132.5,8.423569417954326,47.26666666666667,8.889449861525675
Islamabad,2026-07-02 10:00:00+00:00,32.6,51,1000.5,2.44,48.8,90.8,411.0,4.1,14.7,199.0,132,10,3,7,0,0.49999999999999994,-0.8660254037844387,1.2246467991473532e-16,-1.0,0.43388373911755823,-0.900968867902419,3.0,129.0,129.0,134.0,132.41666666666666,8.417975934899358,47.2875,8.892562231633658
Islamabad,2026-07-02 11:00:00+00:00,32.6,51,1000.1,2.31,49.5,93.4,437.0,4.2,14.0,190.0,155,11,3,7,0,0.258819045102521,-0.9659258262890682,1.2246467991473532e-16,-1.0,0.43388373911755823,-0.900968867902419,23.0,132.0,129.0,144.0,132.875,9.326505007350752,47.50833333333333,8.878352602117994
Islamabad,2026-07-02 12:00:00+00:00,32.5,51,1000.2,2.24,44.6,85.2,472.0,7.8,9.5,155.0,170,12,3,7,0,1.2246467991473532e-16,-1.0,1.2246467991473532e-16,-1.0,0.43388373911755823,-0.900968867902419,15.0,155.0,129.0,151.0,133.66666666666666,11.48786379152877,46.875,8.497378112253674
Islamabad,2026-07-02 13:00:00+00:00,31.9,53,1000.4,1.73,47.0,97.6,502.0,20.4,9.8,132.0,175,13,3,7,0,-0.2588190451025208,-0.9659258262890683,1.2246467991473532e-16,-1.0,0.43388373911755823,-0.900968867902419,5.0,170.0,132.0,153.0,134.58333333333334,13.7522066740491,46.18333333333333,7.716535980362626
Islamabad,2026-07-02 14:00:00+00:00,31.1,56,1000.6,1.06,52.0,97.1,541.0,37.7,10.1,99.0,171,14,3,7,0,-0.4999999999999997,-0.8660254037844388,1.2246467991473532e-16,-1.0,0.43388373911755823,-0.900968867902419,-4.0,175.0,155.0,149.0,135.5,15.390567410506806,45.625,6.68094304720517
Islamabad,2026-07-02 15:00:00+00:00,30.3,60,1000.9,0.86,58.0,103.1,639.0,50.8,10.2,73.0,157,15,3,7,0,-0.7071067811865471,-0.7071067811865479,1.2246467991473532e-16,-1.0,0.43388373911755823,-0.900968867902419,-14.0,171.0,170.0,139.0,136.25,15.995243858313598,45.537499999999994,6.494265865394939
Islamabad,2026-07-02 16:00:00+00:00,29.6,64,1001.8,0.92,60.5,103.8,888.0,56.0,9.9,60.0,133,16,3,7,0,-0.8660254037844385,-0.5000000000000004,1.2246467991473532e-16,-1.0,0.43388373911755823,-0.900968867902419,-24.0,157.0,175.0,132.0,136.29166666666666,15.984990695530422,45.9625,7.1228238476896575
Islamabad,2026-07-02 17:00:00+00:00,28.9,67,1002.3,0.87,60.1,96.6,1196.0,56.9,9.3,54.0,126,17,3,7,0,-0.9659258262890683,-0.25881904510252063,1.2246467991473532e-16,-1.0,0.43388373911755823,-0.900968867902419,-7.0,133.0,171.0,131.0,136.08333333333334,16.089198825315762,46.449999999999996,7.67582313954434
Islamabad,2026-07-02 18:00:00+00:00,29.2,69,1002.7,0.92,57.9,87.1,1331.0,55.9,8.6,49.0,127,18,3,7,0,-1.0,-1.8369701987210297e-16,1.2246467991473532e-16,-1.0,0.43388373911755823,-0.900968867902419,1.0,126.0,157.0,131.0,135.91666666666666,16.164686865177373,46.833333333333336,8.015293353098873
Islamabad,2026-07-02 19:00:00+00:00,28.0,74,1003.1,0.95,56.0,81.0,1132.0,53.2,7.8,44.0,128,19,3,7,0,-0.9659258262890684,0.2588190451025203,1.2246467991473532e-16,-1.0,0.43388373911755823,-0.900968867902419,1.0,127.0,133.0,130.0,135.83333333333334,16.201628116431724,47.17916666666667,8.230483062935884
Islamabad,2026-07-02 20:00:00+00:00,27.5,78,1003.4,0.49,53.4,75.9,761.0,48.6,7.0,41.0,129,20,3,7,0,-0.8660254037844386,0.5000000000000001,1.2246467991473532e-16,-1.0,0.43388373911755823,-0.900968867902419,1.0,128.0,126.0,130.0,135.79166666666666,16.218559327715553,47.74166666666667,8.172483879067752
Islamabad,2026-07-02 21:00:00+00:00,25.7,83,1004.6,2.92,49.9,70.5,471.0,43.3,6.2,41.0,131,21,3,7,0,-0.7071067811865477,0.7071067811865474,1.2246467991473532e-16,-1.0,0.43388373911755823,-0.900968867902419,2.0,129.0,127.0,128.0,135.91666666666666,16.167376347786828,48.48333333333333,7.468639749656159
Islamabad,2026-07-02 22:00:00+00:00,22.9,96,1005.1,4.01,49.5,70.1,360.0,37.0,5.5,44.0,132,22,3,7,0,-0.5000000000000004,0.8660254037844384,1.2246467991473532e-16,-1.0,0.43388373911755823,-0.900968867902419,1.0,131.0,128.0,127.0,136.125,16.07945624215697,49.19166666666666,6.647910208849591
Islamabad,2026-07-02 23:00:00+00:00,23.8,93,1004.7,1.12,47.5,72.4,331.0,30.1,4.8,49.0,134,23,3,7,0,-0.25881904510252157,0.9659258262890681,1.2246467991473532e-16,-1.0,0.43388373911755823,-0.900968867902419,2.0,132.0,129.0,125.0,136.5,15.91280589036107,49.9625,5.096359527621819
Islamabad,2026-07-03 00:00:00+00:00,23.5,93,1004.9,2.51,27.7,34.5,345.0,19.7,4.4,72.0,136,0,4,7,0,0.0,1.0,1.2246467991473532e-16,-1.0,-0.433883739117558,-0.9009688679024191,2.0,134.0,131.0,123.0,137.04166666666666,15.652417973136256,49.31666666666666,6.715502290558155
Islamabad,2026-07-03 01:00:00+00:00,23.9,93,1003.9,1.68,26.9,32.7,418.0,19.8,6.2,88.0,135,1,4,7,0,0.25881904510252074,0.9659258262890683,1.2246467991473532e-16,-1.0,-0.433883739117558,-0.9009688679024191,-1.0,136.0,132.0,124.0,137.5,15.413150793762638,48.425000000000004,8.128439071502568
Islamabad,2026-07-03 02:00:00+00:00,25.1,84,1004.1,0.25,26.7,34.9,535.0,19.7,8.6,110.0,132,2,4,7,0,0.49999999999999994,0.8660254037844387,1.2246467991473532e-16,-1.0,-0.433883739117558,-0.9009688679024191,-3.0,135.0,134.0,126.0,137.75,15.26647363968725,47.666666666666664,9.24401882613672
Islamabad,2026-07-03 03:00:00+00:00,27.4,68,1004.4,0.52,28.9,49.1,610.0,18.4,10.8,133.0,130,3,4,7,0,0.7071067811865476,0.7071067811865476,1.2246467991473532e-16,-1.0,-0.433883739117558,-0.9009688679024191,-2.0,132.0,136.0,127.0,137.875,15.186700417311808,46.90833333333333,10.007515291961319
Islamabad,2026-07-03 04:00:00+00:00,29.8,58,1004.5,0.1,37.3,77.1,600.0,14.5,12.3,155.0,129,4,4,7,0,0.8660254037844386,0.5000000000000001,1.2246467991473532e-16,-1.0,-0.433883739117558,-0.9009688679024191,-1.0,130.0,135.0,129.0,137.875,15.186700417311808,46.412499999999994,10.182308293010584
Islamabad,2026-07-03 05:00:00+00:00,31.4,55,1004.4,1.16,44.2,96.2,548.0,9.2,13.5,177.0,127,5,4,7,0,0.9659258262890683,0.25881904510252074,1.2246467991473532e-16,-1.0,-0.433883739117558,-0.9009688679024191,-2.0,129.0,132.0,130.0,137.75,15.26647363968725,46.28333333333333,10.190219806762952
Islamabad,2026-07-03 06:00:00+00:00,32.1,54,1003.9,1.81,47.0,101.5,504.0,5.4,14.3,194.0,127,6,4,7,0,1.0,6.123233995736766e-17,1.2246467991473532e-16,-1.0,-0.433883739117558,-0.9009688679024191,0.0,127.0,130.0,130.0,137.625,15.34476967965634,46.4,10.181355508968295
Islamabad,2026-07-03 07:00:00+00:00,33.4,51,1003.6,1.95,46.8,99.2,483.0,4.1,14.4,204.0,127,7,4,7,0,0.9659258262890683,-0.25881904510252063,1.2246467991473532e-16,-1.0,-0.433883739117558,-0.9009688679024191,0.0,127.0,129.0,129.0,137.54166666666666,15.398981238652357,46.4625,10.178913092227948
Islamabad,2026-07-03 08:00:00+00:00,34.1,49,1002.9,2.01,44.9,92.9,469.0,4.2,14.1,210.0,127,8,4,7,0,0.8660254037844387,-0.4999999999999998,1.2246467991473532e-16,-1.0,-0.433883739117558,-0.9009688679024191,0.0,127.0,127.0,129.0,137.45833333333334,15.452533679025288,46.37916666666666,10.183361500470973
Islamabad,2026-07-03 09:00:00+00:00,34.4,49,1001.8,1.88,41.9,83.8,467.0,4.9,13.8,212.0,137,9,4,7,0,0.7071067811865476,-0.7071067811865475,1.2246467991473532e-16,-1.0,-0.433883739117558,-0.9009688679024191,10.0,127.0,127.0,129.0,137.79166666666666,15.348074986690115,46.125,10.217216927281592
Islamabad,2026-07-03 10:00:00+00:00,34.7,47,1000.8,1.27,41.8,81.0,418.0,2.8,13.7,215.0,160,10,4,7,0,0.49999999999999994,-0.8660254037844387,1.2246467991473532e-16,-1.0,-0.433883739117558,-0.9009688679024191,23.0,137.0,127.0,132.0,138.95833333333334,15.941412208093938,45.833333333333336,10.237427779292558
Islamabad,2026-07-03 11:00:00+00:00,34.9,44,999.8,1.32,41.6,78.5,379.0,1.3,13.8,215.0,177,11,4,7,0,0.258819045102521,-0.9659258262890682,1.2246467991473532e-16,-1.0,-0.433883739117558,-0.9009688679024191,17.0,160.0,127.0,155.0,139.875,17.463782398212995,45.50416666666666,10.24141121248373
Islamabad,2026-07-03 12:00:00+00:00,34.7,42,999.1,2.74,25.6,45.5,529.0,8.9,8.5,160.0,190,12,4,7,0,1.2246467991473532e-16,-1.0,1.2246467991473532e-16,-1.0,-0.433883739117558,-0.9009688679024191,13.0,177.0,137.0,170.0,140.70833333333334,19.340156841831103,44.712500000000006,11.019165615851515
Islamabad,2026-07-03 13:00:00+00:00,33.8,45,999.2,2.29,26.0,47.0,1060.0,37.5,9.5,119.0,191,13,4,7,0,-0.2588190451025208,-0.9659258262890683,1.2246467991473532e-16,-1.0,-0.433883739117558,-0.9009688679024191,1.0,190.0,160.0,175.0,141.375,20.794674276382136,43.837500000000006,11.645593027258029
Islamabad,2026-07-03 14:00:00+00:00,32.1,55,999.4,1.1,35.2,53.9,1779.0,76.9,11.0,62.0,181,14,4,7,0,-0.4999999999999997,-0.8660254037844388,1.2246467991473532e-16,-1.0,-0.433883739117558,-0.9009688679024191,-10.0,191.0,177.0,171.0,141.79166666666666,21.502232779242085,43.137499999999996,11.638534664227874
Islamabad,2026-07-03 15:00:00+00:00,30.1,65,999.7,0.92,48.0,69.2,2285.0,106.3,12.3,19.0,160,15,4,7,0,-0.7071067811865471,-0.7071067811865479,1.2246467991473532e-16,-1.0,-0.433883739117558,-0.9009688679024191,-21.0,181.0,190.0,157.0,141.91666666666666,21.60297215192994,42.72083333333333,11.25603139448457
Islamabad,2026-07-03 16:00:00+00:00,28.4,75,1000.4,1.35,58.9,81.5,2407.0,117.8,13.7,3.0,124,16,4,7,0,-0.8660254037844385,-0.5000000000000004,1.2246467991473532e-16,-1.0,-0.433883739117558,-0.9009688679024191,-36.0,160.0,191.0,133.0,141.54166666666666,21.84128353981574,42.65416666666666,11.150393994468676
Islamabad,2026-07-03 17:00:00+00:00,27.4,79,1000.8,1.43,62.4,85.2,2315.0,119.3,15.0,2.0,118,17,4,7,0,-0.9659258262890683,-0.25881904510252063,1.2246467991473532e-16,-1.0,-0.433883739117558,-0.9009688679024191,-6.0,124.0,181.0,126.0,141.20833333333334,22.14768447346565,42.75,11.315514551500364
Islamabad,2026-07-03 18:00:00+00:00,27.4,75,1000.7,1.19,63.6,85.4,2127.0,113.8,15.3,6.0,118,18,4,7,0,-1.0,-1.8369701987210297e-16,1.2246467991473532e-16,-1.0,-0.433883739117558,-0.9009688679024191,0.0,118.0,160.0,127.0,140.83333333333334,22.472527511465703,42.987500000000004,11.700587592082675
Islamabad,2026-07-03 19:00:00+00:00,27.1,72,1000.9,1.11,61.2,80.6,1828.0,99.0,13.8,14.0,119,19,4,7,0,-0.9659258262890684,0.2588190451025203,1.2246467991473532e-16,-1.0,-0.433883739117558,-0.9009688679024191,1.0,118.0,124.0,128.0,140.45833333333334,22.769123193800255,43.20416666666666,11.996429873514204
Islamabad,2026-07-03 20:00:00+00:00,26.9,70,1000.9,1.0,54.7,70.3,1431.0,77.2,11.4,28.0,119,20,4,7,0,-0.8660254037844386,0.5000000000000001,1.2246467991473532e-16,-1.0,-0.433883739117558,-0.9009688679024191,0.0,119.0,118.0,129.0,140.04166666666666,23.077335327048957,43.25833333333333,12.04729508398374
Islamabad,2026-07-03 21:00:00+00:00,26.6,68,1001.3,1.55,48.8,61.2,1094.0,57.6,9.3,41.0,119,21,4,7,0,-0.7071067811865477,0.7071067811865474,1.2246467991473532e-16,-1.0,-0.433883739117558,-0.9009688679024191,0.0,119.0,118.0,131.0,139.54166666666666,23.409361127671932,43.2125,12.022996533816892
Islamabad,2026-07-03 22:00:00+00:00,26.8,64,1001.5,2.01,42.8,53.2,869.0,43.1,8.0,50.0,119,22,4,7,0,-0.5000000000000004,0.8660254037844384,1.2246467991473532e-16,-1.0,-0.433883739117558,-0.9009688679024191,0.0,119.0,119.0,132.0,139.0,23.739528584015,42.93333333333334,11.948209495356476
Islamabad,2026-07-03 23:00:00+00:00,27.0,64,1001.5,1.82,37.8,46.9,704.0,30.8,7.0,59.0,119,23,4,7,0,-0.25881904510252157,0.9659258262890681,1.2246467991473532e-16,-1.0,-0.433883739117558,-0.9009688679024191,0.0,119.0,119.0,134.0,138.375,24.072016046058557,42.52916666666667,11.951077054124548
Islamabad,2026-07-04 00:00:00+00:00,27.5,63,1001.8,1.31,43.7,53.1,595.0,31.7,7.4,55.0,118,0,5,7,1,0.0,1.0,1.2246467991473532e-16,-1.0,-0.9749279121818236,-0.2225209339563146,-1.0,119.0,119.0,136.0,137.625,24.42702085449736,43.19583333333333,11.526622461168664
Islamabad,2026-07-04 01:00:00+00:00,27.6,66,1002.1,1.35,39.8,48.2,563.0,26.8,8.6,80.0,119,1,5,7,1,0.25881904510252074,0.9659258262890683,1.2246467991473532e-16,-1.0,-0.9749279121818236,-0.2225209339563146,1.0,118.0,119.0,135.0,136.95833333333334,24.718377543960273,43.73333333333333,11.023479552721748
Islamabad,2026-07-04 02:00:00+00:00,29.5,59,1002.5,0.9,35.0,45.4,588.0,19.9,10.2,115.0,121,2,5,7,1,0.49999999999999994,0.8660254037844387,1.2246467991473532e-16,-1.0,-0.9749279121818236,-0.2225209339563146,2.0,119.0,119.0,132.0,136.5,24.915509400684844,44.07916666666667,10.587440433246146
Islamabad,2026-07-04 03:00:00+00:00,31.0,56,1002.4,0.43,35.0,53.3,606.0,13.9,11.9,146.0,121,3,5,7,1,0.7071067811865476,0.7071067811865476,1.2246467991473532e-16,-1.0,-0.9749279121818236,-0.2225209339563146,0.0,121.0,118.0,130.0,136.125,25.084747661026096,44.333333333333336,10.275833475839685
Islamabad,2026-07-04 04:00:00+00:00,32.7,50,1001.9,0.6,36.1,58.1,596.0,9.9,13.8,168.0,122,4,5,7,1,0.8660254037844386,0.5000000000000001,1.2246467991473532e-16,-1.0,-0.9749279121818236,-0.2225209339563146,1.0,121.0,119.0,129.0,135.83333333333334,25.211568543146225,44.28333333333333,10.314391240721179
Islamabad,2026-07-04 05:00:00+00:00,34.5,43,1000.9,1.2,37.8,61.7,578.0,6.8,15.7,184.0,122,5,5,7,1,0.9659258262890683,0.25881904510252074,1.2246467991473532e-16,-1.0,-0.9749279121818236,-0.2225209339563146,0.0,122.0,121.0,127.0,135.625,25.308208841847577,44.01666666666666,10.39902448044655
Islamabad,2026-07-04 06:00:00+00:00,35.1,41,1001.4,2.24,38.2,63.6,551.0,4.7,16.6,196.0,121,6,5,7,1,1.0,6.123233995736766e-17,1.2246467991473532e-16,-1.0,-0.9749279121818236,-0.2225209339563146,-1.0,122.0,121.0,127.0,135.375,25.426471142936293,43.65,10.444303627378355
Islamabad,2026-07-04 07:00:00+00:00,35.7,38,1000.6,2.46,38.5,63.6,505.0,3.7,15.8,201.0,120,7,5,7,1,0.9659258262890683,-0.25881904510252063,1.2246467991473532e-16,-1.0,-0.9749279121818236,-0.2225209339563146,-1.0,121.0,122.0,127.0,135.08333333333334,25.566480546531928,43.30416666666667,10.472841862009842
Islamabad,2026-07-04 08:00:00+00:00,36.3,36,999.3,2.26,38.8,63.3,451.0,3.6,14.1,200.0,120,8,5,7,1,0.8660254037844387,-0.4999999999999998,1.2246467991473532e-16,-1.0,-0.9749279121818236,-0.2225209339563146,0.0,120.0,122.0,127.0,134.79166666666666,25.70227390831276,43.050000000000004,10.506395567752342
Islamabad,2026-07-04 09:00:00+00:00,36.8,34,998.4,1.94,37.7,61.2,413.0,4.0,12.5,197.0,141,9,5,7,1,0.7071067811865476,-0.7071067811865475,1.2246467991473532e-16,-1.0,-0.9749279121818236,-0.2225209339563146,21.0,120.0,121.0,137.0,134.95833333333334,25.7301703582901,42.875,10.56121905018952
Islamabad,2026-07-04 10:00:00+00:00,36.9,32,997.6,1.75,36.4,59.1,337.0,0.8,11.4,195.0,162,10,5,7,1,0.49999999999999994,-0.8660254037844387,1.2246467991473532e-16,-1.0,-0.9749279121818236,-0.2225209339563146,21.0,141.0,120.0,160.0,135.04166666666666,25.817889259137065,42.65,10.642327303498126
Islamabad,2026-07-04 11:00:00+00:00,36.7,32,996.8,1.4,34.9,57.0,277.0,0.0,10.5,190.0,175,11,5,7,1,0.258819045102521,-0.9659258262890682,1.2246467991473532e-16,-1.0,-0.9749279121818236,-0.2225209339563146,13.0,162.0,120.0,177.0,134.95833333333334,25.67942699934047,42.37083333333334,10.75831242490583
Islamabad,2026-07-04 12:00:00+00:00,36.9,30,996.6,2.46,30.7,50.1,429.0,8.1,10.3,174.0,182,12,5,7,1,1.2246467991473532e-16,-1.0,1.2246467991473532e-16,-1.0,-0.9749279121818236,-0.2225209339563146,7.0,175.0,141.0,190.0,134.625,24.97618430842989,42.583333333333336,10.458849661023107
Islamabad,2026-07-04 13:00:00+00:00,35.8,33,996.5,2.3,30.4,49.5,1009.0,39.5,11.3,130.0,183,13,5,7,1,-0.2588190451025208,-0.9659258262890683,1.2246467991473532e-16,-1.0,-0.9749279121818236,-0.2225209339563146,1.0,182.0,162.0,191.0,134.29166666666666,24.233428522827275,42.76666666666667,10.190646464396552
Islamabad,2026-07-04 14:00:00+00:00,34.2,39,996.6,1.06,40.3,57.0,1801.0,82.4,12.7,69.0,174,14,5,7,1,-0.4999999999999997,-0.8660254037844388,1.2246467991473532e-16,-1.0,-0.9749279121818236,-0.2225209339563146,-9.0,183.0,175.0,181.0,134.0,23.68268492416676,42.979166666666664,10.078560075149868
Islamabad,2026-07-04 15:00:00+00:00,32.3,46,996.9,1.07,52.6,70.5,2344.0,111.4,13.5,25.0,154,15,5,7,1,-0.7071067811865471,-0.7071067811865479,1.2246467991473532e-16,-1.0,-0.9749279121818236,-0.2225209339563146,-20.0,174.0,182.0,160.0,133.75,23.426573540021842,43.17083333333333,10.220928196030188
Islamabad,2026-07-04 16:00:00+00:00,30.5,55,997.2,1.35,56.7,75.7,2428.0,114.5,13.4,13.0,119,16,5,7,1,-0.8660254037844385,-0.5000000000000004,1.2246467991473532e-16,-1.0,-0.9749279121818236,-0.2225209339563146,-35.0,154.0,183.0,124.0,133.54166666666666,23.53901325305504,43.07916666666667,10.082657481242586
Islamabad,2026-07-04 17:00:00+00:00,29.4,61,997.5,1.46,57.2,75.7,2263.0,103.7,12.8,18.0,119,17,5,7,1,-0.9659258262890683,-0.25881904510252063,1.2246467991473532e-16,-1.0,-0.9749279121818236,-0.2225209339563146,0.0,119.0,174.0,118.0,133.58333333333334,23.511175264516343,42.862500000000004,9.697951935286623
Islamabad,2026-07-04 18:00:00+00:00,28.8,65,997.5,1.29,56.1,71.7,2026.0,89.3,12.0,27.0,118,18,5,7,1,-1.0,-1.8369701987210297e-16,1.2246467991473532e-16,-1.0,-0.9749279121818236,-0.2225209339563146,-1.0,119.0,154.0,118.0,133.58333333333334,23.511175264516343,42.550000000000004,9.103272225820254
Islamabad,2026-07-04 19:00:00+00:00,28.2,67,997.9,1.15,52.4,65.2,1737.0,72.0,11.0,40.0,118,19,5,7,1,-0.9659258262890684,0.2588190451025203,1.2246467991473532e-16,-1.0,-0.9749279121818236,-0.2225209339563146,0.0,118.0,119.0,119.0,133.54166666666666,23.53901325305504,42.18333333333333,8.47495885159515
Islamabad,2026-07-04 20:00:00+00:00,28.1,65,998.1,1.12,48.1,59.8,1375.0,51.1,9.9,57.0,117,20,5,7,1,-0.8660254037844386,0.5000000000000001,1.2246467991473532e-16,-1.0,-0.9749279121818236,-0.2225209339563146,-1.0,118.0,119.0,119.0,133.45833333333334,23.596203022974137,41.90833333333334,8.152082511564847
Islamabad,2026-07-04 21:00:00+00:00,27.9,63,998.4,1.3,44.8,56.5,1050.0,34.3,9.1,72.0,116,21,5,7,1,-0.7071067811865477,0.7071067811865474,1.2246467991473532e-16,-1.0,-0.9749279121818236,-0.2225209339563146,-1.0,117.0,118.0,119.0,133.33333333333334,23.683908803908377,41.74166666666667,8.045247944765451
Islamabad,2026-07-04 22:00:00+00:00,27.6,63,998.7,1.0,42.7,54.4,783.0,25.4,8.6,80.0,116,22,5,7,1,-0.5000000000000004,0.8660254037844384,1.2246467991473532e-16,-1.0,-0.9749279121818236,-0.2225209339563146,0.0,116.0,118.0,119.0,133.20833333333334,23.770605096770918,41.737500000000004,8.044701875201383
Islamabad,2026-07-04 23:00:00+00:00,27.7,59,999.2,1.19,41.7,53.2,552.0,20.7,8.3,85.0,116,23,5,7,1,-0.25881904510252157,0.9659258262890681,1.2246467991473532e-16,-1.0,-0.9749279121818236,-0.2225209339563146,0.0,116.0,117.0,119.0,133.08333333333334,23.856302907319105,41.9,8.000978201064676
Islamabad,2026-07-05 00:00:00+00:00,28.1,63,999.5,1.88,40.2,50.3,402.0,25.0,8.5,70.0,116,0,6,7,1,0.0,1.0,1.2246467991473532e-16,-1.0,-0.7818314824680299,0.6234898018587334,0.0,116.0,116.0,118.0,133.0,23.91470349969294,41.75416666666667,7.998640056511
Islamabad,2026-07-05 01:00:00+00:00,28.4,66,999.9,1.69,39.8,50.1,378.0,20.6,9.8,93.0,116,1,6,7,1,0.25881904510252074,0.9659258262890683,1.2246467991473532e-16,-1.0,-0.7818314824680299,0.6234898018587334,0.0,116.0,116.0,119.0,132.875,23.998754496666475,41.75416666666666,7.998640056511
Islamabad,2026-07-05 02:00:00+00:00,30.2,63,1000.1,1.1,41.7,54.2,433.0,14.4,11.6,126.0,116,2,6,7,1,0.49999999999999994,0.8660254037844387,1.2246467991473532e-16,-1.0,-0.7818314824680299,0.6234898018587334,0.0,116.0,116.0,121.0,132.66666666666666,24.12767969648547,42.03333333333333,7.8685210292916485
Islamabad,2026-07-05 03:00:00+00:00,32.0,58,1000.1,1.29,49.7,67.3,475.0,9.3,13.2,154.0,116,3,6,7,1,0.7071067811865476,0.7071067811865476,1.2246467991473532e-16,-1.0,-0.7818314824680299,0.6234898018587334,0.0,116.0,116.0,121.0,132.45833333333334,24.254052403072354,42.645833333333336,7.869367090547764
Islamabad,2026-07-05 04:00:00+00:00,33.4,53,999.9,2.0,55.1,75.4,466.0,6.5,14.5,173.0,118,4,6,7,1,0.8660254037844386,0.5000000000000001,1.2246467991473532e-16,-1.0,-0.7818314824680299,0.6234898018587334,2.0,116.0,116.0,122.0,132.29166666666666,24.342625285639734,43.4375,8.133495558491385
Islamabad,2026-07-05 05:00:00+00:00,34.4,49,999.6,1.36,57.2,78.9,443.0,4.9,15.5,188.0,120,5,6,7,1,0.9659258262890683,0.25881904510252074,1.2246467991473532e-16,-1.0,-0.7818314824680299,0.6234898018587334,2.0,118.0,116.0,122.0,132.20833333333334,24.3827793234528,44.24583333333334,8.50442233637073
Islamabad,2026-07-05 06:00:00+00:00,35.3,43,1000.0,1.42,55.5,78.5,421.0,3.8,15.7,196.0,122,6,6,7,1,1.0,6.123233995736766e-17,1.2246467991473532e-16,-1.0,-0.7818314824680299,0.6234898018587334,2.0,120.0,116.0,121.0,132.25,24.363640050733483,44.96666666666667,8.700608008072997
Islamabad,2026-07-05 07:00:00+00:00,36.2,40,999.2,1.9,51.1,73.3,405.0,3.0,14.4,196.0,124,7,6,7,1,0.9659258262890683,-0.25881904510252063,1.2246467991473532e-16,-1.0,-0.7818314824680299,0.6234898018587334,2.0,122.0,118.0,120.0,132.41666666666666,24.28976643821743,45.49166666666667,8.673543815467795
Islamabad,2026-07-05 08:00:00+00:00,37.0,37,998.3,2.15,46.6,67.1,389.0,2.8,12.2,191.0,125,8,6,7,1,0.8660254037844387,-0.4999999999999998,1.2246467991473532e-16,-1.0,-0.7818314824680299,0.6234898018587334,1.0,124.0,120.0,120.0,132.625,24.199914660287185,45.81666666666667,8.55725812785063
Islamabad,2026-07-05 09:00:00+00:00,37.5,35,997.5,2.18,43.5,63.1,379.0,2.9,10.4,184.0,147,9,6,7,1,0.7071067811865476,-0.7071067811865475,1.2246467991473532e-16,-1.0,-0.7818314824680299,0.6234898018587334,22.0,125.0,122.0,141.0,132.875,24.320884745061672,46.05833333333334,8.39849451657418
Islamabad,2026-07-05 10:00:00+00:00,37.6,33,996.8,1.98,41.0,60.1,338.0,2.1,9.5,180.0,162,10,6,7,1,0.49999999999999994,-0.8660254037844387,1.2246467991473532e-16,-1.0,-0.7818314824680299,0.6234898018587334,15.0,147.0,124.0,162.0,132.875,24.320884745061672,46.25,8.219065851923801
Islamabad,2026-07-05 11:00:00+00:00,37.5,33,996.3,1.61,38.6,57.7,302.0,1.7,9.0,174.0,171,11,6,7,1,0.258819045102521,-0.9659258262890682,1.2246467991473532e-16,-1.0,-0.7818314824680299,0.6234898018587334,9.0,162.0,125.0,175.0,132.70833333333334,24.03164429530774,46.40416666666667,8.029428436351605
Islamabad,2026-07-05 12:00:00+00:00,37.9,33,995.7,1.5,47.6,74.3,379.0,5.6,8.9,162.0,174,12,6,7,1,1.2246467991473532e-16,-1.0,1.2246467991473532e-16,-1.0,-0.7818314824680299,0.6234898018587334,3.0,171.0,147.0,182.0,132.375,23.36443320798517,47.10833333333334,7.300263048665381
Islamabad,2026-07-05 13:00:00+00:00,36.3,38,995.9,1.66,45.3,71.7,707.0,28.6,9.9,127.0,172,13,6,7,1,-0.2588190451025208,-0.9659258262890683,1.2246467991473532e-16,-1.0,-0.7818314824680299,0.6234898018587334,-2.0,174.0,162.0,183.0,131.91666666666666,22.41683502980715,47.729166666666664,6.395003427722202
Islamabad,2026-07-05 14:00:00+00:00,34.7,46,996.0,1.01,56.8,81.5,1149.0,59.7,11.3,80.0,162,14,6,7,1,-0.4999999999999997,-0.8660254037844388,1.2246467991473532e-16,-1.0,-0.7818314824680299,0.6234898018587334,-10.0,172.0,171.0,174.0,131.41666666666666,21.554615498201965,48.416666666666664,6.448300528832687
Islamabad,2026-07-05 15:00:00+00:00,32.8,54,996.0,0.8,66.4,90.1,1403.0,78.1,12.0,48.0,142,15,6,7,1,-0.7071067811865471,-0.7071067811865479,1.2246467991473532e-16,-1.0,-0.7818314824680299,0.6234898018587334,-20.0,162.0,174.0,154.0,130.91666666666666,21.143231349158157,48.991666666666674,7.384820898988946
Islamabad,2026-07-05 16:00:00+00:00,31.3,61,996.5,0.45,63.6,79.6,1293.0,71.8,11.6,46.0,134,16,6,7,1,-0.8660254037844385,-0.5000000000000004,1.2246467991473532e-16,-1.0,-0.7818314824680299,0.6234898018587334,-8.0,142.0,172.0,119.0,131.54166666666666,20.99685104064784,49.27916666666667,7.819483979786894
Islamabad,2026-07-05 17:00:00+00:00,30.6,60,997.2,0.67,63.3,77.5,996.0,52.7,10.6,58.0,134,17,6,7,1,-0.9659258262890683,-0.25881904510252063,1.2246467991473532e-16,-1.0,-0.7818314824680299,0.6234898018587334,0.0,134.0,162.0,119.0,132.16666666666666,20.829883772382885,49.53333333333333,8.179011669147863
Islamabad,2026-07-05 18:00:00+00:00,31.3,57,997.6,0.7,64.0,79.4,738.0,36.1,9.7,71.0,135,18,6,7,1,-1.0,-1.8369701987210297e-16,1.2246467991473532e-16,-1.0,-0.7818314824680299,0.6234898018587334,1.0,134.0,142.0,118.0,132.875,20.615132685775727,49.862500000000004,8.602770660867185
Islamabad,2026-07-05 19:00:00+00:00,30.0,62,997.9,0.73,62.9,78.7,597.0,27.3,9.0,79.0,136,19,6,7,1,-0.9659258262890684,0.2588190451025203,1.2246467991473532e-16,-1.0,-0.7818314824680299,0.6234898018587334,1.0,135.0,134.0,118.0,133.625,20.3764836749741,50.300000000000004,8.995457790994529
Islamabad,2026-07-05 20:00:00+00:00,29.4,62,998.3,1.37,60.8,76.4,495.0,20.9,8.4,86.0,137,20,6,7,1,-0.8660254037844386,0.5000000000000001,1.2246467991473532e-16,-1.0,-0.7818314824680299,0.6234898018587334,1.0,136.0,134.0,117.0,134.45833333333334,20.073731844001784,50.82916666666667,9.23087819867858
Islamabad,2026-07-05 21:00:00+00:00,29.3,58,998.7,1.97,59.4,74.5,426.0,16.2,7.9,92.0,138,21,6,7,1,-0.7071067811865477,0.7071067811865474,1.2246467991473532e-16,-1.0,-0.7818314824680299,0.6234898018587334,1.0,137.0,135.0,116.0,135.375,19.69288659919258,51.4375,9.297115611610467
Islamabad,2026-07-05 22:00:00+00:00,29.1,62,998.7,2.04,58.3,72.2,394.0,13.3,7.6,95.0,140,22,6,7,1,-0.5000000000000004,0.8660254037844384,1.2246467991473532e-16,-1.0,-0.7818314824680299,0.6234898018587334,2.0,138.0,136.0,116.0,136.375,19.271092340600788,52.087500000000006,9.20455050504906
Islamabad,2026-07-05 23:00:00+00:00,28.5,70,998.9,1.86,56.5,69.8,396.0,12.1,7.4,97.0,141,23,6,7,1,-0.25881904510252157,0.9659258262890681,1.2246467991473532e-16,-1.0,-0.7818314824680299,0.6234898018587334,1.0,140.0,137.0,116.0,137.41666666666666,18.791572270721755,52.70416666666667,8.971184748799923
Islamabad,2026-07-06 00:00:00+00:00,28.3,75,999.5,1.73,63.8,79.4,415.0,13.4,8.2,88.0,143,0,0,7,0,0.0,1.0,1.2246467991473532e-16,-1.0,0.0,1.0,2.0,141.0,138.0,116.0,138.54166666666666,18.25419348287143,53.6875,8.83335144925672
Islamabad,2026-07-06 01:00:00+00:00,28.3,77,999.7,1.87,62.2,75.4,459.0,13.2,9.5,105.0,145,1,0,7,0,0.25881904510252074,0.9659258262890683,1.2246467991473532e-16,-1.0,0.0,1.0,2.0,143.0,140.0,116.0,139.75,17.646898976257017,54.62083333333334,8.478462697337514
Islamabad,2026-07-06 02:00:00+00:00,29.7,70,1000.4,1.66,64.7,83.8,520.0,12.8,11.2,128.0,148,2,0,7,0,0.49999999999999994,0.8660254037844387,1.2246467991473532e-16,-1.0,0.0,1.0,3.0,145.0,141.0,116.0,141.08333333333334,16.97034924870869,55.57916666666667,8.251322906670401
Islamabad,2026-07-06 03:00:00+00:00,30.5,68,1000.6,1.95,68.9,94.3,560.0,11.7,12.5,149.0,150,3,0,7,0,0.7071067811865476,0.7071067811865476,1.2246467991473532e-16,-1.0,0.0,1.0,2.0,148.0,143.0,116.0,142.5,16.186414056237354,56.37916666666666,8.58071544431061
Islamabad,2026-07-06 04:00:00+00:00,31.7,64,1000.4,2.07,68.9,94.8,559.0,9.4,13.0,166.0,151,4,0,7,0,0.8660254037844386,0.5000000000000001,1.2246467991473532e-16,-1.0,0.0,1.0,1.0,150.0,145.0,118.0,143.875,15.397098823280649,56.95416666666667,8.945874889368316
Islamabad,2026-07-06 05:00:00+00:00,32.6,60,1000.3,2.21,67.8,91.7,536.0,6.4,13.0,181.0,151,5,0,7,0,0.9659258262890683,0.25881904510252074,1.2246467991473532e-16,-1.0,0.0,1.0,0.0,151.0,148.0,120.0,145.16666666666666,14.586076346583488,57.395833333333336,9.216123827607557
Islamabad,2026-07-06 06:00:00+00:00,33.0,57,1000.6,3.07,64.5,86.8,514.0,4.3,12.7,190.0,151,6,0,7,0,1.0,6.123233995736766e-17,1.2246467991473532e-16,-1.0,0.0,1.0,0.0,151.0,150.0,122.0,146.375,13.761358944521277,57.770833333333336,9.318167349517921
Islamabad,2026-07-06 07:00:00+00:00,33.3,55,1000.2,2.28,60.5,82.2,493.0,3.4,11.7,189.0,152,7,0,7,0,0.9659258262890683,-0.25881904510252063,1.2246467991473532e-16,-1.0,0.0,1.0,1.0,151.0,151.0,124.0,147.54166666666666,12.94462845341868,58.1625,9.222647573276786
Islamabad,2026-07-06 08:00:00+00:00,32.7,57,1000.0,1.24,55.3,75.2,473.0,3.3,10.3,182.0,152,8,0,7,0,0.8660254037844387,-0.4999999999999998,1.2246467991473532e-16,-1.0,0.0,1.0,0.0,152.0,151.0,125.0,148.66666666666666,12.042196342593721,58.525,8.914241170855348
Islamabad,2026-07-06 09:00:00+00:00,33.5,55,998.8,1.48,51.3,69.6,476.0,4.2,9.4,175.0,152,9,0,7,0,0.7071067811865476,-0.7071067811865475,1.2246467991473532e-16,-1.0,0.0,1.0,0.0,152.0,151.0,147.0,148.875,12.055352410406124,58.849999999999994,8.473949851571883
Islamabad,2026-07-06 10:00:00+00:00,33.3,58,998.4,1.45,53.0,72.4,495.0,4.9,9.2,173.0,154,10,0,7,0,0.49999999999999994,-0.8660254037844387,1.2246467991473532e-16,-1.0,0.0,1.0,2.0,152.0,152.0,162.0,148.54166666666666,11.78421629227599,59.349999999999994,7.6929668613892614
Islamabad,2026-07-06 11:00:00+00:00,33.6,57,997.8,1.45,50.3,68.5,536.0,6.4,9.5,171.0,162,11,0,7,0,0.258819045102521,-0.9659258262890682,1.2246467991473532e-16,-1.0,0.0,1.0,8.0,154.0,152.0,171.0,148.16666666666666,11.165422816294122,59.837500000000006,6.616239080113107
Islamabad,2026-07-06 12:00:00+00:00,33.0,53,997.8,1.87,61.0,87.5,642.0,9.0,10.4,157.0,165,12,0,7,0,1.2246467991473532e-16,-1.0,1.2246467991473532e-16,-1.0,0.0,1.0,3.0,162.0,152.0,174.0,147.79166666666666,10.383846847978536,60.395833333333336,6.0825108635986505
Islamabad,2026-07-06 13:00:00+00:00,31.4,64,998.2,1.56,59.8,82.7,880.0,19.8,9.6,134.0,164,13,0,7,0,-0.2588190451025208,-0.9659258262890683,1.2246467991473532e-16,-1.0,0.0,1.0,-1.0,165.0,154.0,172.0,147.45833333333334,9.67731172995867,61.0,5.169475627263178
Islamabad,2026-07-06 14:00:00+00:00,30.4,69,998.4,1.62,56.1,68.2,1182.0,34.7,8.4,101.0,156,14,0,7,0,-0.4999999999999997,-0.8660254037844388,1.2246467991473532e-16,-1.0,0.0,1.0,-8.0,164.0,162.0,162.0,147.20833333333334,9.357532035588052,60.97083333333333,5.196108842340366
Islamabad,2026-07-06 15:00:00+00:00,29.7,73,998.5,1.07,56.2,65.4,1394.0,45.2,7.5,76.0,154,15,0,7,0,-0.7071067811865471,-0.7071067811865479,1.2246467991473532e-16,-1.0,0.0,1.0,-2.0,156.0,165.0,142.0,147.70833333333334,9.387684655353562,60.54583333333333,5.149671088413227
Islamabad,2026-07-06 16:00:00+00:00,29.1,74,999.0,1.22,56.8,65.4,1460.0,47.1,7.1,66.0,154,16,0,7,0,-0.8660254037844385,-0.5000000000000004,1.2246467991473532e-16,-1.0,0.0,1.0,0.0,154.0,164.0,134.0,148.54166666666666,8.997483545129825,60.262499999999996,5.161379365685132
Islamabad,2026-07-06 17:00:00+00:00,28.6,76,999.5,0.93,56.9,62.6,1436.0,44.6,7.0,63.0,153,17,0,7,0,-0.9659258262890683,-0.25881904510252063,1.2246467991473532e-16,-1.0,0.0,1.0,-1.0,154.0,156.0,134.0,149.33333333333334,8.483573214908185,59.99583333333334,5.162951562873532
Islamabad,2026-07-06 18:00:00+00:00,27.5,79,1000.4,0.21,54.4,61.0,1325.0,42.4,6.8,59.0,153,18,0,7,0,-1.0,-1.8369701987210297e-16,1.2246467991473532e-16,-1.0,0.0,1.0,0.0,153.0,154.0,135.0,150.08333333333334,7.93953599928935,59.59583333333333,5.210898209035186
Islamabad,2026-07-06 19:00:00+00:00,26.9,81,1000.3,0.43,55.1,62.4,1074.0,43.0,6.2,48.0,153,19,0,7,0,-0.9659258262890684,0.2588190451025203,1.2246467991473532e-16,-1.0,0.0,1.0,0.0,153.0,154.0,136.0,150.79166666666666,7.366074800799112,59.270833333333336,5.23902406831696
Islamabad,2026-07-06 20:00:00+00:00,26.6,81,1000.4,0.52,56.6,65.0,736.0,43.8,5.6,36.0,153,20,0,7,0,-0.8660254037844386,0.5000000000000001,1.2246467991473532e-16,-1.0,0.0,1.0,0.0,153.0,153.0,137.0,151.45833333333334,6.76293714598417,59.09583333333333,5.255843883481971
Islamabad,2026-07-06 21:00:00+00:00,26.5,80,1000.6,0.4,56.2,63.3,482.0,41.5,5.1,34.0,153,21,0,7,0,-0.7071067811865477,0.7071067811865474,1.2246467991473532e-16,-1.0,0.0,1.0,0.0,153.0,153.0,138.0,152.08333333333334,6.12845584257937,58.9625,5.288281754317
Islamabad,2026-07-06 22:00:00+00:00,26.4,79,1000.5,0.76,52.3,60.5,376.0,32.8,4.8,49.0,152,22,0,7,0,-0.5000000000000004,0.8660254037844384,1.2246467991473532e-16,-1.0,0.0,1.0,-1.0,153.0,153.0,140.0,152.58333333333334,5.563207290967236,58.7125,5.4599978101602895
Islamabad,2026-07-06 23:00:00+00:00,26.1,81,1000.6,0.7,26.3,31.2,353.0,21.1,4.8,74.0,152,23,0,7,0,-0.25881904510252157,0.9659258262890681,1.2246467991473532e-16,-1.0,0.0,1.0,0.0,152.0,153.0,141.0,153.04166666666666,4.991115294601989,57.45416666666666,8.580411420492972
Islamabad,2026-07-07 00:00:00+00:00,25.9,73,1001.0,1.87,62.2,69.8,385.0,56.1,7.1,13.0,151,0,1,7,0,0.0,1.0,1.2246467991473532e-16,-1.0,0.7818314824680298,0.6234898018587336,-1.0,152.0,153.0,143.0,153.375,4.537884011772398,57.387499999999996,8.535058773134974
Islamabad,2026-07-07 01:00:00+00:00,25.6,78,1000.8,1.14,61.2,68.2,499.0,48.3,8.1,39.0,151,1,1,7,0,0.25881904510252074,0.9659258262890683,1.2246467991473532e-16,-1.0,0.7818314824680298,0.6234898018587336,0.0,151.0,152.0,145.0,153.625,4.209848701189641,57.34583333333333,8.512955812563893
Islamabad,2026-07-07 02:00:00+00:00,27.6,69,1001.5,1.43,60.8,67.8,667.0,37.2,9.6,75.0,151,2,1,7,0,0.49999999999999994,0.8660254037844387,1.2246467991473532e-16,-1.0,0.7818314824680298,0.6234898018587336,0.0,151.0,152.0,148.0,153.75,4.078043008914963,57.18333333333333,8.40298428699798
Islamabad,2026-07-07 03:00:00+00:00,27.7,65,1001.9,1.61,54.1,70.1,778.0,27.1,12.0,112.0,151,3,1,7,0,0.7071067811865476,0.7071067811865476,1.2246467991473532e-16,-1.0,0.7818314824680298,0.6234898018587336,0.0,151.0,151.0,150.0,153.79166666666666,4.043020466520682,56.56666666666667,8.04101803346389
Islamabad,2026-07-07 04:00:00+00:00,29.3,59,1001.4,0.71,59.6,80.1,778.0,19.1,16.3,148.0,151,4,1,7,0,0.8660254037844386,0.5000000000000001,1.2246467991473532e-16,-1.0,0.7818314824680298,0.6234898018587336,0.0,151.0,151.0,151.0,153.79166666666666,4.043020466520682,56.17916666666667,7.6346452419882125
Islamabad,2026-07-07 05:00:00+00:00,31.0,55,1000.7,0.07,64.0,86.4,720.0,12.0,21.4,185.0,150,5,1,7,0,0.9659258262890683,0.25881904510252074,1.2246467991473532e-16,-1.0,0.7818314824680298,0.6234898018587336,-1.0,151.0,151.0,151.0,153.75,4.078043008914963,56.020833333333336,7.419538200012723
Islamabad,2026-07-07 06:00:00+00:00,32.2,51,1000.0,0.8,67.1,90.3,654.0,7.0,24.2,210.0,150,6,1,7,0,1.0,6.123233995736766e-17,1.2246467991473532e-16,-1.0,0.7818314824680298,0.6234898018587336,0.0,150.0,151.0,151.0,153.70833333333334,4.112326821157276,56.12916666666666,7.566256852210473
Islamabad,2026-07-07 07:00:00+00:00,34.1,45,999.2,2.08,68.9,95.0,582.0,4.6,22.5,218.0,150,7,1,7,0,0.9659258262890683,-0.25881904510252063,1.2246467991473532e-16,-1.0,0.7818314824680298,0.6234898018587336,0.0,150.0,151.0,152.0,153.625,4.168333000127458,56.479166666666664,7.961209170049114
Islamabad,2026-07-07 08:00:00+00:00,34.9,43,997.7,1.7,66.4,92.9,501.0,4.3,18.4,216.0,151,8,1,7,0,0.8660254037844387,-0.4999999999999998,1.2246467991473532e-16,-1.0,0.7818314824680298,0.6234898018587336,1.0,150.0,150.0,152.0,153.58333333333334,4.190223265465021,56.94166666666667,8.208315861086305
Islamabad,2026-07-07 09:00:00+00:00,35.5,41,996.7,2.25,64.3,92.2,455.0,4.8,15.0,210.0,151,9,1,7,0,0.7071067811865476,-0.7071067811865475,1.2246467991473532e-16,-1.0,0.7818314824680298,0.6234898018587336,0.0,151.0,150.0,152.0,153.54166666666666,4.211569640945205,57.48333333333334,8.248671390602466
Islamabad,2026-07-07 10:00:00+00:00,35.5,40,996.1,3.0,62.4,90.8,391.0,1.9,13.4,207.0,157,10,1,7,0,0.49999999999999994,-0.8660254037844387,1.2246467991473532e-16,-1.0,0.7818314824680298,0.6234898018587336,6.0,151.0,150.0,154.0,153.66666666666666,4.26988103557026,57.875,8.249703551986025
Islamabad,2026-07-07 11:00:00+00:00,35.0,41,995.8,3.05,60.3,89.4,361.0,0.0,12.5,200.0,178,11,1,7,0,0.258819045102521,-0.9659258262890682,1.2246467991473532e-16,-1.0,0.7818314824680298,0.6234898018587336,21.0,157.0,151.0,162.0,154.33333333333334,6.363391676074918,58.291666666666664,8.101686172679013
Islamabad,2026-07-07 12:00:00+00:00,35.1,42,995.2,2.46,36.7,55.3,566.0,9.3,10.5,167.0,192,12,1,7,0,1.2246467991473532e-16,-1.0,1.2246467991473532e-16,-1.0,0.7818314824680298,0.6234898018587336,14.0,178.0,151.0,165.0,155.45833333333334,9.793427994528189,57.27916666666666,9.193380376859313
Islamabad,2026-07-07 13:00:00+00:00,34.0,45,995.2,1.91,38.5,53.2,1258.0,35.0,11.0,126.0,195,13,1,7,0,-0.2588190451025208,-0.9659258262890683,1.2246467991473532e-16,-1.0,0.7818314824680298,0.6234898018587336,3.0,192.0,157.0,164.0,156.75,12.608658170856836,56.39166666666666,9.93745294401395
Islamabad,2026-07-07 14:00:00+00:00,32.5,56,995.8,0.25,44.6,58.7,2185.0,70.4,11.7,70.0,185,14,1,7,0,-0.4999999999999997,-0.8660254037844388,1.2246467991473532e-16,-1.0,0.7818314824680298,0.6234898018587336,-10.0,195.0,178.0,156.0,157.95833333333334,13.861046973023168,55.9125,10.225216591731682
Islamabad,2026-07-07 15:00:00+00:00,30.7,57,996.5,0.92,50.8,66.1,2790.0,96.3,12.2,28.0,163,15,1,7,0,-0.7071067811865471,-0.7071067811865479,1.2246467991473532e-16,-1.0,0.7818314824680298,0.6234898018587336,-22.0,185.0,192.0,154.0,158.33333333333334,13.87104167326297,55.6875,10.27789153220761
Islamabad,2026-07-07 16:00:00+00:00,29.9,60,997.3,1.41,58.8,75.2,2794.0,105.7,12.4,11.0,150,16,1,7,0,-0.8660254037844385,-0.5000000000000004,1.2246467991473532e-16,-1.0,0.7818314824680298,0.6234898018587336,-13.0,163.0,195.0,154.0,158.16666666666666,13.949183135398156,55.770833333333336,10.295396994548637
Islamabad,2026-07-07 17:00:00+00:00,28.9,64,997.9,1.3,63.3,77.5,2477.0,105.5,12.5,7.0,150,17,1,7,0,-0.9659258262890683,-0.25881904510252063,1.2246467991473532e-16,-1.0,0.7818314824680298,0.6234898018587336,0.0,150.0,185.0,153.0,158.04166666666666,14.010800699168941,56.037499999999994,10.408182922063256
Islamabad,2026-07-07 18:00:00+00:00,29.1,62,998.0,1.11,61.5,73.3,2116.0,98.0,12.3,12.0,150,18,1,7,0,-1.0,-1.8369701987210297e-16,1.2246467991473532e-16,-1.0,0.7818314824680298,0.6234898018587336,0.0,150.0,163.0,153.0,157.91666666666666,14.070989788324678,56.333333333333336,10.46038766704783
Islamabad,2026-07-07 19:00:00+00:00,28.0,66,997.9,1.22,58.3,70.1,1764.0,79.3,11.6,29.0,151,19,1,7,0,-0.9659258262890684,0.2588190451025203,1.2246467991473532e-16,-1.0,0.7818314824680298,0.6234898018587336,1.0,150.0,150.0,153.0,157.83333333333334,14.107249652344434,56.46666666666667,10.4643771150411
Islamabad,2026-07-07 20:00:00+00:00,27.7,64,998.5,1.23,53.8,65.7,1369.0,53.2,10.6,55.0,151,20,1,7,0,-0.8660254037844386,0.5000000000000001,1.2246467991473532e-16,-1.0,0.7818314824680298,0.6234898018587336,0.0,151.0,150.0,153.0,157.75,14.142904197171944,56.35,10.478425039305602
Islamabad,2026-07-07 21:00:00+00:00,27.7,64,998.7,1.01,50.1,61.2,1052.0,33.1,9.8,74.0,151,21,1,7,0,-0.7071067811865477,0.7071067811865474,1.2246467991473532e-16,-1.0,0.7818314824680298,0.6234898018587336,0.0,151.0,150.0,153.0,157.66666666666666,14.1779579895545,56.09583333333333,10.555916501583583
Islamabad,2026-07-07 22:00:00+00:00,27.6,66,998.7,0.95,47.3,57.2,865.0,25.0,9.0,76.0,150,22,1,7,0,-0.5000000000000004,0.8660254037844384,1.2246467991473532e-16,-1.0,0.7818314824680298,0.6234898018587336,-1.0,151.0,151.0,152.0,157.58333333333334,14.218532507492316,55.887499999999996,10.682668307773664
Islamabad,2026-07-07 23:00:00+00:00,27.4,67,998.9,0.97,44.9,53.9,757.0,22.9,8.4,72.0,150,23,1,7,0,-0.25881904510252157,0.9659258262890681,1.2246467991473532e-16,-1.0,0.7818314824680298,0.6234898018587336,0.0,150.0,151.0,152.0,157.5,14.258483363458964,56.6625,8.982195553233101
Islamabad,2026-07-08 00:00:00+00:00,25.8,81,997.9,0.86,52.5,63.1,688.0,23.2,7.7,65.0,151,0,2,7,0,0.0,1.0,1.2246467991473532e-16,-1.0,0.9749279121818236,-0.22252093395631434,1.0,150.0,151.0,151.0,157.5,14.258483363458964,56.25833333333333,8.940329566275617
Islamabad,2026-07-08 01:00:00+00:00,26.2,84,998.6,1.42,50.8,60.8,662.0,22.5,8.8,86.0,151,1,2,7,0,0.25881904510252074,0.9659258262890683,1.2246467991473532e-16,-1.0,0.9749279121818236,-0.22252093395631434,0.0,151.0,150.0,151.0,157.5,14.258483363458964,55.824999999999996,8.942436687673124
Islamabad,2026-07-08 02:00:00+00:00,29.1,69,999.0,0.18,50.3,60.3,675.0,21.3,10.4,115.0,150,2,2,7,0,0.49999999999999994,0.8660254037844387,1.2246467991473532e-16,-1.0,0.9749279121818236,-0.22252093395631434,-1.0,151.0,150.0,151.0,157.45833333333334,14.279749013340783,55.387499999999996,8.945307854327568
Islamabad,2026-07-08 03:00:00+00:00,31.0,58,999.1,1.46,54.9,71.2,684.0,19.1,12.2,144.0,150,3,2,7,0,0.7071067811865476,0.7071067811865476,1.2246467991473532e-16,-1.0,0.9749279121818236,-0.22252093395631434,0.0,150.0,151.0,151.0,157.41666666666666,14.300856364343092,55.42083333333333,8.941791434492858
Islamabad,2026-07-08 04:00:00+00:00,31.4,57,998.8,0.96,63.3,82.4,674.0,14.9,14.5,172.0,150,4,2,7,0,0.8660254037844386,0.5000000000000001,1.2246467991473532e-16,-1.0,0.9749279121818236,-0.22252093395631434,0.0,150.0,151.0,151.0,157.375,14.321806116364366,55.574999999999996,9.048240280513768
Islamabad,2026-07-08 05:00:00+00:00,33.7,50,998.3,1.05,68.2,88.5,660.0,9.7,16.9,199.0,150,5,2,7,0,0.9659258262890683,0.25881904510252074,1.2246467991473532e-16,-1.0,0.9749279121818236,-0.22252093395631434,0.0,150.0,150.0,150.0,157.375,14.321806116364366,55.75,9.256490085105206
Islamabad,2026-07-08 06:00:00+00:00,34.1,42,998.8,3.26,72.4,95.2,633.0,5.8,18.1,217.0,150,6,2,7,0,1.0,6.123233995736766e-17,1.2246467991473532e-16,-1.0,0.9749279121818236,-0.22252093395631434,0.0,150.0,150.0,150.0,157.375,14.321806116364366,55.97083333333334,9.596035375483725
Islamabad,2026-07-08 07:00:00+00:00,33.0,48,999.0,3.09,66.8,87.3,581.0,4.3,17.0,222.0,150,7,2,7,0,0.9659258262890683,-0.25881904510252063,1.2246467991473532e-16,-1.0,0.9749279121818236,-0.22252093395631434,0.0,150.0,150.0,150.0,157.375,14.321806116364366,55.88333333333333,9.48191260593903
Islamabad,2026-07-08 08:00:00+00:00,34.3,46,998.1,2.26,60.3,78.7,518.0,4.2,14.6,219.0,150,8,2,7,0,0.8660254037844387,-0.4999999999999998,1.2246467991473532e-16,-1.0,0.9749279121818236,-0.22252093395631434,0.0,150.0,150.0,151.0,157.33333333333334,14.342598960003217,55.62916666666666,9.267074918021907
Islamabad,2026-07-08 09:00:00+00:00,35.1,43,997.2,1.85,55.8,72.9,476.0,4.8,12.6,212.0,157,9,2,7,0,0.7071067811865476,-0.7071067811865475,1.2246467991473532e-16,-1.0,0.9749279121818236,-0.22252093395631434,7.0,150.0,150.0,151.0,157.58333333333334,14.279558715219398,55.275,9.081862000234489
Islamabad,2026-07-08 10:00:00+00:00,35.5,41,996.7,2.18,51.8,68.0,463.0,3.7,11.5,206.0,177,10,2,7,0,0.49999999999999994,-0.8660254037844387,1.2246467991473532e-16,-1.0,0.9749279121818236,-0.22252093395631434,20.0,157.0,150.0,157.0,158.41666666666666,14.817488687845904,54.833333333333336,8.977443553352037
Islamabad,2026-07-08 11:00:00+00:00,35.4,40,996.1,1.66,49.0,64.5,470.0,3.3,10.8,197.0,191,11,2,7,0,0.258819045102521,-0.9659258262890682,1.2246467991473532e-16,-1.0,0.9749279121818236,-0.22252093395631434,14.0,177.0,150.0,178.0,158.95833333333334,15.771408270681729,54.36249999999999,8.974592760531822
Islamabad,2026-07-08 12:00:00+00:00,33.4,44,996.3,3.17,75.2,91.7,512.0,11.5,13.4,194.0,200,12,2,7,0,1.2246467991473532e-16,-1.0,1.2246467991473532e-16,-1.0,0.9749279121818236,-0.22252093395631434,9.0,191.0,157.0,192.0,159.29166666666666,16.56470623807049,55.96666666666667,9.119909737666662
Islamabad,2026-07-08 13:00:00+00:00,32.4,48,997.1,2.65,73.6,88.0,617.0,20.4,12.4,169.0,201,13,2,7,0,-0.2588190451025208,-0.9659258262890683,1.2246467991473532e-16,-1.0,0.9749279121818236,-0.22252093395631434,1.0,200.0,177.0,195.0,159.54166666666666,17.161582897162486,57.429166666666674,9.010837878652628
Islamabad,2026-07-08 14:00:00+00:00,30.1,57,997.8,2.92,77.5,86.4,755.0,32.8,10.9,135.0,198,14,2,7,0,-0.4999999999999997,-0.8660254037844388,1.2246467991473532e-16,-1.0,0.9749279121818236,-0.22252093395631434,-3.0,201.0,191.0,185.0,160.08333333333334,18.175273855160828,58.800000000000004,9.46536018745507
Islamabad,2026-07-08 15:00:00+00:00,28.2,68,998.6,1.3,73.8,82.4,850.0,41.8,9.7,107.0,185,15,2,7,0,-0.7071067811865471,-0.7071067811865479,1.2246467991473532e-16,-1.0,0.9749279121818236,-0.22252093395631434,-13.0,198.0,200.0,163.0,161.0,18.870266466631744,59.75833333333333,9.779300084613729
Islamabad,2026-07-08 16:00:00+00:00,27.4,73,999.3,0.76,70.3,76.4,864.0,44.4,9.2,92.0,167,16,2,7,0,-0.8660254037844385,-0.5000000000000004,1.2246467991473532e-16,-1.0,0.9749279121818236,-0.22252093395631434,-18.0,185.0,201.0,150.0,161.70833333333334,18.758138330419023,60.237500000000004,10.009335316506256
Islamabad,2026-07-08 17:00:00+00:00,27.1,75,999.6,0.6,67.5,74.0,836.0,43.8,8.9,82.0,153,17,2,7,0,-0.9659258262890683,-0.25881904510252063,1.2246467991473532e-16,-1.0,0.9749279121818236,-0.22252093395631434,-14.0,167.0,198.0,150.0,161.83333333333334,18.68658357745065,60.4125,10.101498489785014
Islamabad,2026-07-08 18:00:00+00:00,26.8,73,1000.2,0.35,69.6,76.4,797.0,42.6,8.1,73.0,154,18,2,7,0,-1.0,-1.8369701987210297e-16,1.2246467991473532e-16,-1.0,0.9749279121818236,-0.22252093395631434,1.0,153.0,185.0,150.0,162.0,18.59406169815324,60.75,10.273266277090187
Islamabad,2026-07-08 19:00:00+00:00,25.9,75,1000.3,0.71,70.1,76.1,757.0,41.8,6.1,60.0,154,19,2,7,0,-0.9659258262890684,0.2588190451025203,1.2246467991473532e-16,-1.0,0.9749279121818236,-0.22252093395631434,0.0,154.0,167.0,151.0,162.125,18.526860641170106,61.24166666666667,10.432054142075128
Islamabad,2026-07-08 20:00:00+00:00,25.3,76,1000.1,0.66,76.1,81.5,706.0,40.6,3.6,48.0,154,20,2,7,0,-0.8660254037844386,0.5000000000000001,1.2246467991473532e-16,-1.0,0.9749279121818236,-0.22252093395631434,0.0,154.0,153.0,151.0,162.25,18.458531667071856,62.17083333333333,10.729296713718604
Islamabad,2026-07-08 21:00:00+00:00,25.0,78,1000.2,0.76,79.9,85.4,658.0,38.9,1.7,38.0,155,21,2,7,0,-0.7071067811865477,0.7071067811865474,1.2246467991473532e-16,-1.0,0.9749279121818236,-0.22252093395631434,1.0,154.0,154.0,151.0,162.41666666666666,18.370384168348256,63.4125,10.992737226875237
Islamabad,2026-07-08 22:00:00+00:00,24.9,78,999.7,0.7,80.1,85.7,593.0,36.8,0.3,29.0,156,22,2,7,0,-0.5000000000000004,0.8660254037844384,1.2246467991473532e-16,-1.0,0.9749279121818236,-0.22252093395631434,1.0,155.0,154.0,150.0,162.66666666666666,18.23438382899556,64.77916666666667,10.941265293917436
Islamabad,2026-07-08 23:00:00+00:00,24.9,78,999.7,0.55,78.9,84.3,531.0,34.2,0.0,24.0,157,23,2,7,0,-0.25881904510252157,0.9659258262890681,1.2246467991473532e-16,-1.0,0.9749279121818236,-0.22252093395631434,1.0,156.0,154.0,150.0,162.95833333333334,18.078281869753695,66.19583333333334,10.445322613148512
Islamabad,2026-07-09 00:00:00+00:00,24.6,85,999.5,0.78,87.8,94.1,533.0,55.6,3.0,9.0,158,0,3,7,0,0.0,1.0,1.2246467991473532e-16,-1.0,0.43388373911755823,-0.900968867902419,1.0,157.0,155.0,151.0,163.25,17.932845745215268,67.66666666666667,10.908021247514593
Islamabad,2026-07-09 01:00:00+00:00,25.0,85,999.6,0.96,86.6,91.5,675.0,49.0,6.4,39.0,159,1,3,7,0,0.25881904510252074,0.9659258262890683,1.2246467991473532e-16,-1.0,0.43388373911755823,-0.900968867902419,1.0,158.0,156.0,151.0,163.58333333333334,17.768845884241244,69.15833333333333,10.948969245377835
Islamabad,2026-07-09 02:00:00+00:00,26.9,71,999.8,0.68,83.4,87.1,882.0,39.5,11.2,82.0,160,2,3,7,0,0.49999999999999994,0.8660254037844387,1.2246467991473532e-16,-1.0,0.43388373911755823,-0.900968867902419,1.0,159.0,157.0,150.0,164.0,17.55240600378435,70.53750000000001,10.547565657740442
Islamabad,2026-07-09 03:00:00+00:00,28.5,65,999.6,1.19,62.2,72.6,997.0,30.4,15.4,124.0,161,3,3,7,0,0.7071067811865476,0.7071067811865476,1.2246467991473532e-16,-1.0,0.43388373911755823,-0.900968867902419,1.0,160.0,158.0,150.0,164.45833333333334,17.312923463139473,70.84166666666667,10.175713484937258
Islamabad,2026-07-09 04:00:00+00:00,30.2,60,999.3,1.99,56.2,70.5,927.0,22.0,18.5,166.0,161,4,3,7,0,0.8660254037844386,0.5000000000000001,1.2246467991473532e-16,-1.0,0.43388373911755823,-0.900968867902419,0.0,161.0,159.0,150.0,164.91666666666666,17.057235278973675,70.54583333333333,10.502462616667126
Islamabad,2026-07-09 05:00:00+00:00,31.7,53,998.8,2.26,59.6,75.9,765.0,13.8,21.0,208.0,161,5,3,7,0,0.9659258262890683,0.25881904510252074,1.2246467991473532e-16,-1.0,0.43388373911755823,-0.900968867902419,0.0,161.0,160.0,150.0,165.375,16.784600861709567,70.1875,10.730221947540322
Islamabad,2026-07-09 06:00:00+00:00,32.3,49,999.4,2.53,62.2,78.7,628.0,7.9,21.9,235.0,160,6,3,7,0,1.0,6.123233995736766e-17,1.2246467991473532e-16,-1.0,0.43388373911755823,-0.900968867902419,-1.0,161.0,161.0,150.0,165.79166666666666,16.5081775958516,69.7625,10.84021548398039
Islamabad,2026-07-09 07:00:00+00:00,33.1,46,999.2,2.66,61.9,79.6,554.0,5.2,20.0,239.0,160,7,3,7,0,0.9659258262890683,-0.25881904510252063,1.2246467991473532e-16,-1.0,0.43388373911755823,-0.900968867902419,0.0,160.0,161.0,150.0,166.20833333333334,16.21587833405493,69.55833333333332,10.94408383623273
Islamabad,2026-07-09 08:00:00+00:00,33.8,44,998.5,2.8,59.4,78.5,506.0,4.7,16.6,229.0,160,8,3,7,0,0.8660254037844387,-0.4999999999999998,1.2246467991473532e-16,-1.0,0.43388373911755823,-0.900968867902419,0.0,160.0,161.0,150.0,166.625,15.906827902287365,69.52083333333333,10.978674156376162
Islamabad,2026-07-09 09:00:00+00:00,34.2,42,998.1,2.78,56.7,76.8,488.0,5.0,13.9,218.0,160,9,3,7,0,0.7071067811865476,-0.7071067811865475,1.2246467991473532e-16,-1.0,0.43388373911755823,-0.900968867902419,0.0,160.0,160.0,157.0,166.75,15.839548741923501,69.55833333333334,10.93120450289243
Islamabad,2026-07-09 10:00:00+00:00,34.4,42,997.8,2.33,55.1,76.1,478.0,4.2,13.0,213.0,177,10,3,7,0,0.49999999999999994,-0.8660254037844387,1.2246467991473532e-16,-1.0,0.43388373911755823,-0.900968867902419,17.0,160.0,160.0,177.0,166.75,15.839548741923501,69.69583333333334,10.716767811184411
Islamabad,2026-07-09 11:00:00+00:00,34.4,43,997.3,2.15,52.7,74.0,499.0,4.2,12.8,208.0,198,11,3,7,0,0.258819045102521,-0.9659258262890682,1.2246467991473532e-16,-1.0,0.43388373911755823,-0.900968867902419,21.0,177.0,160.0,191.0,167.04166666666666,16.361352040086853,69.85000000000001,10.428847950047748
Islamabad,2026-07-09 12:00:00+00:00,34.2,44,997.1,2.33,45.2,63.3,627.0,9.2,12.0,184.0,205,12,3,7,0,1.2246467991473532e-16,-1.0,1.2246467991473532e-16,-1.0,0.43388373911755823,-0.900968867902419,7.0,198.0,160.0,200.0,167.25,16.824542115351857,68.60000000000001,11.502362706247995
Islamabad,2026-07-09 13:00:00+00:00,33.1,48,997.2,2.33,48.0,63.6,989.0,23.1,12.2,155.0,206,13,3,7,0,-0.2588190451025208,-0.9659258262890683,1.2246467991473532e-16,-1.0,0.43388373911755823,-0.900968867902419,1.0,205.0,177.0,201.0,167.45833333333334,17.285276888189937,67.53333333333333,12.1852607567562
Islamabad,2026-07-09 14:00:00+00:00,31.1,55,997.8,1.2,53.8,68.7,1458.0,42.5,12.4,114.0,202,14,3,7,0,-0.4999999999999997,-0.8660254037844388,1.2246467991473532e-16,-1.0,0.43388373911755823,-0.900968867902419,-4.0,206.0,198.0,198.0,167.625,17.608823134265865,66.54583333333333,12.302208326562459
Islamabad,2026-07-09 15:00:00+00:00,29.9,58,998.5,1.11,58.2,72.2,1731.0,58.3,12.5,79.0,186,15,3,7,0,-0.7071067811865471,-0.7071067811865479,1.2246467991473532e-16,-1.0,0.43388373911755823,-0.900968867902419,-16.0,202.0,205.0,185.0,167.66666666666666,17.652852132325272,65.89583333333333,12.314377569635178
Islamabad,2026-07-09 16:00:00+00:00,28.9,62,999.5,1.11,60.8,74.5,1633.0,68.8,12.3,55.0,161,16,3,7,0,-0.8660254037844385,-0.5000000000000004,1.2246467991473532e-16,-1.0,0.43388373911755823,-0.900968867902419,-25.0,186.0,206.0,167.0,167.41666666666666,17.705112665348885,65.5,12.319337926874136
Islamabad,2026-07-09 17:00:00+00:00,28.3,63,1000.3,1.39,63.6,75.9,1339.0,75.7,11.9,38.0,157,17,3,7,0,-0.9659258262890683,-0.25881904510252063,1.2246467991473532e-16,-1.0,0.43388373911755823,-0.900968867902419,-4.0,161.0,202.0,153.0,167.58333333333334,17.5818994538628,65.33749999999999,12.317531249684507
Islamabad,2026-07-09 18:00:00+00:00,29.2,58,1000.0,1.56,61.2,69.6,1068.0,75.0,11.2,33.0,157,18,3,7,0,-1.0,-1.8369701987210297e-16,1.2246467991473532e-16,-1.0,0.43388373911755823,-0.900968867902419,0.0,157.0,186.0,154.0,167.70833333333334,17.491561112287012,64.9875,12.310487310666657
Islamabad,2026-07-09 19:00:00+00:00,28.3,58,1000.3,2.06,54.1,59.8,892.0,60.9,9.9,50.0,157,19,3,7,0,-0.9659258262890684,0.2588190451025203,1.2246467991473532e-16,-1.0,0.43388373911755823,-0.900968867902419,0.0,157.0,161.0,154.0,167.83333333333334,17.399816757321023,64.32083333333334,12.453984142212908
Islamabad,2026-07-09 20:00:00+00:00,27.6,63,1000.8,1.97,44.0,48.3,741.0,39.2,8.2,79.0,156,20,3,7,0,-0.8660254037844386,0.5000000000000001,1.2246467991473532e-16,-1.0,0.43388373911755823,-0.900968867902419,-1.0,157.0,157.0,154.0,167.91666666666666,17.335353839872056,62.98333333333334,12.851312457646335
Islamabad,2026-07-09 21:00:00+00:00,26.2,73,1001.2,0.68,34.2,36.9,619.0,22.7,6.9,100.0,155,21,3,7,0,-0.7071067811865477,0.7071067811865474,1.2246467991473532e-16,-1.0,0.43388373911755823,-0.900968867902419,-1.0,156.0,157.0,155.0,167.91666666666666,17.335353839872056,61.07916666666666,13.599679637104769
Islamabad,2026-07-09 22:00:00+00:00,26.5,70,1000.7,1.16,29.8,32.6,520.0,16.9,5.9,99.0,154,22,3,7,0,-0.5000000000000004,0.8660254037844384,1.2246467991473532e-16,-1.0,0.43388373911755823,-0.900968867902419,-1.0,155.0,157.0,156.0,167.83333333333334,17.399816757321023,58.98333333333334,14.393617748295808
Islamabad,2026-07-09 23:00:00+00:00,26.4,72,1000.8,0.81,26.8,29.8,450.0,16.3,5.2,90.0,152,23,3,7,0,-0.25881904510252157,0.9659258262890681,1.2246467991473532e-16,-1.0,0.43388373911755823,-0.900968867902419,-2.0,154.0,156.0,157.0,167.625,17.564322781779904,56.8125,15.167250546174575
Islamabad,2026-07-10 00:00:00+00:00,26.8,80,1000.2,0.16,54.4,61.0,440.0,24.3,7.7,64.0,151,0,4,7,0,0.0,1.0,1.2246467991473532e-16,-1.0,-0.433883739117558,-0.9009688679024191,-1.0,152.0,155.0,158.0,167.33333333333334,17.787799107854607,55.42083333333333,13.65755020258868
Islamabad,2026-07-10 01:00:00+00:00,26.5,81,1000.3,0.74,50.8,56.0,536.0,24.7,8.6,83.0,150,1,4,7,0,0.25881904510252074,0.9659258262890683,1.2246467991473532e-16,-1.0,-0.433883739117558,-0.9009688679024191,-1.0,151.0,154.0,159.0,166.95833333333334,18.06384610850713,53.929166666666674,11.952750426308645
Islamabad,2026-07-10 02:00:00+00:00,27.1,78,1000.2,0.81,50.2,55.8,690.0,25.1,9.9,109.0,146,2,4,7,0,0.49999999999999994,0.8660254037844387,1.2246467991473532e-16,-1.0,-0.433883739117558,-0.9009688679024191,-4.0,150.0,152.0,160.0,166.375,18.518645128390162,52.54583333333333,10.184001911210277
Islamabad,2026-07-10 03:00:00+00:00,28.8,70,1000.5,1.01,48.9,63.1,790.0,23.6,11.5,135.0,143,3,4,7,0,0.7071067811865476,0.7071067811865476,1.2246467991473532e-16,-1.0,-0.433883739117558,-0.9009688679024191,-3.0,146.0,151.0,161.0,165.625,19.101132449923224,51.99166666666667,9.99595207926753
Islamabad,2026-07-10 04:00:00+00:00,30.2,64,1000.3,1.9,61.0,87.1,777.0,18.4,13.9,160.0,141,4,4,7,0,0.8660254037844386,0.5000000000000001,1.2246467991473532e-16,-1.0,-0.433883739117558,-0.9009688679024191,-2.0,143.0,150.0,161.0,164.79166666666666,19.737360659344667,52.19166666666666,10.130921957558616
Islamabad,2026-07-10 05:00:00+00:00,31.5,60,1000.0,2.25,66.6,99.9,710.0,11.4,16.7,185.0,142,5,4,7,0,0.9659258262890683,0.25881904510252074,1.2246467991473532e-16,-1.0,-0.433883739117558,-0.9009688679024191,1.0,141.0,146.0,161.0,164.0,20.26991774076394,52.48333333333333,10.449242396780017
Islamabad,2026-07-10 06:00:00+00:00,32.1,60,999.7,2.27,61.5,97.3,650.0,6.1,18.0,202.0,142,6,4,7,0,1.0,6.123233995736766e-17,1.2246467991473532e-16,-1.0,-0.433883739117558,-0.9009688679024191,0.0,142.0,143.0,160.0,163.25,20.751636918145866,52.45416666666666,10.421882462298706
Islamabad,2026-07-10 07:00:00+00:00,32.9,58,999.2,2.03,56.0,90.8,616.0,4.1,16.7,206.0,142,7,4,7,0,0.9659258262890683,-0.25881904510252063,1.2246467991473532e-16,-1.0,-0.433883739117558,-0.9009688679024191,0.0,142.0,141.0,160.0,162.5,21.19474914464179,52.208333333333336,10.257676517429775
Islamabad,2026-07-10 08:00:00+00:00,33.8,54,998.3,2.42,52.4,85.7,589.0,3.9,14.0,201.0,142,8,4,7,0,0.8660254037844387,-0.4999999999999998,1.2246467991473532e-16,-1.0,-0.433883739117558,-0.9009688679024191,0.0,142.0,142.0,160.0,161.75,21.601630373250885,51.916666666666664,10.1431779029559
Islamabad,2026-07-10 09:00:00+00:00,33.8,54,997.8,1.94,50.8,82.9,575.0,4.3,11.9,195.0,141,9,4,7,0,0.7071067811865476,-0.7071067811865475,1.2246467991473532e-16,-1.0,-0.433883739117558,-0.9009688679024191,-1.0,142.0,142.0,160.0,160.95833333333334,22.012800953014775,51.67083333333333,10.093582944953939
Islamabad,2026-07-10 10:00:00+00:00,34.1,53,997.5,2.07,48.5,79.4,567.0,4.4,11.1,190.0,160,10,4,7,0,0.49999999999999994,-0.8660254037844387,1.2246467991473532e-16,-1.0,-0.433883739117558,-0.9009688679024191,19.0,141.0,142.0,177.0,160.25,21.746064111644966,51.395833333333336,10.085998869145493
Islamabad,2026-07-10 11:00:00+00:00,32.4,61,997.5,2.61,46.9,76.6,573.0,5.2,10.8,182.0,173,11,4,7,0,0.258819045102521,-0.9659258262890682,1.2246467991473532e-16,-1.0,-0.433883739117558,-0.9009688679024191,13.0,160.0,142.0,198.0,159.20833333333334,20.417339533424425,51.15416666666667,10.122810194401675
Islamabad,2026-07-10 12:00:00+00:00,34.4,47,996.2,2.55,41.7,67.8,620.0,7.6,12.1,176.0,180,12,4,7,0,1.2246467991473532e-16,-1.0,1.2246467991473532e-16,-1.0,-0.433883739117558,-0.9009688679024191,7.0,173.0,141.0,205.0,158.16666666666666,18.530038284918025,51.00833333333333,10.236886273653163
Islamabad,2026-07-10 13:00:00+00:00,33.0,51,996.7,3.67,45.2,64.7,753.0,19.2,12.4,151.0,183,13,4,7,0,-0.2588190451025208,-0.9659258262890683,1.2246467991473532e-16,-1.0,-0.433883739117558,-0.9009688679024191,3.0,180.0,160.0,206.0,157.20833333333334,16.42368164695505,50.89166666666666,10.288487304482187
Islamabad,2026-07-10 14:00:00+00:00,30.9,60,997.3,2.21,48.1,64.0,928.0,35.3,12.9,117.0,177,14,4,7,0,-0.4999999999999997,-0.8660254037844388,1.2246467991473532e-16,-1.0,-0.433883739117558,-0.9009688679024191,-6.0,183.0,173.0,202.0,156.16666666666666,14.085659271095482,50.65416666666667,10.284220888106242
Islamabad,2026-07-10 15:00:00+00:00,29.6,65,997.9,1.35,52.2,67.1,1042.0,47.2,13.0,89.0,164,15,4,7,0,-0.7071067811865471,-0.7071067811865479,1.2246467991473532e-16,-1.0,-0.433883739117558,-0.9009688679024191,-13.0,177.0,180.0,186.0,155.25,12.708265027136838,50.40416666666667,10.165050061540356
Islamabad,2026-07-10 16:00:00+00:00,29.1,68,998.9,1.21,54.4,67.3,1053.0,51.8,12.7,74.0,143,16,4,7,0,-0.8660254037844385,-0.5000000000000004,1.2246467991473532e-16,-1.0,-0.433883739117558,-0.9009688679024191,-21.0,164.0,183.0,161.0,154.5,12.884098726723167,50.137499999999996,9.962399418509152
Islamabad,2026-07-10 17:00:00+00:00,28.6,71,999.4,1.23,53.1,63.6,1003.0,52.4,12.0,66.0,137,17,4,7,0,-0.9659258262890683,-0.25881904510252063,1.2246467991473532e-16,-1.0,-0.433883739117558,-0.9009688679024191,-6.0,143.0,177.0,157.0,153.66666666666666,13.353607773918629,49.70000000000001,9.568244580267821
Islamabad,2026-07-10 18:00:00+00:00,28.8,72,999.2,1.46,51.0,58.7,920.0,49.5,11.0,64.0,136,18,4,7,0,-1.0,-1.8369701987210297e-16,1.2246467991473532e-16,-1.0,-0.433883739117558,-0.9009688679024191,-1.0,137.0,164.0,157.0,152.79166666666666,13.806045199763805,49.275000000000006,9.256689707872061
Islamabad,2026-07-10 19:00:00+00:00,27.6,78,999.2,1.11,47.8,54.6,785.0,41.7,9.2,70.0,134,19,4,7,0,-0.9659258262890684,0.2588190451025203,1.2246467991473532e-16,-1.0,-0.433883739117558,-0.9009688679024191,-2.0,136.0,143.0,157.0,151.83333333333334,14.290972117316638,49.012499999999996,9.203086084475107
Islamabad,2026-07-10 20:00:00+00:00,27.5,78,999.1,0.65,44.6,51.1,616.0,30.6,7.0,82.0,134,20,4,7,0,-0.8660254037844386,0.5000000000000001,1.2246467991473532e-16,-1.0,-0.433883739117558,-0.9009688679024191,0.0,134.0,137.0,156.0,150.91666666666666,14.711476344399804,49.037499999999994,9.1896828965492
Islamabad,2026-07-10 21:00:00+00:00,27.1,77,998.3,1.03,35.9,41.1,493.0,21.6,5.3,92.0,134,21,4,7,0,-0.7071067811865477,0.7071067811865474,1.2246467991473532e-16,-1.0,-0.433883739117558,-0.9009688679024191,0.0,134.0,136.0,155.0,150.04166666666666,15.077997695075593,49.10833333333334,9.076195174222411
Islamabad,2026-07-10 22:00:00+00:00,25.8,83,999.0,2.58,31.4,37.3,443.0,16.9,4.3,96.0,134,22,4,7,0,-0.5000000000000004,0.8660254037844384,1.2246467991473532e-16,-1.0,-0.433883739117558,-0.9009688679024191,0.0,134.0,134.0,154.0,149.20833333333334,15.398981238652036,49.17499999999999,8.932950727259758
Islamabad,2026-07-10 23:00:00+00:00,25.0,91,997.9,2.27,32.2,39.6,439.0,14.4,3.8,97.0,134,23,4,7,0,-0.25881904510252157,0.9659258262890681,1.2246467991473532e-16,-1.0,-0.433883739117558,-0.9009688679024191,0.0,134.0,134.0,152.0,148.45833333333334,15.692643434774348,49.4,8.396790277035636
Islamabad,2026-07-11 00:00:00+00:00,24.6,93,998.6,1.3,30.6,37.3,473.0,11.6,3.6,104.0,135,0,5,7,1,0.0,1.0,1.2246467991473532e-16,-1.0,-0.9749279121818236,-0.2225209339563146,1.0,134.0,134.0,151.0,147.79166666666666,15.918212611771946,48.40833333333334,9.152044992034861
Islamabad,2026-07-11 01:00:00+00:00,24.5,95,998.7,0.67,18.3,22.6,579.0,13.6,4.2,109.0,132,1,5,7,1,0.25881904510252074,0.9659258262890683,1.2246467991473532e-16,-1.0,-0.9749279121818236,-0.2225209339563146,-3.0,135.0,134.0,150.0,147.04166666666666,16.2306183189195,47.05416666666667,11.000512998577957
Islamabad,2026-07-11 02:00:00+00:00,25.1,91,998.5,0.25,30.5,40.6,724.0,16.1,5.1,118.0,129,2,5,7,1,0.49999999999999994,0.8660254037844387,1.2246467991473532e-16,-1.0,-0.9749279121818236,-0.2225209339563146,-3.0,132.0,134.0,146.0,146.33333333333334,16.64375236398259,46.23333333333334,11.480102509263013
Islamabad,2026-07-11 03:00:00+00:00,26.9,80,998.9,0.27,30.4,42.0,804.0,16.8,6.4,129.0,127,3,5,7,1,0.7071067811865476,0.7071067811865476,1.2246467991473532e-16,-1.0,-0.9749279121818236,-0.2225209339563146,-2.0,129.0,135.0,143.0,145.66666666666666,17.097334312098575,45.4625,11.906440073228852
Islamabad,2026-07-11 04:00:00+00:00,28.3,72,999.1,1.03,30.3,44.1,756.0,13.8,8.7,146.0,125,4,5,7,1,0.8660254037844386,0.5000000000000001,1.2246467991473532e-16,-1.0,-0.9749279121818236,-0.2225209339563146,-2.0,127.0,132.0,141.0,145.0,17.59199422662248,44.18333333333334,11.813355252375981
Islamabad,2026-07-11 05:00:00+00:00,29.9,67,998.8,1.69,33.2,52.0,642.0,9.0,11.4,167.0,122,5,5,7,1,0.9659258262890683,0.25881904510252074,1.2246467991473532e-16,-1.0,-0.9749279121818236,-0.2225209339563146,-3.0,125.0,129.0,142.0,144.16666666666666,18.20336009753511,42.791666666666664,10.996873732295764
Islamabad,2026-07-11 06:00:00+00:00,29.7,68,999.2,2.53,36.6,59.8,547.0,5.4,13.3,183.0,118,6,5,7,1,1.0,6.123233995736766e-17,1.2246467991473532e-16,-1.0,-0.9749279121818236,-0.2225209339563146,-4.0,122.0,127.0,142.0,143.16666666666666,18.970610374233317,41.75416666666667,10.308121710011209
Islamabad,2026-07-11 07:00:00+00:00,30.1,68,999.0,2.84,37.7,59.8,500.0,4.2,13.8,194.0,116,7,5,7,1,0.9659258262890683,-0.25881904510252063,1.2246467991473532e-16,-1.0,-0.9749279121818236,-0.2225209339563146,-2.0,118.0,125.0,142.0,142.08333333333334,19.765839364850056,40.99166666666667,9.876318477381403
Islamabad,2026-07-11 08:00:00+00:00,29.5,71,998.5,1.59,38.2,58.7,472.0,4.1,13.5,200.0,114,8,5,7,1,0.8660254037844387,-0.4999999999999998,1.2246467991473532e-16,-1.0,-0.9749279121818236,-0.2225209339563146,-2.0,116.0,122.0,142.0,140.91666666666666,20.580524070451848,40.4,9.584180806888456
Islamabad,2026-07-11 09:00:00+00:00,31.1,65,997.5,2.0,38.3,57.6,460.0,4.7,13.2,202.0,132,9,5,7,1,0.7071067811865476,-0.7071067811865475,1.2246467991473532e-16,-1.0,-0.9749279121818236,-0.2225209339563146,18.0,114.0,118.0,141.0,140.54166666666666,20.660778146602894,39.87916666666667,9.330733657098396
Islamabad,2026-07-11 10:00:00+00:00,29.5,72,997.5,2.5,40.6,60.1,467.0,4.3,13.1,200.0,151,10,5,7,1,0.49999999999999994,-0.8660254037844387,1.2246467991473532e-16,-1.0,-0.9749279121818236,-0.2225209339563146,19.0,132.0,116.0,160.0,140.16666666666666,20.371904495004355,39.550000000000004,9.151003746322917
Islamabad,2026-07-11 11:00:00+00:00,30.2,68,996.9,2.18,38.1,56.9,491.0,4.6,12.9,194.0,164,11,5,7,1,0.258819045102521,-0.9659258262890682,1.2246467991473532e-16,-1.0,-0.9749279121818236,-0.2225209339563146,13.0,151.0,114.0,173.0,139.79166666666666,19.816504247209338,39.18333333333333,9.019045870035022
Islamabad,2026-07-11 12:00:00+00:00,30.7,61,996.7,2.82,35.3,50.4,520.0,9.1,8.1,154.0,174,12,5,7,1,1.2246467991473532e-16,-1.0,1.2246467991473532e-16,-1.0,-0.9749279121818236,-0.2225209339563146,10.0,164.0,132.0,180.0,139.54166666666666,19.318788256774816,38.916666666666664,9.035998858029894
Islamabad,2026-07-11 13:00:00+00:00,29.4,68,996.7,2.51,36.6,50.8,547.0,17.5,7.7,134.0,176,13,5,7,1,-0.2588190451025208,-0.9659258262890683,1.2246467991473532e-16,-1.0,-0.9749279121818236,-0.2225209339563146,2.0,174.0,151.0,183.0,139.25,18.676304447776673,38.55833333333333,8.946066255582622
Islamabad,2026-07-11 14:00:00+00:00,28.5,73,997.4,1.21,38.1,48.2,579.0,29.0,7.1,108.0,170,14,5,7,1,-0.4999999999999997,-0.8660254037844388,1.2246467991473532e-16,-1.0,-0.9749279121818236,-0.2225209339563146,-6.0,176.0,164.0,177.0,138.95833333333334,18.10711886588102,38.141666666666666,8.712156258163958
Islamabad,2026-07-11 15:00:00+00:00,27.7,77,998.0,1.08,35.9,43.5,632.0,36.8,6.5,87.0,158,15,5,7,1,-0.7071067811865471,-0.7071067811865479,1.2246467991473532e-16,-1.0,-0.9749279121818236,-0.2225209339563146,-12.0,170.0,174.0,164.0,138.70833333333334,17.784896295223092,37.4625,8.188157540805028
Islamabad,2026-07-11 16:00:00+00:00,27.5,78,998.8,0.38,34.6,41.3,742.0,37.7,5.8,79.0,139,16,5,7,1,-0.8660254037844385,-0.5000000000000004,1.2246467991473532e-16,-1.0,-0.9749279121818236,-0.2225209339563146,-19.0,158.0,176.0,143.0,138.54166666666666,17.761656715388867,36.6375,7.363352999232289
Islamabad,2026-07-11 17:00:00+00:00,27.2,79,999.0,0.25,32.6,37.3,871.0,35.0,5.1,78.0,113,17,5,7,1,-0.9659258262890683,-0.25881904510252063,1.2246467991473532e-16,-1.0,-0.9749279121818236,-0.2225209339563146,-26.0,139.0,170.0,137.0,137.54166666666666,18.511991804764463,35.78333333333334,6.510237200424877
Islamabad,2026-07-11 18:00:00+00:00,25.7,76,998.7,2.61,27.4,30.0,923.0,31.7,4.4,78.0,101,18,5,7,1,-1.0,-1.8369701987210297e-16,1.2246467991473532e-16,-1.0,-0.9749279121818236,-0.2225209339563146,-12.0,113.0,158.0,136.0,136.08333333333334,19.960649694632718,34.800000000000004,5.861962870545248
Islamabad,2026-07-11 19:00:00+00:00,21.9,93,1000.2,1.65,23.6,25.4,825.0,28.7,3.8,77.0,99,19,5,7,1,-0.9659258262890684,0.2588190451025203,1.2246467991473532e-16,-1.0,-0.9749279121818236,-0.2225209339563146,-2.0,101.0,139.0,134.0,134.625,21.34970216674353,33.791666666666664,5.604262094440923
Islamabad,2026-07-11 20:00:00+00:00,23.0,96,998.5,1.91,20.8,21.9,650.0,25.1,3.3,78.0,97,20,5,7,1,-0.8660254037844386,0.5000000000000001,1.2246467991473532e-16,-1.0,-0.9749279121818236,-0.2225209339563146,-2.0,99.0,113.0,134.0,133.08333333333334,22.690577754665878,32.800000000000004,5.713218844505818
Islamabad,2026-07-11 21:00:00+00:00,23.5,92,997.9,0.72,19.6,21.8,512.0,21.9,2.9,79.0,95,21,5,7,1,-0.7071067811865477,0.7071067811865474,1.2246467991473532e-16,-1.0,-0.9749279121818236,-0.2225209339563146,-2.0,97.0,101.0,134.0,131.45833333333334,23.981839445471334,32.12083333333333,6.270356703442383
Islamabad,2026-07-11 22:00:00+00:00,23.7,94,996.6,1.35,19.0,23.2,453.0,19.1,2.7,80.0,94,22,5,7,1,-0.5000000000000004,0.8660254037844384,1.2246467991473532e-16,-1.0,-0.9749279121818236,-0.2225209339563146,-1.0,95.0,99.0,134.0,129.79166666666666,25.158591179652475,31.604166666666668,6.819185158938208
Islamabad,2026-07-11 23:00:00+00:00,23.9,93,996.4,0.79,18.9,23.4,432.0,16.7,2.7,81.0,93,23,5,7,1,-0.25881904510252157,0.9659258262890681,1.2246467991473532e-16,-1.0,-0.9749279121818236,-0.2225209339563146,-1.0,94.0,97.0,134.0,128.08333333333334,26.22961596408054,31.05,7.2926407216900015
Islamabad,2026-07-12 00:00:00+00:00,24.4,93,995.8,0.18,34.1,34.1,444.0,41.9,4.2,27.0,92,0,6,7,1,0.0,1.0,1.2246467991473532e-16,-1.0,-0.7818314824680299,0.6234898018587334,-1.0,93.0,95.0,135.0,126.29166666666667,27.1877196809375,31.195833333333336,7.318201202520931
Islamabad,2026-07-12 01:00:00+00:00,24.6,92,996.2,0.16,33.6,33.9,517.0,37.9,4.6,41.0,92,1,6,7,1,0.25881904510252074,0.9659258262890683,1.2246467991473532e-16,-1.0,-0.7818314824680299,0.6234898018587334,0.0,92.0,94.0,132.0,124.625,28.035400757830015,31.833333333333332,6.793581796312417
Islamabad,2026-07-12 02:00:00+00:00,24.0,96,997.1,1.68,32.1,33.6,622.0,32.2,5.2,61.0,93,2,6,7,1,0.49999999999999994,0.8660254037844387,1.2246467991473532e-16,-1.0,-0.7818314824680299,0.6234898018587334,1.0,92.0,93.0,129.0,123.125,28.74522644680718,31.899999999999995,6.787776737892703
Islamabad,2026-07-12 03:00:00+00:00,24.5,91,997.9,0.29,29.9,37.6,672.0,26.2,6.5,84.0,93,3,6,7,1,0.7071067811865476,0.7071067811865476,1.2246467991473532e-16,-1.0,-0.7818314824680299,0.6234898018587334,0.0,93.0,92.0,127.0,121.70833333333333,29.376830809428025,31.879166666666666,6.793345795809921
Islamabad,2026-07-12 04:00:00+00:00,24.8,87,998.4,1.38,32.1,43.4,606.0,19.9,8.9,111.0,93,4,6,7,1,0.8660254037844386,0.5000000000000001,1.2246467991473532e-16,-1.0,-0.7818314824680299,0.6234898018587334,0.0,93.0,92.0,125.0,120.375,29.941700599374308,31.95416666666667,6.785084611735129
Islamabad,2026-07-12 05:00:00+00:00,25.7,81,998.2,2.09,26.6,37.4,484.0,13.4,11.9,140.0,93,5,6,7,1,0.9659258262890683,0.25881904510252074,1.2246467991473532e-16,-1.0,-0.7818314824680299,0.6234898018587334,0.0,93.0,93.0,122.0,119.16666666666667,30.454051871011885,31.679166666666664,6.8656662596142
Islamabad,2026-07-12 06:00:00+00:00,26.3,76,998.0,0.7,28.7,40.0,396.0,8.4,14.2,164.0,93,6,6,7,1,1.0,6.123233995736766e-17,1.2246467991473532e-16,-1.0,-0.7818314824680299,0.6234898018587334,0.0,93.0,93.0,118.0,118.125,30.91968909793576,31.349999999999998,6.808626242080475
Islamabad,2026-07-12 07:00:00+00:00,28.5,68,998.0,1.86,31.0,44.2,381.0,5.8,15.3,182.0,92,7,6,7,1,0.9659258262890683,-0.25881904510252063,1.2246467991473532e-16,-1.0,-0.7818314824680299,0.6234898018587334,-1.0,93.0,93.0,116.0,117.125,31.376136736725627,31.070833333333336,6.672948580172207
Islamabad,2026-07-12 08:00:00+00:00,27.0,74,998.5,1.63,32.9,47.3,401.0,4.8,15.7,195.0,92,8,6,7,1,0.8660254037844387,-0.4999999999999998,1.2246467991473532e-16,-1.0,-0.7818314824680299,0.6234898018587334,0.0,92.0,93.0,114.0,116.20833333333333,31.790043788235582,30.849999999999998,6.51252972954903
Islamabad,2026-07-12 09:00:00+00:00,27.6,73,998.3,0.68,35.2,50.5,426.0,4.5,15.5,202.0,91,9,6,7,1,0.7071067811865476,-0.7071067811865475,1.2246467991473532e-16,-1.0,-0.7818314824680299,0.6234898018587334,-1.0,92.0,93.0,132.0,114.5,32.005434321173055,30.720833333333335,6.387894745169288
Islamabad,2026-07-12 10:00:00+00:00,29.1,66,998.5,0.88,36.6,52.3,381.0,2.2,14.5,203.0,109,10,6,7,1,0.49999999999999994,-0.8660254037844387,1.2246467991473532e-16,-1.0,-0.7818314824680299,0.6234898018587334,18.0,91.0,92.0,151.0,112.75,31.057100287387353,30.55416666666667,6.167303629461591
Islamabad,2026-07-12 11:00:00+00:00,29.3,63,998.2,0.85,35.5,50.6,342.0,0.5,12.9,199.0,139,11,6,7,1,0.258819045102521,-0.9659258262890682,1.2246467991473532e-16,-1.0,-0.7818314824680299,0.6234898018587334,30.0,109.0,92.0,164.0,111.70833333333333,29.650836437598883,30.445833333333336,6.050726091295421
Islamabad,2026-07-12 12:00:00+00:00,29.7,62,997.9,1.3,25.1,44.7,510.0,6.2,6.7,149.0,160,12,6,7,1,1.2246467991473532e-16,-1.0,1.2246467991473532e-16,-1.0,-0.7818314824680299,0.6234898018587334,21.0,139.0,91.0,174.0,111.125,28.48693445744163,30.020833333333332,6.053168711449771
Islamabad,2026-07-12 13:00:00+00:00,29.1,66,998.4,0.56,28.2,44.9,1134.0,17.5,6.8,125.0,166,13,6,7,1,-0.2588190451025208,-0.9659258262890683,1.2246467991473532e-16,-1.0,-0.7818314824680299,0.6234898018587334,6.0,160.0,109.0,176.0,110.70833333333333,27.55465583111103,29.670833333333334,5.897050048571867
Islamabad,2026-07-12 14:00:00+00:00,28.1,75,998.5,0.51,33.4,50.8,1966.0,33.6,6.9,92.0,164,14,6,7,1,-0.4999999999999997,-0.8660254037844388,1.2246467991473532e-16,-1.0,-0.7818314824680299,0.6234898018587334,-2.0,166.0,139.0,170.0,110.45833333333333,27.015260046171786,29.474999999999998,5.678965766221187
Islamabad,2026-07-12 15:00:00+00:00,27.3,79,998.6,1.5,42.3,64.5,2463.0,48.7,7.3,63.0,152,15,6,7,1,-0.7071067811865471,-0.7071067811865479,1.2246467991473532e-16,-1.0,-0.7818314824680299,0.6234898018587334,-12.0,164.0,160.0,158.0,110.20833333333333,26.58044257600311,29.741666666666664,6.126415837542526
Islamabad,2026-07-12 16:00:00+00:00,26.6,79,999.2,1.0,50.8,75.0,2323.0,63.3,8.3,41.0,128,16,6,7,1,-0.8660254037844385,-0.5000000000000004,1.2246467991473532e-16,-1.0,-0.7818314824680299,0.6234898018587334,-24.0,152.0,166.0,139.0,109.75,26.15380926615475,30.416666666666668,7.4371959808768064
Islamabad,2026-07-12 17:00:00+00:00,25.6,85,999.8,0.67,56.6,80.1,1849.0,77.0,9.6,24.0,95,17,6,7,1,-0.9659258262890683,-0.25881904510252063,1.2246467991473532e-16,-1.0,-0.7818314824680299,0.6234898018587334,-33.0,128.0,164.0,113.0,109.0,26.314155555682632,31.416666666666668,9.157969523704505
Islamabad,2026-07-12 18:00:00+00:00,26.6,81,999.6,0.47,58.6,78.7,1402.0,83.1,10.0,13.0,92,18,6,7,1,-1.0,-1.8369701987210297e-16,1.2246467991473532e-16,-1.0,-0.7818314824680299,0.6234898018587334,-3.0,95.0,152.0,101.0,108.625,26.49661586266972,32.71666666666667,10.655093359175819
Islamabad,2026-07-12 19:00:00+00:00,26.0,83,999.6,0.43,50.4,61.9,1088.0,76.2,8.9,13.0,95,19,6,7,1,-0.9659258262890684,0.2588190451025203,1.2246467991473532e-16,-1.0,-0.7818314824680299,0.6234898018587334,3.0,92.0,128.0,99.0,108.45833333333333,26.57226269867705,33.833333333333336,11.054948396893131
Islamabad,2026-07-12 20:00:00+00:00,25.8,85,999.2,0.39,41.6,48.9,802.0,61.7,6.9,21.0,97,20,6,7,1,-0.8660254037844386,0.5000000000000001,1.2246467991473532e-16,-1.0,-0.7818314824680299,0.6234898018587334,2.0,95.0,95.0,97.0,108.45833333333333,26.57226269867705,34.699999999999996,10.801167408725007
Islamabad,2026-07-12 21:00:00+00:00,25.8,85,998.8,0.56,36.6,40.7,588.0,48.6,5.4,28.0,98,21,6,7,1,-0.7071067811865477,0.7071067811865474,1.2246467991473532e-16,-1.0,-0.7818314824680299,0.6234898018587334,1.0,97.0,92.0,95.0,108.58333333333333,26.513190591897583,35.40833333333333,10.3143174726947
Islamabad,2026-07-12 22:00:00+00:00,25.3,88,998.6,0.78,32.2,35.0,465.0,39.4,4.7,32.0,100,22,6,7,1,-0.5000000000000004,0.8660254037844384,1.2246467991473532e-16,-1.0,-0.7818314824680299,0.6234898018587334,2.0,98.0,95.0,94.0,108.83333333333333,26.397738155192624,35.958333333333336,9.737105929590008
Islamabad,2026-07-12 23:00:00+00:00,25.0,88,998.2,0.92,28.2,30.2,414.0,31.6,4.4,37.0,101,23,6,7,1,-0.25881904510252157,0.9659258262890681,1.2246467991473532e-16,-1.0,-0.7818314824680299,0.6234898018587334,1.0,100.0,97.0,93.0,109.16666666666667,26.23914544384317,36.34583333333334,9.19891199458158
Islamabad,2026-07-13 00:00:00+00:00,26.0,80,998.2,0.5,31.5,33.5,427.0,42.4,5.4,24.0,102,0,0,7,0,0.0,1.0,1.2246467991473532e-16,-1.0,0.0,1.0,1.0,101.0,98.0,92.0,109.58333333333333,26.033284158129916,36.237500000000004,9.241720736632978
Islamabad,2026-07-13 01:00:00+00:00,25.4,84,998.2,0.54,28.6,29.7,542.0,42.3,5.8,33.0,102,1,0,7,0,0.25881904510252074,0.9659258262890683,1.2246467991473532e-16,-1.0,0.0,1.0,0.0,102.0,100.0,92.0,110.0,25.818766346441514,36.02916666666666,9.359370062723956
Islamabad,2026-07-13 02:00:00+00:00,26.5,80,998.4,0.54,28.3,29.4,721.0,41.6,6.4,47.0,101,2,0,7,0,0.49999999999999994,0.8660254037844387,1.2246467991473532e-16,-1.0,0.0,1.0,-1.0,102.0,101.0,93.0,110.33333333333333,25.640773688839534,35.87083333333333,9.460328111171062
Islamabad,2026-07-13 03:00:00+00:00,27.9,75,998.8,0.22,26.1,27.9,841.0,38.0,7.6,72.0,101,3,0,7,0,0.7071067811865476,0.7071067811865476,1.2246467991473532e-16,-1.0,0.0,1.0,0.0,101.0,102.0,93.0,110.66666666666667,25.456982755512474,35.7125,9.59543879414448
Islamabad,2026-07-13 04:00:00+00:00,29.5,67,998.7,0.81,23.9,29.5,844.0,28.5,10.0,117.0,101,4,0,7,0,0.8660254037844386,0.5000000000000001,1.2246467991473532e-16,-1.0,0.0,1.0,0.0,101.0,102.0,93.0,111.0,25.267267018984505,35.37083333333333,9.87167573839705
Islamabad,2026-07-13 05:00:00+00:00,31.2,59,998.4,1.03,26.7,36.0,788.0,16.0,12.9,172.0,100,5,0,7,0,0.9659258262890683,0.25881904510252074,1.2246467991473532e-16,-1.0,0.0,1.0,-1.0,101.0,101.0,93.0,111.29166666666667,25.090235701088947,35.375,9.86783311749756
Islamabad,2026-07-13 06:00:00+00:00,31.8,53,998.6,1.08,29.1,39.6,723.0,6.8,14.8,212.0,100,6,0,7,0,1.0,6.123233995736766e-17,1.2246467991473532e-16,-1.0,0.0,1.0,0.0,100.0,101.0,93.0,111.58333333333333,24.908382850595707,35.391666666666666,9.856400113043545
Islamabad,2026-07-13 07:00:00+00:00,32.2,50,998.8,0.84,30.2,41.6,654.0,3.7,14.8,225.0,100,7,0,7,0,0.9659258262890683,-0.25881904510252063,1.2246467991473532e-16,-1.0,0.0,1.0,0.0,100.0,101.0,92.0,111.91666666666667,24.68746674919725,35.358333333333334,9.873236404616689
Islamabad,2026-07-13 08:00:00+00:00,30.8,52,998.7,1.6,31.5,45.6,577.0,3.8,13.7,223.0,100,8,0,7,0,0.8660254037844387,-0.4999999999999998,1.2246467991473532e-16,-1.0,0.0,1.0,0.0,100.0,100.0,92.0,112.25,24.459816203226428,35.300000000000004,9.892509243383792
Islamabad,2026-07-13 09:00:00+00:00,30.5,58,999.0,1.01,31.7,46.1,530.0,4.7,12.8,218.0,101,9,0,7,0,0.7071067811865476,-0.7071067811865475,1.2246467991473532e-16,-1.0,0.0,1.0,1.0,100.0,100.0,91.0,112.66666666666667,24.165492225334855,35.15416666666666,9.919807991070652
Islamabad,2026-07-13 10:00:00+00:00,31.5,51,998.5,0.85,31.8,47.1,424.0,2.1,12.3,217.0,140,10,0,7,0,0.49999999999999994,-0.8660254037844387,1.2246467991473532e-16,-1.0,0.0,1.0,39.0,101.0,100.0,109.0,113.95833333333333,24.781618655535215,34.954166666666666,9.937761937118418
Islamabad,2026-07-13 11:00:00+00:00,31.7,48,998.5,0.64,31.9,48.0,348.0,0.2,12.0,211.0,170,11,0,7,0,0.258819045102521,-0.9659258262890682,1.2246467991473532e-16,-1.0,0.0,1.0,30.0,140.0,100.0,139.0,115.25,26.863989149853435,34.80416666666667,9.956316726260884
Islamabad,2026-07-13 12:00:00+00:00,32.7,44,997.2,1.56,25.1,37.7,607.0,10.0,11.7,189.0,192,12,0,7,0,1.2246467991473532e-16,-1.0,1.2246467991473532e-16,-1.0,0.0,1.0,22.0,170.0,101.0,160.0,116.58333333333333,29.81379410341032,34.80416666666667,9.956316726260884
Islamabad,2026-07-13 13:00:00+00:00,31.9,51,997.7,0.61,32.5,44.2,1596.0,26.1,11.1,155.0,201,13,0,7,0,-0.2588190451025208,-0.9659258262890683,1.2246467991473532e-16,-1.0,0.0,1.0,9.0,192.0,140.0,166.0,118.04166666666667,33.019729499677126,34.983333333333334,9.870626898141671
Islamabad,2026-07-13 14:00:00+00:00,30.5,59,998.0,0.59,36.9,46.2,2920.0,48.2,10.2,108.0,200,14,0,7,0,-0.4999999999999997,-0.8660254037844388,1.2246467991473532e-16,-1.0,0.0,1.0,-1.0,201.0,170.0,164.0,119.54166666666667,35.89111451946342,35.12916666666667,9.872072121445099
Islamabad,2026-07-13 15:00:00+00:00,29.3,63,998.5,0.35,36.1,43.8,3698.0,64.5,9.4,70.0,184,15,0,7,0,-0.7071067811865471,-0.7071067811865479,1.2246467991473532e-16,-1.0,0.0,1.0,-16.0,200.0,192.0,152.0,120.875,37.69824410626594,34.87083333333333,9.75671359346612
Islamabad,2026-07-13 16:00:00+00:00,29.1,62,999.3,0.11,37.5,44.2,3408.0,70.1,8.8,51.0,159,16,0,7,0,-0.8660254037844385,-0.5000000000000004,1.2246467991473532e-16,-1.0,0.0,1.0,-25.0,184.0,201.0,128.0,122.16666666666667,38.47604185855675,34.31666666666667,9.17286483468286
Islamabad,2026-07-13 17:00:00+00:00,28.6,60,999.8,0.35,36.3,41.3,2572.0,69.8,8.3,41.0,126,17,0,7,0,-0.9659258262890683,-0.25881904510252063,1.2246467991473532e-16,-1.0,0.0,1.0,-33.0,159.0,200.0,95.0,123.45833333333333,38.042286730822404,33.47083333333333,7.872543325113952
Islamabad,2026-07-13 18:00:00+00:00,28.3,66,999.6,0.74,34.6,38.2,1877.0,66.2,7.6,36.0,96,18,0,7,0,-1.0,-1.8369701987210297e-16,1.2246467991473532e-16,-1.0,0.0,1.0,-30.0,126.0,184.0,92.0,123.625,37.90699430700442,32.47083333333334,5.790808246257746
Islamabad,2026-07-13 19:00:00+00:00,27.3,65,999.6,1.0,32.5,35.0,1587.0,58.7,6.5,36.0,94,19,0,7,0,-0.9659258262890684,0.2588190451025203,1.2246467991473532e-16,-1.0,0.0,1.0,-2.0,96.0,159.0,95.0,123.58333333333333,37.940361285743116,31.724999999999998,4.356229921667817
Islamabad,2026-07-13 20:00:00+00:00,26.8,66,999.6,1.06,29.9,32.4,1438.0,48.0,5.3,40.0,93,20,0,7,0,-0.8660254037844386,0.5000000000000001,1.2246467991473532e-16,-1.0,0.0,1.0,-1.0,94.0,126.0,97.0,123.41666666666667,38.07077695517883,31.237499999999997,3.825408474921237
Islamabad,2026-07-13 21:00:00+00:00,25.7,70,999.6,1.15,28.3,30.9,1322.0,38.7,4.3,43.0,92,21,0,7,0,-0.7071067811865477,0.7071067811865474,1.2246467991473532e-16,-1.0,0.0,1.0,-1.0,93.0,96.0,98.0,123.16666666666667,38.26414676346767,30.89166666666667,3.692403090090434
Islamabad,2026-07-13 22:00:00+00:00,25.2,73,999.7,0.76,27.0,29.6,1210.0,32.3,3.6,41.0,91,22,0,7,0,-0.5000000000000004,0.8660254037844384,1.2246467991473532e-16,-1.0,0.0,1.0,-1.0,92.0,94.0,100.0,122.79166666666667,38.54413525192649,30.675,3.7641616654279746
Islamabad,2026-07-13 23:00:00+00:00,25.4,69,999.8,1.37,25.2,27.7,1131.0,27.3,3.3,39.0,91,23,0,7,0,-0.25881904510252157,0.9659258262890681,1.2246467991473532e-16,-1.0,0.0,1.0,0.0,91.0,93.0,101.0,122.375,38.84284109521069,30.549999999999997,3.8973792755376726
Islamabad,2026-07-14 00:00:00+00:00,25.4,77,1000.0,1.27,27.0,32.4,1062.0,25.0,3.9,55.0,91,0,1,7,0,0.0,1.0,1.2246467991473532e-16,-1.0,0.7818314824680298,0.6234898018587336,0.0,91.0,92.0,102.0,121.91666666666667,39.15733777275005,30.362499999999997,3.957470920544556
Islamabad,2026-07-14 01:00:00+00:00,22.6,90,1002.0,2.17,25.8,31.1,995.0,24.7,4.6,68.0,90,1,1,7,0,0.25881904510252074,0.9659258262890683,1.2246467991473532e-16,-1.0,0.7818314824680298,0.6234898018587336,-1.0,91.0,91.0,102.0,121.41666666666667,39.49784437339448,30.245833333333337,4.051835780039099
Islamabad,2026-07-14 02:00:00+00:00,23.9,85,1001.5,1.74,26.8,33.3,938.0,24.0,5.7,88.0,90,2,1,7,0,0.49999999999999994,0.8660254037844387,1.2246467991473532e-16,-1.0,0.7818314824680298,0.6234898018587336,0.0,90.0,91.0,101.0,120.95833333333333,39.80766712982316,30.183333333333334,4.094499668608014
Islamabad,2026-07-14 03:00:00+00:00,26.3,74,1001.5,0.68,28.1,40.2,889.0,21.9,7.2,112.0,90,3,1,7,0,0.7071067811865476,0.7071067811865476,1.2246467991473532e-16,-1.0,0.7818314824680298,0.6234898018587336,0.0,90.0,91.0,101.0,120.5,40.10963236799379,30.266666666666666,4.027586035749152
Islamabad,2026-07-14 04:00:00+00:00,28.9,60,1001.0,0.42,27.5,41.0,856.0,17.1,9.8,143.0,90,4,1,7,0,0.8660254037844386,0.5000000000000001,1.2246467991473532e-16,-1.0,0.7818314824680298,0.6234898018587336,0.0,90.0,90.0,101.0,120.04166666666667,40.403916261611634,30.416666666666668,3.8429683575461167
Islamabad,2026-07-14 05:00:00+00:00,30.8,54,1000.8,1.5,26.3,39.1,832.0,10.8,12.9,178.0,90,5,1,7,0,0.9659258262890683,0.25881904510252074,1.2246467991473532e-16,-1.0,0.7818314824680298,0.6234898018587336,0.0,90.0,90.0,100.0,119.625,40.67026742196166,30.400000000000002,3.8606149543934327
Islamabad,2026-07-14 06:00:00+00:00,31.7,53,1001.2,1.9,25.9,37.8,795.0,6.2,14.8,204.0,90,6,1,7,0,1.0,6.123233995736766e-17,1.2246467991473532e-16,-1.0,0.7818314824680298,0.6234898018587336,0.0,90.0,90.0,100.0,119.20833333333333,40.93045976081685,30.266666666666666,3.9614080354323082
Islamabad,2026-07-14 07:00:00+00:00,32.5,51,1000.7,1.18,26.0,37.5,722.0,4.5,14.5,215.0,90,7,1,7,0,0.9659258262890683,-0.25881904510252063,1.2246467991473532e-16,-1.0,0.7818314824680298,0.6234898018587336,0.0,90.0,90.0,100.0,118.79166666666667,41.18461000724954,30.091666666666665,4.056119013203955
Islamabad,2026-07-14 08:00:00+00:00,33.3,48,1000.0,1.81,26.4,38.0,635.0,4.4,13.0,217.0,93,8,1,7,0,0.8660254037844387,-0.4999999999999998,1.2246467991473532e-16,-1.0,0.7818314824680298,0.6234898018587336,3.0,90.0,90.0,100.0,118.5,41.34794038296233,29.879166666666666,4.112333429074463
Islamabad,2026-07-14 09:00:00+00:00,33.7,46,999.8,2.24,26.5,37.8,580.0,4.8,11.7,216.0,127,9,1,7,0,0.7071067811865476,-0.7071067811865475,1.2246467991473532e-16,-1.0,0.7818314824680298,0.6234898018587336,34.0,93.0,90.0,101.0,119.58333333333333,41.20987288488487,29.662500000000005,4.149050441392183
Islamabad,2026-07-14 10:00:00+00:00,31.2,56,999.8,2.89,26.8,38.5,569.0,1.6,11.2,217.0,156,10,1,7,0,0.49999999999999994,-0.8660254037844387,1.2246467991473532e-16,-1.0,0.7818314824680298,0.6234898018587336,29.0,127.0,90.0,140.0,120.25,41.68124382688795,29.454166666666666,4.16256392212737
Islamabad,2026-07-14 11:00:00+00:00,31.0,54,1000.1,1.87,26.5,38.9,590.0,0.0,10.9,214.0,177,11,1,7,0,0.258819045102521,-0.9659258262890682,1.2246467991473532e-16,-1.0,0.7818314824680298,0.6234898018587336,21.0,156.0,93.0,170.0,120.54166666666667,42.06721243817807,29.229166666666668,4.170546744124423
Islamabad,2026-07-14 12:00:00+00:00,33.4,39,999.2,1.49,21.0,30.6,653.0,8.2,11.0,189.0,193,12,1,7,0,1.2246467991473532e-16,-1.0,1.2246467991473532e-16,-1.0,0.7818314824680298,0.6234898018587336,16.0,177.0,127.0,192.0,120.58333333333333,42.141497328659455,29.058333333333334,4.423348787146784
Islamabad,2026-07-14 13:00:00+00:00,32.1,45,999.7,2.45,24.0,33.4,786.0,31.8,11.2,148.0,200,13,1,7,0,-0.2588190451025208,-0.9659258262890683,1.2246467991473532e-16,-1.0,0.7818314824680298,0.6234898018587336,7.0,193.0,156.0,201.0,120.54166666666667,42.05894328374038,28.704166666666666,4.475778209396603
Islamabad,2026-07-14 14:00:00+00:00,29.6,59,1000.5,2.13,34.6,41.1,961.0,64.4,11.6,90.0,196,14,1,7,0,-0.4999999999999997,-0.8660254037844388,1.2246467991473532e-16,-1.0,0.7818314824680298,0.6234898018587336,-4.0,200.0,177.0,200.0,120.375,41.73707818777132,28.608333333333334,4.314376035965046
Islamabad,2026-07-14 15:00:00+00:00,28.2,68,1001.3,1.14,41.0,48.2,1108.0,89.2,11.6,45.0,178,15,1,7,0,-0.7071067811865471,-0.7071067811865479,1.2246467991473532e-16,-1.0,0.7818314824680298,0.6234898018587336,-18.0,196.0,193.0,184.0,120.125,41.35562892132368,28.8125,4.775600349238982
Islamabad,2026-07-14 16:00:00+00:00,27.7,71,1001.8,0.97,48.8,57.2,1221.0,99.9,11.3,22.0,151,16,1,7,0,-0.8660254037844385,-0.5000000000000004,1.2246467991473532e-16,-1.0,0.7818314824680298,0.6234898018587336,-27.0,178.0,200.0,159.0,119.79166666666667,41.059849389446384,29.28333333333333,6.055013493444617
Islamabad,2026-07-14 17:00:00+00:00,27.5,73,1002.0,1.01,57.0,65.4,1306.0,102.7,10.7,11.0,109,17,1,7,0,-0.9659258262890683,-0.25881904510252063,1.2246467991473532e-16,-1.0,0.7818314824680298,0.6234898018587336,-42.0,151.0,196.0,126.0,119.08333333333333,41.09471209679907,30.145833333333332,8.19432354778577
Islamabad,2026-07-14 18:00:00+00:00,27.4,71,1002.2,1.28,56.7,61.9,1312.0,99.4,9.8,7.0,90,18,1,7,0,-1.0,-1.8369701987210297e-16,1.2246467991473532e-16,-1.0,0.7818314824680298,0.6234898018587336,-19.0,109.0,178.0,96.0,118.83333333333333,41.259166746065944,31.066666666666666,9.800872484083985
Islamabad,2026-07-14 19:00:00+00:00,26.5,75,1001.9,1.19,50.8,54.2,1189.0,87.7,8.2,11.0,92,19,1,7,0,-0.9659258262890684,0.2588190451025203,1.2246467991473532e-16,-1.0,0.7818314824680298,0.6234898018587336,2.0,90.0,151.0,94.0,118.75,41.31348869105647,31.829166666666666,10.596778803697468
Islamabad,2026-07-14 20:00:00+00:00,26.0,78,1002.2,0.65,45.3,47.8,988.0,69.8,6.3,21.0,93,20,1,7,0,-0.8660254037844386,0.5000000000000001,1.2246467991473532e-16,-1.0,0.7818314824680298,0.6234898018587336,1.0,92.0,109.0,93.0,118.75,41.31348869105647,32.47083333333333,10.935720455647042
Islamabad,2026-07-14 21:00:00+00:00,25.7,79,1002.1,0.66,41.2,43.5,808.0,54.0,4.7,30.0,94,21,1,7,0,-0.7071067811865477,0.7071067811865474,1.2246467991473532e-16,-1.0,0.7818314824680298,0.6234898018587336,1.0,93.0,90.0,92.0,118.83333333333333,41.259166746065944,33.00833333333333,11.038348831575101
Islamabad,2026-07-14 22:00:00+00:00,25.3,81,1001.7,0.65,37.5,39.7,668.0,42.8,3.6,33.0,95,22,1,7,0,-0.5000000000000004,0.8660254037844384,1.2246467991473532e-16,-1.0,0.7818314824680298,0.6234898018587336,1.0,94.0,92.0,91.0,119.0,41.149779438364554,33.44583333333333,10.997864581923073
Islamabad,2026-07-14 23:00:00+00:00,25.0,81,1001.7,1.02,34.0,36.0,548.0,33.7,2.9,34.0,96,23,1,7,0,-0.25881904510252157,0.9659258262890681,1.2246467991473532e-16,-1.0,0.7818314824680298,0.6234898018587336,1.0,95.0,93.0,91.0,119.20833333333333,41.01429142932057,33.8125,10.856787598388433
Islamabad,2026-07-15 00:00:00+00:00,25.4,76,1001.9,0.61,38.4,41.2,493.0,34.1,3.5,37.0,97,0,2,7,0,0.0,1.0,1.2246467991473532e-16,-1.0,0.9749279121818236,-0.22252093395631434,1.0,96.0,94.0,91.0,119.45833333333333,40.8528421305653,34.2875,10.794979207342442
Islamabad,2026-07-15 01:00:00+00:00,25.6,76,1002.1,1.1,36.0,38.5,555.0,32.1,4.6,63.0,98,1,2,7,0,0.25881904510252074,0.9659258262890683,1.2246467991473532e-16,-1.0,0.9749279121818236,-0.22252093395631434,1.0,97.0,95.0,90.0,119.79166666666667,40.634082039445275,34.7125,10.646057139086507
Islamabad,2026-07-15 02:00:00+00:00,27.4,69,1002.1,0.75,33.6,36.4,682.0,29.1,6.3,99.0,99,2,2,7,0,0.49999999999999994,0.8660254037844387,1.2246467991473532e-16,-1.0,0.9749279121818236,-0.22252093395631434,1.0,98.0,96.0,90.0,120.16666666666667,40.3879735292211,34.99583333333333,10.516011773632982
Islamabad,2026-07-15 03:00:00+00:00,29.4,57,1002.5,0.4,27.8,36.2,758.0,25.0,8.8,134.0,99,3,2,7,0,0.7071067811865476,0.7071067811865476,1.2246467991473532e-16,-1.0,0.9749279121818236,-0.22252093395631434,0.0,99.0,97.0,90.0,120.54166666666667,40.13670028969609,34.983333333333334,10.524739660796143
Islamabad,2026-07-15 04:00:00+00:00,30.7,52,1002.5,1.1,29.4,42.0,724.0,18.9,13.0,165.0,99,4,2,7,0,0.8660254037844386,0.5000000000000001,1.2246467991473532e-16,-1.0,0.9749279121818236,-0.22252093395631434,0.0,99.0,98.0,90.0,120.91666666666667,39.88016469664896,35.0625,10.473021759865096
Islamabad,2026-07-15 05:00:00+00:00,32.0,49,1002.6,1.85,32.2,46.3,641.0,11.8,17.9,193.0,99,5,2,7,0,0.9659258262890683,0.25881904510252074,1.2246467991473532e-16,-1.0,0.9749279121818236,-0.22252093395631434,0.0,99.0,99.0,90.0,121.29166666666667,39.61826452607349,35.30833333333333,10.326618903155746
Islamabad,2026-07-15 06:00:00+00:00,32.3,49,1003.2,1.63,34.9,50.8,572.0,6.5,20.8,213.0,100,6,2,7,0,1.0,6.123233995736766e-17,1.2246467991473532e-16,-1.0,0.9749279121818236,-0.22252093395631434,1.0,99.0,99.0,90.0,121.70833333333333,39.32637036133723,35.68333333333334,10.131683694862996
Islamabad,2026-07-15 07:00:00+00:00,32.9,49,1002.5,2.27,36.2,53.0,539.0,4.4,19.8,220.0,100,7,2,7,0,0.9659258262890683,-0.25881904510252063,1.2246467991473532e-16,-1.0,0.9749279121818236,-0.22252093395631434,0.0,100.0,99.0,90.0,122.125,39.02765184706369,36.108333333333334,9.919542269710773
Islamabad,2026-07-15 08:00:00+00:00,33.2,49,1002.1,2.6,36.1,53.0,521.0,4.2,16.7,219.0,106,8,2,7,0,0.8660254037844387,-0.4999999999999998,1.2246467991473532e-16,-1.0,0.9749279121818236,-0.22252093395631434,6.0,100.0,99.0,93.0,122.66666666666667,38.6946425531856,36.512499999999996,9.702008420492293
Islamabad,2026-07-15 09:00:00+00:00,33.2,49,1001.9,2.37,36.4,54.2,521.0,4.9,14.2,215.0,144,9,2,7,0,0.7071067811865476,-0.7071067811865475,1.2246467991473532e-16,-1.0,0.9749279121818236,-0.22252093395631434,38.0,106.0,100.0,127.0,123.375,38.93228513826176,36.925,9.465371670968034
Islamabad,2026-07-15 10:00:00+00:00,32.2,53,1001.7,1.35,35.3,53.4,507.0,4.7,13.4,212.0,170,10,2,7,0,0.49999999999999994,-0.8660254037844387,1.2246467991473532e-16,-1.0,0.9749279121818236,-0.22252093395631434,26.0,144.0,100.0,156.0,123.95833333333333,39.54246937228291,37.27916666666667,9.226049093954407
Islamabad,2026-07-15 11:00:00+00:00,32.4,51,1001.5,2.01,35.6,55.1,512.0,5.3,13.3,206.0,188,11,2,7,0,0.258819045102521,-0.9659258262890682,1.2246467991473532e-16,-1.0,0.9749279121818236,-0.22252093395631434,18.0,170.0,106.0,177.0,124.41666666666667,40.24157126617915,37.65833333333333,8.946552246617028
Islamabad,2026-07-15 12:00:00+00:00,30.1,58,1002.2,4.81,34.5,47.7,637.0,11.8,10.7,182.0,199,12,2,7,0,1.2246467991473532e-16,-1.0,1.2246467991473532e-16,-1.0,0.9749279121818236,-0.22252093395631434,11.0,188.0,144.0,193.0,124.66666666666667,40.70217029430528,38.22083333333333,8.251006745775902
Islamabad,2026-07-15 13:00:00+00:00,28.0,71,1002.1,3.01,38.6,46.0,988.0,29.4,10.5,148.0,201,13,2,7,0,-0.2588190451025208,-0.9659258262890683,1.2246467991473532e-16,-1.0,0.9749279121818236,-0.22252093395631434,2.0,199.0,170.0,200.0,124.70833333333333,40.78307317957997,38.829166666666666,7.675057239082145
Islamabad,2026-07-15 14:00:00+00:00,28.0,75,1002.5,1.81,41.4,46.8,1460.0,53.7,10.2,101.0,195,14,2,7,0,-0.4999999999999997,-0.8660254037844388,1.2246467991473532e-16,-1.0,0.9749279121818236,-0.22252093395631434,-6.0,201.0,188.0,196.0,124.66666666666667,40.70751096880431,39.1125,7.637568045665631
Islamabad,2026-07-15 15:00:00+00:00,27.9,75,1002.8,1.35,45.3,50.1,1841.0,71.9,9.7,63.0,177,15,2,7,0,-0.7071067811865471,-0.7071067811865479,1.2246467991473532e-16,-1.0,0.9749279121818236,-0.22252093395631434,-18.0,195.0,199.0,178.0,124.625,40.651020095227246,39.291666666666664,7.733603506025157
Islamabad,2026-07-15 16:00:00+00:00,27.6,76,1003.3,1.07,47.0,51.0,2077.0,79.1,8.9,42.0,152,16,2,7,0,-0.8660254037844385,-0.5000000000000004,1.2246467991473532e-16,-1.0,0.9749279121818236,-0.22252093395631434,-25.0,177.0,201.0,151.0,124.66666666666667,40.679731804795686,39.21666666666667,7.645610657026644
Islamabad,2026-07-15 17:00:00+00:00,27.1,78,1003.6,0.95,49.6,52.4,2222.0,80.2,8.0,30.0,115,17,2,7,0,-0.9659258262890683,-0.25881904510252063,1.2246467991473532e-16,-1.0,0.9749279121818236,-0.22252093395631434,-37.0,152.0,195.0,109.0,124.91666666666667,40.5976189778,38.90833333333334,7.0209572409828125
Islamabad,2026-07-15 18:00:00+00:00,27.1,78,1003.4,1.06,51.9,54.0,2227.0,77.5,7.0,24.0,109,18,2,7,0,-1.0,-1.8369701987210297e-16,1.2246467991473532e-16,-1.0,0.9749279121818236,-0.22252093395631434,-6.0,115.0,177.0,90.0,125.70833333333333,40.06893968569909,38.708333333333336,6.544291682312705
Islamabad,2026-07-15 19:00:00+00:00,26.4,82,1003.5,1.1,51.5,53.0,2018.0,70.3,5.8,23.0,108,19,2,7,0,-0.9659258262890684,0.2588190451025203,1.2246467991473532e-16,-1.0,0.9749279121818236,-0.22252093395631434,-1.0,109.0,152.0,92.0,126.375,39.6142404127382,38.737500000000004,6.601831926261645
Islamabad,2026-07-15 20:00:00+00:00,26.2,82,1003.5,0.95,49.5,50.9,1669.0,59.4,4.6,27.0,108,20,2,7,0,-0.8660254037844386,0.5000000000000001,1.2246467991473532e-16,-1.0,0.9749279121818236,-0.22252093395631434,0.0,108.0,115.0,93.0,127.0,39.18074061043982,38.9125,6.83490482106681
Islamabad,2026-07-15 21:00:00+00:00,26.0,82,1003.5,0.86,47.0,48.9,1356.0,48.9,3.7,33.0,109,21,2,7,0,-0.7071067811865477,0.7071067811865474,1.2246467991473532e-16,-1.0,0.9749279121818236,-0.22252093395631434,1.0,108.0,109.0,94.0,127.625,38.74870264307823,39.15416666666667,7.019350841201975
Islamabad,2026-07-15 22:00:00+00:00,25.8,82,1003.3,0.8,44.5,46.6,1122.0,39.5,3.3,38.0,109,22,2,7,0,-0.5000000000000004,0.8660254037844384,1.2246467991473532e-16,-1.0,0.9749279121818236,-0.22252093395631434,0.0,109.0,108.0,95.0,128.20833333333334,38.33942138170602,39.44583333333333,7.0926771278959615
Islamabad,2026-07-15 23:00:00+00:00,25.6,81,1003.4,0.8,41.8,43.9,924.0,30.6,3.3,43.0,110,23,2,7,0,-0.25881904510252157,0.9659258262890681,1.2246467991473532e-16,-1.0,0.9749279121818236,-0.22252093395631434,1.0,109.0,108.0,96.0,128.79166666666666,37.93241033236811,39.770833333333336,7.010518753159753
Islamabad,2026-07-16 00:00:00+00:00,26.3,74,1003.5,0.62,46.4,48.8,802.0,35.4,3.6,34.0,111,0,3,7,0,0.0,1.0,1.2246467991473532e-16,-1.0,0.43388373911755823,-0.900968867902419,1.0,110.0,109.0,97.0,129.375,37.52774336060041,40.104166666666664,7.13164894443532
Islamabad,2026-07-16 01:00:00+00:00,26.4,77,1003.8,1.12,45.9,48.9,812.0,33.4,5.3,62.0,112,1,3,7,0,0.25881904510252074,0.9659258262890683,1.2246467991473532e-16,-1.0,0.43388373911755823,-0.900968867902419,1.0,111.0,109.0,98.0,129.95833333333334,37.12549711763927,40.51666666666667,7.170147452650633
Islamabad,2026-07-16 02:00:00+00:00,28.1,68,1003.8,0.86,44.6,47.8,898.0,30.5,7.8,102.0,113,2,3,7,0,0.49999999999999994,0.8660254037844387,1.2246467991473532e-16,-1.0,0.43388373911755823,-0.900968867902419,1.0,112.0,110.0,99.0,130.54166666666666,36.72575114414145,40.975,7.059514086000075
Islamabad,2026-07-16 03:00:00+00:00,30.0,59,1003.8,0.15,35.4,43.1,938.0,26.3,10.6,139.0,114,3,3,7,0,0.7071067811865476,0.7071067811865476,1.2246467991473532e-16,-1.0,0.43388373911755823,-0.900968867902419,1.0,113.0,111.0,99.0,131.16666666666666,36.29069429969039,41.291666666666664,6.598215612979087
Islamabad,2026-07-16 04:00:00+00:00,31.4,56,1003.3,1.01,38.2,51.3,875.0,19.9,14.4,170.0,114,4,3,7,0,0.8660254037844386,0.5000000000000001,1.2246467991473532e-16,-1.0,0.43388373911755823,-0.900968867902419,0.0,114.0,112.0,99.0,131.79166666666666,35.838986746481126,41.65833333333333,6.137051881571483
Islamabad,2026-07-16 05:00:00+00:00,32.8,53,1002.9,1.68,41.7,60.5,765.0,12.3,18.5,199.0,115,5,3,7,0,0.9659258262890683,0.25881904510252074,1.2246467991473532e-16,-1.0,0.43388373911755823,-0.900968867902419,1.0,114.0,113.0,99.0,132.45833333333334,35.34793415852359,42.05416666666667,5.797449151710196
Islamabad,2026-07-16 06:00:00+00:00,33.8,50,1003.1,2.26,44.9,70.8,660.0,6.6,20.4,216.0,116,6,3,7,0,1.0,6.123233995736766e-17,1.2246467991473532e-16,-1.0,0.43388373911755823,-0.900968867902419,1.0,115.0,114.0,100.0,133.125,34.85661623927558,42.47083333333333,5.617478868725567
Islamabad,2026-07-16 07:00:00+00:00,34.3,48,1002.6,2.65,45.4,74.5,565.0,4.4,18.4,217.0,117,7,3,7,0,0.9659258262890683,-0.25881904510252063,1.2246467991473532e-16,-1.0,0.43388373911755823,-0.900968867902419,1.0,116.0,114.0,100.0,133.83333333333334,34.3228491098051,42.854166666666664,5.483253490454207
Islamabad,2026-07-16 08:00:00+00:00,34.8,46,1002.1,1.91,44.2,73.8,474.0,4.1,14.3,206.0,118,8,3,7,0,0.8660254037844387,-0.4999999999999998,1.2246467991473532e-16,-1.0,0.43388373911755823,-0.900968867902419,1.0,117.0,115.0,106.0,134.33333333333334,33.98550415623665,43.19166666666666,5.295520392924813
Islamabad,2026-07-16 09:00:00+00:00,35.0,46,1001.5,1.75,42.3,71.5,418.0,4.4,11.0,195.0,145,9,3,7,0,0.7071067811865476,-0.7071067811865475,1.2246467991473532e-16,-1.0,0.43388373911755823,-0.900968867902419,27.0,118.0,116.0,144.0,134.375,33.998481423887014,43.4375,5.099856136078168
Islamabad,2026-07-16 10:00:00+00:00,34.9,47,1001.0,2.23,40.9,69.8,366.0,1.6,9.6,190.0,168,10,3,7,0,0.49999999999999994,-0.8660254037844387,1.2246467991473532e-16,-1.0,0.43388373911755823,-0.900968867902419,23.0,145.0,117.0,170.0,134.29166666666666,33.90969999311619,43.67083333333333,4.83245181866396
Islamabad,2026-07-16 11:00:00+00:00,34.8,46,1000.6,2.26,39.6,69.2,349.0,0.0,9.1,184.0,182,11,3,7,0,0.258819045102521,-0.9659258262890682,1.2246467991473532e-16,-1.0,0.43388373911755823,-0.900968867902419,14.0,168.0,118.0,188.0,134.04166666666666,33.51635443321229,43.837500000000006,4.6056498856907995
Islamabad,2026-07-16 12:00:00+00:00,34.6,49,1000.2,1.24,36.9,67.1,497.0,7.4,9.4,166.0,189,12,3,7,0,1.2246467991473532e-16,-1.0,1.2246467991473532e-16,-1.0,0.43388373911755823,-0.900968867902419,7.0,182.0,145.0,199.0,133.625,32.726551512693774,43.9375,4.41625579166218
Islamabad,2026-07-16 13:00:00+00:00,33.6,54,1000.1,1.46,40.4,66.6,963.0,37.4,10.3,123.0,188,13,3,7,0,-0.2588190451025208,-0.9659258262890683,1.2246467991473532e-16,-1.0,0.43388373911755823,-0.900968867902419,-1.0,189.0,168.0,201.0,133.08333333333334,31.65289555635322,44.012499999999996,4.336228826386017
Islamabad,2026-07-16 14:00:00+00:00,32.3,58,1000.3,1.2,48.4,71.9,1593.0,78.4,11.6,63.0,176,14,3,7,0,-0.4999999999999997,-0.8660254037844388,1.2246467991473532e-16,-1.0,0.43388373911755823,-0.900968867902419,-12.0,188.0,182.0,195.0,132.29166666666666,30.243187039708577,44.30416666666667,4.387975582218221
Islamabad,2026-07-16 15:00:00+00:00,31.3,62,1000.4,0.67,59.4,83.4,2061.0,107.2,12.4,19.0,152,15,3,7,0,-0.7071067811865471,-0.7071067811865479,1.2246467991473532e-16,-1.0,0.43388373911755823,-0.900968867902419,-24.0,176.0,189.0,177.0,131.25,29.04307146291446,44.89166666666666,5.36274724101489
Islamabad,2026-07-16 16:00:00+00:00,31.0,59,1000.8,0.63,61.7,84.5,2242.0,113.3,12.4,5.0,123,16,3,7,0,-0.8660254037844385,-0.5000000000000004,1.2246467991473532e-16,-1.0,0.43388373911755823,-0.900968867902419,-29.0,152.0,188.0,152.0,130.04166666666666,28.74396597044503,45.50416666666666,6.3606452480084705
Islamabad,2026-07-16 17:00:00+00:00,30.5,62,1001.1,0.81,63.3,84.5,2260.0,107.1,12.0,6.0,125,17,3,7,0,-0.9659258262890683,-0.25881904510252063,1.2246467991473532e-16,-1.0,0.43388373911755823,-0.900968867902419,2.0,123.0,176.0,115.0,130.45833333333334,28.58850356755038,46.074999999999996,7.290926463464731
Islamabad,2026-07-16 18:00:00+00:00,30.6,61,1000.7,0.99,63.3,80.6,2162.0,96.4,11.3,13.0,126,18,3,7,0,-1.0,-1.8369701987210297e-16,1.2246467991473532e-16,-1.0,0.43388373911755823,-0.900968867902419,1.0,125.0,152.0,109.0,131.16666666666666,28.242223503218607,46.550000000000004,8.021655472640122
Islamabad,2026-07-16 19:00:00+00:00,30.1,62,1000.5,0.54,59.1,73.1,1919.0,81.2,10.3,25.0,128,19,3,7,0,-0.9659258262890684,0.2588190451025203,1.2246467991473532e-16,-1.0,0.43388373911755823,-0.900968867902419,2.0,126.0,123.0,108.0,132.0,27.820855486486327,46.86666666666667,8.368089837963616
Islamabad,2026-07-16 20:00:00+00:00,29.8,62,1000.4,0.29,55.4,68.2,1560.0,61.6,9.1,42.0,128,20,3,7,0,-0.8660254037844386,0.5000000000000001,1.2246467991473532e-16,-1.0,0.43388373911755823,-0.900968867902419,0.0,128.0,125.0,108.0,132.83333333333334,27.366540450554584,47.112500000000004,8.533836106678532
Islamabad,2026-07-16 21:00:00+00:00,28.9,63,1000.4,0.93,52.5,64.7,1221.0,45.3,8.2,57.0,129,21,3,7,0,-0.7071067811865477,0.7071067811865474,1.2246467991473532e-16,-1.0,0.43388373911755823,-0.900968867902419,1.0,128.0,126.0,109.0,133.66666666666666,26.909941054119532,47.34166666666667,8.604241454915753
Islamabad,2026-07-16 22:00:00+00:00,28.4,67,1000.6,0.74,49.4,61.5,918.0,35.6,7.7,64.0,130,22,3,7,0,-0.5000000000000004,0.8660254037844384,1.2246467991473532e-16,-1.0,0.43388373911755823,-0.900968867902419,1.0,129.0,128.0,109.0,134.54166666666666,26.409779424965254,47.54583333333333,8.59200736613442
Islamabad,2026-07-16 23:00:00+00:00,28.2,68,1000.8,0.69,46.6,58.7,634.0,29.4,7.5,69.0,130,23,3,7,0,-0.25881904510252157,0.9659258262890681,1.2246467991473532e-16,-1.0,0.43388373911755823,-0.900968867902419,0.0,130.0,128.0,110.0,135.375,25.912582976648523,47.74583333333334,8.507898078264859
Islamabad,2026-07-17 00:00:00+00:00,28.0,73,1001.0,1.13,48.8,61.7,456.0,29.1,7.7,70.0,131,0,4,7,0,0.0,1.0,1.2246467991473532e-16,-1.0,-0.433883739117558,-0.9009688679024191,1.0,130.0,129.0,111.0,136.20833333333334,25.41136200286272,47.84583333333333,8.505495878837722
Islamabad,2026-07-17 01:00:00+00:00,27.9,76,1001.5,1.17,47.0,60.1,463.0,25.5,9.1,90.0,131,1,4,7,0,0.25881904510252074,0.9659258262890683,1.2246467991473532e-16,-1.0,-0.433883739117558,-0.9009688679024191,0.0,131.0,130.0,112.0,137.0,24.915509400684694,47.89166666666667,8.497514555632508
Islamabad,2026-07-17 02:00:00+00:00,29.6,70,1002.1,0.99,44.4,62.2,576.0,20.3,11.1,118.0,131,2,4,7,0,0.49999999999999994,0.8660254037844387,1.2246467991473532e-16,-1.0,-0.433883739117558,-0.9009688679024191,0.0,131.0,130.0,113.0,137.75,24.427799559196956,47.883333333333326,8.500980335623922
Islamabad,2026-07-17 03:00:00+00:00,30.8,65,1002.4,1.54,46.8,80.8,646.0,15.6,12.8,142.0,131,3,4,7,0,0.7071067811865476,0.7071067811865476,1.2246467991473532e-16,-1.0,-0.433883739117558,-0.9009688679024191,0.0,131.0,131.0,114.0,138.45833333333334,23.9509991924929,48.35833333333334,8.081267478432384
Islamabad,2026-07-17 04:00:00+00:00,31.8,63,1002.4,2.13,50.9,92.7,602.0,11.7,14.0,159.0,132,4,4,7,0,0.8660254037844386,0.5000000000000001,1.2246467991473532e-16,-1.0,-0.433883739117558,-0.9009688679024191,1.0,131.0,131.0,114.0,139.20833333333334,23.427926788837787,48.887499999999996,7.798010476480663
Islamabad,2026-07-17 05:00:00+00:00,32.3,61,1002.4,1.98,51.7,95.9,514.0,8.1,14.9,172.0,133,5,4,7,0,0.9659258262890683,0.25881904510252074,1.2246467991473532e-16,-1.0,-0.433883739117558,-0.9009688679024191,1.0,132.0,131.0,115.0,139.95833333333334,22.901450811582155,49.30416666666667,7.6632652347396135
Islamabad,2026-07-17 06:00:00+00:00,33.0,57,1002.6,1.98,51.3,98.5,451.0,5.5,15.2,181.0,135,6,4,7,0,1.0,6.123233995736766e-17,1.2246467991473532e-16,-1.0,-0.433883739117558,-0.9009688679024191,2.0,133.0,131.0,116.0,140.75,22.35922142223763,49.57083333333333,7.614544387675588
Islamabad,2026-07-17 07:00:00+00:00,33.2,57,1002.3,1.27,47.7,91.0,439.0,4.2,14.4,187.0,135,7,4,7,0,0.9659258262890683,-0.25881904510252063,1.2246467991473532e-16,-1.0,-0.433883739117558,-0.9009688679024191,0.0,135.0,132.0,117.0,141.5,21.823401878835753,49.666666666666664,7.574136005636669
Islamabad,2026-07-17 08:00:00+00:00,33.5,57,1001.9,0.81,44.6,83.6,451.0,3.9,12.9,189.0,135,8,4,7,0,0.8660254037844387,-0.4999999999999998,1.2246467991473532e-16,-1.0,-0.433883739117558,-0.9009688679024191,0.0,135.0,133.0,118.0,142.20833333333334,21.2970280977665,49.68333333333333,7.5620141477659395
Islamabad,2026-07-17 09:00:00+00:00,34.1,55,1001.0,0.43,42.0,77.3,470.0,4.3,11.7,188.0,135,9,4,7,0,0.7071067811865476,-0.7071067811865475,1.2246467991473532e-16,-1.0,-0.433883739117558,-0.9009688679024191,0.0,135.0,135.0,145.0,141.79166666666666,21.337819387928057,49.67083333333333,7.574986248612231
Islamabad,2026-07-17 10:00:00+00:00,34.3,54,1000.3,0.85,40.6,73.1,472.0,4.2,11.2,186.0,151,10,4,7,0,0.49999999999999994,-0.8660254037844387,1.2246467991473532e-16,-1.0,-0.433883739117558,-0.9009688679024191,16.0,135.0,135.0,168.0,141.08333333333334,20.70269183645733,49.65833333333333,7.590320876912286
Islamabad,2026-07-17 11:00:00+00:00,34.4,52,999.8,1.07,39.9,71.2,482.0,4.9,11.1,182.0,161,11,4,7,0,0.258819045102521,-0.9659258262890682,1.2246467991473532e-16,-1.0,-0.433883739117558,-0.9009688679024191,10.0,151.0,135.0,182.0,140.20833333333334,19.294016118241668,49.67083333333333,7.573264138411037
Islamabad,2026-07-17 12:00:00+00:00,34.6,49,998.9,1.33,46.4,86.4,559.0,9.4,10.9,165.0,168,12,4,7,0,1.2246467991473532e-16,-1.0,1.2246467991473532e-16,-1.0,-0.433883739117558,-0.9009688679024191,7.0,161.0,135.0,189.0,139.33333333333334,17.36479864219603,50.06666666666666,7.110902019872696
Islamabad,2026-07-17 13:00:00+00:00,33.2,58,999.1,1.85,47.4,76.1,771.0,22.5,11.0,139.0,169,13,4,7,0,-0.2588190451025208,-0.9659258262890683,1.2246467991473532e-16,-1.0,-0.433883739117558,-0.9009688679024191,1.0,168.0,151.0,188.0,138.54166666666666,15.367891899972177,50.35833333333334,6.835388520916841
Islamabad,2026-07-17 14:00:00+00:00,31.6,65,999.4,1.13,50.2,75.4,1049.0,40.6,11.1,102.0,163,14,4,7,0,-0.4999999999999997,-0.8660254037844388,1.2246467991473532e-16,-1.0,-0.433883739117558,-0.9009688679024191,-6.0,169.0,161.0,176.0,138.0,14.172846052128929,50.43333333333333,6.822830387218436
Islamabad,2026-07-17 15:00:00+00:00,31.0,68,999.8,0.73,51.9,77.8,1251.0,54.9,11.1,72.0,151,15,4,7,0,-0.7071067811865471,-0.7071067811865479,1.2246467991473532e-16,-1.0,-0.433883739117558,-0.9009688679024191,-12.0,163.0,168.0,152.0,137.95833333333334,14.131307107966531,50.12083333333334,6.561016568017092
Islamabad,2026-07-17 16:00:00+00:00,30.3,68,1000.7,1.1,55.1,82.9,1330.0,62.2,10.8,53.0,137,16,4,7,0,-0.8660254037844385,-0.5000000000000004,1.2246467991473532e-16,-1.0,-0.433883739117558,-0.9009688679024191,-14.0,151.0,169.0,123.0,138.54166666666666,13.771360220355712,49.84583333333333,6.181949823735723
Islamabad,2026-07-17 17:00:00+00:00,29.9,69,1001.1,1.1,58.4,85.9,1332.0,65.7,10.3,41.0,136,17,4,7,0,-0.9659258262890683,-0.25881904510252063,1.2246467991473532e-16,-1.0,-0.433883739117558,-0.9009688679024191,-1.0,137.0,163.0,125.0,139.0,13.481065626824078,49.64166666666667,5.786559890152057
Islamabad,2026-07-17 18:00:00+00:00,30.4,69,1000.5,1.34,60.5,86.8,1252.0,65.6,9.8,34.0,135,18,4,7,0,-1.0,-1.8369701987210297e-16,1.2246467991473532e-16,-1.0,-0.433883739117558,-0.9009688679024191,-1.0,136.0,151.0,126.0,139.375,13.226496792093487,49.525,5.521361678300605
Islamabad,2026-07-17 19:00:00+00:00,29.6,72,1000.7,1.25,60.8,85.2,1038.0,60.9,9.1,34.0,135,19,4,7,0,-0.9659258262890684,0.2588190451025203,1.2246467991473532e-16,-1.0,-0.433883739117558,-0.9009688679024191,0.0,135.0,137.0,128.0,139.66666666666666,13.040627707838592,49.59583333333333,5.658735391576622
Islamabad,2026-07-17 20:00:00+00:00,29.4,72,1000.8,1.48,59.3,83.4,743.0,52.6,8.4,41.0,135,20,4,7,0,-0.8660254037844386,0.5000000000000001,1.2246467991473532e-16,-1.0,-0.433883739117558,-0.9009688679024191,0.0,135.0,136.0,128.0,139.95833333333334,12.845162062261101,49.758333333333326,5.8841656840285514
Islamabad,2026-07-17 21:00:00+00:00,28.7,73,1000.8,1.95,57.0,78.7,518.0,44.3,7.9,48.0,136,21,4,7,0,-0.7071067811865477,0.7071067811865474,1.2246467991473532e-16,-1.0,-0.433883739117558,-0.9009688679024191,1.0,135.0,135.0,129.0,140.25,12.663710562759478,49.945833333333326,6.044831005417413
Islamabad,2026-07-17 22:00:00+00:00,28.1,73,1000.9,2.02,54.5,75.9,429.0,36.7,7.6,54.0,136,22,4,7,0,-0.5000000000000004,0.8660254037844384,1.2246467991473532e-16,-1.0,-0.433883739117558,-0.9009688679024191,0.0,136.0,135.0,130.0,140.5,12.510864843422674,50.15833333333333,6.114054846553501
Islamabad,2026-07-17 23:00:00+00:00,27.7,75,1001.2,1.48,52.9,75.2,412.0,29.2,7.5,61.0,137,23,4,7,0,-0.25881904510252157,0.9659258262890681,1.2246467991473532e-16,-1.0,-0.433883739117558,-0.9009688679024191,1.0,136.0,135.0,130.0,140.79166666666666,12.33580566680709,50.42083333333333,6.089833235859367
Islamabad,2026-07-18 00:00:00+00:00,28.1,77,1001.2,1.68,51.8,75.7,419.0,17.4,7.8,87.0,137,0,5,7,1,0.0,1.0,1.2246467991473532e-16,-1.0,-0.9749279121818236,-0.2225209339563146,0.0,137.0,136.0,131.0,141.04166666666666,12.188658900677137,50.54583333333333,6.085905253421288
Islamabad,2026-07-18 01:00:00+00:00,27.8,78,1001.5,1.54,51.7,74.7,454.0,17.3,8.6,94.0,138,1,5,7,1,0.25881904510252074,0.9659258262890683,1.2246467991473532e-16,-1.0,-0.9749279121818236,-0.2225209339563146,1.0,137.0,136.0,131.0,141.33333333333334,12.020513866850404,50.74166666666667,6.042308561602991
Islamabad,2026-07-18 02:00:00+00:00,29.3,72,1001.5,1.38,51.8,82.9,514.0,17.0,9.7,106.0,138,2,5,7,1,0.49999999999999994,0.8660254037844387,1.2246467991473532e-16,-1.0,-0.9749279121818236,-0.2225209339563146,0.0,138.0,137.0,131.0,141.625,11.842489823400554,51.050000000000004,5.891556227568932
Islamabad,2026-07-18 03:00:00+00:00,30.6,68,1001.3,1.2,52.5,91.0,549.0,15.8,11.1,119.0,139,3,5,7,1,0.7071067811865476,0.7071067811865476,1.2246467991473532e-16,-1.0,-0.9749279121818236,-0.2225209339563146,1.0,138.0,137.0,131.0,141.95833333333334,11.641302656326145,51.287499999999994,5.8273203999330425
Islamabad,2026-07-18 04:00:00+00:00,31.7,65,1001.1,1.71,53.3,98.3,532.0,12.7,13.0,137.0,139,4,5,7,1,0.8660254037844386,0.5000000000000001,1.2246467991473532e-16,-1.0,-0.9749279121818236,-0.2225209339563146,0.0,139.0,138.0,132.0,142.25,11.46734494117772,51.387499999999996,5.84095826712179
Islamabad,2026-07-18 05:00:00+00:00,32.4,64,1001.0,1.58,56.1,106.2,490.0,8.7,15.2,157.0,140,5,5,7,1,0.9659258262890683,0.25881904510252074,1.2246467991473532e-16,-1.0,-0.9749279121818236,-0.2225209339563146,1.0,139.0,138.0,133.0,142.54166666666666,11.309784785043973,51.57083333333333,5.919714973063849
Islamabad,2026-07-18 06:00:00+00:00,33.2,60,1000.7,2.23,56.8,108.0,455.0,5.6,16.4,173.0,140,6,5,7,1,1.0,6.123233995736766e-17,1.2246467991473532e-16,-1.0,-0.9749279121818236,-0.2225209339563146,0.0,140.0,139.0,135.0,142.75,11.210437682955666,51.800000000000004,6.014475292448687
Islamabad,2026-07-18 07:00:00+00:00,33.6,58,1000.3,2.01,53.4,100.1,434.0,4.2,15.8,181.0,141,7,5,7,1,0.9659258262890683,-0.25881904510252063,1.2246467991473532e-16,-1.0,-0.9749279121818236,-0.2225209339563146,1.0,140.0,139.0,135.0,143.0,11.096415402397424,52.0375,5.957809088115547
Islamabad,2026-07-18 08:00:00+00:00,34.2,55,999.6,2.12,49.1,90.8,420.0,3.9,14.2,185.0,141,8,5,7,1,0.8660254037844387,-0.4999999999999998,1.2246467991473532e-16,-1.0,-0.9749279121818236,-0.2225209339563146,0.0,141.0,140.0,135.0,143.25,10.975268640861803,52.225,5.781774212426118
Islamabad,2026-07-18 09:00:00+00:00,34.7,55,999.0,2.07,46.3,83.4,425.0,4.4,12.8,185.0,142,9,5,7,1,0.7071067811865476,-0.7071067811865475,1.2246467991473532e-16,-1.0,-0.9749279121818236,-0.2225209339563146,1.0,141.0,140.0,135.0,143.54166666666666,10.838655325976388,52.40416666666667,5.511448887595446
Islamabad,2026-07-18 10:00:00+00:00,35.0,53,998.7,2.33,43.2,75.4,441.0,4.8,12.2,183.0,142,10,5,7,1,0.49999999999999994,-0.8660254037844387,1.2246467991473532e-16,-1.0,-0.9749279121818236,-0.2225209339563146,0.0,142.0,141.0,151.0,143.16666666666666,10.72448100159524,52.512499999999996,5.290460035885508
Islamabad,2026-07-18 11:00:00+00:00,32.9,65,998.8,1.99,43.5,75.0,476.0,6.1,11.8,178.0,147,11,5,7,1,0.258819045102521,-0.9659258262890682,1.2246467991473532e-16,-1.0,-0.9749279121818236,-0.2225209339563146,5.0,142.0,141.0,161.0,142.58333333333334,10.07328221051648,52.6625,4.957893355220184
Islamabad,2026-07-18 12:00:00+00:00,32.7,62,998.5,2.93,46.9,79.9,567.0,10.5,10.8,156.0,157,12,5,7,1,1.2246467991473532e-16,-1.0,1.2246467991473532e-16,-1.0,-0.9749279121818236,-0.2225209339563146,10.0,147.0,142.0,168.0,142.125,9.066481509189549,52.68333333333334,4.931413649219406
Islamabad,2026-07-18 13:00:00+00:00,32.4,63,999.0,2.3,48.8,71.7,762.0,18.9,10.3,136.0,160,13,5,7,1,-0.2588190451025208,-0.9659258262890683,1.2246467991473532e-16,-1.0,-0.9749279121818236,-0.2225209339563146,3.0,157.0,142.0,169.0,141.75,8.033895584386435,52.74166666666667,4.874148011763391
Islamabad,2026-07-18 14:00:00+00:00,31.6,69,999.1,1.44,53.7,77.3,1013.0,30.6,9.7,108.0,157,14,5,7,1,-0.4999999999999997,-0.8660254037844388,1.2246467991473532e-16,-1.0,-0.9749279121818236,-0.2225209339563146,-3.0,160.0,147.0,163.0,141.5,7.4132666038046136,52.88750000000001,4.8470800264289
Islamabad,2026-07-18 15:00:00+00:00,30.8,72,999.9,1.7,52.7,72.6,1210.0,39.9,9.1,84.0,146,15,5,7,1,-0.7071067811865471,-0.7071067811865479,1.2246467991473532e-16,-1.0,-0.9749279121818236,-0.2225209339563146,-11.0,157.0,157.0,151.0,141.29166666666666,7.20192707704978,52.92083333333333,4.842742590423192
Islamabad,2026-07-18 16:00:00+00:00,30.1,74,1000.7,1.32,51.2,67.1,1339.0,45.5,8.8,67.0,144,16,5,7,1,-0.8660254037844385,-0.5000000000000004,1.2246467991473532e-16,-1.0,-0.9749279121818236,-0.2225209339563146,-2.0,146.0,160.0,137.0,141.58333333333334,7.1621994840432714,52.75833333333333,4.831861345068618
Islamabad,2026-07-18 17:00:00+00:00,29.6,76,1001.4,1.03,50.3,64.7,1414.0,48.9,8.6,55.0,143,17,5,7,1,-0.9659258262890683,-0.25881904510252063,1.2246467991473532e-16,-1.0,-0.9749279121818236,-0.2225209339563146,-1.0,144.0,157.0,136.0,141.875,7.066839278719917,52.42083333333333,4.701801612764457
Islamabad,2026-07-18 18:00:00+00:00,30.2,74,1000.6,1.23,50.2,62.9,1371.0,48.4,8.3,50.0,142,18,5,7,1,-1.0,-1.8369701987210297e-16,1.2246467991473532e-16,-1.0,-0.9749279121818236,-0.2225209339563146,-1.0,143.0,146.0,135.0,142.16666666666666,6.91354478174761,51.99166666666667,4.392178489548821
Islamabad,2026-07-18 19:00:00+00:00,29.4,74,1000.7,1.91,50.3,61.9,1121.0,41.7,7.7,56.0,141,19,5,7,1,-0.9659258262890684,0.2588190451025203,1.2246467991473532e-16,-1.0,-0.9749279121818236,-0.2225209339563146,-1.0,142.0,144.0,135.0,142.41666666666666,6.749664511251426,51.55416666666667,3.980275188942041
Islamabad,2026-07-18 20:00:00+00:00,26.8,84,1001.6,4.12,47.6,59.8,753.0,31.2,7.1,70.0,140,20,5,7,1,-0.8660254037844386,0.5000000000000001,1.2246467991473532e-16,-1.0,-0.9749279121818236,-0.2225209339563146,-1.0,141.0,143.0,135.0,142.625,6.585969936156267,51.06666666666667,3.6967278911825234
Islamabad,2026-07-18 21:00:00+00:00,26.5,87,1000.9,2.46,39.0,51.9,473.0,22.7,6.5,81.0,139,21,5,7,1,-0.7071067811865477,0.7071067811865474,1.2246467991473532e-16,-1.0,-0.9749279121818236,-0.2225209339563146,-1.0,140.0,142.0,136.0,142.75,6.482417691755827,50.31666666666667,4.228337803405463
Islamabad,2026-07-18 22:00:00+00:00,26.0,91,1001.5,1.5,35.6,48.3,369.0,18.7,6.0,84.0,137,22,5,7,1,-0.5000000000000004,0.8660254037844384,1.2246467991473532e-16,-1.0,-0.9749279121818236,-0.2225209339563146,-2.0,139.0,141.0,136.0,142.79166666666666,6.4402212132283525,49.52916666666667,5.087963560050668
Islamabad,2026-07-18 23:00:00+00:00,25.9,93,1001.4,2.04,33.6,46.3,353.0,16.8,5.6,84.0,135,23,5,7,1,-0.25881904510252157,0.9659258262890681,1.2246467991473532e-16,-1.0,-0.9749279121818236,-0.2225209339563146,-2.0,137.0,140.0,137.0,142.70833333333334,6.530724486517154,48.725,5.979184908824179
Islamabad,2026-07-19 00:00:00+00:00,26.4,92,1001.1,1.61,24.4,31.7,371.0,11.7,4.0,95.0,133,0,6,7,1,0.0,1.0,1.2246467991473532e-16,-1.0,-0.7818314824680299,0.6234898018587334,-2.0,135.0,139.0,137.0,142.54166666666666,6.730715878109715,47.583333333333336,7.726952640041684
Islamabad,2026-07-19 01:00:00+00:00,26.6,92,1001.5,1.28,22.7,30.6,435.0,12.4,3.9,96.0,130,1,6,7,1,0.25881904510252074,0.9659258262890683,1.2246467991473532e-16,-1.0,-0.7818314824680299,0.6234898018587334,-3.0,133.0,137.0,138.0,142.20833333333334,7.1504281821692315,46.375,9.185113191889586
Islamabad,2026-07-19 02:00:00+00:00,27.4,88,1002.2,1.24,21.9,30.4,532.0,13.3,3.8,99.0,127,2,6,7,1,0.49999999999999994,0.8660254037844387,1.2246467991473532e-16,-1.0,-0.7818314824680299,0.6234898018587334,-3.0,130.0,135.0,138.0,141.75,7.758585707064607,45.12916666666667,10.368785898768037
Islamabad,2026-07-19 03:00:00+00:00,28.3,81,1002.0,0.25,24.0,35.5,577.0,13.0,4.6,106.0,124,3,6,7,1,0.7071067811865476,0.7071067811865476,1.2246467991473532e-16,-1.0,-0.7818314824680299,0.6234898018587334,-3.0,127.0,133.0,139.0,141.125,8.553222123598005,43.94166666666667,11.094531228871459
Islamabad,2026-07-19 04:00:00+00:00,29.9,73,1002.4,1.6,25.3,40.6,511.0,10.5,7.1,121.0,121,4,6,7,1,0.8660254037844386,0.5000000000000001,1.2246467991473532e-16,-1.0,-0.7818314824680299,0.6234898018587334,-3.0,124.0,130.0,139.0,140.375,9.485973626999396,42.775,11.531252430187017
Islamabad,2026-07-19 05:00:00+00:00,30.7,70,1002.7,2.11,32.5,59.4,391.0,6.8,10.4,141.0,118,5,6,7,1,0.9659258262890683,0.25881904510252074,1.2246467991473532e-16,-1.0,-0.7818314824680299,0.6234898018587334,-3.0,121.0,127.0,140.0,139.45833333333334,10.52937574707744,41.791666666666664,11.350384657977738
Islamabad,2026-07-19 06:00:00+00:00,31.4,66,1002.8,2.3,38.9,73.8,303.0,4.2,12.7,155.0,116,6,6,7,1,1.0,6.123233995736766e-17,1.2246467991473532e-16,-1.0,-0.7818314824680299,0.6234898018587334,-2.0,118.0,124.0,140.0,138.45833333333334,11.564485238891262,41.045833333333334,10.900497761537034
Islamabad,2026-07-19 07:00:00+00:00,30.6,71,1002.4,2.53,42.5,81.3,283.0,3.5,13.0,159.0,114,7,6,7,1,0.9659258262890683,-0.25881904510252063,1.2246467991473532e-16,-1.0,-0.7818314824680299,0.6234898018587334,-2.0,116.0,121.0,141.0,137.33333333333334,12.57556867645301,40.59166666666667,10.585918319478251
Islamabad,2026-07-19 08:00:00+00:00,31.6,69,1001.6,2.16,46.3,85.7,294.0,3.8,12.2,157.0,113,8,6,7,1,0.8660254037844387,-0.4999999999999998,1.2246467991473532e-16,-1.0,-0.7818314824680299,0.6234898018587334,-1.0,114.0,118.0,141.0,136.16666666666666,13.486439781164217,40.475,10.50317757302205
Islamabad,2026-07-19 09:00:00+00:00,32.4,65,1001.0,2.21,42.1,74.7,316.0,5.0,11.4,152.0,112,9,6,7,1,0.7071067811865476,-0.7071067811865475,1.2246467991473532e-16,-1.0,-0.7818314824680299,0.6234898018587334,-1.0,113.0,116.0,142.0,134.91666666666666,14.288690166233607,40.300000000000004,10.436682798000787
Islamabad,2026-07-19 10:00:00+00:00,32.1,66,1000.6,1.14,37.1,60.5,335.0,6.8,10.9,144.0,112,10,6,7,1,0.49999999999999994,-0.8660254037844387,1.2246467991473532e-16,-1.0,-0.7818314824680299,0.6234898018587334,0.0,112.0,114.0,142.0,133.66666666666666,14.939491483884442,40.045833333333334,10.437265140983389
Islamabad,2026-07-19 11:00:00+00:00,32.4,65,999.8,0.4,38.1,62.9,364.0,9.4,10.3,134.0,111,11,6,7,1,0.258819045102521,-0.9659258262890682,1.2246467991473532e-16,-1.0,-0.7818314824680299,0.6234898018587334,-1.0,112.0,113.0,147.0,132.16666666666666,15.344356466214974,39.82083333333333,10.417751537709462
Islamabad,2026-07-19 12:00:00+00:00,31.9,65,999.8,1.9,45.1,80.6,422.0,8.3,10.5,131.0,114,12,6,7,1,1.2246467991473532e-16,-1.0,1.2246467991473532e-16,-1.0,-0.7818314824680299,0.6234898018587334,3.0,111.0,112.0,157.0,130.375,14.820117056392366,39.74583333333333,10.370945165373648
Islamabad,2026-07-19 13:00:00+00:00,31.7,68,1000.0,1.54,46.4,81.7,544.0,14.0,10.1,116.0,116,13,6,7,1,-0.2588190451025208,-0.9659258262890683,1.2246467991473532e-16,-1.0,-0.7818314824680299,0.6234898018587334,2.0,114.0,112.0,160.0,128.54166666666666,13.673138269793156,39.645833333333336,10.291109678056866
Islamabad,2026-07-19 14:00:00+00:00,30.6,73,1000.3,1.39,49.7,75.9,695.0,21.7,9.6,94.0,111,14,6,7,1,-0.4999999999999997,-0.8660254037844388,1.2246467991473532e-16,-1.0,-0.7818314824680299,0.6234898018587334,-5.0,116.0,111.0,157.0,126.625,12.699922971349693,39.479166666666664,10.083907936676184
Islamabad,2026-07-19 15:00:00+00:00,29.7,77,1000.8,1.01,47.6,68.9,790.0,26.9,8.7,78.0,110,15,6,7,1,-0.7071067811865471,-0.7071067811865479,1.2246467991473532e-16,-1.0,-0.7818314824680299,0.6234898018587334,-1.0,111.0,114.0,146.0,125.125,12.435267169030675,39.266666666666666,9.844074212512211
Islamabad,2026-07-19 16:00:00+00:00,29.4,77,1001.5,1.03,46.3,64.5,790.0,27.5,7.2,71.0,109,16,6,7,1,-0.8660254037844385,-0.5000000000000004,1.2246467991473532e-16,-1.0,-0.7818314824680299,0.6234898018587334,-1.0,110.0,116.0,144.0,123.66666666666667,12.175051706581204,39.0625,9.634395470757633
Islamabad,2026-07-19 17:00:00+00:00,29.1,78,1002.0,1.12,42.3,57.2,733.0,25.5,5.5,70.0,109,17,6,7,1,-0.9659258262890683,-0.25881904510252063,1.2246467991473532e-16,-1.0,-0.7818314824680299,0.6234898018587334,0.0,109.0,111.0,143.0,122.25,11.799963153956776,38.729166666666664,9.363271407434159
Islamabad,2026-07-19 18:00:00+00:00,28.1,85,1002.1,1.39,37.1,46.2,654.0,22.8,4.1,71.0,108,18,6,7,1,-1.0,-1.8369701987210297e-16,1.2246467991473532e-16,-1.0,-0.7818314824680299,0.6234898018587334,-1.0,109.0,110.0,142.0,120.83333333333333,11.358454681583153,38.18333333333334,9.041819106442128
Islamabad,2026-07-19 19:00:00+00:00,27.1,90,1001.7,2.56,25.0,30.6,544.0,19.2,3.4,75.0,107,19,6,7,1,-0.9659258262890684,0.2588190451025203,1.2246467991473532e-16,-1.0,-0.7818314824680299,0.6234898018587334,-1.0,108.0,109.0,141.0,119.41666666666667,10.8424153681017,37.12916666666666,9.042579430318652
Islamabad,2026-07-19 20:00:00+00:00,26.7,91,1001.5,2.28,21.0,25.2,412.0,14.8,3.1,82.0,104,20,6,7,1,-0.8660254037844386,0.5000000000000001,1.2246467991473532e-16,-1.0,-0.7818314824680299,0.6234898018587334,-3.0,107.0,109.0,140.0,117.91666666666667,10.350033256263112,36.020833333333336,9.329009415080764
Islamabad,2026-07-19 21:00:00+00:00,25.5,93,1001.8,1.61,20.7,25.7,313.0,11.6,2.9,86.0,101,21,6,7,1,-0.7071067811865477,0.7071067811865474,1.2246467991473532e-16,-1.0,-0.7818314824680299,0.6234898018587334,-3.0,104.0,108.0,139.0,116.33333333333333,9.880444747366008,35.25833333333333,9.810372357719169
Islamabad,2026-07-19 22:00:00+00:00,25.2,96,1001.6,2.36,19.9,26.5,264.0,10.2,2.8,85.0,100,22,6,7,1,-0.5000000000000004,0.8660254037844384,1.2246467991473532e-16,-1.0,-0.7818314824680299,0.6234898018587334,-1.0,101.0,107.0,137.0,114.79166666666667,9.390000077168846,34.604166666666664,10.297930529402729
Islamabad,2026-07-19 23:00:00+00:00,25.2,96,1002.0,1.06,18.5,24.7,249.0,10.1,2.9,82.0,98,23,6,7,1,-0.25881904510252157,0.9659258262890681,1.2246467991473532e-16,-1.0,-0.7818314824680299,0.6234898018587334,-2.0,100.0,104.0,135.0,113.25,8.955202519980705,33.975,10.810471976182404
Islamabad,2026-07-20 00:00:00+00:00,25.4,96,1001.9,1.24,21.7,35.9,277.0,8.1,1.9,94.0,97,0,0,7,0,0.0,1.0,1.2246467991473532e-16,-1.0,0.0,1.0,-1.0,98.0,101.0,133.0,111.75,8.507030340685706,33.862500000000004,10.927858794205111
Islamabad,2026-07-20 01:00:00+00:00,25.6,94,1001.1,1.68,10.6,16.6,388.0,12.2,2.9,90.0,97,1,0,7,0,0.25881904510252074,0.9659258262890683,1.2246467991473532e-16,-1.0,0.0,1.0,0.0,97.0,100.0,130.0,110.375,8.085480814395392,33.358333333333334,11.715946645367609
Islamabad,2026-07-20 02:00:00+00:00,26.3,91,1001.2,1.21,22.2,42.6,543.0,17.8,4.4,85.0,96,2,0,7,0,0.49999999999999994,0.8660254037844387,1.2246467991473532e-16,-1.0,0.0,1.0,-1.0,97.0,98.0,127.0,109.08333333333333,7.784693267901981,33.37083333333333,11.703343229762266
Islamabad,2026-07-20 03:00:00+00:00,26.4,91,1002.1,0.62,27.4,52.7,632.0,20.4,6.2,88.0,96,3,0,7,0,0.7071067811865476,0.7071067811865476,1.2246467991473532e-16,-1.0,0.0,1.0,0.0,96.0,97.0,124.0,107.91666666666667,7.546474366369709,33.512499999999996,11.605145504211142
Islamabad,2026-07-20 04:00:00+00:00,26.3,90,1002.9,1.36,30.5,58.6,587.0,17.4,8.8,104.0,96,4,0,7,0,0.8660254037844386,0.5000000000000001,1.2246467991473532e-16,-1.0,0.0,1.0,0.0,96.0,97.0,121.0,106.875,7.385723596468707,33.729166666666664,11.493154074478824
Islamabad,2026-07-20 05:00:00+00:00,26.8,89,1002.3,1.28,32.8,63.3,475.0,11.5,11.7,127.0,97,5,0,7,0,0.9659258262890683,0.25881904510252074,1.2246467991473532e-16,-1.0,0.0,1.0,1.0,96.0,96.0,118.0,106.0,7.253185207350658,33.74166666666667,11.491922178744419
Islamabad,2026-07-20 06:00:00+00:00,28.5,78,1003.1,1.24,33.9,65.9,391.0,6.9,13.7,146.0,97,6,0,7,0,1.0,6.123233995736766e-17,1.2246467991473532e-16,-1.0,0.0,1.0,0.0,97.0,96.0,116.0,105.20833333333333,7.150428182169399,33.53333333333333,11.439544938755043
Islamabad,2026-07-20 07:00:00+00:00,29.1,73,1002.8,2.29,34.9,67.3,365.0,4.6,14.1,158.0,96,7,0,7,0,0.9659258262890683,-0.25881904510252063,1.2246467991473532e-16,-1.0,0.0,1.0,-1.0,97.0,96.0,114.0,104.45833333333333,7.132163319999415,33.21666666666666,11.28468244883362
Islamabad,2026-07-20 08:00:00+00:00,28.3,82,1002.0,1.57,34.1,65.2,366.0,3.5,13.5,165.0,96,8,0,7,0,0.8660254037844387,-0.4999999999999998,1.2246467991473532e-16,-1.0,0.0,1.0,0.0,96.0,97.0,113.0,103.75,7.091023106407771,32.708333333333336,10.939196245280211
Islamabad,2026-07-20 09:00:00+00:00,29.3,76,1001.4,1.57,34.9,66.8,396.0,5.1,12.5,163.0,95,9,0,7,0,0.7071067811865476,-0.7071067811865475,1.2246467991473532e-16,-1.0,0.0,1.0,-1.0,96.0,97.0,112.0,103.04166666666667,7.080157003087052,32.40833333333333,10.767823108351692
Islamabad,2026-07-20 10:00:00+00:00,28.8,78,1001.5,1.41,36.0,69.6,472.0,11.2,11.0,145.0,94,10,0,7,0,0.49999999999999994,-0.8660254037844387,1.2246467991473532e-16,-1.0,0.0,1.0,-1.0,95.0,96.0,112.0,102.29166666666667,7.043215462977684,32.3625,10.749309886847495
Islamabad,2026-07-20 11:00:00+00:00,28.0,81,1001.3,1.81,36.6,71.5,578.0,19.9,9.1,118.0,100,11,0,7,0,0.258819045102521,-0.9659258262890682,1.2246467991473532e-16,-1.0,0.0,1.0,6.0,94.0,96.0,111.0,101.83333333333333,6.80579463249275,32.3,10.718817261165523
Islamabad,2026-07-20 12:00:00+00:00,29.1,76,1000.7,2.08,38.9,75.9,666.0,13.8,14.4,134.0,106,12,0,7,0,1.2246467991473532e-16,-1.0,1.2246467991473532e-16,-1.0,0.0,1.0,6.0,100.0,95.0,114.0,101.5,6.365668788932692,32.041666666666664,10.4687076843185
Islamabad,2026-07-20 13:00:00+00:00,28.7,78,1001.2,1.55,41.4,79.2,729.0,27.4,13.5,107.0,112,13,0,7,0,-0.2588190451025208,-0.9659258262890683,1.2246467991473532e-16,-1.0,0.0,1.0,6.0,106.0,94.0,116.0,101.33333333333333,6.012065164000547,31.83333333333333,10.21727721182055
Islamabad,2026-07-20 14:00:00+00:00,28.1,82,1001.4,0.96,43.4,79.4,774.0,45.7,12.3,71.0,108,14,0,7,0,-0.4999999999999997,-0.8660254037844388,1.2246467991473532e-16,-1.0,0.0,1.0,-4.0,112.0,100.0,111.0,101.20833333333333,5.830796549850986,31.570833333333336,9.811150673403757
Islamabad,2026-07-20 15:00:00+00:00,27.4,86,1002.0,0.78,45.8,74.3,776.0,55.4,10.9,49.0,93,15,0,7,0,-0.7071067811865471,-0.7071067811865479,1.2246467991473532e-16,-1.0,0.0,1.0,-15.0,108.0,106.0,110.0,100.5,5.748345697748767,31.495833333333334,9.689415074851151
Islamabad,2026-07-20 16:00:00+00:00,27.0,88,1002.5,0.89,38.8,65.7,712.0,48.1,9.2,54.0,92,16,0,7,0,-0.8660254037844385,-0.5000000000000004,1.2246467991473532e-16,-1.0,0.0,1.0,-1.0,93.0,112.0,109.0,99.79166666666667,5.702624618207758,31.183333333333334,9.304494784157006
Islamabad,2026-07-20 17:00:00+00:00,26.9,89,1002.8,1.57,38.6,66.6,605.0,32.2,7.4,72.0,92,17,0,7,0,-0.9659258262890683,-0.25881904510252063,1.2246467991473532e-16,-1.0,0.0,1.0,0.0,92.0,108.0,109.0,99.08333333333333,5.563207290967707,31.029166666666665,9.141519194773096
Islamabad,2026-07-20 18:00:00+00:00,24.7,96,1003.4,1.51,36.2,72.2,503.0,19.7,5.9,86.0,92,18,0,7,0,-1.0,-1.8369701987210297e-16,1.2246467991473532e-16,-1.0,0.0,1.0,0.0,92.0,93.0,108.0,98.41666666666667,5.40464105445438,30.991666666666664,9.117346899880074
Islamabad,2026-07-20 19:00:00+00:00,24.4,97,1003.1,1.73,31.8,59.6,417.0,15.9,4.9,86.0,91,19,0,7,0,-0.9659258262890684,0.2588190451025203,1.2246467991473532e-16,-1.0,0.0,1.0,-1.0,92.0,92.0,107.0,97.75,5.2853365653147675,31.274999999999995,9.028276834961076
Islamabad,2026-07-20 20:00:00+00:00,24.3,97,1003.1,0.69,29.6,59.0,336.0,15.6,4.3,82.0,92,20,0,7,0,-0.8660254037844386,0.5000000000000001,1.2246467991473532e-16,-1.0,0.0,1.0,1.0,91.0,92.0,104.0,97.25,5.235746697293389,31.63333333333333,8.76969419260918
Islamabad,2026-07-20 21:00:00+00:00,24.2,96,1001.9,1.66,29.0,58.6,279.0,15.2,4.0,79.0,93,21,0,7,0,-0.7071067811865477,0.7071067811865474,1.2246467991473532e-16,-1.0,0.0,1.0,1.0,92.0,92.0,101.0,96.91666666666667,5.2412798525466515,31.979166666666668,8.47861653843339
Islamabad,2026-07-20 22:00:00+00:00,23.6,99,1002.5,0.57,25.9,51.7,242.0,12.7,3.8,83.0,93,22,0,7,0,-0.5000000000000004,0.8660254037844384,1.2246467991473532e-16,-1.0,0.0,1.0,0.0,93.0,91.0,100.0,96.625,5.256982933696407,32.229166666666664,8.190528950730391
Islamabad,2026-07-20 23:00:00+00:00,24.1,95,1002.2,1.66,17.9,37.6,228.0,10.0,3.9,88.0,94,23,0,7,0,-0.25881904510252157,0.9659258262890681,1.2246467991473532e-16,-1.0,0.0,1.0,1.0,93.0,92.0,98.0,96.45833333333333,5.274872070702452,32.204166666666666,8.235051234848436
Islamabad,2026-07-21 00:00:00+00:00,24.2,95,1002.2,1.15,17.1,37.1,264.0,7.0,4.4,106.0,94,0,1,7,0,0.0,1.0,1.2246467991473532e-16,-1.0,0.7818314824680298,0.6234898018587336,0.0,94.0,93.0,97.0,96.33333333333333,5.2969775357698765,32.012499999999996,8.538114673270213
Islamabad,2026-07-21 01:00:00+00:00,24.3,94,1002.5,0.34,16.2,31.2,397.0,13.0,5.0,97.0,93,1,1,7,0,0.25881904510252074,0.9659258262890683,1.2246467991473532e-16,-1.0,0.7818314824680298,0.6234898018587336,-1.0,94.0,93.0,97.0,96.16666666666667,5.337860397495087,32.24583333333333,7.986182587371744
Islamabad,2026-07-21 02:00:00+00:00,24.2,94,1002.9,1.22,15.0,28.4,580.0,21.1,5.8,84.0,94,2,1,7,0,0.49999999999999994,0.8660254037844387,1.2246467991473532e-16,-1.0,0.7818314824680298,0.6234898018587336,1.0,93.0,94.0,96.0,96.08333333333333,5.356155878711847,31.945833333333336,8.49874564487201
Islamabad,2026-07-21 03:00:00+00:00,23.9,96,1003.7,0.46,15.1,26.2,695.0,26.1,6.4,75.0,93,3,1,7,0,0.7071067811865476,0.7071067811865476,1.2246467991473532e-16,-1.0,0.7818314824680298,0.6234898018587336,-1.0,94.0,94.0,96.0,95.95833333333333,5.393064520983805,31.433333333333337,9.132058516765117
Islamabad,2026-07-21 04:00:00+00:00,24.0,96,1003.5,1.11,12.4,20.6,675.0,24.9,6.7,75.0,92,4,1,7,0,0.8660254037844386,0.5000000000000001,1.2246467991473532e-16,-1.0,0.7818314824680298,0.6234898018587336,-1.0,93.0,93.0,96.0,95.79166666666667,5.453193453430549,30.67916666666667,9.925416612290658
Islamabad,2026-07-21 05:00:00+00:00,24.4,95,1004.1,1.66,9.3,15.0,588.0,20.6,6.8,80.0,91,5,1,7,0,0.9659258262890683,0.25881904510252074,1.2246467991473532e-16,-1.0,0.7818314824680298,0.6234898018587336,-1.0,92.0,94.0,97.0,95.54166666666667,5.532348873483049,29.7,10.825453098259116
Islamabad,2026-07-21 06:00:00+00:00,23.9,93,1004.8,2.5,8.9,14.2,519.0,17.2,6.7,83.0,89,6,1,7,0,1.0,6.123233995736766e-17,1.2246467991473532e-16,-1.0,0.7818314824680298,0.6234898018587336,-2.0,91.0,93.0,97.0,95.20833333333333,5.679705799684761,28.65833333333333,11.580227401336552
Islamabad,2026-07-21 07:00:00+00:00,23.7,95,1005.1,2.62,7.7,15.1,500.0,16.2,6.2,81.0,87,7,1,7,0,0.9659258262890683,-0.25881904510252063,1.2246467991473532e-16,-1.0,0.7818314824680298,0.6234898018587336,-2.0,89.0,92.0,96.0,94.83333333333333,5.917304517563846,27.525000000000002,12.254200699458451
Islamabad,2026-07-21 08:00:00+00:00,23.9,94,1005.1,2.62,9.2,20.2,498.0,16.2,5.5,76.0,85,8,1,7,0,0.8660254037844387,-0.4999999999999998,1.2246467991473532e-16,-1.0,0.7818314824680298,0.6234898018587336,-2.0,87.0,91.0,96.0,94.375,6.240209723339654,26.4875,12.718603714039602
Islamabad,2026-07-21 09:00:00+00:00,23.9,94,1004.8,2.21,11.5,20.7,503.0,16.6,4.8,74.0,83,9,1,7,0,0.7071067811865476,-0.7071067811865475,1.2246467991473532e-16,-1.0,0.7818314824680298,0.6234898018587336,-2.0,85.0,89.0,95.0,93.875,6.654926256407309,25.512500000000003,12.940644177904353
Islamabad,2026-07-21 10:00:00+00:00,24.5,92,1004.2,2.5,14.7,21.2,489.0,16.8,4.3,77.0,81,10,1,7,0,0.49999999999999994,-0.8660254037844387,1.2246467991473532e-16,-1.0,0.7818314824680298,0.6234898018587336,-2.0,83.0,87.0,94.0,93.33333333333333,7.1546073125686025,24.625,12.920501067144663
Islamabad,2026-07-21 11:00:00+00:00,24.5,92,1003.7,1.8,12.5,21.7,482.0,17.5,3.9,81.0,79,11,1,7,0,0.258819045102521,-0.9659258262890682,1.2246467991473532e-16,-1.0,0.7818314824680298,0.6234898018587336,-2.0,81.0,85.0,100.0,92.45833333333333,7.57558530765657,23.620833333333334,12.885818938280346
Islamabad,2026-07-21 12:00:00+00:00,24.0,92,1004.0,2.45,15.7,28.5,549.0,16.6,5.0,81.0,78,12,1,7,0,1.2246467991473532e-16,-1.0,1.2246467991473532e-16,-1.0,0.7818314824680298,0.6234898018587336,-1.0,79.0,83.0,106.0,91.29166666666667,7.555471191626333,22.65416666666667,12.555753199461856
Islamabad,2026-07-21 13:00:00+00:00,23.8,95,1004.2,1.9,14.1,22.7,766.0,22.6,5.2,71.0,76,13,1,7,0,-0.2588190451025208,-0.9659258262890683,1.2246467991473532e-16,-1.0,0.7818314824680298,0.6234898018587336,-2.0,78.0,81.0,112.0,89.79166666666667,6.801401177035076,21.516666666666666,12.008318372899977
Islamabad,2026-07-21 14:00:00+00:00,23.9,94,1004.6,0.6,15.0,20.4,1057.0,31.0,5.4,57.0,74,14,1,7,0,-0.4999999999999997,-0.8660254037844388,1.2246467991473532e-16,-1.0,0.7818314824680298,0.6234898018587336,-2.0,76.0,79.0,108.0,88.375,6.371215841918076,20.333333333333332,11.124929571508044
Islamabad,2026-07-21 15:00:00+00:00,24.0,94,1004.7,0.78,15.4,19.9,1259.0,38.5,5.6,44.0,71,15,1,7,0,-0.7071067811865471,-0.7071067811865479,1.2246467991473532e-16,-1.0,0.7818314824680298,0.6234898018587336,-3.0,74.0,78.0,93.0,87.45833333333333,7.204944960512763,19.066666666666666,9.744236497927172
Islamabad,2026-07-21 16:00:00+00:00,24.2,91,1005.1,0.54,17.1,21.1,1304.0,44.9,5.8,33.0,69,16,1,7,0,-0.8660254037844385,-0.5000000000000004,1.2246467991473532e-16,-1.0,0.7818314824680298,0.6234898018587336,-2.0,71.0,76.0,92.0,86.5,8.054164464260205,18.162499999999998,8.794010436951801
Islamabad,2026-07-21 17:00:00+00:00,24.2,89,1005.1,0.55,20.3,24.4,1259.0,50.3,5.9,24.0,67,17,1,7,0,-0.9659258262890683,-0.25881904510252063,1.2246467991473532e-16,-1.0,0.7818314824680298,0.6234898018587336,-2.0,69.0,74.0,92.0,85.45833333333333,8.885646298659902,17.400000000000002,7.665904183886046
Islamabad,2026-07-21 18:00:00+00:00,24.9,88,1004.6,0.38,20.4,24.3,1165.0,51.8,5.8,19.0,66,18,1,7,0,-1.0,-1.8369701987210297e-16,1.2246467991473532e-16,-1.0,0.7818314824680298,0.6234898018587336,-1.0,67.0,71.0,92.0,84.375,9.608929271208714,16.741666666666664,6.583174644941222
Islamabad,2026-07-21 19:00:00+00:00,24.4,90,1004.3,0.72,18.8,22.5,1013.0,46.6,5.2,22.0,65,19,1,7,0,-0.9659258262890684,0.2588190451025203,1.2246467991473532e-16,-1.0,0.7818314824680298,0.6234898018587336,-1.0,66.0,69.0,91.0,83.29166666666667,10.2722893035678,16.2,5.775585797505543
Islamabad,2026-07-21 20:00:00+00:00,24.4,91,1003.7,0.87,15.8,19.5,812.0,37.4,4.4,30.0,64,20,1,7,0,-0.8660254037844386,0.5000000000000001,1.2246467991473532e-16,-1.0,0.7818314824680298,0.6234898018587336,-1.0,65.0,67.0,92.0,82.125,10.81590013138693,15.625,5.021194210976884
Islamabad,2026-07-21 21:00:00+00:00,24.9,87,1003.3,0.4,15.1,18.9,631.0,30.0,3.8,36.0,63,21,1,7,0,-0.7071067811865477,0.7071067811865474,1.2246467991473532e-16,-1.0,0.7818314824680298,0.6234898018587336,-1.0,64.0,66.0,93.0,80.875,11.230054783247715,15.045833333333334,4.134791847625269
Islamabad,2026-07-21 22:00:00+00:00,24.6,85,1003.3,0.81,17.5,21.9,470.0,26.6,3.6,38.0,61,22,1,7,0,-0.5000000000000004,0.8660254037844384,1.2246467991473532e-16,-1.0,0.7818314824680298,0.6234898018587336,-2.0,63.0,65.0,93.0,79.54166666666667,11.620742948135,14.695833333333335,3.4796900370037545
Islamabad,2026-07-21 23:00:00+00:00,24.9,81,1003.8,0.11,18.6,22.8,328.0,25.0,3.7,38.0,61,23,1,7,0,-0.25881904510252157,0.9659258262890681,1.2246467991473532e-16,-1.0,0.7818314824680298,0.6234898018587336,0.0,61.0,64.0,94.0,78.16666666666667,11.786752573624643,14.725,3.510512163798028
Islamabad,2026-07-22 00:00:00+00:00,23.9,93,1003.1,0.47,26.5,31.9,277.0,49.4,5.0,2.0,61,0,2,7,0,0.0,1.0,1.2246467991473532e-16,-1.0,0.9749279121818236,-0.22252093395631434,0.0,61.0,63.0,94.0,76.79166666666667,11.784216292276373,15.116666666666667,4.236350630751265
Islamabad,2026-07-22 01:00:00+00:00,23.8,94,1003.8,0.54,28.9,35.7,402.0,41.3,5.7,21.0,62,1,2,7,0,0.25881904510252074,0.9659258262890683,1.2246467991473532e-16,-1.0,0.9749279121818236,-0.22252093395631434,1.0,61.0,61.0,93.0,75.5,11.628301307771128,15.645833333333334,5.085613054974541
Islamabad,2026-07-22 02:00:00+00:00,24.2,91,1003.8,0.67,20.0,31.8,616.0,29.9,6.7,47.0,63,2,2,7,0,0.49999999999999994,0.8660254037844387,1.2246467991473532e-16,-1.0,0.9749279121818236,-0.22252093395631434,1.0,62.0,61.0,94.0,74.20833333333333,11.197744985200702,15.854166666666666,5.1598769084295855
Islamabad,2026-07-22 03:00:00+00:00,25.2,86,1003.9,0.65,16.7,27.2,736.0,20.5,7.3,69.0,63,3,2,7,0,0.7071067811865476,0.7071067811865476,1.2246467991473532e-16,-1.0,0.9749279121818236,-0.22252093395631434,0.0,63.0,61.0,93.0,72.95833333333333,10.670883450921627,15.920833333333334,5.160045430088735
Islamabad,2026-07-22 04:00:00+00:00,26.2,79,1003.9,2.22,12.9,18.9,649.0,15.1,7.0,84.0,63,4,2,7,0,0.8660254037844386,0.5000000000000001,1.2246467991473532e-16,-1.0,0.9749279121818236,-0.22252093395631434,0.0,63.0,62.0,92.0,71.75,10.044466354555183,15.941666666666668,5.146203046625868
Islamabad,2026-07-22 05:00:00+00:00,27.1,75,1004.0,2.23,8.7,11.2,467.0,11.6,6.2,96.0,63,5,2,7,0,0.9659258262890683,0.25881904510252074,1.2246467991473532e-16,-1.0,0.9749279121818236,-0.22252093395631434,0.0,63.0,63.0,91.0,70.58333333333333,9.310660867901202,15.916666666666666,5.181209080536299
Islamabad,2026-07-22 06:00:00+00:00,25.4,79,1004.9,0.78,7.0,8.0,338.0,9.3,5.8,103.0,63,6,2,7,0,1.0,6.123233995736766e-17,1.2246467991473532e-16,-1.0,0.9749279121818236,-0.22252093395631434,0.0,63.0,63.0,89.0,69.5,8.556716151907427,15.837499999999999,5.306092683436402
Islamabad,2026-07-22 07:00:00+00:00,26.8,72,1004.2,1.77,7.3,7.8,332.0,7.6,6.1,106.0,63,7,2,7,0,0.9659258262890683,-0.25881904510252063,1.2246467991473532e-16,-1.0,0.9749279121818236,-0.22252093395631434,0.0,63.0,63.0,87.0,68.5,7.790741439290547,15.820833333333333,5.3333225769819
Islamabad,2026-07-22 08:00:00+00:00,26.8,72,1003.2,1.52,7.9,8.1,379.0,7.0,6.8,105.0,63,8,2,7,0,0.8660254037844387,-0.4999999999999998,1.2246467991473532e-16,-1.0,0.9749279121818236,-0.22252093395631434,0.0,63.0,63.0,85.0,67.58333333333333,7.021189461141289,15.766666666666666,5.409546044336533
Islamabad,2026-07-22 09:00:00+00:00,27.3,71,1002.6,1.42,8.1,8.2,419.0,8.6,6.9,101.0,63,9,2,7,0,0.7071067811865476,-0.7071067811865475,1.2246467991473532e-16,-1.0,0.9749279121818236,-0.22252093395631434,0.0,63.0,63.0,83.0,66.75,6.257169800557587,15.625,5.568330481196858
Islamabad,2026-07-22 10:00:00+00:00,27.3,69,1002.7,4.52,7.5,7.6,410.0,13.1,6.0,93.0,63,10,2,7,0,0.49999999999999994,-0.8660254037844387,1.2246467991473532e-16,-1.0,0.9749279121818236,-0.22252093395631434,0.0,63.0,63.0,81.0,66.0,5.508886102191907,15.325000000000001,5.809082094669402
Islamabad,2026-07-22 11:00:00+00:00,26.3,73,1002.5,3.78,9.6,9.7,394.0,19.9,4.5,82.0,62,11,2,7,0,0.258819045102521,-0.9659258262890682,1.2246467991473532e-16,-1.0,0.9749279121818236,-0.22252093395631434,-1.0,63.0,63.0,79.0,65.29166666666667,4.8137408996789794,15.204166666666667,5.899851078936074
Islamabad,2026-07-22 12:00:00+00:00,27.5,68,1002.6,4.42,20.4,21.6,432.0,16.9,4.9,87.0,62,12,2,7,0,1.2246467991473532e-16,-1.0,1.2246467991473532e-16,-1.0,0.9749279121818236,-0.22252093395631434,0.0,62.0,63.0,78.0,64.625,4.019652807845373,15.4,5.994272628753721
Islamabad,2026-07-22 13:00:00+00:00,26.5,73,1002.7,3.77,20.1,21.2,589.0,26.5,5.2,72.0,62,13,2,7,0,-0.2588190451025208,-0.9659258262890683,1.2246467991473532e-16,-1.0,0.9749279121818236,-0.22252093395631434,0.0,62.0,63.0,76.0,64.04166666666667,3.2367343535312725,15.65,6.062428843150311
Islamabad,2026-07-22 14:00:00+00:00,25.4,78,1003.0,1.47,22.4,23.3,801.0,39.8,5.6,51.0,63,14,2,7,0,-0.4999999999999997,-0.8660254037844388,1.2246467991473532e-16,-1.0,0.9749279121818236,-0.22252093395631434,1.0,62.0,62.0,74.0,63.583333333333336,2.4480101354274932,15.958333333333334,6.214213488074114
Islamabad,2026-07-22 15:00:00+00:00,24.7,79,1004.0,1.2,26.1,27.2,939.0,50.7,5.9,34.0,63,15,2,7,0,-0.7071067811865471,-0.7071067811865479,1.2246467991473532e-16,-1.0,0.9749279121818236,-0.22252093395631434,0.0,63.0,62.0,71.0,63.25,1.8708286933782647,16.40416666666667,6.547318014913106
Islamabad,2026-07-22 16:00:00+00:00,24.6,78,1004.6,1.27,30.3,31.5,931.0,57.6,6.2,24.0,64,16,2,7,0,-0.8660254037844385,-0.5000000000000004,1.2246467991473532e-16,-1.0,0.9749279121818236,-0.22252093395631434,1.0,63.0,62.0,69.0,63.041666666666664,1.4288690166121436,16.954166666666666,7.13625033477523
Islamabad,2026-07-22 17:00:00+00:00,24.3,78,1004.6,0.92,32.9,34.2,850.0,62.2,6.4,17.0,65,17,2,7,0,-0.9659258262890683,-0.25881904510252063,1.2246467991473532e-16,-1.0,0.9749279121818236,-0.22252093395631434,1.0,64.0,63.0,67.0,62.958333333333336,1.2328534122917438,17.479166666666668,7.8234863332019025
Islamabad,2026-07-22 18:00:00+00:00,25.1,79,1004.0,0.93,32.1,33.3,778.0,63.1,6.3,14.0,66,18,2,7,0,-1.0,-1.8369701987210297e-16,1.2246467991473532e-16,-1.0,0.9749279121818236,-0.22252093395631434,1.0,65.0,63.0,66.0,62.958333333333336,1.2328534122917438,17.966666666666665,8.359564512615448
Islamabad,2026-07-22 19:00:00+00:00,24.6,78,1003.8,0.41,31.2,32.4,751.0,58.0,5.6,16.0,67,19,2,7,0,-0.9659258262890684,0.2588190451025203,1.2246467991473532e-16,-1.0,0.9749279121818236,-0.22252093395631434,1.0,66.0,64.0,65.0,63.041666666666664,1.4288690166121436,18.483333333333334,8.785643757396715
Islamabad,2026-07-22 20:00:00+00:00,24.8,77,1003.4,0.16,28.8,31.0,733.0,49.2,4.6,22.0,68,20,2,7,0,-0.8660254037844386,0.5000000000000001,1.2246467991473532e-16,-1.0,0.9749279121818236,-0.22252093395631434,1.0,67.0,65.0,64.0,63.208333333333336,1.7440374613620273,19.025,9.010875072112428
Islamabad,2026-07-22 21:00:00+00:00,24.0,79,1003.1,0.55,27.5,29.8,710.0,42.8,3.9,25.0,69,21,2,7,0,-0.7071067811865477,0.7071067811865474,1.2246467991473532e-16,-1.0,0.9749279121818236,-0.22252093395631434,1.0,68.0,66.0,63.0,63.458333333333336,2.1054621854738014,19.541666666666664,9.130737227564943
Islamabad,2026-07-22 22:00:00+00:00,23.5,81,1002.6,0.46,29.6,31.9,650.0,42.3,3.6,19.0,70,22,2,7,0,-0.5000000000000004,0.8660254037844384,1.2246467991473532e-16,-1.0,0.9749279121818236,-0.22252093395631434,1.0,69.0,67.0,61.0,63.833333333333336,2.4257077257950392,20.045833333333334,9.344655722909746
Islamabad,2026-07-22 23:00:00+00:00,23.3,83,1002.7,0.56,29.2,31.3,584.0,44.1,3.7,9.0,71,23,2,7,0,-0.25881904510252157,0.9659258262890681,1.2246467991473532e-16,-1.0,0.9749279121818236,-0.22252093395631434,1.0,70.0,68.0,61.0,64.25,2.7544430510915006,20.4875,9.522162364030358
Islamabad,2026-07-23 00:00:00+00:00,24.1,90,1003.2,1.21,39.0,39.8,586.0,47.5,3.1,1.0,72,0,3,7,0,0.0,1.0,1.2246467991473532e-16,-1.0,0.43388373911755823,-0.900968867902419,1.0,71.0,69.0,61.0,64.70833333333333,3.085437981259528,21.008333333333333,10.184170012356402
Islamabad,2026-07-23 01:00:00+00:00,23.4,92,1003.0,1.83,43.4,44.2,746.0,42.6,4.9,20.0,73,1,3,7,0,0.25881904510252074,0.9659258262890683,1.2246467991473532e-16,-1.0,0.43388373911755823,-0.900968867902419,1.0,72.0,70.0,62.0,65.16666666666667,3.4599153880868943,21.612499999999997,11.06472312469167
Islamabad,2026-07-23 02:00:00+00:00,24.2,89,1002.7,1.33,39.1,39.8,974.0,35.6,7.4,46.0,74,2,3,7,0,0.49999999999999994,0.8660254037844387,1.2246467991473532e-16,-1.0,0.43388373911755823,-0.900968867902419,1.0,73.0,71.0,63.0,65.625,3.865257739306795,22.40833333333333,11.616813776541319
Islamabad,2026-07-23 03:00:00+00:00,24.7,86,1003.2,0.57,24.9,25.8,1073.0,28.3,9.4,70.0,75,3,3,7,0,0.7071067811865476,0.7071067811865476,1.2246467991473532e-16,-1.0,0.43388373911755823,-0.900968867902419,1.0,74.0,72.0,63.0,66.125,4.266273192903652,22.75,11.562081954839895
Islamabad,2026-07-23 04:00:00+00:00,26.3,76,1003.4,0.74,20.5,21.2,910.0,20.5,10.6,91.0,76,4,3,7,0,0.8660254037844386,0.5000000000000001,1.2246467991473532e-16,-1.0,0.43388373911755823,-0.900968867902419,1.0,75.0,73.0,63.0,66.66666666666667,4.659414655029392,23.066666666666663,11.38327020586394
Islamabad,2026-07-23 05:00:00+00:00,26.8,74,1003.4,2.41,19.2,20.0,618.0,12.4,11.4,109.0,77,5,3,7,0,0.9659258262890683,0.25881904510252074,1.2246467991473532e-16,-1.0,0.43388373911755823,-0.900968867902419,1.0,76.0,74.0,63.0,67.25,5.041135137865989,23.504166666666666,11.002508771882976
Islamabad,2026-07-23 06:00:00+00:00,27.9,67,1003.9,3.26,17.8,18.7,393.0,6.5,11.2,121.0,77,6,3,7,0,1.0,6.123233995736766e-17,1.2246467991473532e-16,-1.0,0.43388373911755823,-0.900968867902419,0.0,77.0,75.0,63.0,67.83333333333333,5.329708913384989,23.954166666666666,10.507884375932697
Islamabad,2026-07-23 07:00:00+00:00,28.6,67,1003.3,2.62,15.1,16.1,316.0,4.1,9.4,123.0,78,7,3,7,0,0.9659258262890683,-0.25881904510252063,1.2246467991473532e-16,-1.0,0.43388373911755823,-0.900968867902419,1.0,77.0,76.0,63.0,68.45833333333333,5.610387622555886,24.279166666666665,10.082398746962605
Islamabad,2026-07-23 08:00:00+00:00,29.2,65,1002.6,1.77,12.0,13.1,306.0,4.0,6.7,118.0,79,8,3,7,0,0.8660254037844387,-0.4999999999999998,1.2246467991473532e-16,-1.0,0.43388373911755823,-0.900968867902419,1.0,78.0,77.0,63.0,69.125,5.877832342236724,24.45,9.824237994567952
Islamabad,2026-07-23 09:00:00+00:00,28.6,66,1002.3,3.43,9.8,11.4,319.0,4.8,4.7,113.0,79,9,3,7,0,0.7071067811865476,-0.7071067811865475,1.2246467991473532e-16,-1.0,0.43388373911755823,-0.900968867902419,0.0,79.0,77.0,63.0,69.79166666666667,6.057544104641398,24.520833333333332,9.706652992604612
Islamabad,2026-07-23 10:00:00+00:00,28.5,67,1002.2,2.28,7.6,8.5,246.0,4.3,4.2,113.0,79,10,3,7,0,0.49999999999999994,-0.8660254037844387,1.2246467991473532e-16,-1.0,0.43388373911755823,-0.900968867902419,0.0,79.0,78.0,63.0,70.45833333333333,6.15720974825638,24.524999999999995,9.699047465557117
Islamabad,2026-07-23 11:00:00+00:00,28.4,66,1001.6,2.68,7.2,8.0,194.0,4.7,4.4,112.0,79,11,3,7,0,0.258819045102521,-0.9659258262890682,1.2246467991473532e-16,-1.0,0.43388373911755823,-0.900968867902419,0.0,79.0,79.0,62.0,71.16666666666667,6.119581306125777,24.425,9.870476399233503
Islamabad,2026-07-23 12:00:00+00:00,28.3,67,1001.5,2.65,26.3,27.6,446.0,11.7,4.7,98.0,79,12,3,7,0,1.2246467991473532e-16,-1.0,1.2246467991473532e-16,-1.0,0.43388373911755823,-0.900968867902419,0.0,79.0,79.0,62.0,71.875,5.995016045955955,24.67083333333333,9.839294741722714
Islamabad,2026-07-23 13:00:00+00:00,27.6,71,1001.5,1.38,29.6,30.6,1342.0,25.1,5.0,77.0,80,13,3,7,0,-0.2588190451025208,-0.9659258262890683,1.2246467991473532e-16,-1.0,0.43388373911755823,-0.900968867902419,1.0,79.0,79.0,62.0,72.625,5.829553640900712,25.066666666666666,9.838507604512865
Islamabad,2026-07-23 14:00:00+00:00,26.7,79,1001.5,0.14,32.6,33.4,2541.0,43.7,5.4,47.0,80,14,3,7,0,-0.4999999999999997,-0.8660254037844388,1.2246467991473532e-16,-1.0,0.43388373911755823,-0.900968867902419,0.0,80.0,79.0,63.0,73.33333333333333,5.638891863588093,25.49166666666667,9.938109201088157
Islamabad,2026-07-23 15:00:00+00:00,25.9,80,1002.4,0.25,38.6,39.3,3297.0,58.0,6.2,24.0,81,15,3,7,0,-0.7071067811865471,-0.7071067811865479,1.2246467991473532e-16,-1.0,0.43388373911755823,-0.900968867902419,1.0,80.0,79.0,63.0,74.08333333333333,5.396590442655577,26.012500000000003,10.29260234554302
Islamabad,2026-07-23 16:00:00+00:00,25.6,81,1002.9,0.35,46.8,47.4,3222.0,63.9,7.7,13.0,82,16,3,7,0,-0.8660254037844385,-0.5000000000000004,1.2246467991473532e-16,-1.0,0.43388373911755823,-0.900968867902419,1.0,81.0,80.0,64.0,74.83333333333333,5.180789487144708,26.7,11.11004246068665
Islamabad,2026-07-23 17:00:00+00:00,25.3,82,1003.1,0.25,56.7,57.3,2704.0,65.6,9.6,9.0,83,17,3,7,0,-0.9659258262890683,-0.25881904510252063,1.2246467991473532e-16,-1.0,0.43388373911755823,-0.900968867902419,1.0,82.0,80.0,65.0,75.58333333333333,4.994924960625818,27.691666666666666,12.643813289223825
Islamabad,2026-07-23 18:00:00+00:00,26.0,84,1003.2,0.2,64.3,65.0,2161.0,65.4,10.4,6.0,85,18,3,7,0,-1.0,-1.8369701987210297e-16,1.2246467991473532e-16,-1.0,0.43388373911755823,-0.900968867902419,2.0,83.0,81.0,66.0,76.375,4.915039032969722,29.03333333333333,14.676887084554165
Islamabad,2026-07-23 19:00:00+00:00,25.8,84,1003.0,0.0,62.9,63.3,1685.0,63.7,9.4,5.0,88,19,3,7,0,-0.9659258262890684,0.2588190451025203,1.2246467991473532e-16,-1.0,0.43388373911755823,-0.900968867902419,3.0,85.0,82.0,67.0,77.25,5.041135137865713,30.354166666666668,16.225100767869993
Islamabad,2026-07-23 20:00:00+00:00,25.0,86,1002.8,0.92,51.8,52.4,1183.0,60.1,7.4,6.0,90,20,3,7,0,-0.8660254037844386,0.5000000000000001,1.2246467991473532e-16,-1.0,0.43388373911755823,-0.900968867902419,2.0,88.0,83.0,68.0,78.16666666666667,5.28053576552396,31.3125,16.79842933910396
Islamabad,2026-07-23 21:00:00+00:00,24.3,88,1002.7,0.85,47.0,47.5,796.0,56.7,5.8,7.0,92,21,3,7,0,-0.7071067811865477,0.7071067811865474,1.2246467991473532e-16,-1.0,0.43388373911755823,-0.900968867902419,2.0,90.0,85.0,69.0,79.125,5.620710925168697,32.125,17.07531271596
Islamabad,2026-07-23 22:00:00+00:00,23.9,89,1002.5,1.12,40.4,40.9,597.0,54.6,4.9,4.0,94,22,3,7,0,-0.5000000000000004,0.8660254037844384,1.2246467991473532e-16,-1.0,0.43388373911755823,-0.900968867902419,2.0,92.0,88.0,70.0,80.125,6.045569703794746,32.575,17.14803195704974
Islamabad,2026-07-23 23:00:00+00:00,23.5,91,1002.6,0.35,35.3,35.7,512.0,52.6,4.4,2.0,94,23,3,7,0,-0.25881904510252157,0.9659258262890681,1.2246467991473532e-16,-1.0,0.43388373911755823,-0.900968867902419,0.0,94.0,90.0,71.0,81.08333333333333,6.35142343967927,32.829166666666666,17.141038453820745
Islamabad,2026-07-24 00:00:00+00:00,24.1,89,1002.8,0.79,44.9,45.4,464.0,48.1,4.5,4.0,95,0,4,7,0,0.0,1.0,1.2246467991473532e-16,-1.0,-0.433883739117558,-0.9009688679024191,1.0,94.0,92.0,72.0,82.04166666666667,6.649479657094001,33.074999999999996,17.27517067178005
Islamabad,2026-07-24 01:00:00+00:00,24.3,89,1002.7,0.85,40.5,41.0,441.0,40.3,5.8,24.0,95,1,4,7,0,0.25881904510252074,0.9659258262890683,1.2246467991473532e-16,-1.0,-0.433883739117558,-0.9009688679024191,0.0,95.0,94.0,73.0,82.95833333333333,6.861861622584498,32.954166666666666,17.2098298293046
Islamabad,2026-07-24 02:00:00+00:00,25.5,80,1003.3,1.69,35.6,36.3,455.0,29.4,7.7,52.0,95,2,4,7,0,0.49999999999999994,0.8660254037844387,1.2246467991473532e-16,-1.0,-0.433883739117558,-0.9009688679024191,0.0,95.0,94.0,74.0,83.83333333333333,7.0072426299739154,32.80833333333333,17.170270481439605
Islamabad,2026-07-24 03:00:00+00:00,26.3,74,1004.0,2.18,26.8,27.9,460.0,19.9,8.9,77.0,95,3,4,7,0,0.7071067811865476,0.7071067811865476,1.2246467991473532e-16,-1.0,-0.433883739117558,-0.9009688679024191,0.0,95.0,95.0,75.0,84.66666666666667,7.099704015056576,32.8875,17.13656940200005
Islamabad,2026-07-24 04:00:00+00:00,26.8,75,1004.1,1.44,23.2,24.4,437.0,13.5,8.9,95.0,95,4,4,7,0,0.8660254037844386,0.5000000000000001,1.2246467991473532e-16,-1.0,-0.433883739117558,-0.9009688679024191,0.0,95.0,95.0,76.0,85.45833333333333,7.150428182169704,33.0,17.06040419522196
Islamabad,2026-07-24 05:00:00+00:00,27.6,72,1004.0,1.41,18.9,20.5,405.0,8.5,8.4,111.0,95,5,4,7,0,0.9659258262890683,0.25881904510252074,1.2246467991473532e-16,-1.0,-0.433883739117558,-0.9009688679024191,0.0,95.0,95.0,77.0,86.20833333333333,7.168646507785406,32.9875,17.07106151662359
Islamabad,2026-07-24 06:00:00+00:00,28.5,66,1004.5,3.05,16.1,18.0,378.0,5.1,7.7,121.0,95,6,4,7,0,1.0,6.123233995736766e-17,1.2246467991473532e-16,-1.0,-0.433883739117558,-0.9009688679024191,0.0,95.0,95.0,77.0,86.95833333333333,7.104677985336336,32.916666666666664,17.140206144229005
Islamabad,2026-07-24 07:00:00+00:00,28.3,65,1003.9,1.39,13.0,14.7,354.0,3.6,6.9,125.0,95,7,4,7,0,0.9659258262890683,-0.25881904510252063,1.2246467991473532e-16,-1.0,-0.433883739117558,-0.9009688679024191,0.0,95.0,95.0,78.0,87.66666666666667,7.019641181627505,32.829166666666666,17.240182566537264
Islamabad,2026-07-24 08:00:00+00:00,29.2,63,1003.1,1.07,11.9,13.3,335.0,3.6,6.1,125.0,95,8,4,7,0,0.8660254037844387,-0.4999999999999998,1.2246467991473532e-16,-1.0,-0.433883739117558,-0.9009688679024191,0.0,95.0,95.0,79.0,88.33333333333333,6.919830776180476,32.824999999999996,17.245446784082105
Islamabad,2026-07-24 09:00:00+00:00,29.5,62,1002.1,0.81,11.7,12.6,340.0,4.4,5.7,123.0,95,9,4,7,0,0.7071067811865476,-0.7071067811865475,1.2246467991473532e-16,-1.0,-0.433883739117558,-0.9009688679024191,0.0,95.0,95.0,79.0,89.0,6.750201285240619,32.90416666666666,17.13918670808192
Islamabad,2026-07-24 10:00:00+00:00,30.0,60,1000.9,0.68,12.4,13.1,296.0,3.1,6.0,125.0,95,10,4,7,0,0.49999999999999994,-0.8660254037844387,1.2246467991473532e-16,-1.0,-0.433883739117558,-0.9009688679024191,0.0,95.0,95.0,79.0,89.66666666666667,6.505293273916993,33.104166666666664,16.856748852731275
Islamabad,2026-07-24 11:00:00+00:00,30.2,59,1000.1,0.87,13.4,14.0,276.0,2.6,6.7,125.0,95,11,4,7,0,0.258819045102521,-0.9659258262890682,1.2246467991473532e-16,-1.0,-0.433883739117558,-0.9009688679024191,0.0,95.0,95.0,79.0,90.33333333333333,6.176157991517963,33.3625,16.485931090267318
Islamabad,2026-07-24 12:00:00+00:00,30.2,61,999.8,1.1,11.9,12.0,521.0,10.2,8.1,119.0,96,12,4,7,0,1.2246467991473532e-16,-1.0,1.2246467991473532e-16,-1.0,-0.433883739117558,-0.9009688679024191,1.0,95.0,95.0,79.0,91.04166666666667,5.782125129608651,32.7625,17.007921747641955
Islamabad,2026-07-24 13:00:00+00:00,29.6,64,999.7,0.74,13.7,13.8,1344.0,34.7,10.1,87.0,95,13,4,7,0,-0.2588190451025208,-0.9659258262890683,1.2246467991473532e-16,-1.0,-0.433883739117558,-0.9009688679024191,-1.0,96.0,95.0,80.0,91.66666666666667,5.329708913384312,32.1,17.44063221829737
Islamabad,2026-07-24 14:00:00+00:00,28.7,73,999.8,0.4,31.8,31.8,2432.0,68.4,12.9,43.0,94,14,4,7,0,-0.4999999999999997,-0.8660254037844388,1.2246467991473532e-16,-1.0,-0.433883739117558,-0.9009688679024191,-1.0,95.0,95.0,80.0,92.25,4.729647472840871,32.06666666666667,17.440399543355745
Islamabad,2026-07-24 15:00:00+00:00,27.5,77,1000.3,0.71,47.1,47.1,3083.0,92.7,14.8,10.0,94,15,4,7,0,-0.7071067811865471,-0.7071067811865479,1.2246467991473532e-16,-1.0,-0.433883739117558,-0.9009688679024191,0.0,94.0,96.0,81.0,92.79166666666667,4.085809660234887,32.42083333333333,17.663718136502187
Islamabad,2026-07-24 16:00:00+00:00,26.7,83,1001.6,0.75,53.4,53.6,2915.0,99.0,15.3,0.0,94,16,4,7,0,-0.8660254037844385,-0.5000000000000004,1.2246467991473532e-16,-1.0,-0.433883739117558,-0.9009688679024191,0.0,94.0,95.0,82.0,93.29166666666667,3.381267663828344,32.69583333333333,17.946429441817784
Islamabad,2026-07-24 17:00:00+00:00,26.1,86,1002.2,0.92,56.7,56.8,2310.0,96.0,15.0,1.0,95,17,4,7,0,-0.9659258262890683,-0.25881904510252063,1.2246467991473532e-16,-1.0,-0.433883739117558,-0.9009688679024191,1.0,94.0,94.0,83.0,93.79166666666667,2.5872457516958915,32.69583333333333,17.946429441817784
Islamabad,2026-07-24 18:00:00+00:00,27.0,81,1002.1,0.81,56.0,56.1,1718.0,91.0,14.0,4.0,95,18,4,7,0,-1.0,-1.8369701987210297e-16,1.2246467991473532e-16,-1.0,-0.433883739117558,-0.9009688679024191,0.0,95.0,94.0,85.0,94.20833333333333,1.7932037558802703,32.35,17.382024698195973
Islamabad,2026-07-24 19:00:00+00:00,26.4,83,1002.5,0.89,49.5,49.7,1247.0,85.9,12.1,5.0,94,19,4,7,0,-0.9659258262890684,0.2588190451025203,1.2246467991473532e-16,-1.0,-0.433883739117558,-0.9009688679024191,-1.0,95.0,94.0,88.0,94.45833333333333,1.2150922908653627,31.791666666666668,16.55352101430429
Islamabad,2026-07-24 20:00:00+00:00,26.3,81,1002.7,1.7,44.0,44.2,789.0,78.9,9.6,6.0,93,20,4,7,0,-0.8660254037844386,0.5000000000000001,1.2246467991473532e-16,-1.0,-0.433883739117558,-0.9009688679024191,-1.0,94.0,95.0,90.0,94.58333333333333,0.8297022339728469,31.466666666666665,16.216756408289434
Islamabad,2026-07-24 21:00:00+00:00,25.6,84,1002.7,1.03,38.4,38.8,463.0,71.6,7.6,8.0,92,21,4,7,0,-0.7071067811865477,0.7071067811865474,1.2246467991473532e-16,-1.0,-0.433883739117558,-0.9009688679024191,-1.0,93.0,95.0,92.0,94.58333333333333,0.8297022339728469,31.10833333333333,15.951445802447035
Islamabad,2026-07-24 22:00:00+00:00,25.6,81,1002.4,1.39,35.2,35.7,330.0,65.0,6.5,8.0,92,22,4,7,0,-0.5000000000000004,0.8660254037844384,1.2246467991473532e-16,-1.0,-0.433883739117558,-0.9009688679024191,0.0,92.0,94.0,94.0,94.5,0.9780192938222324,30.891666666666666,15.854773431989164
Islamabad,2026-07-24 23:00:00+00:00,25.4,81,1002.7,0.76,33.9,34.5,329.0,58.3,5.9,7.0,91,23,4,7,0,-0.25881904510252157,0.9659258262890681,1.2246467991473532e-16,-1.0,-0.433883739117558,-0.9009688679024191,-1.0,92.0,93.0,94.0,94.375,1.2091139407422538,30.833333333333332,15.84041794207809
Islamabad,2026-07-25 00:00:00+00:00,24.2,86,1002.3,2.0,22.4,22.9,398.0,36.9,5.2,32.0,91,0,5,7,1,0.0,1.0,1.2246467991473532e-16,-1.0,-0.9749279121818236,-0.2225209339563146,0.0,91.0,92.0,95.0,94.20833333333333,1.3824731042650142,29.895833333333332,15.636203229981207
Islamabad,2026-07-25 01:00:00+00:00,24.2,89,1002.4,1.58,20.9,21.5,578.0,37.9,5.2,33.0,89,1,5,7,1,0.25881904510252074,0.9659258262890683,1.2246467991473532e-16,-1.0,-0.9749279121818236,-0.2225209339563146,-2.0,91.0,92.0,95.0,93.95833333333333,1.7315277663830113,29.07916666666667,15.569981686249486
Islamabad,2026-07-25 02:00:00+00:00,25.9,84,1003.0,0.45,22.0,22.6,829.0,39.0,5.2,35.0,88,2,5,7,1,0.49999999999999994,0.8660254037844387,1.2246467991473532e-16,-1.0,-0.9749279121818236,-0.2225209339563146,-1.0,89.0,91.0,95.0,93.66666666666667,2.098999071321279,28.512500000000003,15.569823447101529
Islamabad,2026-07-25 03:00:00+00:00,26.6,75,1003.8,0.36,21.2,22.0,965.0,38.1,5.5,40.0,87,3,5,7,1,0.7071067811865476,0.7071067811865476,1.2246467991473532e-16,-1.0,-0.9749279121818236,-0.2225209339563146,-1.0,88.0,91.0,95.0,93.33333333333333,2.4788964351481666,28.279166666666665,15.63841366264678
Islamabad,2026-07-25 04:00:00+00:00,26.4,77,1004.7,1.12,20.5,21.5,871.0,33.3,6.1,50.0,86,4,5,7,1,0.8660254037844386,0.5000000000000001,1.2246467991473532e-16,-1.0,-0.9749279121818236,-0.2225209339563146,-1.0,87.0,89.0,95.0,92.95833333333333,2.866283257129942,28.166666666666668,15.686179645919445
Islamabad,2026-07-25 05:00:00+00:00,26.6,81,1005.2,1.76,21.7,22.9,663.0,26.5,7.0,63.0,86,5,5,7,1,0.9659258262890683,0.25881904510252074,1.2246467991473532e-16,-1.0,-0.9749279121818236,-0.2225209339563146,0.0,86.0,88.0,95.0,92.58333333333333,3.1611316997472607,28.283333333333335,15.62455332694878
Islamabad,2026-07-25 06:00:00+00:00,25.3,90,1005.2,1.57,25.2,26.3,500.0,20.9,7.7,75.0,86,6,5,7,1,1.0,6.123233995736766e-17,1.2246467991473532e-16,-1.0,-0.9749279121818236,-0.2225209339563146,0.0,86.0,87.0,95.0,92.20833333333333,3.387690847069876,28.662499999999998,15.42518585611375
Islamabad,2026-07-25 07:00:00+00:00,25.1,91,1005.2,1.32,27.6,28.8,435.0,17.7,8.1,83.0,87,7,5,7,1,0.9659258262890683,-0.25881904510252063,1.2246467991473532e-16,-1.0,-0.9749279121818236,-0.2225209339563146,1.0,86.0,86.0,95.0,91.875,3.4930054332165756,29.270833333333332,15.064310808826503
Islamabad,2026-07-25 08:00:00+00:00,25.2,92,1005.0,0.63,25.8,27.1,416.0,15.7,8.5,89.0,88,8,5,7,1,0.8660254037844387,-0.4999999999999998,1.2246467991473532e-16,-1.0,-0.9749279121818236,-0.2225209339563146,1.0,87.0,86.0,95.0,91.58333333333333,3.51291612625519,29.850000000000005,14.628322736628283
Islamabad,2026-07-25 09:00:00+00:00,25.3,93,1004.9,0.62,20.2,21.4,441.0,14.4,8.7,95.0,89,9,5,7,1,0.7071067811865476,-0.7071067811865475,1.2246467991473532e-16,-1.0,-0.9749279121818236,-0.2225209339563146,1.0,88.0,86.0,95.0,91.33333333333333,3.472458929123807,30.204166666666666,14.26825235837656
Islamabad,2026-07-25 10:00:00+00:00,25.3,92,1004.4,0.0,17.9,18.7,459.0,10.8,8.6,105.0,90,10,5,7,1,0.49999999999999994,-0.8660254037844387,1.2246467991473532e-16,-1.0,-0.9749279121818236,-0.2225209339563146,1.0,89.0,87.0,95.0,91.125,3.3919662118847302,30.433333333333334,14.011723869570828
Islamabad,2026-07-25 11:00:00+00:00,25.6,89,1003.7,0.54,16.9,17.5,522.0,7.8,8.5,115.0,90,11,5,7,1,0.258819045102521,-0.9659258262890682,1.2246467991473532e-16,-1.0,-0.9749279121818236,-0.2225209339563146,0.0,90.0,88.0,95.0,90.91666666666667,3.295803216294733,30.57916666666667,13.843943242181869
Islamabad,2026-07-25 12:00:00+00:00,27.3,80,1003.0,1.23,30.3,31.2,782.0,33.2,5.3,60.0,91,12,5,7,1,1.2246467991473532e-16,-1.0,1.2246467991473532e-16,-1.0,-0.9749279121818236,-0.2225209339563146,1.0,90.0,89.0,96.0,90.70833333333333,3.1134933081137635,31.34583333333333,13.261778330704862
Islamabad,2026-07-25 13:00:00+00:00,27.0,82,1003.0,0.81,29.6,30.5,1403.0,47.8,7.0,44.0,92,13,5,7,1,-0.2588190451025208,-0.9659258262890683,1.2246467991473532e-16,-1.0,-0.9749279121818236,-0.2225209339563146,1.0,91.0,90.0,95.0,90.58333333333333,2.9915339480403538,32.00833333333333,12.728363283787015
Islamabad,2026-07-25 14:00:00+00:00,26.1,87,1003.5,0.21,36.2,37.0,2222.0,67.8,9.3,21.0,93,14,5,7,1,-0.4999999999999997,-0.8660254037844388,1.2246467991473532e-16,-1.0,-0.9749279121818236,-0.2225209339563146,1.0,92.0,90.0,94.0,90.54166666666667,2.9485319363488705,32.19166666666666,12.756887880897773
Islamabad,2026-07-25 15:00:00+00:00,25.7,89,1004.0,1.0,54.5,55.4,2896.0,82.0,10.7,5.0,94,15,5,7,1,-0.7071067811865471,-0.7071067811865479,1.2246467991473532e-16,-1.0,-0.9749279121818236,-0.2225209339563146,1.0,93.0,91.0,94.0,90.54166666666667,2.9485319363488705,32.5,13.214122879641321
Islamabad,2026-07-25 16:00:00+00:00,25.6,88,1004.6,0.82,67.5,68.5,3384.0,86.3,10.3,0.0,94,16,5,7,1,-0.8660254037844385,-0.5000000000000004,1.2246467991473532e-16,-1.0,-0.9749279121818236,-0.2225209339563146,0.0,94.0,92.0,94.0,90.54166666666667,2.9485319363488705,33.0875,14.440291232158877
Islamabad,2026-07-25 17:00:00+00:00,25.5,89,1005.1,0.45,56.7,57.6,3727.0,84.8,9.0,0.0,95,17,5,7,1,-0.9659258262890683,-0.25881904510252063,1.2246467991473532e-16,-1.0,-0.9749279121818236,-0.2225209339563146,1.0,94.0,93.0,95.0,90.54166666666667,2.9485319363488705,33.0875,14.440291232158877
Islamabad,2026-07-25 18:00:00+00:00,26.6,82,1004.9,0.14,47.0,48.0,3713.0,78.2,7.6,4.0,95,18,5,7,1,-1.0,-1.8369701987210297e-16,1.2246467991473532e-16,-1.0,-0.9749279121818236,-0.2225209339563146,0.0,95.0,94.0,95.0,90.54166666666667,2.9485319363488705,32.7125,13.927149354065035
Islamabad,2026-07-25 19:00:00+00:00,26.1,84,1005.0,0.05,43.7,44.8,3100.0,63.6,6.2,16.0,95,19,5,7,1,-0.9659258262890684,0.2588190451025203,1.2246467991473532e-16,-1.0,-0.9749279121818236,-0.2225209339563146,0.0,95.0,94.0,94.0,90.58333333333333,3.0060325819952514,32.47083333333334,13.671152719016272
Islamabad,2026-07-25 20:00:00+00:00,25.9,86,1004.8,0.05,36.0,37.4,2129.0,43.8,4.7,34.0,94,20,5,7,1,-0.8660254037844386,0.5000000000000001,1.2246467991473532e-16,-1.0,-0.9749279121818236,-0.2225209339563146,-1.0,95.0,95.0,93.0,90.625,3.0476291569382137,32.1375,13.473930142251007
Islamabad,2026-07-25 21:00:00+00:00,25.6,85,1004.4,0.29,28.6,30.0,1311.0,28.2,3.5,47.0,94,21,5,7,1,-0.7071067811865477,0.7071067811865474,1.2246467991473532e-16,-1.0,-0.9749279121818236,-0.2225209339563146,0.0,94.0,95.0,92.0,90.70833333333333,3.113493308113763,31.72916666666667,13.424295922486667
Islamabad,2026-07-25 22:00:00+00:00,25.3,85,1004.8,0.28,27.1,28.7,820.0,20.4,2.8,52.0,93,22,5,7,1,-0.5000000000000004,0.8660254037844384,1.2246467991473532e-16,-1.0,-0.9749279121818236,-0.2225209339563146,-1.0,94.0,95.0,92.0,90.75,3.1381246130317306,31.391666666666666,13.435058507555844
Islamabad,2026-07-25 23:00:00+00:00,24.9,86,1004.9,0.47,25.9,27.4,481.0,16.7,2.4,53.0,92,23,5,7,1,-0.25881904510252157,0.9659258262890681,1.2246467991473532e-16,-1.0,-0.9749279121818236,-0.2225209339563146,-1.0,93.0,94.0,91.0,90.79166666666667,3.1482109020866105,31.058333333333337,13.469318328404132
Islamabad,2026-07-26 00:00:00+00:00,25.3,89,1004.8,0.49,14.7,15.4,280.0,12.2,2.1,56.0,92,0,6,7,1,0.0,1.0,1.2246467991473532e-16,-1.0,-0.7818314824680299,0.6234898018587334,0.0,92.0,94.0,91.0,90.83333333333333,3.157691323215845,30.737499999999997,13.772809144801574
Islamabad,2026-07-26 01:00:00+00:00,25.4,90,1005.1,0.32,15.2,15.9,268.0,13.9,2.3,54.0,91,1,6,7,1,0.25881904510252074,0.9659258262890683,1.2246467991473532e-16,-1.0,-0.7818314824680299,0.6234898018587334,-1.0,92.0,93.0,89.0,90.91666666666667,3.1335029247902635,30.5,13.997142565538134
Islamabad,2026-07-26 02:00:00+00:00,25.6,87,1005.3,1.5,16.9,17.5,393.0,16.1,2.7,53.0,91,2,6,7,1,0.49999999999999994,0.8660254037844387,1.2246467991473532e-16,-1.0,-0.7818314824680299,0.6234898018587334,0.0,91.0,92.0,88.0,91.04166666666667,3.071314216170614,30.287499999999998,14.169450067571104
Islamabad,2026-07-26 03:00:00+00:00,26.4,83,1005.1,1.14,16.1,17.3,485.0,16.4,3.9,60.0,90,3,6,7,1,0.7071067811865476,0.7071067811865476,1.2246467991473532e-16,-1.0,-0.7818314824680299,0.6234898018587334,-1.0,91.0,92.0,87.0,91.16666666666667,2.958652258776743,30.075000000000003,14.348769073096234
Islamabad,2026-07-26 04:00:00+00:00,28.1,73,1005.2,1.07,16.3,19.4,471.0,13.2,6.7,81.0,90,4,6,7,1,0.8660254037844386,0.5000000000000001,1.2246467991473532e-16,-1.0,-0.7818314824680299,0.6234898018587334,0.0,90.0,91.0,86.0,91.33333333333333,2.7610122067379543,29.900000000000002,14.495486553916777
Islamabad,2026-07-26 05:00:00+00:00,28.2,72,1005.4,1.44,20.0,25.0,423.0,8.1,10.2,110.0,89,5,6,7,1,0.9659258262890683,0.25881904510252074,1.2246467991473532e-16,-1.0,-0.7818314824680299,0.6234898018587334,-1.0,90.0,91.0,86.0,91.45833333333333,2.5703859745045827,29.829166666666666,14.54137961180067
Islamabad,2026-07-26 06:00:00+00:00,29.0,63,1005.7,0.72,22.4,27.8,386.0,4.3,12.6,133.0,89,6,6,7,1,1.0,6.123233995736766e-17,1.2246467991473532e-16,-1.0,-0.7818314824680299,0.6234898018587334,0.0,89.0,90.0,86.0,91.58333333333333,2.357534944481541,29.712500000000002,14.591281271034228
Islamabad,2026-07-26 07:00:00+00:00,29.8,61,1005.0,0.45,23.2,28.3,379.0,3.0,12.6,145.0,89,7,6,7,1,0.9659258262890683,-0.25881904510252063,1.2246467991473532e-16,-1.0,-0.7818314824680299,0.6234898018587334,0.0,89.0,90.0,87.0,91.66666666666667,2.219805449097481,29.52916666666667,14.646515512799148
Islamabad,2026-07-26 08:00:00+00:00,30.3,61,1004.3,0.74,23.5,28.1,382.0,2.9,11.5,151.0,89,8,6,7,1,0.8660254037844387,-0.4999999999999998,1.2246467991473532e-16,-1.0,-0.7818314824680299,0.6234898018587334,0.0,89.0,89.0,88.0,91.70833333333333,2.1564698743083297,29.433333333333334,14.679464113742917
Islamabad,2026-07-26 09:00:00+00:00,30.4,64,1003.1,1.2,23.9,28.2,388.0,3.4,10.6,154.0,89,9,6,7,1,0.7071067811865476,-0.7071067811865475,1.2246467991473532e-16,-1.0,-0.7818314824680299,0.6234898018587334,0.0,89.0,89.0,89.0,91.70833333333333,2.1564698743083297,29.587500000000002,14.59747781966637
Islamabad,2026-07-26 10:00:00+00:00,31.7,61,1002.1,1.7,24.1,28.1,332.0,2.2,10.5,158.0,89,10,6,7,1,0.49999999999999994,-0.8660254037844387,1.2246467991473532e-16,-1.0,-0.7818314824680299,0.6234898018587334,0.0,89.0,89.0,90.0,91.66666666666667,2.200131748351389,29.845833333333335,14.435613544487694
Islamabad,2026-07-26 11:00:00+00:00,31.8,60,1001.3,1.84,24.1,27.8,278.0,1.6,10.6,159.0,89,11,6,7,1,0.258819045102521,-0.9659258262890682,1.2246467991473532e-16,-1.0,-0.7818314824680299,0.6234898018587334,0.0,89.0,89.0,90.0,91.625,2.2421360157230206,30.145833333333332,14.228201608583293
Islamabad,2026-07-26 12:00:00+00:00,31.6,59,1001.2,1.17,20.9,23.7,407.0,7.3,9.5,142.0,99,12,6,7,1,1.2246467991473532e-16,-1.0,1.2246467991473532e-16,-1.0,-0.7818314824680299,0.6234898018587334,10.0,89.0,89.0,91.0,91.95833333333333,2.694263901508766,29.754166666666666,14.352608584797583
Islamabad,2026-07-26 13:00:00+00:00,30.4,70,1000.9,1.32,23.2,25.4,919.0,25.9,10.0,111.0,112,13,6,7,1,-0.2588190451025208,-0.9659258262890683,1.2246467991473532e-16,-1.0,-0.7818314824680299,0.6234898018587334,13.0,99.0,89.0,92.0,92.79166666666667,4.8987945870137946,29.4875,14.41491716786889
Islamabad,2026-07-26 14:00:00+00:00,28.8,79,1000.9,0.99,28.4,30.4,1615.0,51.7,10.7,69.0,112,14,6,7,1,-0.4999999999999997,-0.8660254037844388,1.2246467991473532e-16,-1.0,-0.7818314824680299,0.6234898018587334,0.0,112.0,89.0,93.0,93.58333333333333,6.2756719139047465,29.162499999999998,14.344755517943298
Islamabad,2026-07-26 15:00:00+00:00,27.7,83,1001.2,0.83,37.8,39.9,2076.0,71.9,11.5,35.0,98,15,6,7,1,-0.7071067811865471,-0.7071067811865479,1.2246467991473532e-16,-1.0,-0.7818314824680299,0.6234898018587334,-14.0,112.0,99.0,94.0,93.75,6.340004114657291,28.46666666666667,13.438674451540683
Islamabad,2026-07-26 16:00:00+00:00,27.1,86,1001.6,0.6,49.1,51.1,2104.0,81.8,12.6,20.0,87,16,6,7,1,-0.8660254037844385,-0.5000000000000004,1.2246467991473532e-16,-1.0,-0.7818314824680299,0.6234898018587334,-11.0,98.0,112.0,94.0,93.45833333333333,6.487306446245208,27.700000000000003,11.500056710635198
Islamabad,2026-07-26 17:00:00+00:00,26.6,89,1002.1,0.75,54.9,56.9,1898.0,86.0,13.6,13.0,85,17,6,7,1,-0.9659258262890683,-0.25881904510252063,1.2246467991473532e-16,-1.0,-0.7818314824680299,0.6234898018587334,-2.0,87.0,112.0,95.0,93.04166666666667,6.701584281646875,27.625,11.306952459130754
Islamabad,2026-07-26 18:00:00+00:00,27.0,88,1001.3,0.61,61.2,62.9,1638.0,86.3,13.7,9.0,85,18,6,7,1,-1.0,-1.8369701987210297e-16,1.2246467991473532e-16,-1.0,-0.7818314824680299,0.6234898018587334,0.0,85.0,98.0,95.0,92.625,6.882949948965093,28.21666666666667,12.655937484958903
Islamabad,2026-07-26 19:00:00+00:00,26.4,88,1001.3,0.75,65.0,66.4,1340.0,81.8,11.8,5.0,86,19,6,7,1,-0.9659258262890684,0.2588190451025203,1.2246467991473532e-16,-1.0,-0.7818314824680299,0.6234898018587334,1.0,85.0,87.0,95.0,92.25,6.992231714394536,29.104166666666668,14.41368550059784
Islamabad,2026-07-26 20:00:00+00:00,25.9,89,1001.2,1.01,64.7,65.9,988.0,73.3,8.9,4.0,88,20,6,7,1,-0.8660254037844386,0.5000000000000001,1.2246467991473532e-16,-1.0,-0.7818314824680299,0.6234898018587334,2.0,86.0,85.0,94.0,92.0,7.03407853734403,30.299999999999997,16.102308773156924
Islamabad,2026-07-26 21:00:00+00:00,25.4,90,1001.0,1.2,57.6,58.4,709.0,64.7,6.6,5.0,90,21,6,7,1,-0.7071067811865477,0.7071067811865474,1.2246467991473532e-16,-1.0,-0.7818314824680299,0.6234898018587334,2.0,88.0,85.0,94.0,91.83333333333333,7.0320178727217115,31.50833333333333,17.030533108831737
Islamabad,2026-07-26 22:00:00+00:00,25.1,90,1001.0,1.11,44.5,44.9,547.0,57.2,5.5,8.0,92,22,6,7,1,-0.5000000000000004,0.8660254037844384,1.2246467991473532e-16,-1.0,-0.7818314824680299,0.6234898018587334,2.0,90.0,86.0,93.0,91.79166666666667,7.027765843679052,32.233333333333334,17.20418722204028
Islamabad,2026-07-26 23:00:00+00:00,25.0,90,1000.8,1.06,36.3,36.8,459.0,49.7,5.1,13.0,94,23,6,7,1,-0.25881904510252157,0.9659258262890681,1.2246467991473532e-16,-1.0,-0.7818314824680299,0.6234898018587334,2.0,92.0,88.0,92.0,91.875,7.042186542850634,32.666666666666664,17.168668801214512
Islamabad,2026-07-27 00:00:00+00:00,25.3,87,1000.6,0.3,50.3,50.8,437.0,56.3,5.2,3.0,95,0,0,7,0,0.0,1.0,1.2246467991473532e-16,-1.0,0.0,1.0,1.0,94.0,90.0,92.0,92.0,7.071067811862556,34.15,17.08658258247756
Islamabad,2026-07-27 01:00:00+00:00,25.5,86,1000.9,0.85,54.5,55.1,519.0,50.2,6.8,23.0,97,1,0,7,0,0.25881904510252074,0.9659258262890683,1.2246467991473532e-16,-1.0,0.0,1.0,2.0,95.0,92.0,91.0,92.25,7.1399062227401755,35.7875,17.074703193040698
Islamabad,2026-07-27 02:00:00+00:00,26.9,81,1001.0,0.78,51.5,52.4,668.0,41.4,9.0,51.0,101,2,0,7,0,0.49999999999999994,0.8660254037844387,1.2246467991473532e-16,-1.0,0.0,1.0,4.0,97.0,94.0,91.0,92.66666666666667,7.352412598219127,37.229166666666664,16.870104228091364
Islamabad,2026-07-27 03:00:00+00:00,28.3,76,1001.0,0.25,40.9,42.4,768.0,32.4,11.1,80.0,104,3,0,7,0,0.7071067811865476,0.7071067811865476,1.2246467991473532e-16,-1.0,0.0,1.0,3.0,101.0,95.0,90.0,93.25,7.679730520631805,38.262499999999996,16.268422667454765
Islamabad,2026-07-27 04:00:00+00:00,29.7,71,1000.5,0.4,26.0,28.1,768.0,23.0,13.3,111.0,107,4,0,7,0,0.8660254037844386,0.5000000000000001,1.2246467991473532e-16,-1.0,0.0,1.0,3.0,104.0,97.0,90.0,93.95833333333333,8.137295601740371,38.666666666666664,15.81319390411927
Islamabad,2026-07-27 05:00:00+00:00,30.8,65,1000.2,1.24,24.3,26.4,719.0,13.3,15.4,144.0,108,5,0,7,0,0.9659258262890683,0.25881904510252074,1.2246467991473532e-16,-1.0,0.0,1.0,1.0,107.0,101.0,89.0,94.75,8.547819452425422,38.84583333333334,15.615627043798591
Islamabad,2026-07-27 06:00:00+00:00,31.8,60,1000.0,1.84,23.6,25.8,663.0,6.4,16.3,167.0,108,6,0,7,0,1.0,6.123233995736766e-17,1.2246467991473532e-16,-1.0,0.0,1.0,0.0,108.0,104.0,89.0,95.54166666666667,8.866052337874446,38.895833333333336,15.562510112912125
Islamabad,2026-07-27 07:00:00+00:00,32.2,59,999.6,1.77,22.7,24.7,598.0,3.8,14.9,175.0,108,7,0,7,0,0.9659258262890683,-0.25881904510252063,1.2246467991473532e-16,-1.0,0.0,1.0,0.0,108.0,107.0,89.0,96.33333333333333,9.101680048765868,38.875,15.584754255919172
Islamabad,2026-07-27 08:00:00+00:00,32.8,57,998.8,1.7,22.2,24.2,526.0,3.9,12.1,174.0,108,8,0,7,0,0.8660254037844387,-0.4999999999999998,1.2246467991473532e-16,-1.0,0.0,1.0,0.0,108.0,108.0,89.0,97.125,9.261009898914027,38.82083333333333,15.642666823860893
Islamabad,2026-07-27 09:00:00+00:00,32.9,57,998.0,1.88,21.5,23.5,492.0,4.8,10.2,172.0,108,9,0,7,0,0.7071067811865476,-0.7071067811865475,1.2246467991473532e-16,-1.0,0.0,1.0,0.0,108.0,108.0,89.0,97.91666666666667,9.347944050483605,38.72083333333334,15.74950597338839
Islamabad,2026-07-27 10:00:00+00:00,33.0,56,997.3,1.92,20.9,22.9,436.0,2.3,9.8,175.0,108,10,0,7,0,0.49999999999999994,-0.8660254037844387,1.2246467991473532e-16,-1.0,0.0,1.0,0.0,108.0,108.0,89.0,98.70833333333333,9.36449894973924,38.5875,15.891570434339227
Islamabad,2026-07-27 11:00:00+00:00,32.8,56,996.5,1.3,20.5,22.5,419.0,0.7,10.1,177.0,121,11,0,7,0,0.258819045102521,-0.9659258262890682,1.2246467991473532e-16,-1.0,0.0,1.0,13.0,108.0,108.0,89.0,100.04166666666667,10.165924182911777,38.4375,16.050458817768078
Islamabad,2026-07-27 12:00:00+00:00,32.7,58,996.3,1.57,11.8,13.3,663.0,10.3,9.4,149.0,142,12,0,7,0,1.2246467991473532e-16,-1.0,1.2246467991473532e-16,-1.0,0.0,1.0,21.0,121.0,108.0,99.0,101.83333333333333,13.285057531796571,38.05833333333333,16.58146992662399
Islamabad,2026-07-27 13:00:00+00:00,31.7,66,996.2,1.38,16.5,17.9,1468.0,41.6,10.9,109.0,150,13,0,7,0,-0.2588190451025208,-0.9659258262890683,1.2246467991473532e-16,-1.0,0.0,1.0,8.0,142.0,108.0,112.0,103.41666666666667,16.439392421508824,37.77916666666666,16.89592127695619
Islamabad,2026-07-27 14:00:00+00:00,30.2,74,996.6,0.95,27.9,29.3,2534.0,84.3,12.8,53.0,143,14,0,7,0,-0.4999999999999997,-0.8660254037844388,1.2246467991473532e-16,-1.0,0.0,1.0,-7.0,150.0,121.0,112.0,104.70833333333333,18.26014706990194,37.75833333333333,16.908292708574688
Islamabad,2026-07-27 15:00:00+00:00,29.3,73,997.1,1.23,37.8,39.3,3188.0,113.0,14.1,13.0,118,15,0,7,0,-0.7071067811865471,-0.7071067811865479,1.2246467991473532e-16,-1.0,0.0,1.0,-25.0,143.0,142.0,98.0,105.54166666666667,18.39654780154277,37.75833333333333,16.908292708574688
Islamabad,2026-07-27 16:00:00+00:00,28.4,73,997.7,1.16,40.6,42.1,3067.0,115.4,14.1,3.0,106,16,0,7,0,-0.8660254037844385,-0.5000000000000004,1.2246467991473532e-16,-1.0,0.0,1.0,-12.0,118.0,150.0,87.0,106.33333333333333,17.96776501711051,37.40416666666667,16.74866585645
Islamabad,2026-07-27 17:00:00+00:00,27.4,77,998.1,1.66,41.8,43.3,2534.0,103.8,13.5,9.0,105,17,0,7,0,-0.9659258262890683,-0.25881904510252063,1.2246467991473532e-16,-1.0,0.0,1.0,-1.0,106.0,143.0,85.0,107.16666666666667,17.38981877712946,36.858333333333334,16.3627072456179
Islamabad,2026-07-27 18:00:00+00:00,28.2,74,997.6,1.17,45.3,46.8,2005.0,90.2,12.5,17.0,103,18,0,7,0,-1.0,-1.8369701987210297e-16,1.2246467991473532e-16,-1.0,0.0,1.0,-2.0,105.0,118.0,85.0,107.91666666666667,16.769321540464627,36.19583333333333,15.640234602006345
Islamabad,2026-07-27 19:00:00+00:00,27.6,74,997.9,1.06,46.6,48.0,1589.0,77.7,11.0,21.0,102,19,0,7,0,-0.9659258262890684,0.2588190451025203,1.2246467991473532e-16,-1.0,0.0,1.0,-1.0,103.0,106.0,86.0,108.58333333333333,16.167376347786586,35.42916666666667,14.582075929228889
Islamabad,2026-07-27 20:00:00+00:00,27.2,75,998.3,1.19,44.9,46.1,1177.0,63.1,9.2,28.0,100,20,0,7,0,-0.8660254037844386,0.5000000000000001,1.2246467991473532e-16,-1.0,0.0,1.0,-2.0,102.0,105.0,88.0,109.08333333333333,15.68138377508196,34.604166666666664,13.363203181698683
Islamabad,2026-07-27 21:00:00+00:00,27.1,76,998.6,1.06,40.9,42.1,862.0,49.0,7.8,37.0,98,21,0,7,0,-0.7071067811865477,0.7071067811865474,1.2246467991473532e-16,-1.0,0.0,1.0,-2.0,100.0,103.0,90.0,109.41666666666667,15.339397036690514,33.90833333333333,12.52204722346415
Islamabad,2026-07-27 22:00:00+00:00,26.5,78,998.6,1.42,33.4,34.8,682.0,34.6,7.0,52.0,97,22,0,7,0,-0.5000000000000004,0.8660254037844384,1.2246467991473532e-16,-1.0,0.0,1.0,-1.0,98.0,102.0,92.0,109.625,15.12502245776119,33.44583333333333,12.317148850164187
Islamabad,2026-07-27 23:00:00+00:00,26.3,80,998.6,1.27,22.5,24.0,599.0,20.6,6.6,70.0,96,23,0,7,0,-0.25881904510252157,0.9659258262890681,1.2246467991473532e-16,-1.0,0.0,1.0,-1.0,97.0,100.0,94.0,109.70833333333333,15.040464743820225,32.87083333333333,12.498886182260442
Islamabad,2026-07-28 00:00:00+00:00,25.9,89,997.9,1.35,32.9,34.5,588.0,22.0,7.1,62.0,95,0,1,7,0,0.0,1.0,1.2246467991473532e-16,-1.0,0.7818314824680298,0.6234898018587336,-1.0,96.0,98.0,95.0,109.70833333333333,15.040464743820225,32.145833333333336,11.93591508182675
Islamabad,2026-07-28 01:00:00+00:00,26.0,89,998.5,1.5,32.7,34.6,690.0,21.7,8.0,71.0,94,1,1,7,0,0.25881904510252074,0.9659258262890683,1.2246467991473532e-16,-1.0,0.7818314824680298,0.6234898018587336,-1.0,95.0,97.0,97.0,109.58333333333333,15.162644792429967,31.237499999999997,10.949521033797087
Islamabad,2026-07-28 02:00:00+00:00,27.3,83,998.4,0.75,35.3,37.5,865.0,21.2,9.3,85.0,92,2,1,7,0,0.49999999999999994,0.8660254037844387,1.2246467991473532e-16,-1.0,0.7818314824680298,0.6234898018587336,-2.0,94.0,96.0,101.0,109.20833333333333,15.491874915766378,30.5625,10.1135214053954
Islamabad,2026-07-28 03:00:00+00:00,28.8,73,998.7,0.4,33.5,37.1,964.0,19.5,11.0,102.0,91,3,1,7,0,0.7071067811865476,0.7071067811865476,1.2246467991473532e-16,-1.0,0.7818314824680298,0.6234898018587336,-1.0,92.0,95.0,104.0,108.66666666666667,15.90369567842137,30.254166666666666,9.895101078933882
Islamabad,2026-07-28 04:00:00+00:00,30.1,68,998.6,0.92,28.6,32.4,907.0,15.7,13.9,126.0,90,4,1,7,0,0.8660254037844386,0.5000000000000001,1.2246467991473532e-16,-1.0,0.7818314824680298,0.6234898018587336,-1.0,91.0,94.0,107.0,107.95833333333333,16.35337796953423,30.3625,9.860673427042508
Islamabad,2026-07-28 05:00:00+00:00,31.3,64,998.9,1.86,28.1,31.8,775.0,10.9,17.2,155.0,90,5,1,7,0,0.9659258262890683,0.25881904510252074,1.2246467991473532e-16,-1.0,0.7818314824680298,0.6234898018587336,0.0,90.0,92.0,108.0,107.20833333333333,16.75910957130907,30.52083333333333,9.789345546658554
Islamabad,2026-07-28 06:00:00+00:00,30.6,67,999.1,2.39,29.4,32.9,664.0,7.2,19.0,176.0,91,6,1,7,0,1.0,6.123233995736766e-17,1.2246467991473532e-16,-1.0,0.7818314824680298,0.6234898018587336,1.0,90.0,91.0,108.0,106.5,17.08037266674055,30.762500000000003,9.682068252815279
Islamabad,2026-07-28 07:00:00+00:00,30.1,73,999.4,0.71,28.7,31.9,600.0,5.5,18.0,186.0,91,7,1,7,0,0.9659258262890683,-0.25881904510252063,1.2246467991473532e-16,-1.0,0.7818314824680298,0.6234898018587336,0.0,91.0,90.0,108.0,105.79166666666667,17.36558106707221,31.0125,9.541274753042334
Islamabad,2026-07-28 08:00:00+00:00,31.9,66,998.5,0.57,27.4,30.4,558.0,5.0,15.5,188.0,92,8,1,7,0,0.8660254037844387,-0.4999999999999998,1.2246467991473532e-16,-1.0,0.7818314824680298,0.6234898018587336,1.0,91.0,90.0,108.0,105.125,17.58287828245443,31.22916666666666,9.390303933899801
Islamabad,2026-07-28 09:00:00+00:00,32.5,67,997.7,1.39,27.6,30.9,558.0,5.1,13.4,187.0,98,9,1,7,0,0.7071067811865476,-0.7071067811865475,1.2246467991473532e-16,-1.0,0.7818314824680298,0.6234898018587336,6.0,92.0,91.0,108.0,104.70833333333333,17.630209169555375,31.48333333333333,9.196060908447901
Islamabad,2026-07-28 10:00:00+00:00,31.8,71,997.5,1.43,24.3,27.1,592.0,4.5,12.4,184.0,123,10,1,7,0,0.49999999999999994,-0.8660254037844387,1.2246467991473532e-16,-1.0,0.7818314824680298,0.6234898018587336,25.0,98.0,91.0,108.0,105.33333333333333,18.013682400418407,31.625,9.050978808466184
Islamabad,2026-07-28 11:00:00+00:00,31.7,72,996.9,1.14,23.7,26.7,667.0,4.7,11.9,177.0,144,11,1,7,0,0.258819045102521,-0.9659258262890682,1.2246467991473532e-16,-1.0,0.7818314824680298,0.6234898018587336,21.0,123.0,92.0,121.0,106.29166666666667,19.438820787875574,31.75833333333333,8.902316096615394
Islamabad,2026-07-28 12:00:00+00:00,32.5,62,996.0,2.04,29.5,36.1,829.0,9.4,9.8,154.0,157,12,1,7,0,1.2246467991473532e-16,-1.0,1.2246467991473532e-16,-1.0,0.7818314824680298,0.6234898018587336,13.0,144.0,98.0,142.0,106.91666666666667,20.82831823695003,32.49583333333333,7.847706902222328
Islamabad,2026-07-28 13:00:00+00:00,31.4,68,996.1,1.85,32.2,38.5,1176.0,22.2,9.7,129.0,162,13,1,7,0,-0.2588190451025208,-0.9659258262890683,1.2246467991473532e-16,-1.0,0.7818314824680298,0.6234898018587336,5.0,157.0,123.0,150.0,107.41666666666667,22.017614819021503,33.15,7.072420408515189
Islamabad,2026-07-28 14:00:00+00:00,30.0,71,996.6,1.49,42.5,47.7,1609.0,39.7,9.5,95.0,158,14,1,7,0,-0.4999999999999997,-0.8660254037844388,1.2246467991473532e-16,-1.0,0.7818314824680298,0.6234898018587336,-4.0,162.0,144.0,143.0,108.04166666666667,23.25001947949842,33.75833333333333,7.227418606262159
Islamabad,2026-07-28 15:00:00+00:00,29.3,74,997.8,1.46,43.3,47.7,1878.0,51.9,9.3,69.0,143,15,1,7,0,-0.7071067811865471,-0.7071067811865479,1.2246467991473532e-16,-1.0,0.7818314824680298,0.6234898018587336,-15.0,158.0,157.0,118.0,109.08333333333333,24.253940364162688,33.9875,7.445063289946155
Islamabad,2026-07-28 16:00:00+00:00,28.7,80,998.7,0.47,42.6,45.9,1864.0,54.1,9.1,59.0,118,16,1,7,0,-0.8660254037844385,-0.5000000000000004,1.2246467991473532e-16,-1.0,0.7818314824680298,0.6234898018587336,-25.0,143.0,162.0,106.0,109.58333333333333,24.31123674114528,34.07083333333333,7.532969803335901
Islamabad,2026-07-28 17:00:00+00:00,28.3,80,999.5,1.1,43.5,46.7,1686.0,50.9,9.0,58.0,97,17,1,7,0,-0.9659258262890683,-0.25881904510252063,1.2246467991473532e-16,-1.0,0.7818314824680298,0.6234898018587336,-21.0,118.0,158.0,105.0,109.25,24.431359036037687,34.141666666666666,7.6163392248773505
Islamabad,2026-07-28 18:00:00+00:00,26.6,87,999.7,4.42,45.3,48.4,1454.0,46.4,8.7,59.0,97,18,1,7,0,-1.0,-1.8369701987210297e-16,1.2246467991473532e-16,-1.0,0.7818314824680298,0.6234898018587336,0.0,97.0,143.0,103.0,109.0,24.528599102129697,34.141666666666666,7.6163392248773505
Islamabad,2026-07-28 19:00:00+00:00,25.3,91,999.9,1.27,45.3,48.4,1153.0,41.4,8.3,59.0,97,19,1,7,0,-0.9659258262890684,0.2588190451025203,1.2246467991473532e-16,-1.0,0.7818314824680298,0.6234898018587336,0.0,97.0,118.0,102.0,108.79166666666667,24.61173132553933,34.0875,7.527994853992572
Islamabad,2026-07-28 20:00:00+00:00,24.6,92,1000.6,0.85,44.5,47.1,797.0,35.1,7.8,61.0,97,20,1,7,0,-0.8660254037844386,0.5000000000000001,1.2246467991473532e-16,-1.0,0.7818314824680298,0.6234898018587336,0.0,97.0,97.0,100.0,108.66666666666667,24.665883262137676,34.07083333333333,7.503418303139148
Islamabad,2026-07-28 21:00:00+00:00,23.7,92,1001.0,1.34,43.4,46.3,543.0,28.8,7.2,66.0,97,21,1,7,0,-0.7071067811865477,0.7071067811865474,1.2246467991473532e-16,-1.0,0.7818314824680298,0.6234898018587336,0.0,97.0,97.0,98.0,108.625,24.68552207266345,34.175000000000004,7.618812528722938
Islamabad,2026-07-28 22:00:00+00:00,23.3,94,1001.2,3.09,41.9,45.9,469.0,21.7,6.1,75.0,98,22,1,7,0,-0.5000000000000004,0.8660254037844384,1.2246467991473532e-16,-1.0,0.7818314824680298,0.6234898018587336,1.0,97.0,97.0,97.0,108.66666666666667,24.665883262137676,34.52916666666666,7.777139250877261
Islamabad,2026-07-28 23:00:00+00:00,23.3,93,1001.0,1.98,23.1,25.6,496.0,14.6,4.9,86.0,98,23,1,7,0,-0.25881904510252157,0.9659258262890681,1.2246467991473532e-16,-1.0,0.7818314824680298,0.6234898018587336,0.0,98.0,97.0,96.0,108.75,24.624572386487152,34.55416666666667,7.737653793746755
Islamabad,2026-07-29 00:00:00+00:00,24.1,96,1001.6,1.82,27.0,32.0,545.0,6.5,2.9,124.0,98,0,2,7,0,0.0,1.0,1.2246467991473532e-16,-1.0,0.9749279121818236,-0.22252093395631434,0.0,98.0,97.0,95.0,108.875,24.55926726707469,34.30833333333333,7.8848184708869535
Islamabad,2026-07-29 01:00:00+00:00,24.2,95,1001.6,1.18,25.7,29.8,614.0,10.7,3.2,115.0,98,1,2,7,0,0.25881904510252074,0.9659258262890683,1.2246467991473532e-16,-1.0,0.9749279121818236,-0.22252093395631434,0.0,98.0,98.0,94.0,109.04166666666667,24.46733255422002,34.01666666666667,8.074095273945751
Islamabad,2026-07-29 02:00:00+00:00,24.7,92,1001.9,1.11,26.8,30.0,705.0,16.3,3.8,104.0,97,2,2,7,0,0.49999999999999994,0.8660254037844387,1.2246467991473532e-16,-1.0,0.9749279121818236,-0.22252093395631434,-1.0,98.0,98.0,92.0,109.25,24.336857001174298,33.6625,8.200785354756098
Islamabad,2026-07-29 03:00:00+00:00,26.0,83,1002.0,0.9,27.5,31.1,742.0,19.2,4.9,102.0,97,3,2,7,0,0.7071067811865476,0.7071067811865476,1.2246467991473532e-16,-1.0,0.9749279121818236,-0.22252093395631434,0.0,97.0,98.0,91.0,109.5,24.17148877428057,33.4125,8.296846572251278
Islamabad,2026-07-29 04:00:00+00:00,27.5,77,1002.1,2.07,25.8,29.7,672.0,16.6,7.0,119.0,96,4,2,7,0,0.8660254037844386,0.5000000000000001,1.2246467991473532e-16,-1.0,0.9749279121818236,-0.22252093395631434,-1.0,97.0,98.0,90.0,109.75,23.991393384330415,33.29583333333333,8.386660171998102
Islamabad,2026-07-29 05:00:00+00:00,28.5,74,1002.0,1.81,24.9,29.1,548.0,11.2,9.7,146.0,96,5,2,7,0,0.9659258262890683,0.25881904510252074,1.2246467991473532e-16,-1.0,0.9749279121818236,-0.22252093395631434,0.0,96.0,97.0,90.0,110.0,23.80719657363307,33.1625,8.497560391588586
Islamabad,2026-07-29 06:00:00+00:00,27.5,76,1002.9,2.45,27.1,32.1,460.0,7.1,11.7,168.0,96,6,2,7,0,1.0,6.123233995736766e-17,1.2246467991473532e-16,-1.0,0.9749279121818236,-0.22252093395631434,0.0,96.0,97.0,91.0,110.20833333333333,23.65509259751598,33.06666666666666,8.554615670815483
Islamabad,2026-07-29 07:00:00+00:00,27.3,76,1002.8,2.02,29.0,34.2,446.0,5.8,12.6,179.0,95,7,2,7,0,0.9659258262890683,-0.25881904510252063,1.2246467991473532e-16,-1.0,0.9749279121818236,-0.22252093395631434,-1.0,96.0,96.0,91.0,110.375,23.527620216320905,33.079166666666666,8.548174438550232
Islamabad,2026-07-29 08:00:00+00:00,27.6,76,1002.3,1.95,29.5,35.2,467.0,5.6,12.8,184.0,95,8,2,7,0,0.8660254037844387,-0.4999999999999998,1.2246467991473532e-16,-1.0,0.9749279121818236,-0.22252093395631434,0.0,95.0,96.0,92.0,110.5,23.433532272847014,33.166666666666664,8.498115733178283
Islamabad,2026-07-29 09:00:00+00:00,28.7,73,1001.5,1.84,32.7,39.6,501.0,6.1,13.1,187.0,104,9,2,7,0,0.7071067811865476,-0.7071067811865475,1.2246467991473532e-16,-1.0,0.9749279121818236,-0.22252093395631434,9.0,95.0,96.0,98.0,110.75,23.326137606816257,33.37916666666667,8.416235819077217
Islamabad,2026-07-29 10:00:00+00:00,29.6,70,1000.7,1.52,32.9,39.7,501.0,3.4,13.7,194.0,119,10,2,7,0,0.49999999999999994,-0.8660254037844387,1.2246467991473532e-16,-1.0,0.9749279121818236,-0.22252093395631434,15.0,104.0,95.0,123.0,110.58333333333333,23.24896756317529,33.7375,8.192988120815603
Islamabad,2026-07-29 11:00:00+00:00,29.5,71,999.9,1.5,32.8,39.7,514.0,1.2,14.3,199.0,139,11,2,7,0,0.258819045102521,-0.9659258262890682,1.2246467991473532e-16,-1.0,0.9749279121818236,-0.22252093395631434,20.0,119.0,95.0,144.0,110.375,22.957072415989746,34.11666666666667,7.914085773049714
Islamabad,2026-07-29 12:00:00+00:00,30.1,66,999.7,1.41,35.5,41.7,654.0,15.0,13.3,146.0,157,12,2,7,0,1.2246467991473532e-16,-1.0,1.2246467991473532e-16,-1.0,0.9749279121818236,-0.22252093395631434,18.0,139.0,104.0,157.0,110.375,22.957072415989742,34.36666666666667,7.85646599757257
Islamabad,2026-07-29 13:00:00+00:00,29.6,69,999.3,0.93,35.0,40.3,1040.0,31.9,13.4,117.0,161,13,2,7,0,-0.2588190451025208,-0.9659258262890683,1.2246467991473532e-16,-1.0,0.9749279121818236,-0.22252093395631434,4.0,157.0,119.0,162.0,110.33333333333333,22.860002409118014,34.483333333333334,7.843671870099906
Islamabad,2026-07-29 14:00:00+00:00,28.9,76,999.4,0.1,38.5,42.3,1552.0,55.3,13.4,76.0,157,14,2,7,0,-0.4999999999999997,-0.8660254037844388,1.2246467991473532e-16,-1.0,0.9749279121818236,-0.22252093395631434,-4.0,161.0,139.0,158.0,110.29166666666667,22.770077937401005,34.31666666666667,7.707233568237165
Islamabad,2026-07-29 15:00:00+00:00,28.1,79,999.7,0.05,46.0,49.8,1947.0,74.3,13.3,42.0,139,15,2,7,0,-0.7071067811865471,-0.7071067811865479,1.2246467991473532e-16,-1.0,0.9749279121818236,-0.22252093395631434,-18.0,157.0,157.0,143.0,110.125,22.533670458844025,34.42916666666667,7.862208958692487
Islamabad,2026-07-29 16:00:00+00:00,27.8,80,1000.3,0.07,55.1,59.0,2167.0,84.8,13.0,22.0,110,16,2,7,0,-0.8660254037844385,-0.5000000000000004,1.2246467991473532e-16,-1.0,0.9749279121818236,-0.22252093395631434,-29.0,139.0,161.0,118.0,109.79166666666667,22.471197345599577,34.949999999999996,8.786699434743468
Islamabad,2026-07-29 17:00:00+00:00,27.5,81,1000.6,0.27,64.3,68.2,2269.0,90.8,12.6,9.0,99,17,2,7,0,-0.9659258262890683,-0.25881904510252063,1.2246467991473532e-16,-1.0,0.9749279121818236,-0.22252093395631434,-11.0,110.0,157.0,97.0,109.875,22.425359286539617,35.81666666666667,10.521269003750202
Islamabad,2026-07-29 18:00:00+00:00,27.4,85,1000.6,0.46,72.2,75.4,2185.0,93.1,11.8,1.0,101,18,2,7,0,-1.0,-1.8369701987210297e-16,1.2246467991473532e-16,-1.0,0.9749279121818236,-0.22252093395631434,2.0,99.0,139.0,97.0,110.04166666666667,22.340213627615338,36.9375,12.768330812566294
Islamabad,2026-07-29 19:00:00+00:00,26.8,88,1000.5,0.66,73.3,76.1,1785.0,92.0,10.4,0.0,104,19,2,7,0,-0.9659258262890684,0.2588190451025203,1.2246467991473532e-16,-1.0,0.9749279121818236,-0.22252093395631434,3.0,101.0,110.0,97.0,110.33333333333333,22.207845591075582,38.104166666666664,14.698904992243941
Islamabad,2026-07-29 20:00:00+00:00,26.3,89,1000.6,0.85,70.1,72.6,1199.0,87.1,8.6,0.0,107,20,2,7,0,-0.8660254037844386,0.5000000000000001,1.2246467991473532e-16,-1.0,0.9749279121818236,-0.22252093395631434,3.0,104.0,99.0,97.0,110.75,22.039983429330682,39.17083333333333,16.049989277164666
Islamabad,2026-07-29 21:00:00+00:00,25.8,91,1000.4,0.65,65.7,68.2,739.0,78.2,7.4,5.0,109,21,2,7,0,-0.7071067811865477,0.7071067811865474,1.2246467991473532e-16,-1.0,0.9749279121818236,-0.22252093395631434,2.0,107.0,101.0,97.0,111.25,21.84978360254889,40.1,16.927004408957565
Islamabad,2026-07-29 22:00:00+00:00,25.6,92,1000.1,0.58,57.3,60.3,528.0,62.3,7.0,19.0,111,22,2,7,0,-0.5000000000000004,0.8660254037844384,1.2246467991473532e-16,-1.0,0.9749279121818236,-0.22252093395631434,2.0,109.0,104.0,98.0,111.79166666666667,21.667405227098968,40.74166666666667,17.28628299288613
Islamabad,2026-07-29 23:00:00+00:00,25.4,91,1000.1,0.51,47.1,49.9,445.0,42.2,7.2,39.0,113,23,2,7,0,-0.25881904510252157,0.9659258262890681,1.2246467991473532e-16,-1.0,0.9749279121818236,-0.22252093395631434,2.0,111.0,107.0,98.0,112.41666666666667,21.467704088712722,41.74166666666667,16.91148096429749
Islamabad,2026-07-30 00:00:00+00:00,25.3,89,1000.3,0.25,53.9,57.5,437.0,36.3,8.8,51.0,116,0,3,7,0,0.0,1.0,1.2246467991473532e-16,-1.0,0.43388373911755823,-0.900968867902419,3.0,113.0,109.0,98.0,113.16666666666667,21.255519317326225,42.862500000000004,16.78290570530153
Islamabad,2026-07-30 01:00:00+00:00,25.3,90,999.8,0.58,52.7,56.6,536.0,32.1,10.0,65.0,118,1,3,7,0,0.25881904510252074,0.9659258262890683,1.2246467991473532e-16,-1.0,0.43388373911755823,-0.900968867902419,2.0,116.0,111.0,98.0,114.0,21.02586398989806,43.987500000000004,16.4847310774441
Islamabad,2026-07-30 02:00:00+00:00,26.0,85,1000.0,0.22,45.9,50.3,711.0,26.2,11.8,85.0,121,2,3,7,0,0.49999999999999994,0.8660254037844387,1.2246467991473532e-16,-1.0,0.43388373911755823,-0.900968867902419,3.0,118.0,113.0,97.0,115.0,20.751113118387803,44.78333333333333,16.074843069533962
Islamabad,2026-07-30 03:00:00+00:00,27.1,78,1000.8,0.35,33.3,38.2,820.0,20.4,13.3,108.0,123,3,3,7,0,0.7071067811865476,0.7071067811865476,1.2246467991473532e-16,-1.0,0.43388373911755823,-0.900968867902419,2.0,121.0,116.0,97.0,116.08333333333333,20.446997582649626,45.025,15.845675586184637
Islamabad,2026-07-30 04:00:00+00:00,28.2,74,1000.9,0.55,31.8,36.7,787.0,15.0,14.7,136.0,124,4,3,7,0,0.8660254037844386,0.5000000000000001,1.2246467991473532e-16,-1.0,0.43388373911755823,-0.900968867902419,1.0,123.0,118.0,96.0,117.25,20.046142424090185,45.275000000000006,15.574177345850378
Islamabad,2026-07-30 05:00:00+00:00,29.3,71,1000.5,1.0,32.4,37.1,688.0,9.8,15.8,165.0,124,5,3,7,0,0.9659258262890683,0.25881904510252074,1.2246467991473532e-16,-1.0,0.43388373911755823,-0.900968867902419,0.0,124.0,121.0,96.0,118.41666666666667,19.564645724336334,45.5875,15.218761661900691
Islamabad,2026-07-30 06:00:00+00:00,30.6,68,1000.4,2.03,33.5,37.6,606.0,6.2,16.1,185.0,125,6,3,7,0,1.0,6.123233995736766e-17,1.2246467991473532e-16,-1.0,0.43388373911755823,-0.900968867902419,1.0,124.0,123.0,96.0,119.625,19.007578580087785,45.854166666666664,14.934144687133275
Islamabad,2026-07-30 07:00:00+00:00,31.2,68,1000.3,1.88,32.9,37.4,568.0,4.7,14.9,188.0,126,7,3,7,0,0.9659258262890683,-0.25881904510252063,1.2246467991473532e-16,-1.0,0.43388373911755823,-0.900968867902419,1.0,125.0,124.0,95.0,120.91666666666667,18.30161947375886,46.01666666666667,14.763016855191413
Islamabad,2026-07-30 08:00:00+00:00,31.4,66,1000.0,2.36,34.6,39.5,548.0,5.0,12.8,181.0,126,8,3,7,0,0.8660254037844387,-0.4999999999999998,1.2246467991473532e-16,-1.0,0.43388373911755823,-0.900968867902419,0.0,126.0,124.0,95.0,122.20833333333333,17.46793127958649,46.229166666666664,14.550107699188006
Islamabad,2026-07-30 09:00:00+00:00,31.6,65,999.5,2.09,31.2,35.9,544.0,7.1,10.9,170.0,127,9,3,7,0,0.7071067811865476,-0.7071067811865475,1.2246467991473532e-16,-1.0,0.43388373911755823,-0.900968867902419,1.0,126.0,125.0,104.0,123.16666666666667,17.05149914782732,46.166666666666664,14.613831050447162
Islamabad,2026-07-30 10:00:00+00:00,31.2,66,998.8,1.66,31.1,35.3,527.0,11.5,9.5,157.0,127,10,3,7,0,0.49999999999999994,-0.8660254037844387,1.2246467991473532e-16,-1.0,0.43388373911755823,-0.900968867902419,0.0,127.0,126.0,119.0,123.5,17.044698270441305,46.09166666666666,14.689301539220443
Islamabad,2026-07-30 11:00:00+00:00,31.3,65,998.2,2.13,29.3,32.4,526.0,17.9,8.4,140.0,141,11,3,7,0,0.258819045102521,-0.9659258262890682,1.2246467991473532e-16,-1.0,0.43388373911755823,-0.900968867902419,14.0,127.0,126.0,139.0,123.58333333333333,17.12845754792195,45.94583333333333,14.843560429758192
Islamabad,2026-07-30 12:00:00+00:00,29.5,78,998.2,1.98,34.3,39.2,635.0,19.0,7.9,147.0,148,12,3,7,0,1.2246467991473532e-16,-1.0,1.2246467991473532e-16,-1.0,0.43388373911755823,-0.900968867902419,7.0,141.0,127.0,157.0,123.20833333333333,16.450133253500443,45.895833333333336,14.882247351521986
Islamabad,2026-07-30 13:00:00+00:00,29.3,78,998.4,1.76,36.4,40.4,963.0,32.4,8.1,122.0,150,13,3,7,0,-0.2588190451025208,-0.9659258262890683,1.2246467991473532e-16,-1.0,0.43388373911755823,-0.900968867902419,2.0,148.0,127.0,161.0,122.75,15.475787540540551,45.95416666666666,14.840367368201756
Islamabad,2026-07-30 14:00:00+00:00,28.5,80,999.2,2.07,41.3,44.4,1400.0,50.5,8.3,87.0,141,14,3,7,0,-0.4999999999999997,-0.8660254037844388,1.2246467991473532e-16,-1.0,0.43388373911755823,-0.900968867902419,-9.0,150.0,141.0,157.0,122.08333333333333,14.23075868510086,46.070833333333326,14.790140051859629
Islamabad,2026-07-30 15:00:00+00:00,27.6,83,999.9,1.24,45.9,48.7,1706.0,61.5,8.2,63.0,126,15,3,7,0,-0.7071067811865471,-0.7071067811865479,1.2246467991473532e-16,-1.0,0.43388373911755823,-0.900968867902419,-15.0,141.0,148.0,139.0,121.54166666666667,13.799745324260272,46.06666666666666,14.790174960503947
Islamabad,2026-07-30 16:00:00+00:00,27.2,85,1000.8,0.86,46.4,49.2,1790.0,59.0,7.6,58.0,126,16,3,7,0,-0.8660254037844385,-0.5000000000000004,1.2246467991473532e-16,-1.0,0.43388373911755823,-0.900968867902419,0.0,126.0,150.0,110.0,122.20833333333333,13.603002119628481,45.70416666666667,14.665234819764725
Islamabad,2026-07-30 17:00:00+00:00,27.0,84,1001.1,0.95,47.1,49.8,1743.0,49.4,6.8,62.0,126,17,3,7,0,-0.9659258262890683,-0.25881904510252063,1.2246467991473532e-16,-1.0,0.43388373911755823,-0.900968867902419,0.0,126.0,141.0,99.0,123.33333333333333,12.685721746587147,44.987500000000004,14.12738052275728
Islamabad,2026-07-30 18:00:00+00:00,25.4,90,1001.3,2.07,49.0,51.5,1592.0,39.8,6.1,69.0,124,18,3,7,0,-1.0,-1.8369701987210297e-16,1.2246467991473532e-16,-1.0,0.43388373911755823,-0.900968867902419,-2.0,126.0,126.0,101.0,124.29166666666667,11.760209871929744,44.020833333333336,12.927153059814959
Islamabad,2026-07-30 19:00:00+00:00,24.3,93,1001.2,1.81,46.2,48.0,1278.0,32.3,5.6,77.0,121,19,3,7,0,-0.9659258262890684,0.2588190451025203,1.2246467991473532e-16,-1.0,0.43388373911755823,-0.900968867902419,-3.0,124.0,126.0,104.0,125.0,10.9703156785439,42.89166666666666,11.345250554523984
Islamabad,2026-07-30 20:00:00+00:00,24.4,92,1001.1,1.91,47.0,49.4,862.0,24.9,5.2,87.0,118,20,3,7,0,-0.8660254037844386,0.5000000000000001,1.2246467991473532e-16,-1.0,0.43388373911755823,-0.900968867902419,-3.0,121.0,126.0,107.0,125.45833333333333,10.40058178417077,41.92916666666667,9.813011733171503
Islamabad,2026-07-30 21:00:00+00:00,24.0,92,1001.7,1.84,43.3,46.4,548.0,18.9,4.8,96.0,116,21,3,7,0,-0.7071067811865477,0.7071067811865474,1.2246467991473532e-16,-1.0,0.43388373911755823,-0.900968867902419,-2.0,118.0,124.0,109.0,125.75,10.009777828396716,40.99583333333333,8.420238516019955
Islamabad,2026-07-30 22:00:00+00:00,24.3,91,1001.5,1.77,34.5,37.6,410.0,14.3,4.2,102.0,114,22,3,7,0,-0.5000000000000004,0.8660254037844384,1.2246467991473532e-16,-1.0,0.43388373911755823,-0.900968867902419,-2.0,116.0,121.0,111.0,125.875,9.834776361814534,40.04583333333333,7.7611619012858055
Islamabad,2026-07-30 23:00:00+00:00,24.2,91,1001.9,1.83,27.9,30.5,375.0,11.2,3.7,106.0,111,23,3,7,0,-0.25881904510252157,0.9659258262890681,1.2246467991473532e-16,-1.0,0.43388373911755823,-0.900968867902419,-3.0,114.0,118.0,113.0,125.79166666666667,9.956335831436947,39.24583333333333,7.988632095272787
Islamabad,2026-07-31 00:00:00+00:00,25.3,92,1001.9,1.24,23.4,25.5,434.0,10.6,3.0,111.0,109,0,4,7,0,0.0,1.0,1.2246467991473532e-16,-1.0,-0.433883739117558,-0.9009688679024191,-2.0,111.0,116.0,116.0,125.5,10.350383315730786,37.975,7.982058686176425
Islamabad,2026-07-31 01:00:00+00:00,24.9,91,1002.1,2.31,22.4,24.3,663.0,14.1,3.4,109.0,106,1,4,7,0,0.25881904510252074,0.9659258262890683,1.2246467991473532e-16,-1.0,-0.433883739117558,-0.9009688679024191,-3.0,109.0,114.0,118.0,125.0,10.998023537848974,36.7125,7.947945455054472
Islamabad,2026-07-31 02:00:00+00:00,25.4,87,1002.6,2.73,23.7,25.5,986.0,18.7,3.9,106.0,103,2,4,7,0,0.49999999999999994,0.8660254037844387,1.2246467991473532e-16,-1.0,-0.433883739117558,-0.9009688679024191,-3.0,106.0,111.0,121.0,124.25,11.862436145425512,35.7875,8.12212825503905
Islamabad,2026-07-31 03:00:00+00:00,26.6,84,1002.7,1.66,21.9,23.8,1160.0,20.6,4.9,111.0,101,3,4,7,0,0.7071067811865476,0.7071067811865476,1.2246467991473532e-16,-1.0,-0.433883739117558,-0.9009688679024191,-2.0,103.0,109.0,123.0,123.33333333333333,12.777924804865252,35.3125,8.593592785123173
Islamabad,2026-07-31 04:00:00+00:00,27.8,76,1003.3,0.89,21.8,23.7,1025.0,17.1,6.7,131.0,100,4,4,7,0,0.8660254037844386,0.5000000000000001,1.2246467991473532e-16,-1.0,-0.433883739117558,-0.9009688679024191,-1.0,101.0,106.0,124.0,122.33333333333333,13.633930393359242,34.895833333333336,9.003935331246813
Islamabad,2026-07-31 05:00:00+00:00,28.2,74,1003.3,1.57,23.7,25.6,740.0,10.8,8.9,158.0,99,5,4,7,0,0.9659258262890683,0.25881904510252074,1.2246467991473532e-16,-1.0,-0.433883739117558,-0.9009688679024191,-1.0,100.0,103.0,124.0,121.29166666666667,14.432689847420498,34.53333333333334,9.27969577212463
Islamabad,2026-07-31 06:00:00+00:00,24.5,93,1004.5,0.46,24.4,25.9,548.0,6.0,10.2,177.0,98,6,4,7,0,1.0,6.123233995736766e-17,1.2246467991473532e-16,-1.0,-0.433883739117558,-0.9009688679024191,-1.0,99.0,101.0,125.0,120.16666666666667,15.164795234117229,34.15416666666667,9.506884423893805
Islamabad,2026-07-31 07:00:00+00:00,25.6,90,1003.9,0.14,23.5,24.5,573.0,4.1,10.0,183.0,97,7,4,7,0,0.9659258262890683,-0.25881904510252063,1.2246467991473532e-16,-1.0,-0.433883739117558,-0.9009688679024191,-1.0,98.0,100.0,126.0,118.95833333333333,15.820952443890203,33.7625,9.751290327104282
Islamabad,2026-07-31 08:00:00+00:00,27.7,77,1003.4,1.7,22.2,23.0,690.0,3.6,8.9,181.0,98,8,4,7,0,0.8660254037844387,-0.4999999999999998,1.2246467991473532e-16,-1.0,-0.433883739117558,-0.9009688679024191,1.0,97.0,99.0,126.0,117.79166666666667,16.304118355871637,33.24583333333333,10.029520737895872
Islamabad,2026-07-31 09:00:00+00:00,29.1,72,1002.3,2.71,20.4,21.1,762.0,4.5,8.1,176.0,112,9,4,7,0,0.7071067811865476,-0.7071067811865475,1.2246467991473532e-16,-1.0,-0.433883739117558,-0.9009688679024191,14.0,98.0,98.0,127.0,117.16666666666667,16.22308249985351,32.79583333333333,10.362074627202286
Islamabad,2026-07-31 10:00:00+00:00,28.7,73,1001.8,3.26,19.7,20.3,656.0,5.9,7.9,168.0,127,10,4,7,0,0.49999999999999994,-0.8660254037844387,1.2246467991473532e-16,-1.0,-0.433883739117558,-0.9009688679024191,15.0,112.0,97.0,127.0,117.16666666666667,16.22308249985351,32.32083333333333,10.699003576793082
Islamabad,2026-07-31 11:00:00+00:00,28.6,71,1001.4,2.57,20.3,20.8,504.0,8.6,8.0,157.0,140,11,4,7,0,0.258819045102521,-0.9659258262890682,1.2246467991473532e-16,-1.0,-0.433883739117558,-0.9009688679024191,13.0,127.0,98.0,141.0,117.125,16.160371551904493,31.945833333333336,10.96393214002229
Islamabad,2026-07-31 12:00:00+00:00,26.0,86,1001.8,1.63,27.8,28.6,566.0,16.7,6.3,117.0,150,12,4,7,0,1.2246467991473532e-16,-1.0,1.2246467991473532e-16,-1.0,-0.433883739117558,-0.9009688679024191,10.0,140.0,112.0,148.0,117.20833333333333,16.330763625123655,31.675,10.983515315947415
Islamabad,2026-07-31 13:00:00+00:00,26.2,85,1001.6,0.81,26.1,26.8,1042.0,29.8,6.8,95.0,147,13,4,7,0,-0.2588190451025208,-0.9659258262890683,1.2246467991473532e-16,-1.0,-0.433883739117558,-0.9009688679024191,-3.0,150.0,127.0,150.0,117.08333333333333,16.078385887693297,31.245833333333334,10.992091195062883
Islamabad,2026-07-31 14:00:00+00:00,26.0,87,1001.8,0.45,28.8,29.4,1731.0,48.1,7.6,65.0,133,14,4,7,0,-0.4999999999999997,-0.8660254037844388,1.2246467991473532e-16,-1.0,-0.433883739117558,-0.9009688679024191,-14.0,147.0,140.0,141.0,116.75,15.637885990786016,30.724999999999998,10.789255927924785
Islamabad,2026-07-31 15:00:00+00:00,26.0,85,1002.2,0.14,36.0,36.6,2289.0,63.1,8.1,40.0,109,15,4,7,0,-0.7071067811865471,-0.7071067811865479,1.2246467991473532e-16,-1.0,-0.433883739117558,-0.9009688679024191,-24.0,133.0,150.0,126.0,116.04166666666667,15.58560976939979,30.3125,10.364752665938836
Islamabad,2026-07-31 16:00:00+00:00,26.0,84,1002.8,0.28,40.2,40.7,2619.0,72.2,8.3,25.0,90,16,4,7,0,-0.8660254037844385,-0.5000000000000004,1.2246467991473532e-16,-1.0,-0.433883739117558,-0.9009688679024191,-19.0,109.0,147.0,126.0,114.54166666666667,16.301451433554384,30.05416666666667,10.017809322560879
Islamabad,2026-07-31 17:00:00+00:00,25.9,85,1003.2,0.4,43.1,43.7,2817.0,77.9,8.3,14.0,90,17,4,7,0,-0.9659258262890683,-0.25881904510252063,1.2246467991473532e-16,-1.0,-0.433883739117558,-0.9009688679024191,0.0,90.0,133.0,126.0,113.04166666666667,16.84837540011325,29.887500000000003,9.751624725275677
Islamabad,2026-07-31 18:00:00+00:00,26.4,86,1002.9,0.63,48.9,49.7,2828.0,80.1,8.1,8.0,89,18,4,7,0,-1.0,-1.8369701987210297e-16,1.2246467991473532e-16,-1.0,-0.433883739117558,-0.9009688679024191,-1.0,90.0,109.0,124.0,111.58333333333333,17.365424584917182,29.883333333333336,9.743120947473694
Islamabad,2026-07-31 19:00:00+00:00,25.9,88,1003.0,0.61,51.8,52.6,2555.0,77.1,7.5,7.0,89,19,4,7,0,-0.9659258262890684,0.2588190451025203,1.2246467991473532e-16,-1.0,-0.433883739117558,-0.9009688679024191,0.0,89.0,90.0,121.0,110.25,17.833164024658906,30.116666666666664,10.206888835984458
Islamabad,2026-07-31 20:00:00+00:00,25.8,86,1003.3,0.14,50.1,50.9,2095.0,70.5,6.6,10.0,90,20,4,7,0,-0.8660254037844386,0.5000000000000001,1.2246467991473532e-16,-1.0,-0.433883739117558,-0.9009688679024191,1.0,89.0,90.0,118.0,109.08333333333333,18.2158952725268,30.245833333333334,10.446633706467393
Islamabad,2026-07-31 21:00:00+00:00,25.6,87,1003.3,0.71,51.0,51.9,1678.0,64.4,5.9,12.0,90,21,4,7,0,-0.7071067811865477,0.7071067811865474,1.2246467991473532e-16,-1.0,-0.433883739117558,-0.9009688679024191,0.0,90.0,89.0,116.0,108.0,18.556611384811372,30.566666666666666,10.970104302411912
Islamabad,2026-07-31 22:00:00+00:00,25.5,88,1003.4,0.82,52.0,53.1,1368.0,61.2,5.2,7.0,91,22,4,7,0,-0.5000000000000004,0.8660254037844384,1.2246467991473532e-16,-1.0,-0.433883739117558,-0.9009688679024191,1.0,90.0,89.0,114.0,107.04166666666667,18.82523552983011,31.295833333333334,11.793604721154589
Islamabad,2026-07-31 23:00:00+00:00,25.3,89,1003.2,0.35,53.2,54.2,1101.0,58.4,4.6,1.0,92,23,4,7,0,-0.25881904510252157,0.9659258262890681,1.2246467991473532e-16,-1.0,-0.433883739117558,-0.9009688679024191,1.0,91.0,90.0,111.0,106.25,19.049706148594023,32.35,12.581283545496191
Islamabad,2026-08-01 00:00:00+00:00,25.0,94,1003.3,1.05,48.2,49.4,914.0,47.7,5.7,25.0,94,0,5,8,1,0.0,1.0,-0.4999999999999997,-0.8660254037844388,-0.9749279121818236,-0.2225209339563146,2.0,92.0,90.0,109.0,105.625,19.2010246556282,33.38333333333333,12.830217954252472
Islamabad,2026-08-01 01:00:00+00:00,24.7,95,1003.3,1.41,48.8,50.1,864.0,39.5,6.6,44.0,96,1,5,8,1,0.25881904510252074,0.9659258262890683,-0.4999999999999997,-0.8660254037844388,-0.9749279121818236,-0.2225209339563146,2.0,94.0,91.0,106.0,105.20833333333333,19.300775309199036,34.483333333333334,12.978465999883973
Islamabad,2026-08-01 02:00:00+00:00,25.7,92,1003.4,0.93,34.5,35.7,895.0,28.1,7.7,71.0,98,2,5,8,1,0.49999999999999994,0.8660254037844387,-0.4999999999999997,-0.8660254037844388,-0.9749279121818236,-0.2225209339563146,2.0,96.0,92.0,103.0,105.0,19.35256414872174,34.93333333333334,12.773943133911516
Islamabad,2026-08-01 03:00:00+00:00,26.8,82,1003.5,0.38,24.4,26.1,874.0,18.4,8.6,95.0,99,3,5,8,1,0.7071067811865476,0.7071067811865476,-0.4999999999999997,-0.8660254037844388,-0.9749279121818236,-0.2225209339563146,1.0,98.0,94.0,101.0,104.91666666666667,19.374830527541906,35.0375,12.67283340542826
Islamabad,2026-08-01 04:00:00+00:00,27.5,75,1003.7,0.05,20.7,22.8,720.0,12.3,8.8,111.0,99,4,5,8,1,0.8660254037844386,0.5000000000000001,-0.4999999999999997,-0.8660254037844388,-0.9749279121818236,-0.2225209339563146,0.0,99.0,96.0,100.0,104.875,19.386935314007744,34.99166666666667,12.724673624128009
Islamabad,2026-08-01 05:00:00+00:00,28.3,68,1003.6,0.54,18.2,20.5,515.0,8.1,8.8,124.0,99,5,5,8,1,0.9659258262890683,0.25881904510252074,-0.4999999999999997,-0.8660254037844388,-0.9749279121818236,-0.2225209339563146,0.0,99.0,98.0,99.0,104.875,19.386935314007744,34.762499999999996,12.983762853121059
Islamabad,2026-08-01 06:00:00+00:00,29.2,63,1003.8,1.17,16.4,18.5,370.0,5.2,8.6,133.0,99,6,5,8,1,1.0,6.123233995736766e-17,-0.4999999999999997,-0.8660254037844388,-0.9749279121818236,-0.2225209339563146,0.0,99.0,99.0,98.0,104.91666666666667,19.372586338670185,34.42916666666667,13.358647392042611
Islamabad,2026-08-01 07:00:00+00:00,29.9,62,1002.9,1.19,15.3,17.4,336.0,3.9,8.3,138.0,98,7,5,8,1,0.9659258262890683,-0.25881904510252063,-0.4999999999999997,-0.8660254037844388,-0.9749279121818236,-0.2225209339563146,-1.0,99.0,99.0,97.0,104.95833333333333,19.35588701968463,34.0875,13.749476274610835
Islamabad,2026-08-01 08:00:00+00:00,30.6,61,1002.0,0.92,14.6,16.5,363.0,4.0,8.0,140.0,97,8,5,8,1,0.8660254037844387,-0.4999999999999998,-0.4999999999999997,-0.8660254037844388,-0.9749279121818236,-0.2225209339563146,-1.0,98.0,99.0,98.0,104.91666666666667,19.372586338670185,33.770833333333336,14.117749517868443
Islamabad,2026-08-01 09:00:00+00:00,30.9,62,1000.7,1.16,15.0,16.8,410.0,4.8,8.0,140.0,97,9,5,8,1,0.7071067811865476,-0.7071067811865475,-0.4999999999999997,-0.8660254037844388,-0.9749279121818236,-0.2225209339563146,0.0,97.0,99.0,112.0,104.29166666666667,19.376092769556205,33.54583333333333,14.380692949581542
Islamabad,2026-08-01 10:00:00+00:00,31.0,61,1000.2,1.9,15.6,17.3,394.0,4.1,8.7,142.0,96,10,5,8,1,0.49999999999999994,-0.8660254037844387,-0.4999999999999997,-0.8660254037844388,-0.9749279121818236,-0.2225209339563146,-1.0,97.0,98.0,127.0,103.0,18.82181897599627,33.375,14.575358896319536
Islamabad,2026-08-01 11:00:00+00:00,30.4,65,999.8,1.66,15.9,17.6,397.0,4.2,9.7,143.0,96,11,5,8,1,0.258819045102521,-0.9659258262890682,-0.4999999999999997,-0.8660254037844388,-0.9749279121818236,-0.2225209339563146,0.0,96.0,97.0,140.0,101.16666666666667,17.12782294515377,33.19166666666667,14.773298965323889
Islamabad,2026-08-01 12:00:00+00:00,30.8,62,999.3,1.96,21.5,23.5,631.0,13.5,9.5,122.0,96,12,5,8,1,1.2246467991473532e-16,-1.0,-0.4999999999999997,-0.8660254037844388,-0.9749279121818236,-0.2225209339563146,0.0,96.0,97.0,150.0,98.91666666666667,13.621966488523219,32.92916666666667,14.928422822623084
Islamabad,2026-08-01 13:00:00+00:00,29.9,69,999.6,0.99,25.7,27.0,1347.0,32.0,9.1,90.0,97,13,5,8,1,-0.2588190451025208,-0.9659258262890683,-0.4999999999999997,-0.8660254037844388,-0.9749279121818236,-0.2225209339563146,1.0,96.0,96.0,147.0,96.83333333333333,8.981462390202612,32.9125,14.936599709089231
Islamabad,2026-08-01 14:00:00+00:00,29.0,74,999.6,0.43,30.4,31.4,2294.0,57.5,8.6,46.0,95,14,5,8,1,-0.4999999999999997,-0.8660254037844388,-0.4999999999999997,-0.8660254037844388,-0.9749279121818236,-0.2225209339563146,-2.0,97.0,96.0,133.0,95.25,4.618017643586856,32.979166666666664,14.921008800452727
Islamabad,2026-08-01 15:00:00+00:00,28.0,78,1000.1,0.68,34.2,35.2,2921.0,76.0,8.2,13.0,95,15,5,8,1,-0.7071067811865471,-0.7071067811865479,-0.4999999999999997,-0.8660254037844388,-0.9749279121818236,-0.2225209339563146,0.0,95.0,96.0,109.0,94.66666666666667,3.5712215260837166,32.90416666666667,14.909684018658181
Islamabad,2026-08-01 16:00:00+00:00,27.5,81,1000.9,0.81,37.5,38.3,2976.0,81.2,8.0,1.0,95,16,5,8,1,-0.8660254037844385,-0.5000000000000004,-0.4999999999999997,-0.8660254037844388,-0.9749279121818236,-0.2225209339563146,0.0,95.0,97.0,90.0,94.875,3.430204709311668,32.791666666666664,14.862351521667843
Islamabad,2026-08-01 17:00:00+00:00,27.1,81,1001.5,0.92,41.8,42.7,2711.0,79.4,7.8,0.0,95,17,5,8,1,-0.9659258262890683,-0.25881904510252063,-0.4999999999999997,-0.8660254037844388,-0.9749279121818236,-0.2225209339563146,0.0,95.0,95.0,90.0,95.08333333333333,3.2693127407850184,32.7375,14.825471984568203
Islamabad,2026-08-01 18:00:00+00:00,27.5,81,1001.4,0.72,43.7,44.5,2338.0,76.3,7.4,0.0,95,18,5,8,1,-1.0,-1.8369701987210297e-16,-0.4999999999999997,-0.8660254037844388,-0.9749279121818236,-0.2225209339563146,0.0,95.0,95.0,89.0,95.33333333333333,3.0024144873053284,32.520833333333336,14.615506332738462
Islamabad,2026-08-01 19:00:00+00:00,26.9,83,1001.6,0.74,44.9,45.9,1851.0,74.1,6.5,0.0,94,19,5,8,1,-0.9659258262890684,0.2588190451025203,-0.4999999999999997,-0.8660254037844388,-0.9749279121818236,-0.2225209339563146,-1.0,95.0,95.0,89.0,95.54166666666667,2.702320527221323,32.233333333333334,14.283881662990565
Islamabad,2026-08-01 20:00:00+00:00,26.6,84,1002.0,1.05,46.7,47.4,1255.0,70.5,5.4,0.0,94,20,5,8,1,-0.8660254037844386,0.5000000000000001,-0.4999999999999997,-0.8660254037844388,-0.9749279121818236,-0.2225209339563146,0.0,94.0,95.0,90.0,95.70833333333333,2.4579802006168165,32.09166666666667,14.11483698766674
Islamabad,2026-08-01 21:00:00+00:00,26.0,86,1002.0,0.96,45.6,46.4,776.0,63.9,4.6,2.0,94,21,5,8,1,-0.7071067811865477,0.7071067811865474,-0.4999999999999997,-0.8660254037844388,-0.9749279121818236,-0.2225209339563146,0.0,94.0,95.0,90.0,95.875,2.1732064068822567,31.866666666666664,13.84069823152832
Islamabad,2026-08-01 22:00:00+00:00,25.7,86,1002.2,1.03,39.7,40.4,500.0,51.5,4.4,16.0,93,22,5,8,1,-0.5000000000000004,0.8660254037844384,-0.4999999999999997,-0.8660254037844388,-0.9749279121818236,-0.2225209339563146,-1.0,94.0,94.0,91.0,95.95833333333333,2.0103896802919095,31.354166666666668,13.279110079096148
Islamabad,2026-08-01 23:00:00+00:00,24.5,90,1003.2,2.13,29.7,30.4,341.0,36.1,4.4,36.0,92,23,5,8,1,-0.25881904510252157,0.9659258262890681,-0.4999999999999997,-0.8660254037844388,-0.9749279121818236,-0.2225209339563146,-1.0,93.0,94.0,92.0,95.95833333333333,2.010389680291909,30.375,12.437994036506577
Islamabad,2026-08-02 00:00:00+00:00,25.0,91,1002.8,1.05,29.3,30.2,266.0,38.1,5.1,29.0,90,0,6,8,1,0.0,1.0,-0.4999999999999997,-0.8660254037844388,-0.7818314824680299,0.6234898018587334,-2.0,92.0,94.0,94.0,95.79166666666667,2.321528107428548,29.587500000000002,11.844511203598616
Islamabad,2026-08-02 01:00:00+00:00,25.4,90,1002.8,0.96,29.0,29.9,306.0,32.0,5.5,47.0,89,1,6,8,1,0.25881904510252074,0.9659258262890683,-0.4999999999999997,-0.8660254037844388,-0.7818314824680299,0.6234898018587334,-1.0,90.0,93.0,96.0,95.5,2.702655698760875,28.7625,11.115238756261371
Islamabad,2026-08-02 02:00:00+00:00,26.3,85,1002.7,0.67,28.2,29.2,430.0,23.4,6.1,71.0,87,2,6,8,1,0.49999999999999994,0.8660254037844387,-0.4999999999999997,-0.8660254037844388,-0.7818314824680299,0.6234898018587334,-2.0,89.0,92.0,98.0,95.04166666666667,3.155108578937554,28.5,11.04803740194528
Islamabad,2026-08-02 03:00:00+00:00,27.5,78,1003.6,0.25,20.5,21.8,510.0,15.9,7.0,94.0,87,3,6,8,1,0.7071067811865476,0.7071067811865476,-0.4999999999999997,-0.8660254037844388,-0.7818314824680299,0.6234898018587334,0.0,87.0,90.0,99.0,94.54166666666667,3.4386444076520633,28.337500000000002,11.139269061181281
Islamabad,2026-08-02 04:00:00+00:00,28.7,71,1003.3,1.0,18.2,19.7,480.0,10.8,8.4,112.0,86,4,6,8,1,0.8660254037844386,0.5000000000000001,-0.4999999999999997,-0.8660254037844388,-0.7818314824680299,0.6234898018587334,-1.0,87.0,89.0,99.0,94.0,3.7183446527292046,28.233333333333334,11.225152915261942
Islamabad,2026-08-02 05:00:00+00:00,29.7,67,1002.8,0.6,20.0,21.9,406.0,6.8,10.2,128.0,86,5,6,8,1,0.9659258262890683,0.25881904510252074,-0.4999999999999997,-0.8660254037844388,-0.7818314824680299,0.6234898018587334,0.0,86.0,87.0,99.0,93.45833333333333,3.9007152818557813,28.308333333333334,11.161031457190907
Islamabad,2026-08-02 06:00:00+00:00,30.9,64,1002.6,1.49,22.6,24.9,353.0,4.1,11.4,141.0,86,6,6,8,1,1.0,6.123233995736766e-17,-0.4999999999999997,-0.8660254037844388,-0.7818314824680299,0.6234898018587334,0.0,86.0,87.0,99.0,92.91666666666667,3.999094100311578,28.566666666666666,10.943040936025755
Islamabad,2026-08-02 07:00:00+00:00,31.1,65,1002.2,1.66,24.9,27.2,340.0,2.9,11.7,152.0,87,7,6,8,1,0.9659258262890683,-0.25881904510252063,-0.4999999999999997,-0.8660254037844388,-0.7818314824680299,0.6234898018587334,1.0,86.0,86.0,98.0,92.45833333333333,4.021455140771058,28.966666666666665,10.607325879732356
Islamabad,2026-08-02 08:00:00+00:00,31.4,65,1001.9,1.69,26.5,29.0,347.0,3.0,11.5,161.0,88,8,6,8,1,0.8660254037844387,-0.4999999999999998,-0.4999999999999997,-0.8660254037844388,-0.7818314824680299,0.6234898018587334,1.0,87.0,86.0,97.0,92.08333333333333,3.999094100311611,29.462500000000002,10.175922669414907
Islamabad,2026-08-02 09:00:00+00:00,31.6,66,1000.9,1.61,28.0,30.5,382.0,3.7,11.4,166.0,89,9,6,8,1,0.7071067811865476,-0.7071067811865475,-0.4999999999999997,-0.8660254037844388,-0.7818314824680299,0.6234898018587334,1.0,88.0,86.0,97.0,91.75,3.9037328846555885,30.004166666666666,9.707839914064337
Islamabad,2026-08-02 10:00:00+00:00,31.4,67,1000.3,0.81,28.9,31.3,424.0,2.6,11.7,171.0,90,10,6,8,1,0.49999999999999994,-0.8660254037844387,-0.4999999999999997,-0.8660254037844388,-0.7818314824680299,0.6234898018587334,1.0,89.0,87.0,96.0,91.5,3.8107399715007713,30.558333333333334,9.21704077129473
Islamabad,2026-08-02 11:00:00+00:00,30.7,69,1000.2,1.08,29.9,32.4,495.0,2.0,12.2,173.0,106,11,6,8,1,0.258819045102521,-0.9659258262890682,-0.4999999999999997,-0.8660254037844388,-0.7818314824680299,0.6234898018587334,16.0,90.0,88.0,96.0,91.91666666666667,4.754098155835773,31.14166666666667,8.676150051154265
Islamabad,2026-08-02 12:00:00+00:00,32.0,58,999.7,1.35,19.3,20.7,661.0,7.8,10.1,148.0,123,12,6,8,1,1.2246467991473532e-16,-1.0,-0.4999999999999997,-0.8660254037844388,-0.7818314824680299,0.6234898018587334,17.0,106.0,89.0,96.0,93.04166666666667,7.909703268584723,31.05,8.79327806511508
Islamabad,2026-08-02 13:00:00+00:00,30.5,70,999.8,1.19,25.0,26.4,1040.0,25.1,10.6,118.0,130,13,6,8,1,-0.2588190451025208,-0.9659258262890683,-0.4999999999999997,-0.8660254037844388,-0.7818314824680299,0.6234898018587334,7.0,123.0,90.0,97.0,94.41666666666667,10.922321248216118,31.020833333333332,8.812934129506116
Islamabad,2026-08-02 14:00:00+00:00,29.3,78,1000.5,0.4,32.4,33.6,1514.0,48.9,11.2,78.0,128,14,6,8,1,-0.4999999999999997,-0.8660254037844388,-0.4999999999999997,-0.8660254037844388,-0.7818314824680299,0.6234898018587334,-2.0,130.0,106.0,95.0,95.79166666666667,12.897519703133279,31.104166666666668,8.816263586303874
Islamabad,2026-08-02 15:00:00+00:00,28.3,82,1001.4,0.45,38.5,39.9,1804.0,65.7,11.6,47.0,115,15,6,8,1,-0.7071067811865471,-0.7071067811865479,-0.4999999999999997,-0.8660254037844388,-0.7818314824680299,0.6234898018587334,-13.0,128.0,123.0,95.0,96.625,13.477235234467587,31.28333333333333,8.92493656860498
Islamabad,2026-08-02 16:00:00+00:00,27.9,84,1002.4,0.11,41.4,42.8,1755.0,69.3,11.7,36.0,92,16,6,8,1,-0.8660254037844385,-0.5000000000000004,-0.4999999999999997,-0.8660254037844388,-0.7818314824680299,0.6234898018587334,-23.0,115.0,130.0,95.0,96.5,13.506842066473308,31.44583333333333,9.077251986322054
Islamabad,2026-08-02 17:00:00+00:00,27.3,86,1003.0,0.71,43.5,45.1,1521.0,66.0,11.5,35.0,92,17,6,8,1,-0.9659258262890683,-0.25881904510252063,-0.4999999999999997,-0.8660254037844388,-0.7818314824680299,0.6234898018587334,0.0,92.0,128.0,95.0,96.375,13.535179605623231,31.516666666666666,9.167744337179311
Islamabad,2026-08-02 18:00:00+00:00,27.5,84,1002.8,0.87,48.0,49.5,1280.0,60.7,11.0,36.0,92,18,6,8,1,-1.0,-1.8369701987210297e-16,-0.4999999999999997,-0.8660254037844388,-0.7818314824680299,0.6234898018587334,0.0,92.0,115.0,95.0,96.25,13.562255808258927,31.69583333333333,9.453753759482357
Islamabad,2026-08-02 19:00:00+00:00,27.0,85,1002.6,0.78,48.9,50.3,1080.0,54.0,9.8,36.0,93,19,6,8,1,-0.9659258262890684,0.2588190451025203,-0.4999999999999997,-0.8660254037844388,-0.7818314824680299,0.6234898018587334,1.0,92.0,92.0,94.0,96.20833333333333,13.571002227147144,31.8625,9.727943278760515
Islamabad,2026-08-02 20:00:00+00:00,26.7,86,1002.4,0.72,45.3,46.3,873.0,45.4,8.3,37.0,93,20,6,8,1,-0.8660254037844386,0.5000000000000001,-0.4999999999999997,-0.8660254037844388,-0.7818314824680299,0.6234898018587334,0.0,93.0,92.0,94.0,96.16666666666667,13.579609607842437,31.804166666666664,9.638892195352245
Islamabad,2026-08-02 21:00:00+00:00,26.5,85,1002.1,0.82,42.5,43.4,694.0,38.0,7.1,38.0,93,21,6,8,1,-0.7071067811865477,0.7071067811865474,-0.4999999999999997,-0.8660254037844388,-0.7818314824680299,0.6234898018587334,0.0,93.0,92.0,94.0,96.125,13.588078214566428,31.675,9.465187933089068
Islamabad,2026-08-02 22:00:00+00:00,26.1,87,1001.6,0.7,41.2,42.1,538.0,33.2,6.4,37.0,93,22,6,8,1,-0.5000000000000004,0.8660254037844384,-0.4999999999999997,-0.8660254037844388,-0.7818314824680299,0.6234898018587334,0.0,93.0,93.0,93.0,96.125,13.588078214566428,31.7375,9.525243920190688
Islamabad,2026-08-02 23:00:00+00:00,25.9,87,1001.6,0.68,39.9,40.7,410.0,29.7,6.0,35.0,93,23,6,8,1,-0.25881904510252157,0.9659258262890681,-0.4999999999999997,-0.8660254037844388,-0.7818314824680299,0.6234898018587334,0.0,93.0,93.0,92.0,96.16666666666667,13.57640749902814,32.1625,9.657023238352812
Islamabad,2026-08-03 00:00:00+00:00,26.2,92,1001.4,0.16,32.6,34.5,359.0,22.8,5.0,47.0,94,0,0,8,0,0.0,1.0,-0.4999999999999997,-0.8660254037844388,0.0,1.0,1.0,93.0,93.0,90.0,96.33333333333333,13.521855631166243,32.300000000000004,9.637968394978682
Islamabad,2026-08-03 01:00:00+00:00,26.4,89,1001.0,0.92,34.2,36.0,449.0,23.0,6.1,58.0,94,1,0,8,0,0.25881904510252074,0.9659258262890683,-0.4999999999999997,-0.8660254037844388,0.0,1.0,0.0,94.0,93.0,89.0,96.54166666666667,13.44224090617585,32.516666666666666,9.618987864439331
Islamabad,2026-08-03 02:00:00+00:00,26.9,87,1001.4,0.68,38.2,39.8,616.0,23.1,7.6,75.0,94,2,0,8,0,0.49999999999999994,0.8660254037844387,-0.4999999999999997,-0.8660254037844388,0.0,1.0,0.0,94.0,93.0,87.0,96.83333333333333,13.301411061682185,32.93333333333333,9.64043417147236
Islamabad,2026-08-03 03:00:00+00:00,28.4,80,1001.5,0.4,32.9,35.3,718.0,22.0,9.0,91.0,95,3,0,8,0,0.7071067811865476,0.7071067811865476,-0.4999999999999997,-0.8660254037844388,0.0,1.0,1.0,94.0,94.0,87.0,97.16666666666667,13.14357725995335,33.449999999999996,9.270289147031201
Islamabad,2026-08-03 04:00:00+00:00,27.7,84,1002.3,1.74,27.9,30.2,677.0,18.8,9.9,106.0,96,4,0,8,0,0.8660254037844386,0.5000000000000001,-0.4999999999999997,-0.8660254037844388,0.0,1.0,1.0,95.0,94.0,86.0,97.58333333333333,12.930976178444267,33.854166666666664,8.774715611230388
Islamabad,2026-08-03 05:00:00+00:00,28.9,81,1002.9,1.3,28.2,31.1,572.0,14.5,10.5,121.0,97,5,0,8,0,0.9659258262890683,0.25881904510252074,-0.4999999999999997,-0.8660254037844388,0.0,1.0,1.0,96.0,94.0,86.0,98.04166666666667,12.69535747622855,34.19583333333333,8.361738906246186
Islamabad,2026-08-03 06:00:00+00:00,29.6,74,1002.8,0.8,28.3,30.9,497.0,10.9,11.3,136.0,98,6,0,8,0,1.0,6.123233995736766e-17,-0.4999999999999997,-0.8660254037844388,0.0,1.0,1.0,97.0,95.0,86.0,98.54166666666667,12.434101658661458,34.43333333333333,8.094746909955319
Islamabad,2026-08-03 07:00:00+00:00,27.8,83,1003.3,2.85,26.1,28.1,492.0,8.4,12.6,154.0,98,7,0,8,0,0.9659258262890683,-0.25881904510252063,-0.4999999999999997,-0.8660254037844388,0.0,1.0,0.0,98.0,96.0,87.0,99.0,12.190516627777937,34.483333333333334,8.036799420636024
Islamabad,2026-08-03 08:00:00+00:00,26.0,92,1003.6,1.6,27.2,28.9,516.0,6.7,14.0,172.0,98,8,0,8,0,0.8660254037844387,-0.4999999999999998,-0.4999999999999997,-0.8660254037844388,0.0,1.0,0.0,98.0,97.0,88.0,99.41666666666667,11.967044118222868,34.5125,8.007784935000233
Islamabad,2026-08-03 09:00:00+00:00,27.7,84,1002.4,0.25,28.3,29.9,545.0,6.5,14.7,181.0,98,9,0,8,0,0.7071067811865476,-0.7071067811865475,-0.4999999999999997,-0.8660254037844388,0.0,1.0,0.0,98.0,98.0,89.0,99.79166666666667,11.765754162587664,34.525,7.997404470255888
Islamabad,2026-08-03 10:00:00+00:00,29.2,77,1001.8,0.59,28.5,30.3,526.0,5.8,14.1,180.0,98,10,0,8,0,0.49999999999999994,-0.8660254037844387,-0.4999999999999997,-0.8660254037844388,0.0,1.0,0.0,98.0,98.0,90.0,100.125,11.588271807228937,34.50833333333333,8.010043514329281
Islamabad,2026-08-03 11:00:00+00:00,29.9,71,1001.2,0.61,32.6,34.6,511.0,6.6,12.7,170.0,109,11,0,8,0,0.258819045102521,-0.9659258262890682,-0.4999999999999997,-0.8660254037844388,0.0,1.0,11.0,98.0,98.0,106.0,100.25,11.670289292638342,34.62083333333333,7.961318394569421
Islamabad,2026-08-03 12:00:00+00:00,27.7,82,1001.5,0.72,35.9,39.5,634.0,19.1,6.8,128.0,126,12,0,8,0,1.2246467991473532e-16,-1.0,-0.4999999999999997,-0.8660254037844388,0.0,1.0,17.0,109.0,98.0,123.0,100.375,11.937564022134698,35.3125,7.262848435104758
Islamabad,2026-08-03 13:00:00+00:00,27.6,82,1001.4,0.35,36.6,39.1,1020.0,32.4,7.0,103.0,131,13,0,8,0,-0.2588190451025208,-0.9659258262890683,-0.4999999999999997,-0.8660254037844388,0.0,1.0,5.0,126.0,98.0,130.0,100.41666666666667,12.046708612967823,35.795833333333334,6.924843691010421
Islamabad,2026-08-03 14:00:00+00:00,27.0,88,1001.6,0.21,41.1,42.8,1545.0,50.8,7.3,69.0,127,14,0,8,0,-0.4999999999999997,-0.8660254037844388,-0.4999999999999997,-0.8660254037844388,0.0,1.0,-4.0,131.0,109.0,128.0,100.375,11.948485441585563,36.15833333333334,6.966935366845052
Islamabad,2026-08-03 15:00:00+00:00,26.6,89,1002.2,0.14,39.8,41.3,1967.0,65.1,7.5,41.0,113,15,0,8,0,-0.7071067811865471,-0.7071067811865479,-0.4999999999999997,-0.8660254037844388,0.0,1.0,-14.0,127.0,126.0,115.0,100.29166666666667,11.848607207329446,36.2125,6.990945230610135
Islamabad,2026-08-03 16:00:00+00:00,26.5,90,1002.9,0.3,41.0,42.4,2221.0,72.8,7.7,23.0,102,16,0,8,0,-0.8660254037844385,-0.5000000000000004,-0.4999999999999997,-0.8660254037844388,0.0,1.0,-11.0,113.0,131.0,92.0,100.70833333333333,11.719471596139034,36.19583333333333,6.978506079487828
Islamabad,2026-08-03 17:00:00+00:00,26.0,93,1003.3,0.76,43.4,44.9,2372.0,76.3,7.8,12.0,102,17,0,8,0,-0.9659258262890683,-0.25881904510252063,-0.4999999999999997,-0.8660254037844388,0.0,1.0,0.0,102.0,127.0,92.0,101.125,11.573254399314834,36.19166666666667,6.973983744988342
Islamabad,2026-08-03 18:00:00+00:00,26.1,91,1003.5,0.47,46.2,48.0,2376.0,73.6,7.5,10.0,102,18,0,8,0,-1.0,-1.8369701987210297e-16,-0.4999999999999997,-0.8660254037844388,0.0,1.0,0.0,102.0,113.0,92.0,101.54166666666667,11.409298902615843,36.11666666666667,6.850050248413978
Islamabad,2026-08-03 19:00:00+00:00,25.6,93,1003.3,0.05,40.2,42.6,2166.0,60.6,6.4,24.0,102,19,0,8,0,-0.9659258262890684,0.2588190451025203,-0.4999999999999997,-0.8660254037844388,0.0,1.0,0.0,102.0,102.0,93.0,101.91666666666667,11.263317399440332,35.75416666666667,6.356576817798949
Islamabad,2026-08-03 20:00:00+00:00,25.4,93,1003.1,0.22,31.4,33.6,1809.0,41.5,5.0,47.0,101,20,0,8,0,-0.8660254037844386,0.5000000000000001,-0.4999999999999997,-0.8660254037844388,0.0,1.0,-1.0,102.0,102.0,93.0,102.25,11.1052279110551,35.175000000000004,6.076057789460933
Islamabad,2026-08-03 21:00:00+00:00,25.3,93,1002.8,0.14,27.6,29.5,1458.0,26.7,3.9,64.0,99,21,0,8,0,-0.7071067811865477,0.7071067811865474,-0.4999999999999997,-0.8660254037844388,0.0,1.0,-2.0,101.0,102.0,93.0,102.5,10.954451150101288,34.55416666666667,6.056256496683615
Islamabad,2026-08-03 22:00:00+00:00,25.3,93,1003.3,0.27,27.1,28.9,1125.0,20.8,3.5,68.0,98,22,0,8,0,-0.5000000000000004,0.8660254037844384,-0.4999999999999997,-0.8660254037844388,0.0,1.0,-1.0,99.0,102.0,93.0,102.70833333333333,10.812549740186789,33.96666666666666,6.067423109393733
Islamabad,2026-08-03 23:00:00+00:00,24.7,96,1003.7,0.2,29.2,31.4,798.0,19.4,3.5,65.0,97,23,0,8,0,-0.25881904510252157,0.9659258262890681,-0.4999999999999997,-0.8660254037844388,0.0,1.0,-1.0,98.0,101.0,93.0,102.875,10.686490862602051,33.520833333333336,6.005286016912671
Islamabad,2026-08-04 00:00:00+00:00,24.3,97,1003.6,1.25,56.5,58.9,598.0,64.4,8.4,8.0,96,0,1,8,0,0.0,1.0,-0.4999999999999997,-0.8660254037844388,0.7818314824680298,0.6234898018587336,-1.0,97.0,99.0,94.0,102.95833333333333,10.621877205196556,34.51666666666667,7.612499256324137
Islamabad,2026-08-04 01:00:00+00:00,24.3,96,1003.7,0.18,56.1,58.3,621.0,56.6,9.4,26.0,98,1,1,8,0,0.25881904510252074,0.9659258262890683,-0.4999999999999997,-0.8660254037844388,0.7818314824680298,0.6234898018587336,2.0,96.0,98.0,94.0,103.125,10.505950694723222,35.42916666666667,8.793796191024366
Islamabad,2026-08-04 02:00:00+00:00,24.5,96,1003.9,0.47,56.2,58.2,772.0,45.6,11.0,52.0,100,2,1,8,0,0.49999999999999994,0.8660254037844387,-0.4999999999999997,-0.8660254037844388,0.7818314824680298,0.6234898018587336,2.0,98.0,97.0,94.0,103.375,10.34959566527784,36.17916666666667,9.755398913986745
Islamabad,2026-08-04 03:00:00+00:00,25.8,88,1003.9,0.22,43.3,46.0,883.0,35.1,13.4,83.0,102,3,1,8,0,0.7071067811865476,0.7071067811865476,-0.4999999999999997,-0.8660254037844388,0.7818314824680298,0.6234898018587336,2.0,100.0,96.0,95.0,103.66666666666667,10.200880894042827,36.612500000000004,9.834071760532542
Islamabad,2026-08-04 04:00:00+00:00,27.5,79,1004.3,0.49,36.1,38.9,887.0,25.8,17.7,121.0,103,4,1,8,0,0.8660254037844386,0.5000000000000001,-0.4999999999999997,-0.8660254037844388,0.7818314824680298,0.6234898018587336,1.0,102.0,98.0,96.0,103.95833333333333,10.071393697718698,36.954166666666666,9.659101550021225
Islamabad,2026-08-04 05:00:00+00:00,29.1,73,1003.8,0.72,37.6,40.4,851.0,16.9,22.7,162.0,104,5,1,8,0,0.9659258262890683,0.25881904510252074,-0.4999999999999997,-0.8660254037844388,0.7818314824680298,0.6234898018587336,1.0,103.0,100.0,97.0,104.25,9.961883879805955,37.34583333333333,9.477569820905789
Islamabad,2026-08-04 06:00:00+00:00,30.3,70,1004.2,1.57,42.6,45.5,813.0,10.4,25.9,196.0,105,6,1,8,0,1.0,6.123233995736766e-17,-0.4999999999999997,-0.8660254037844388,0.7818314824680298,0.6234898018587336,1.0,104.0,102.0,98.0,104.54166666666667,9.873016219743455,37.94166666666667,9.332547844793593
Islamabad,2026-08-04 07:00:00+00:00,30.4,70,1003.8,2.32,47.4,50.4,775.0,6.8,25.6,219.0,106,7,1,8,0,0.9659258262890683,-0.25881904510252063,-0.4999999999999997,-0.8660254037844388,0.7818314824680298,0.6234898018587336,1.0,105.0,103.0,98.0,104.875,9.777136150443177,38.829166666666666,9.16882616196888
Islamabad,2026-08-04 08:00:00+00:00,29.8,75,1003.7,1.16,50.9,54.0,735.0,5.6,23.4,233.0,108,8,1,8,0,0.8660254037844387,-0.4999999999999998,-0.4999999999999997,-0.8660254037844388,0.7818314824680298,0.6234898018587336,2.0,106.0,104.0,98.0,105.29166666666667,9.684048590409086,39.81666666666666,9.138103060057436
Islamabad,2026-08-04 09:00:00+00:00,30.6,71,1002.5,0.83,53.2,56.5,726.0,6.4,21.0,237.0,111,9,1,8,0,0.7071067811865476,-0.7071067811865475,-0.4999999999999997,-0.8660254037844388,0.7818314824680298,0.6234898018587336,3.0,108.0,105.0,98.0,105.83333333333333,9.621835071590157,40.854166666666664,9.187088253614924
Islamabad,2026-08-04 10:00:00+00:00,30.4,71,1001.8,0.72,54.5,58.0,715.0,7.7,18.9,228.0,144,10,1,8,0,0.49999999999999994,-0.8660254037844387,-0.4999999999999997,-0.8660254037844388,0.7818314824680298,0.6234898018587336,33.0,111.0,106.0,98.0,107.75,12.223462826802203,41.9375,9.199896620402104
Islamabad,2026-08-04 11:00:00+00:00,30.5,69,1001.1,1.04,55.1,58.7,735.0,11.1,16.7,208.0,173,11,1,8,0,0.258819045102521,-0.9659258262890682,-0.4999999999999997,-0.8660254037844388,0.7818314824680298,0.6234898018587336,29.0,144.0,108.0,109.0,110.41666666666667,18.084143106158276,42.875,9.352156226611893
Islamabad,2026-08-04 12:00:00+00:00,31.0,65,1000.2,1.52,48.2,53.0,917.0,29.1,11.8,136.0,193,12,1,8,0,1.2246467991473532e-16,-1.0,-0.4999999999999997,-0.8660254037844388,0.7818314824680298,0.6234898018587336,20.0,173.0,111.0,126.0,113.20833333333333,24.594059315679093,43.387499999999996,9.290121565170782
Islamabad,2026-08-04 13:00:00+00:00,30.2,71,1000.3,0.85,51.0,55.3,1432.0,44.3,12.1,110.0,196,13,1,8,0,-0.2588190451025208,-0.9659258262890683,-0.4999999999999997,-0.8660254037844388,0.7818314824680298,0.6234898018587336,3.0,193.0,144.0,131.0,115.91666666666667,29.68957753981532,43.987500000000004,9.297700159763627
Islamabad,2026-08-04 14:00:00+00:00,29.1,79,1000.8,0.15,53.2,56.8,2108.0,65.4,12.5,73.0,187,14,1,8,0,-0.4999999999999997,-0.8660254037844388,-0.4999999999999997,-0.8660254037844388,0.7818314824680298,0.6234898018587336,-9.0,196.0,173.0,127.0,118.41666666666667,33.00450123012356,44.49166666666667,9.460945658528125
Islamabad,2026-08-04 15:00:00+00:00,28.4,82,1001.5,0.56,62.6,66.4,2563.0,82.4,12.8,43.0,168,15,1,8,0,-0.7071067811865471,-0.7071067811865479,-0.4999999999999997,-0.8660254037844388,0.7818314824680298,0.6234898018587336,-19.0,187.0,193.0,113.0,120.70833333333333,34.48815696749312,45.44166666666666,10.092955643575737
Islamabad,2026-08-04 16:00:00+00:00,28.0,81,1002.2,0.72,72.2,76.1,2637.0,92.2,13.0,25.0,136,16,1,8,0,-0.8660254037844385,-0.5000000000000004,-0.4999999999999997,-0.8660254037844388,0.7818314824680298,0.6234898018587336,-32.0,168.0,196.0,102.0,122.125,34.384415706511746,46.74166666666667,11.418288787755307
Islamabad,2026-08-04 17:00:00+00:00,27.5,82,1002.4,0.57,80.6,84.8,2489.0,97.9,13.0,12.0,128,17,1,8,0,-0.9659258262890683,-0.25881904510252063,-0.4999999999999997,-0.8660254037844388,0.7818314824680298,0.6234898018587336,-8.0,136.0,187.0,102.0,123.20833333333333,34.131432875648194,48.291666666666664,13.312691449259503
Islamabad,2026-08-04 18:00:00+00:00,28.0,80,1001.5,0.65,84.1,87.8,2215.0,98.5,12.4,4.0,132,18,1,8,0,-1.0,-1.8369701987210297e-16,-0.4999999999999997,-0.8660254037844388,0.7818314824680298,0.6234898018587336,4.0,128.0,168.0,102.0,124.45833333333333,33.86928731444399,49.87083333333334,15.171841170166271
Islamabad,2026-08-04 19:00:00+00:00,27.3,83,1001.2,0.6,87.8,91.3,1751.0,91.5,10.4,0.0,136,19,1,8,0,-0.9659258262890684,0.2588190451025203,-0.4999999999999997,-0.8660254037844388,0.7818314824680298,0.6234898018587336,4.0,132.0,136.0,102.0,125.875,33.59905860482381,51.854166666666664,16.868983092638057
Islamabad,2026-08-04 20:00:00+00:00,26.9,81,1001.0,0.63,83.8,87.1,1160.0,79.4,7.7,0.0,141,20,1,8,0,-0.8660254037844386,0.5000000000000001,-0.4999999999999997,-0.8660254037844388,0.7818314824680298,0.6234898018587336,5.0,136.0,128.0,101.0,127.54166666666667,33.3022771994141,54.037499999999994,17.48626324215415
Islamabad,2026-08-04 21:00:00+00:00,25.5,84,1001.2,1.82,81.7,85.0,730.0,68.4,5.9,3.0,146,21,1,8,0,-0.7071067811865477,0.7071067811865474,-0.4999999999999997,-0.8660254037844388,0.7818314824680298,0.6234898018587336,5.0,141.0,132.0,99.0,129.5,32.93075739500452,56.291666666666664,17.41690624618517
Islamabad,2026-08-04 22:00:00+00:00,24.6,92,1001.2,0.81,77.5,80.3,594.0,60.5,5.7,11.0,151,22,1,8,0,-0.5000000000000004,0.8660254037844384,-0.4999999999999997,-0.8660254037844388,0.7818314824680298,0.6234898018587336,5.0,146.0,136.0,98.0,131.70833333333334,32.500808239670484,58.39166666666666,16.770598409552676
Islamabad,2026-08-04 23:00:00+00:00,24.6,94,1000.9,0.67,60.8,65.4,619.0,53.7,6.4,22.0,152,23,1,8,0,-0.25881904510252157,0.9659258262890681,-0.4999999999999997,-0.8660254037844388,0.7818314824680298,0.6234898018587336,1.0,151.0,141.0,97.0,134.0,31.880210571558415,59.708333333333336,15.577099039704136
Islamabad,2026-08-05 00:00:00+00:00,24.5,97,1000.6,1.11,51.5,55.6,694.0,30.1,7.0,40.0,153,0,2,8,0,0.0,1.0,-0.4999999999999997,-0.8660254037844388,0.9749279121818236,-0.22252093395631434,1.0,152.0,146.0,96.0,136.375,31.03828281332503,59.5,15.655114458082064
Islamabad,2026-08-05 01:00:00+00:00,24.4,97,1000.4,1.25,53.0,59.6,828.0,29.5,7.3,50.0,153,1,2,8,0,0.25881904510252074,0.9659258262890683,-0.4999999999999997,-0.8660254037844388,0.9749279121818236,-0.22252093395631434,0.0,153.0,151.0,98.0,138.66666666666666,30.097907867009,59.37083333333333,15.697119070117521
Islamabad,2026-08-05 02:00:00+00:00,25.7,94,1000.8,0.21,28.5,31.4,1012.0,28.4,7.8,65.0,153,2,2,8,0,0.49999999999999994,0.8660254037844387,-0.4999999999999997,-0.8660254037844388,0.9749279121818236,-0.22252093395631434,0.0,153.0,152.0,100.0,140.875,29.064115780234978,58.21666666666666,16.91175733718652
Islamabad,2026-08-05 03:00:00+00:00,26.7,84,1000.6,0.63,34.9,40.7,1107.0,25.9,9.1,85.0,152,3,2,8,0,0.7071067811865476,0.7071067811865476,-0.4999999999999997,-0.8660254037844388,0.9749279121818236,-0.22252093395631434,-1.0,153.0,153.0,102.0,142.95833333333334,27.926112397237382,57.86666666666667,17.315980723187327
Islamabad,2026-08-05 04:00:00+00:00,27.8,78,1001.0,1.01,37.5,44.7,1028.0,20.5,12.2,115.0,152,4,2,8,0,0.8660254037844386,0.5000000000000001,-0.4999999999999997,-0.8660254037844388,0.9749279121818236,-0.22252093395631434,0.0,152.0,153.0,103.0,145.0,26.63929754916579,57.925000000000004,17.241664652811163
Islamabad,2026-08-05 05:00:00+00:00,28.7,75,1000.7,1.11,40.7,48.8,861.0,13.6,16.1,150.0,152,5,2,8,0,0.9659258262890683,0.25881904510252074,-0.4999999999999997,-0.8660254037844388,0.9749279121818236,-0.22252093395631434,0.0,152.0,153.0,104.0,147.0,25.189714947382424,58.05416666666667,17.093756275996984
Islamabad,2026-08-05 06:00:00+00:00,30.1,64,1000.8,1.56,43.2,51.0,722.0,8.4,18.7,178.0,152,6,2,8,0,1.0,6.123233995736766e-17,-0.4999999999999997,-0.8660254037844388,0.9749279121818236,-0.22252093395631434,0.0,152.0,152.0,105.0,148.95833333333334,23.556553905102597,58.07916666666667,17.07059457884699
Islamabad,2026-08-05 07:00:00+00:00,29.6,70,1000.5,1.63,46.3,54.0,651.0,6.2,18.7,195.0,152,7,2,8,0,0.9659258262890683,-0.25881904510252063,-0.4999999999999997,-0.8660254037844388,0.9749279121818236,-0.22252093395631434,0.0,152.0,152.0,106.0,150.875,21.70816816816512,58.03333333333333,17.101961918133057
Islamabad,2026-08-05 08:00:00+00:00,29.0,75,999.9,1.61,48.4,56.0,608.0,5.6,17.4,204.0,152,8,2,8,0,0.8660254037844387,-0.4999999999999998,-0.4999999999999997,-0.8660254037844388,0.9749279121818236,-0.22252093395631434,0.0,152.0,152.0,108.0,152.70833333333334,19.694358421211245,57.92916666666667,17.15483146969451
Islamabad,2026-08-05 09:00:00+00:00,29.3,76,999.4,1.77,49.9,57.5,590.0,5.9,16.2,208.0,152,9,2,8,0,0.7071067811865476,-0.7071067811865475,-0.4999999999999997,-0.8660254037844388,0.9749279121818236,-0.22252093395631434,0.0,152.0,152.0,111.0,154.41666666666666,17.584372178940082,57.791666666666664,17.207529107080205
Islamabad,2026-08-05 10:00:00+00:00,30.1,70,998.2,1.3,48.9,56.9,567.0,5.9,15.8,207.0,152,10,2,8,0,0.49999999999999994,-0.8660254037844387,-0.4999999999999997,-0.8660254037844388,0.9749279121818236,-0.22252093395631434,0.0,152.0,152.0,144.0,154.75,17.45366536812696,57.55833333333334,17.291865809923568
Islamabad,2026-08-05 11:00:00+00:00,30.8,68,997.6,0.69,47.6,55.6,569.0,6.7,15.6,201.0,151,11,2,8,0,0.258819045102521,-0.9659258262890682,-0.4999999999999997,-0.8660254037844388,0.9749279121818236,-0.22252093395631434,-1.0,152.0,152.0,173.0,153.83333333333334,17.02598185042379,57.24583333333334,17.405620760489093
Islamabad,2026-08-05 12:00:00+00:00,31.0,65,997.1,1.5,32.9,39.5,682.0,13.7,13.0,172.0,170,12,2,8,0,1.2246467991473532e-16,-1.0,-0.4999999999999997,-0.8660254037844388,0.9749279121818236,-0.22252093395631434,19.0,151.0,152.0,193.0,152.875,15.283729626772834,56.60833333333334,18.020662456256062
Islamabad,2026-08-05 13:00:00+00:00,30.0,71,997.4,1.71,40.0,49.4,1049.0,39.9,13.3,130.0,179,13,2,8,0,-0.2588190451025208,-0.9659258262890683,-0.4999999999999997,-0.8660254037844388,0.9749279121818236,-0.22252093395631434,9.0,170.0,152.0,196.0,152.16666666666666,13.48643978116391,56.150000000000006,18.307114321558345
Islamabad,2026-08-05 14:00:00+00:00,28.3,80,997.7,0.96,50.8,58.7,1528.0,75.5,13.6,72.0,176,14,2,8,0,-0.4999999999999997,-0.8660254037844388,-0.4999999999999997,-0.8660254037844388,0.9749279121818236,-0.22252093395631434,-3.0,179.0,151.0,187.0,151.70833333333334,12.393824432269362,56.050000000000004,18.330468814422606
Islamabad,2026-08-05 15:00:00+00:00,27.6,82,998.7,0.54,57.5,64.7,1777.0,98.6,13.6,31.0,159,15,2,8,0,-0.7071067811865471,-0.7071067811865479,-0.4999999999999997,-0.8660254037844388,0.9749279121818236,-0.22252093395631434,-17.0,176.0,170.0,168.0,151.33333333333334,12.009657949247224,55.837500000000006,18.28072904311598
Islamabad,2026-08-05 16:00:00+00:00,27.4,82,999.7,0.4,59.0,65.7,1586.0,98.8,13.2,21.0,150,16,2,8,0,-0.8660254037844385,-0.5000000000000004,-0.4999999999999997,-0.8660254037844388,0.9749279121818236,-0.22252093395631434,-9.0,159.0,179.0,136.0,151.91666666666666,11.564250259222037,55.2875,17.96284359448687
Islamabad,2026-08-05 17:00:00+00:00,26.7,85,1000.2,0.99,62.4,69.2,1165.0,86.5,12.4,27.0,149,17,2,8,0,-0.9659258262890683,-0.25881904510252063,-0.4999999999999997,-0.8660254037844388,0.9749279121818236,-0.22252093395631434,-1.0,150.0,176.0,128.0,152.79166666666666,10.413115336653036,54.52916666666666,17.216434998511424
Islamabad,2026-08-05 18:00:00+00:00,27.4,83,999.5,1.03,61.0,66.6,807.0,71.2,11.4,39.0,148,18,2,8,0,-1.0,-1.8369701987210297e-16,-0.4999999999999997,-0.8660254037844388,0.9749279121818236,-0.22252093395631434,-1.0,149.0,159.0,132.0,153.45833333333334,9.49589919118886,53.56666666666666,16.10094965243178
Islamabad,2026-08-05 19:00:00+00:00,26.5,86,999.7,0.79,47.0,51.6,609.0,53.2,9.8,57.0,145,19,2,8,0,-0.9659258262890684,0.2588190451025203,-0.4999999999999997,-0.8660254037844388,0.9749279121818236,-0.22252093395631434,-3.0,148.0,150.0,136.0,153.83333333333334,8.937788203518831,51.86666666666667,14.392590686414483
Islamabad,2026-08-05 20:00:00+00:00,25.7,90,999.6,0.78,37.3,41.8,473.0,32.2,8.0,80.0,141,20,2,8,0,-0.8660254037844386,0.5000000000000001,-0.4999999999999997,-0.8660254037844388,0.9749279121818236,-0.22252093395631434,-4.0,145.0,149.0,141.0,153.83333333333334,8.937788203518831,49.929166666666674,12.966058673946769
Islamabad,2026-08-05 21:00:00+00:00,23.6,94,1000.0,1.35,28.3,31.9,400.0,16.9,6.6,95.0,136,21,2,8,0,-0.7071067811865477,0.7071067811865474,-0.4999999999999997,-0.8660254037844388,0.9749279121818236,-0.22252093395631434,-5.0,141.0,148.0,146.0,153.41666666666666,9.532172828926551,47.70416666666667,11.807053130361819
Islamabad,2026-08-05 22:00:00+00:00,22.6,95,1000.7,2.41,27.1,31.1,407.0,11.6,5.9,95.0,131,22,2,8,0,-0.5000000000000004,0.8660254037844384,-0.4999999999999997,-0.8660254037844388,0.9749279121818236,-0.22252093395631434,-5.0,136.0,145.0,151.0,152.58333333333334,10.570330366545644,45.604166666666664,10.70808224484279
Islamabad,2026-08-05 23:00:00+00:00,23.5,94,999.6,1.23,15.5,17.7,477.0,12.0,5.7,88.0,125,23,2,8,0,-0.25881904510252157,0.9659258262890681,-0.4999999999999997,-0.8660254037844388,0.9749279121818236,-0.22252093395631434,-6.0,131.0,141.0,152.0,151.45833333333334,11.97816552212017,43.71666666666667,11.84518492034211
Islamabad,2026-08-06 00:00:00+00:00,24.7,92,999.6,0.78,16.4,18.6,557.0,18.2,7.5,73.0,121,0,3,8,0,0.0,1.0,-0.4999999999999997,-0.8660254037844388,0.43388373911755823,-0.900968867902419,-4.0,125.0,136.0,153.0,150.125,13.485297952567135,42.25416666666666,12.957085661543587
Islamabad,2026-08-06 01:00:00+00:00,24.9,92,999.7,0.27,26.7,30.5,646.0,20.9,8.1,78.0,117,1,3,8,0,0.25881904510252074,0.9659258262890683,-0.4999999999999997,-0.8660254037844388,0.43388373911755823,-0.900968867902419,-4.0,121.0,131.0,153.0,148.625,15.061648677004502,41.15833333333333,13.119879263318575
Islamabad,2026-08-06 02:00:00+00:00,25.2,90,999.7,0.72,32.2,36.0,744.0,24.5,9.0,85.0,114,2,3,8,0,0.49999999999999994,0.8660254037844387,-0.4999999999999997,-0.8660254037844388,0.43388373911755823,-0.900968867902419,-3.0,117.0,125.0,153.0,147.0,16.594918027750918,41.3125,12.985721673873313
Islamabad,2026-08-06 03:00:00+00:00,26.8,84,1000.0,0.35,35.0,41.3,800.0,25.6,10.3,98.0,115,3,3,8,0,0.7071067811865476,0.7071067811865476,-0.4999999999999997,-0.8660254037844388,0.43388373911755823,-0.900968867902419,1.0,114.0,121.0,152.0,145.45833333333334,17.78611858986384,41.31666666666667,12.983590535302804
Islamabad,2026-08-06 04:00:00+00:00,28.6,73,1000.4,0.92,33.3,40.2,777.0,22.0,12.4,121.0,115,4,3,8,0,0.8660254037844386,0.5000000000000001,-0.4999999999999997,-0.8660254037844388,0.43388373911755823,-0.900968867902419,0.0,115.0,117.0,152.0,143.91666666666666,18.77073732462557,41.141666666666666,13.065318068531008
Islamabad,2026-08-06 05:00:00+00:00,29.7,68,1000.4,1.32,33.3,40.7,711.0,15.8,14.9,149.0,114,5,3,8,0,0.9659258262890683,0.25881904510252074,-0.4999999999999997,-0.8660254037844388,0.43388373911755823,-0.900968867902419,-1.0,115.0,114.0,152.0,142.33333333333334,19.641718393491495,40.83333333333333,13.16314574093519
Islamabad,2026-08-06 06:00:00+00:00,30.9,63,1000.8,1.65,35.7,42.8,657.0,10.9,17.0,175.0,113,6,3,8,0,1.0,6.123233995736766e-17,-0.4999999999999997,-0.8660254037844388,0.43388373911755823,-0.900968867902419,-1.0,114.0,115.0,152.0,140.70833333333334,20.40562404714862,40.520833333333336,13.193508916745031
Islamabad,2026-08-06 07:00:00+00:00,31.4,61,1000.5,0.91,38.6,46.9,634.0,8.3,18.3,198.0,113,7,3,8,0,0.9659258262890683,-0.25881904510252063,-0.4999999999999997,-0.8660254037844388,0.43388373911755823,-0.900968867902419,0.0,113.0,115.0,152.0,139.08333333333334,21.011211637901813,40.199999999999996,13.140379188493386
Islamabad,2026-08-06 08:00:00+00:00,31.4,61,1000.2,2.65,39.8,49.0,623.0,6.8,19.2,219.0,112,8,3,8,0,0.8660254037844387,-0.4999999999999998,-0.4999999999999997,-0.8660254037844388,0.43388373911755823,-0.900968867902419,-1.0,113.0,114.0,152.0,137.41666666666666,21.52231736889602,39.84166666666666,13.023788157483724
Islamabad,2026-08-06 09:00:00+00:00,30.5,67,1000.0,1.42,40.6,50.3,627.0,6.6,19.7,231.0,111,9,3,8,0,0.7071067811865476,-0.7071067811865475,-0.4999999999999997,-0.8660254037844388,0.43388373911755823,-0.900968867902419,-1.0,112.0,113.0,152.0,135.70833333333334,21.937617417827344,39.454166666666666,12.848683883426766
Islamabad,2026-08-06 10:00:00+00:00,28.8,72,999.7,2.33,41.6,51.7,616.0,6.4,19.8,235.0,138,10,3,8,0,0.49999999999999994,-0.8660254037844387,-0.4999999999999997,-0.8660254037844388,0.43388373911755823,-0.900968867902419,27.0,111.0,113.0,152.0,135.125,21.670080556017666,39.15,12.700907191152123
Islamabad,2026-08-06 11:00:00+00:00,28.6,76,999.9,1.23,40.9,51.1,620.0,7.4,19.4,230.0,165,11,3,8,0,0.258819045102521,-0.9659258262890682,-0.4999999999999997,-0.8660254037844388,0.43388373911755823,-0.900968867902419,27.0,138.0,112.0,151.0,135.70833333333334,22.295406363811434,38.87083333333333,12.580159643926047
Islamabad,2026-08-06 12:00:00+00:00,30.5,60,999.2,1.49,36.4,51.8,731.0,11.3,16.0,177.0,186,12,3,8,0,1.2246467991473532e-16,-1.0,-0.4999999999999997,-0.8660254037844388,0.43388373911755823,-0.900968867902419,21.0,165.0,111.0,170.0,136.375,23.568240420567808,39.016666666666666,12.52811331320102
Islamabad,2026-08-06 13:00:00+00:00,29.2,68,999.6,1.23,37.1,50.3,1076.0,39.4,15.1,130.0,195,13,3,8,0,-0.2588190451025208,-0.9659258262890683,-0.4999999999999997,-0.8660254037844388,0.43388373911755823,-0.900968867902419,9.0,186.0,138.0,179.0,137.04166666666666,25.00865792109684,38.895833333333336,12.53220127673421
Islamabad,2026-08-06 14:00:00+00:00,27.7,72,999.9,1.02,46.1,57.7,1528.0,77.5,13.7,66.0,192,14,3,8,0,-0.4999999999999997,-0.8660254037844388,-0.4999999999999997,-0.8660254037844388,0.43388373911755823,-0.900968867902419,-3.0,195.0,165.0,176.0,137.70833333333334,26.273609120785654,38.7,12.37381527047438
Islamabad,2026-08-06 15:00:00+00:00,27.2,73,1000.7,1.01,55.4,66.8,1796.0,102.1,12.5,22.0,174,15,3,8,0,-0.7071067811865471,-0.7071067811865479,-0.4999999999999997,-0.8660254037844388,0.43388373911755823,-0.900968867902419,-18.0,192.0,186.0,159.0,138.33333333333334,26.971267589089425,38.6125,12.241814035083365
Islamabad,2026-08-06 16:00:00+00:00,27.1,71,1001.6,1.37,57.6,68.2,1725.0,100.7,11.6,18.0,145,16,3,8,0,-0.8660254037844385,-0.5000000000000004,-0.4999999999999997,-0.8660254037844388,0.43388373911755823,-0.900968867902419,-29.0,174.0,195.0,150.0,138.125,26.8964398807875,38.55416666666667,12.143381778338833
Islamabad,2026-08-06 17:00:00+00:00,26.7,75,1002.1,1.39,55.3,64.7,1471.0,85.7,10.8,34.0,108,17,3,8,0,-0.9659258262890683,-0.25881904510252063,-0.4999999999999997,-0.8660254037844388,0.43388373911755823,-0.900968867902419,-37.0,145.0,192.0,149.0,136.41666666666666,27.47159270586706,38.25833333333333,11.61205957340173
Islamabad,2026-08-06 18:00:00+00:00,27.0,77,1002.0,2.16,48.5,56.8,1204.0,70.6,10.0,48.0,107,18,3,8,0,-1.0,-1.8369701987210297e-16,-0.4999999999999997,-0.8660254037844388,0.43388373911755823,-0.900968867902419,-1.0,108.0,174.0,148.0,134.70833333333334,27.989872650915,37.7375,10.799589867413795
Islamabad,2026-08-06 19:00:00+00:00,24.1,91,1002.6,2.45,48.1,55.6,955.0,59.6,9.0,53.0,106,19,3,8,0,-0.9659258262890684,0.2588190451025203,-0.4999999999999997,-0.8660254037844388,0.43388373911755823,-0.900968867902419,-1.0,107.0,145.0,145.0,133.08333333333334,28.49396071277905,37.78333333333333,10.842856460909319
Islamabad,2026-08-06 20:00:00+00:00,23.4,93,1003.2,1.1,47.6,54.4,693.0,48.5,8.0,57.0,106,20,3,8,0,-0.8660254037844386,0.5000000000000001,-0.4999999999999997,-0.8660254037844388,0.43388373911755823,-0.900968867902419,0.0,106.0,108.0,141.0,131.625,28.962963606466655,38.2125,11.025200875622401
Islamabad,2026-08-06 21:00:00+00:00,23.3,92,1003.3,1.36,28.6,32.1,506.0,38.7,7.3,61.0,107,21,3,8,0,-0.7071067811865477,0.7071067811865474,-0.4999999999999997,-0.8660254037844388,0.43388373911755823,-0.900968867902419,1.0,106.0,107.0,136.0,130.41666666666666,29.374518189078884,38.225,11.013637790998178
Islamabad,2026-08-06 22:00:00+00:00,22.9,96,1003.6,0.67,31.2,37.3,429.0,30.1,7.0,64.0,107,22,3,8,0,-0.5000000000000004,0.8660254037844384,-0.4999999999999997,-0.8660254037844388,0.43388373911755823,-0.900968867902419,0.0,107.0,106.0,131.0,129.41666666666666,29.759787088219877,38.395833333333336,10.864360529278462
Islamabad,2026-08-06 23:00:00+00:00,23.2,94,1002.7,2.25,18.5,23.0,426.0,22.8,7.1,67.0,107,23,3,8,0,-0.25881904510252157,0.9659258262890681,-0.4999999999999997,-0.8660254037844388,0.43388373911755823,-0.900968867902419,0.0,107.0,106.0,125.0,128.66666666666666,30.100796850157298,38.520833333333336,10.603608047414204
Islamabad,2026-08-07 00:00:00+00:00,23.6,97,1003.1,1.0,20.1,24.5,472.0,12.3,7.4,104.0,108,0,4,8,0,0.0,1.0,-0.4999999999999997,-0.8660254037844388,-0.433883739117558,-0.9009688679024191,1.0,107.0,107.0,121.0,128.125,30.360604479288167,38.675000000000004,10.290276119166798
Islamabad,2026-08-07 01:00:00+00:00,23.5,94,1003.1,2.27,21.9,26.1,585.0,16.3,7.7,100.0,108,1,4,8,0,0.25881904510252074,0.9659258262890683,-0.4999999999999997,-0.8660254037844388,-0.433883739117558,-0.9009688679024191,0.0,108.0,107.0,117.0,127.75,30.558923837185485,38.475,10.575823536645252
Islamabad,2026-08-07 02:00:00+00:00,24.9,89,1002.6,1.84,24.1,28.5,747.0,21.5,8.2,95.0,107,2,4,8,0,0.49999999999999994,0.8660254037844387,-0.4999999999999997,-0.8660254037844388,-0.433883739117558,-0.9009688679024191,-1.0,108.0,107.0,114.0,127.45833333333333,30.72879851167242,38.137499999999996,10.90878435422368
Islamabad,2026-08-07 03:00:00+00:00,26.2,84,1002.6,0.38,22.4,27.6,886.0,23.8,9.4,102.0,107,3,4,8,0,0.7071067811865476,0.7071067811865476,-0.4999999999999997,-0.8660254037844388,-0.433883739117558,-0.9009688679024191,0.0,107.0,108.0,115.0,127.125,30.912657461051364,37.6125,11.36020179321686
Islamabad,2026-08-07 04:00:00+00:00,27.4,80,1002.6,1.3,21.0,26.5,989.0,20.2,11.9,131.0,105,4,4,8,0,0.8660254037844386,0.5000000000000001,-0.4999999999999997,-0.8660254037844388,-0.433883739117558,-0.9009688679024191,-2.0,107.0,108.0,115.0,126.70833333333333,31.149679552634737,37.1,11.830910141768788
Islamabad,2026-08-07 05:00:00+00:00,28.6,77,1002.5,1.41,21.5,27.1,1069.0,13.6,15.0,172.0,104,5,4,8,0,0.9659258262890683,0.25881904510252074,-0.4999999999999997,-0.8660254037844388,-0.433883739117558,-0.9009688679024191,-1.0,105.0,107.0,114.0,126.29166666666667,31.39299169458334,36.608333333333334,12.234019449226688
Islamabad,2026-08-07 06:00:00+00:00,28.8,74,1003.3,2.02,23.9,30.0,1085.0,8.4,17.1,204.0,103,6,4,8,0,1.0,6.123233995736766e-17,-0.4999999999999997,-0.8660254037844388,-0.433883739117558,-0.9009688679024191,-1.0,104.0,107.0,113.0,125.875,31.64244878667481,36.11666666666667,12.506195566047685
Islamabad,2026-08-07 07:00:00+00:00,29.3,71,1002.8,2.07,25.2,31.5,985.0,6.3,17.2,218.0,102,7,4,8,0,0.9659258262890683,-0.25881904510252063,-0.4999999999999997,-0.8660254037844388,-0.433883739117558,-0.9009688679024191,-1.0,103.0,105.0,113.0,125.41666666666667,31.915536174022037,35.55833333333333,12.688300556595106
Islamabad,2026-08-07 08:00:00+00:00,28.8,75,1002.5,0.46,26.5,33.2,822.0,5.6,16.2,223.0,106,8,4,8,0,0.8660254037844387,-0.4999999999999998,-0.4999999999999997,-0.8660254037844388,-0.433883739117558,-0.9009688679024191,4.0,102.0,104.0,112.0,125.16666666666667,32.04842350686394,35.00416666666667,12.785061907203009
Islamabad,2026-08-07 09:00:00+00:00,30.2,69,1001.6,0.57,27.1,34.5,716.0,5.9,15.3,222.0,131,9,4,8,0,0.7071067811865476,-0.7071067811865475,-0.4999999999999997,-0.8660254037844388,-0.433883739117558,-0.9009688679024191,25.0,106.0,103.0,111.0,126.0,31.923822371115833,34.44166666666667,12.825074511747799
Islamabad,2026-08-07 10:00:00+00:00,30.7,65,1000.9,1.34,28.4,37.1,675.0,4.7,14.9,219.0,155,10,4,8,0,0.49999999999999994,-0.8660254037844387,-0.4999999999999997,-0.8660254037844388,-0.433883739117558,-0.9009688679024191,24.0,131.0,102.0,138.0,126.70833333333333,32.38689907792972,33.891666666666666,12.787729059248658
Islamabad,2026-08-07 11:00:00+00:00,30.0,66,1000.6,0.49,26.7,35.5,691.0,4.4,14.5,210.0,175,11,4,8,0,0.258819045102521,-0.9659258262890682,-0.4999999999999997,-0.8660254037844388,-0.433883739117558,-0.9009688679024191,20.0,155.0,106.0,165.0,127.125,32.96020327607139,33.300000000000004,12.777868094618807
Islamabad,2026-08-07 12:00:00+00:00,29.8,64,1000.4,1.58,14.9,19.3,861.0,13.5,10.6,156.0,192,12,4,8,0,1.2246467991473532e-16,-1.0,-0.4999999999999997,-0.8660254037844388,-0.433883739117558,-0.9009688679024191,17.0,175.0,131.0,186.0,127.375,33.44536427226193,32.40416666666667,13.29430996841246
Islamabad,2026-08-07 13:00:00+00:00,29.3,69,1000.7,0.74,17.6,23.1,1352.0,27.8,10.2,126.0,196,13,4,8,0,-0.2588190451025208,-0.9659258262890683,-0.4999999999999997,-0.8660254037844388,-0.433883739117558,-0.9009688679024191,4.0,192.0,155.0,195.0,127.41666666666667,33.53378136675865,31.59166666666667,13.587491583667346
Islamabad,2026-08-07 14:00:00+00:00,27.9,74,1001.3,1.23,26.7,31.0,1997.0,47.4,9.5,84.0,189,14,4,8,0,-0.4999999999999997,-0.8660254037844388,-0.4999999999999997,-0.8660254037844388,-0.433883739117558,-0.9009688679024191,-7.0,196.0,175.0,192.0,127.29166666666667,33.287259825143515,30.78333333333333,13.259964806388655
Islamabad,2026-08-07 15:00:00+00:00,26.8,82,1001.9,0.93,27.8,31.1,2394.0,62.1,8.9,51.0,170,15,4,8,0,-0.7071067811865471,-0.7071067811865479,-0.4999999999999997,-0.8660254037844388,-0.433883739117558,-0.9009688679024191,-19.0,189.0,192.0,174.0,127.125,33.05241226479069,29.633333333333336,12.185510521380127
Islamabad,2026-08-07 16:00:00+00:00,26.5,83,1002.4,0.47,29.0,31.5,2321.0,66.9,8.4,36.0,141,16,4,8,0,-0.8660254037844385,-0.5000000000000004,-0.4999999999999997,-0.8660254037844388,-0.433883739117558,-0.9009688679024191,-29.0,170.0,196.0,145.0,126.95833333333333,32.96833680797387,28.441666666666666,10.630919493409845
Islamabad,2026-08-07 17:00:00+00:00,26.3,83,1002.8,0.51,32.6,34.6,2000.0,66.8,7.8,30.0,101,17,4,8,0,-0.9659258262890683,-0.25881904510252063,-0.4999999999999997,-0.8660254037844388,-0.433883739117558,-0.9009688679024191,-40.0,141.0,189.0,108.0,126.66666666666667,33.17367561219491,27.495833333333337,9.026120509348107
Islamabad,2026-08-07 18:00:00+00:00,27.1,81,1002.5,0.07,36.8,38.5,1691.0,65.9,7.3,26.0,85,18,4,8,0,-1.0,-1.8369701987210297e-16,-0.4999999999999997,-0.8660254037844388,-0.433883739117558,-0.9009688679024191,-16.0,101.0,170.0,107.0,125.75,34.03355122075272,27.008333333333336,8.112037039334538
Islamabad,2026-08-07 19:00:00+00:00,26.3,83,1002.6,0.47,39.7,41.6,1472.0,65.8,6.8,20.0,84,19,4,8,0,-0.9659258262890684,0.2588190451025203,-0.4999999999999997,-0.8660254037844388,-0.433883739117558,-0.9009688679024191,-1.0,85.0,141.0,106.0,124.83333333333333,34.874516255539916,26.65833333333333,7.303359362034277
Islamabad,2026-08-07 20:00:00+00:00,26.0,84,1002.6,0.29,41.4,43.3,1265.0,65.0,6.3,16.0,83,20,4,8,0,-0.8660254037844386,0.5000000000000001,-0.4999999999999997,-0.8660254037844388,-0.433883739117558,-0.9009688679024191,-1.0,84.0,101.0,106.0,123.875,35.72030539330888,26.400000000000002,6.606847567683692
Islamabad,2026-08-07 21:00:00+00:00,25.9,82,1002.4,0.38,41.9,43.8,1096.0,62.8,5.9,14.0,83,21,4,8,0,-0.7071067811865477,0.7071067811865474,-0.4999999999999997,-0.8660254037844388,-0.433883739117558,-0.9009688679024191,0.0,83.0,85.0,107.0,122.875,36.539808547604615,26.954166666666666,7.318824992808717
Islamabad,2026-08-07 22:00:00+00:00,25.5,84,1002.8,0.57,41.9,43.5,966.0,58.8,5.2,10.0,84,22,4,8,0,-0.5000000000000004,0.8660254037844384,-0.4999999999999997,-0.8660254037844388,-0.433883739117558,-0.9009688679024191,1.0,83.0,84.0,107.0,121.91666666666667,37.26860978574685,27.400000000000002,7.892153505635894
Islamabad,2026-08-07 23:00:00+00:00,24.9,87,1002.7,0.61,40.6,42.1,874.0,53.5,4.5,7.0,85,23,4,8,0,-0.25881904510252157,0.9659258262890681,-0.4999999999999997,-0.8660254037844388,-0.433883739117558,-0.9009688679024191,1.0,84.0,83.0,107.0,121.0,37.916383977285996,28.320833333333336,8.095247084698402
Islamabad,2026-08-08 00:00:00+00:00,23.2,90,1003.2,1.32,43.1,45.9,842.0,52.7,5.7,14.0,86,0,5,8,1,0.0,1.0,-0.4999999999999997,-0.8660254037844388,-0.9749279121818236,-0.2225209339563146,1.0,85.0,83.0,108.0,120.08333333333333,38.505693160843734,29.27916666666667,8.434039682282622
Islamabad,2026-08-08 01:00:00+00:00,23.8,90,1003.0,1.71,41.1,43.7,917.0,44.2,7.1,48.0,88,1,5,8,1,0.25881904510252074,0.9659258262890683,-0.4999999999999997,-0.8660254037844388,-0.9749279121818236,-0.2225209339563146,2.0,86.0,84.0,108.0,119.25,38.99191666509019,30.07916666666667,8.612376290102397
Islamabad,2026-08-08 02:00:00+00:00,24.7,90,1003.0,0.46,28.8,31.2,1051.0,32.3,9.2,95.0,90,2,5,8,1,0.49999999999999994,0.8660254037844387,-0.4999999999999997,-0.8660254037844388,-0.9749279121818236,-0.2225209339563146,2.0,88.0,85.0,107.0,118.54166666666667,39.3766419027344,30.275000000000002,8.52348418246287
Islamabad,2026-08-08 03:00:00+00:00,26.4,77,1003.3,0.0,20.7,23.8,1122.0,22.1,11.7,138.0,90,3,5,8,1,0.7071067811865476,0.7071067811865476,-0.4999999999999997,-0.8660254037844388,-0.9749279121818236,-0.2225209339563146,0.0,90.0,86.0,107.0,117.83333333333333,39.744473683843694,30.20416666666667,8.598507411763045
Islamabad,2026-08-08 04:00:00+00:00,28.4,69,1003.3,0.6,20.1,23.9,1067.0,15.4,15.2,174.0,90,4,5,8,1,0.8660254037844386,0.5000000000000001,-0.4999999999999997,-0.8660254037844388,-0.9749279121818236,-0.2225209339563146,0.0,90.0,88.0,105.0,117.20833333333333,40.071652309837766,30.166666666666668,8.64224541407501
Islamabad,2026-08-08 05:00:00+00:00,29.4,66,1003.5,1.64,21.8,26.4,950.0,10.4,19.1,206.0,90,5,5,8,1,0.9659258262890683,0.25881904510252074,-0.4999999999999997,-0.8660254037844388,-0.9749279121818236,-0.2225209339563146,0.0,90.0,90.0,104.0,116.625,40.37305655572935,30.17916666666667,8.629372447668416
Islamabad,2026-08-08 06:00:00+00:00,30.2,64,1004.4,1.78,24.2,29.0,840.0,6.8,21.0,225.0,90,6,5,8,1,1.0,6.123233995736766e-17,-0.4999999999999997,-0.8660254037844388,-0.9749279121818236,-0.2225209339563146,0.0,90.0,90.0,103.0,116.08333333333333,40.65006194622378,30.191666666666666,8.62009364756281
Islamabad,2026-08-08 07:00:00+00:00,29.0,68,1004.8,1.54,24.2,28.3,753.0,4.7,19.2,224.0,90,7,5,8,1,0.9659258262890683,-0.25881904510252063,-0.4999999999999997,-0.8660254037844388,-0.9749279121818236,-0.2225209339563146,0.0,90.0,90.0,102.0,115.58333333333333,40.9038285299279,30.150000000000002,8.64764355940009
Islamabad,2026-08-08 08:00:00+00:00,29.8,67,1004.3,2.69,23.5,26.7,674.0,4.2,15.4,209.0,106,8,5,8,1,0.8660254037844387,-0.4999999999999998,-0.4999999999999997,-0.8660254037844388,-0.9749279121818236,-0.2225209339563146,16.0,90.0,90.0,106.0,115.58333333333333,40.9038285299279,30.025000000000002,8.724042242187812
Islamabad,2026-08-08 09:00:00+00:00,28.5,75,1004.0,3.08,23.3,26.4,624.0,4.6,12.1,193.0,147,9,5,8,1,0.7071067811865476,-0.7071067811865475,-0.4999999999999997,-0.8660254037844388,-0.9749279121818236,-0.2225209339563146,41.0,106.0,90.0,131.0,116.25,41.2945411699262,29.866666666666664,8.813461377306561
Islamabad,2026-08-08 10:00:00+00:00,29.4,71,1003.5,1.84,21.6,23.5,523.0,3.7,10.3,182.0,171,10,5,8,1,0.49999999999999994,-0.8660254037844387,-0.4999999999999997,-0.8660254037844388,-0.9749279121818236,-0.2225209339563146,24.0,147.0,90.0,155.0,116.91666666666667,42.069214879525106,29.583333333333332,8.97056377786551
Islamabad,2026-08-08 11:00:00+00:00,29.5,70,1003.0,1.63,20.6,22.1,451.0,3.7,9.0,170.0,185,11,5,8,1,0.258819045102521,-0.9659258262890682,-0.4999999999999997,-0.8660254037844388,-0.9749279121818236,-0.2225209339563146,14.0,171.0,106.0,175.0,117.33333333333333,42.714081444216205,29.329166666666666,9.140615485254507
Islamabad,2026-08-08 12:00:00+00:00,29.1,73,1003.1,1.42,13.3,13.5,672.0,10.4,6.3,144.0,190,12,5,8,1,1.2246467991473532e-16,-1.0,-0.4999999999999997,-0.8660254037844388,-0.9749279121818236,-0.2225209339563146,5.0,185.0,147.0,192.0,117.25,42.56376290982066,29.2625,9.255541818166304
Islamabad,2026-08-08 13:00:00+00:00,29.0,74,1003.0,0.97,14.3,14.4,1486.0,34.4,7.0,109.0,185,13,5,8,1,-0.2588190451025208,-0.9659258262890683,-0.4999999999999997,-0.8660254037844388,-0.9749279121818236,-0.2225209339563146,-5.0,190.0,171.0,196.0,116.79166666666667,41.72995917507672,29.125,9.458616959292083
Islamabad,2026-08-08 14:00:00+00:00,27.4,80,1003.6,0.79,20.3,20.4,2592.0,67.5,8.0,60.0,170,14,5,8,1,-0.4999999999999997,-0.8660254037844388,-0.4999999999999997,-0.8660254037844388,-0.9749279121818236,-0.2225209339563146,-15.0,185.0,185.0,189.0,116.0,40.461468519846825,28.858333333333334,9.618818361247175
Islamabad,2026-08-08 15:00:00+00:00,26.5,82,1004.0,0.72,33.6,33.8,3356.0,93.0,9.2,23.0,141,15,5,8,1,-0.7071067811865471,-0.7071067811865479,-0.4999999999999997,-0.8660254037844388,-0.9749279121818236,-0.2225209339563146,-29.0,170.0,190.0,170.0,114.79166666666667,39.19181277264097,29.099999999999998,9.663827669065215
Islamabad,2026-08-08 16:00:00+00:00,25.8,85,1004.4,0.54,46.1,46.2,3467.0,104.2,10.8,10.0,98,16,5,8,1,-0.8660254037844385,-0.5000000000000004,-0.4999999999999997,-0.8660254037844388,-0.9749279121818236,-0.2225209339563146,-43.0,141.0,185.0,141.0,113.0,38.92355942434885,29.8125,10.267649174237329
Islamabad,2026-08-08 17:00:00+00:00,25.3,87,1004.7,0.3,54.0,54.1,3237.0,107.7,12.6,8.0,89,17,5,8,1,-0.9659258262890683,-0.25881904510252063,-0.4999999999999997,-0.8660254037844388,-0.9749279121818236,-0.2225209339563146,-9.0,98.0,170.0,101.0,112.5,39.16076119524812,30.70416666666667,11.388303655282757
Islamabad,2026-08-08 18:00:00+00:00,26.2,87,1004.5,0.45,58.0,58.2,2959.0,106.9,13.2,8.0,91,18,5,8,1,-1.0,-1.8369701987210297e-16,-0.4999999999999997,-0.8660254037844388,-0.9749279121818236,-0.2225209339563146,2.0,89.0,141.0,85.0,112.75,38.99637664327667,31.587500000000002,12.635571338229123
Islamabad,2026-08-08 19:00:00+00:00,26.1,86,1004.8,0.21,62.9,63.1,2716.0,101.5,11.9,6.0,93,19,5,8,1,-0.9659258262890684,0.2588190451025203,-0.4999999999999997,-0.8660254037844388,-0.9749279121818236,-0.2225209339563146,2.0,91.0,98.0,84.0,113.125,38.750385692329495,32.55416666666667,14.087243047050253
Islamabad,2026-08-08 20:00:00+00:00,26.1,84,1004.7,0.6,65.2,65.7,2427.0,91.8,9.4,4.0,94,20,5,8,1,-0.8660254037844386,0.5000000000000001,-0.4999999999999997,-0.8660254037844388,-0.9749279121818236,-0.2225209339563146,1.0,93.0,89.0,83.0,113.58333333333333,38.44240940133249,33.545833333333334,15.5035193526773
Islamabad,2026-08-08 21:00:00+00:00,25.9,83,1004.8,0.43,60.5,61.0,2142.0,82.2,7.4,4.0,96,21,5,8,1,-0.7071067811865477,0.7071067811865474,-0.4999999999999997,-0.8660254037844388,-0.9749279121818236,-0.2225209339563146,2.0,94.0,91.0,83.0,114.125,38.08264753766744,34.32083333333333,16.379440431241193
Islamabad,2026-08-08 22:00:00+00:00,25.8,82,1004.9,0.41,57.7,58.1,1869.0,74.2,6.1,2.0,98,22,5,8,1,-0.5000000000000004,0.8660254037844384,-0.4999999999999997,-0.8660254037844388,-0.9749279121818236,-0.2225209339563146,2.0,96.0,93.0,84.0,114.70833333333333,37.70650868353362,34.979166666666664,17.002965960363337
Islamabad,2026-08-08 23:00:00+00:00,25.7,83,1005.1,0.41,55.8,56.1,1601.0,66.2,5.2,1.0,99,23,5,8,1,-0.25881904510252157,0.9659258262890681,-0.4999999999999997,-0.8660254037844388,-0.9749279121818236,-0.2225209339563146,1.0,98.0,94.0,85.0,115.29166666666667,37.33337377068132,35.612500000000004,17.497336753867994
Islamabad,2026-08-09 00:00:00+00:00,25.7,89,1004.8,0.86,69.6,70.5,1361.0,92.1,12.6,5.0,100,0,6,8,1,0.0,1.0,-0.4999999999999997,-0.8660254037844388,-0.7818314824680299,0.6234898018587334,1.0,99.0,96.0,86.0,115.875,36.96333377116041,36.71666666666666,18.779537121365703
Islamabad,2026-08-09 01:00:00+00:00,25.6,90,1004.9,0.41,60.1,61.2,1148.0,76.3,12.0,23.0,103,1,6,8,1,0.25881904510252074,0.9659258262890683,-0.4999999999999997,-0.8660254037844388,-0.7818314824680299,0.6234898018587334,3.0,100.0,98.0,88.0,116.5,36.59650731731149,37.50833333333333,19.363747316697932
Islamabad,2026-08-09 02:00:00+00:00,26.4,86,1005.1,0.89,52.9,53.4,964.0,54.2,11.1,49.0,105,2,6,8,1,0.49999999999999994,0.8660254037844387,-0.4999999999999997,-0.8660254037844388,-0.7818314824680299,0.6234898018587334,2.0,103.0,99.0,90.0,117.125,36.25071213693228,38.512499999999996,19.5168001765257
Islamabad,2026-08-09 03:00:00+00:00,27.9,77,1005.3,0.05,36.6,37.8,842.0,35.1,10.9,79.0,108,3,6,8,1,0.7071067811865476,0.7071067811865476,-0.4999999999999997,-0.8660254037844388,-0.7818314824680299,0.6234898018587334,3.0,105.0,100.0,90.0,117.875,35.849094949462796,39.175,19.152324186352143
Islamabad,2026-08-09 04:00:00+00:00,28.7,74,1005.5,1.01,24.1,25.5,817.0,22.2,11.9,117.0,109,4,6,8,1,0.8660254037844386,0.5000000000000001,-0.4999999999999997,-0.8660254037844388,-0.7818314824680299,0.6234898018587334,1.0,108.0,103.0,90.0,118.66666666666667,35.41390867351666,39.34166666666667,18.995878652936806
Islamabad,2026-08-09 05:00:00+00:00,29.3,75,1005.5,1.09,22.1,23.2,853.0,12.4,13.6,158.0,110,5,6,8,1,0.9659258262890683,0.25881904510252074,-0.4999999999999997,-0.8660254037844388,-0.7818314824680299,0.6234898018587334,1.0,109.0,105.0,90.0,119.5,34.94218827920022,39.354166666666664,18.983928652980342
Islamabad,2026-08-09 06:00:00+00:00,30.9,69,1005.1,1.25,22.5,23.5,878.0,5.7,14.6,187.0,110,6,6,8,1,1.0,6.123233995736766e-17,-0.4999999999999997,-0.8660254037844388,-0.7818314824680299,0.6234898018587334,0.0,110.0,108.0,90.0,120.33333333333333,34.4429795543251,39.28333333333334,19.04600075941233
Islamabad,2026-08-09 07:00:00+00:00,30.0,74,1004.8,2.02,23.4,24.4,860.0,3.1,14.3,194.0,109,7,6,8,1,0.9659258262890683,-0.25881904510252063,-0.4999999999999997,-0.8660254037844388,-0.7818314824680299,0.6234898018587334,-1.0,110.0,109.0,90.0,121.125,33.92999506656814,39.25,19.074225723643952
Islamabad,2026-08-09 08:00:00+00:00,30.0,76,1004.6,0.59,24.4,25.3,832.0,3.6,13.5,189.0,109,8,6,8,1,0.8660254037844387,-0.4999999999999998,-0.4999999999999997,-0.8660254037844388,-0.7818314824680299,0.6234898018587334,0.0,109.0,110.0,106.0,121.25,33.877336274320996,39.2875,19.04277364936286
Islamabad,2026-08-09 09:00:00+00:00,31.2,66,1003.9,0.49,25.1,26.1,814.0,4.7,12.8,183.0,109,9,6,8,1,0.7071067811865476,-0.7071067811865475,-0.4999999999999997,-0.8660254037844388,-0.7818314824680299,0.6234898018587334,0.0,109.0,110.0,147.0,119.66666666666667,33.50751592088486,39.362500000000004,18.98051203093638
Islamabad,2026-08-09 10:00:00+00:00,31.5,62,1003.0,1.22,26.0,27.3,759.0,3.9,12.7,182.0,112,10,6,8,1,0.49999999999999994,-0.8660254037844387,-0.4999999999999997,-0.8660254037844388,-0.7818314824680299,0.6234898018587334,3.0,109.0,109.0,171.0,117.20833333333333,31.692790521101784,39.545833333333334,18.822072592216447
Islamabad,2026-08-09 11:00:00+00:00,31.0,64,1002.4,1.16,25.7,27.0,715.0,3.6,12.9,181.0,141,11,6,8,1,0.258819045102521,-0.9659258262890682,-0.4999999999999997,-0.8660254037844388,-0.7818314824680299,0.6234898018587334,29.0,112.0,109.0,185.0,115.375,28.7353932648729,39.75833333333333,18.626650301363213
Islamabad,2026-08-09 12:00:00+00:00,31.0,65,1002.0,0.83,14.8,15.5,850.0,8.4,11.8,155.0,159,12,6,8,1,1.2246467991473532e-16,-1.0,-0.4999999999999997,-0.8660254037844388,-0.7818314824680299,0.6234898018587334,18.0,141.0,109.0,190.0,114.08333333333333,25.779865191177954,39.82083333333333,18.536309354689585
Islamabad,2026-08-09 13:00:00+00:00,30.3,70,1001.7,0.57,19.3,19.9,1350.0,28.4,12.2,121.0,165,13,6,8,1,-0.2588190451025208,-0.9659258262890683,-0.4999999999999997,-0.8660254037844388,-0.7818314824680299,0.6234898018587334,6.0,159.0,112.0,185.0,113.25,23.62064314553357,40.02916666666666,18.263088913616603
Islamabad,2026-08-09 14:00:00+00:00,28.8,81,1001.7,0.43,28.8,29.3,2029.0,55.8,12.8,75.0,159,14,6,8,1,-0.4999999999999997,-0.8660254037844388,-0.4999999999999997,-0.8660254037844388,-0.7818314824680299,0.6234898018587334,-6.0,165.0,141.0,170.0,112.79166666666667,22.55424218588726,40.38333333333333,17.943478085284926
Islamabad,2026-08-09 15:00:00+00:00,28.2,85,1002.0,0.39,37.4,38.1,2494.0,74.8,13.1,41.0,139,15,6,8,1,-0.7071067811865471,-0.7071067811865479,-0.4999999999999997,-0.8660254037844388,-0.7818314824680299,0.6234898018587334,-20.0,159.0,159.0,141.0,112.70833333333333,22.44893561273839,40.541666666666664,17.89772676035716
Islamabad,2026-08-09 16:00:00+00:00,28.3,82,1002.6,0.22,39.8,40.4,2564.0,77.5,13.1,32.0,113,16,6,8,1,-0.8660254037844385,-0.5000000000000004,-0.4999999999999997,-0.8660254037844388,-0.7818314824680299,0.6234898018587334,-26.0,139.0,165.0,98.0,113.33333333333333,22.229370830866497,40.27916666666666,17.858817799294687
Islamabad,2026-08-09 17:00:00+00:00,27.9,81,1002.8,0.07,43.1,43.7,2420.0,71.9,12.8,34.0,112,17,6,8,1,-0.9659258262890683,-0.25881904510252063,-0.4999999999999997,-0.8660254037844388,-0.7818314824680299,0.6234898018587334,-1.0,113.0,159.0,89.0,114.29166666666667,21.622209127103048,39.824999999999996,17.631869614052714
Islamabad,2026-08-09 18:00:00+00:00,27.7,86,1002.5,0.56,46.8,47.4,2215.0,66.1,12.0,35.0,111,18,6,8,1,-1.0,-1.8369701987210297e-16,-0.4999999999999997,-0.8660254037844388,-0.7818314824680299,0.6234898018587334,-1.0,112.0,139.0,91.0,115.125,21.063697392101734,39.358333333333334,17.274507900035957
Islamabad,2026-08-09 19:00:00+00:00,27.1,87,1002.8,0.32,50.8,51.5,1978.0,63.2,10.3,28.0,110,19,6,8,1,-0.9659258262890684,0.2588190451025203,-0.4999999999999997,-0.8660254037844388,-0.7818314824680299,0.6234898018587334,-1.0,111.0,113.0,93.0,115.83333333333333,20.567316129081345,38.854166666666664,16.725403203475828
Islamabad,2026-08-09 20:00:00+00:00,26.7,88,1002.8,0.53,55.5,56.1,1681.0,60.2,8.0,19.0,108,20,6,8,1,-0.8660254037844386,0.5000000000000001,-0.4999999999999997,-0.8660254037844388,-0.7818314824680299,0.6234898018587334,-2.0,110.0,112.0,94.0,116.41666666666667,20.114707287835653,38.449999999999996,16.169025675789705
Islamabad,2026-08-09 21:00:00+00:00,26.3,89,1002.8,0.96,56.0,56.5,1392.0,55.8,6.3,14.0,107,21,6,8,1,-0.7071067811865477,0.7071067811865474,-0.4999999999999997,-0.8660254037844388,-0.7818314824680299,0.6234898018587334,-1.0,108.0,111.0,96.0,116.875,19.75130705636285,38.262499999999996,15.926483618011277
Islamabad,2026-08-09 22:00:00+00:00,26.1,89,1002.8,1.03,54.0,54.5,1097.0,49.1,5.4,13.0,107,22,6,8,1,-0.5000000000000004,0.8660254037844384,-0.4999999999999997,-0.8660254037844388,-0.7818314824680299,0.6234898018587334,0.0,107.0,110.0,98.0,117.25,19.460662663544994,38.108333333333334,15.747047112192881
Islamabad,2026-08-09 23:00:00+00:00,25.9,88,1003.0,1.23,51.5,51.8,810.0,41.0,5.0,16.0,107,23,6,8,1,-0.25881904510252157,0.9659258262890681,-0.4999999999999997,-0.8660254037844388,-0.7818314824680299,0.6234898018587334,0.0,107.0,108.0,99.0,117.58333333333333,19.20126052625316,37.92916666666667,15.560358752058148
Islamabad,2026-08-10 00:00:00+00:00,25.6,93,1003.2,1.06,46.8,47.3,641.0,31.0,6.9,37.0,106,0,0,8,0,0.0,1.0,-0.4999999999999997,-0.8660254037844388,0.0,1.0,-1.0,107.0,107.0,100.0,117.83333333333333,19.00038138442409,36.979166666666664,14.177231567818001
Islamabad,2026-08-10 01:00:00+00:00,25.0,93,1003.5,0.56,47.0,47.6,688.0,27.1,9.0,55.0,104,1,0,8,0,0.25881904510252074,0.9659258262890683,-0.4999999999999997,-0.8660254037844388,0.0,1.0,-2.0,106.0,107.0,103.0,117.875,18.96750654007459,36.43333333333333,13.483570249257639
Islamabad,2026-08-10 02:00:00+00:00,25.3,93,1003.5,0.72,37.7,38.4,852.0,21.6,12.0,82.0,102,2,0,8,0,0.49999999999999994,0.8660254037844387,-0.4999999999999997,-0.8660254037844388,0.0,1.0,-2.0,104.0,107.0,105.0,117.75,19.06567596493621,35.800000000000004,13.025693672590837
Islamabad,2026-08-10 03:00:00+00:00,27.0,87,1003.2,0.55,31.2,32.0,948.0,16.6,14.8,108.0,101,3,0,8,0,0.7071067811865476,0.7071067811865476,-0.4999999999999997,-0.8660254037844388,0.0,1.0,-1.0,102.0,106.0,108.0,117.45833333333333,19.273724322904194,35.575,13.05787285426918
Islamabad,2026-08-10 04:00:00+00:00,28.8,78,1002.8,0.61,28.1,28.8,886.0,12.8,17.4,134.0,100,4,0,8,0,0.8660254037844386,0.5000000000000001,-0.4999999999999997,-0.8660254037844388,0.0,1.0,-1.0,101.0,104.0,109.0,117.08333333333333,19.531282970985295,35.74166666666667,12.929942219403012
Islamabad,2026-08-10 05:00:00+00:00,30.5,69,1002.3,1.35,27.9,28.8,755.0,9.6,19.8,161.0,101,5,0,8,0,0.9659258262890683,0.25881904510252074,-0.4999999999999997,-0.8660254037844388,0.0,1.0,1.0,100.0,102.0,110.0,116.70833333333333,19.758276563343518,35.983333333333334,12.716325237120627
Islamabad,2026-08-10 06:00:00+00:00,31.4,65,1002.2,1.89,28.6,29.7,639.0,7.2,20.7,181.0,101,6,0,8,0,1.0,6.123233995736766e-17,-0.4999999999999997,-0.8660254037844388,0.0,1.0,0.0,101.0,101.0,110.0,116.33333333333333,19.975347124732767,36.2375,12.49413123099763
Islamabad,2026-08-10 07:00:00+00:00,32.2,62,1001.8,2.12,28.4,29.9,558.0,5.7,18.8,191.0,102,7,0,8,0,0.9659258262890683,-0.25881904510252063,-0.4999999999999997,-0.8660254037844388,0.0,1.0,1.0,101.0,100.0,109.0,116.04166666666667,20.137525357803487,36.44583333333333,12.311111247362138
Islamabad,2026-08-10 08:00:00+00:00,32.6,60,1001.0,2.13,27.5,29.9,492.0,5.1,15.4,195.0,102,8,0,8,0,0.8660254037844387,-0.4999999999999998,-0.4999999999999997,-0.8660254037844388,0.0,1.0,0.0,102.0,101.0,109.0,115.75,20.29403424868754,36.575,12.19494727870661
Islamabad,2026-08-10 09:00:00+00:00,32.8,58,1000.1,1.98,26.9,30.4,467.0,5.4,12.7,195.0,103,9,0,8,0,0.7071067811865476,-0.7071067811865475,-0.4999999999999997,-0.8660254037844388,0.0,1.0,1.0,102.0,101.0,109.0,115.5,20.41738389748642,36.65,12.126650492774665
Islamabad,2026-08-10 10:00:00+00:00,33.1,57,999.5,1.6,26.5,31.1,441.0,4.5,11.6,195.0,132,10,0,8,0,0.49999999999999994,-0.8660254037844387,-0.4999999999999997,-0.8660254037844388,0.0,1.0,29.0,103.0,102.0,112.0,116.33333333333333,20.67484644108065,36.670833333333334,12.10797362742081
Islamabad,2026-08-10 11:00:00+00:00,33.0,57,998.9,1.6,26.7,32.2,457.0,4.4,11.3,191.0,154,11,0,8,0,0.258819045102521,-0.9659258262890682,-0.4999999999999997,-0.8660254037844388,0.0,1.0,22.0,132.0,102.0,141.0,116.875,21.502906780245926,36.7125,12.070240532886581
Islamabad,2026-08-10 12:00:00+00:00,32.8,60,998.8,2.02,17.0,21.0,666.0,11.4,10.9,169.0,168,12,0,8,0,1.2246467991473532e-16,-1.0,-0.4999999999999997,-0.8660254037844388,0.0,1.0,14.0,154.0,103.0,159.0,117.25,22.331981356437993,36.80416666666667,11.903798413391653
Islamabad,2026-08-10 13:00:00+00:00,31.3,68,999.1,1.56,21.1,24.5,1307.0,27.6,11.2,138.0,173,13,0,8,0,-0.2588190451025208,-0.9659258262890683,-0.4999999999999997,-0.8660254037844388,0.0,1.0,5.0,168.0,132.0,165.0,117.58333333333333,23.121449982112033,36.87916666666667,11.793881212644546
Islamabad,2026-08-10 14:00:00+00:00,29.7,75,999.5,1.0,28.3,31.4,2142.0,49.7,11.7,95.0,169,14,0,8,0,-0.4999999999999997,-0.8660254037844388,-0.4999999999999997,-0.8660254037844388,0.0,1.0,-4.0,173.0,154.0,159.0,118.0,23.97462426599421,36.858333333333334,11.809204835236736
Islamabad,2026-08-10 15:00:00+00:00,29.1,76,1000.6,1.26,31.9,34.8,2609.0,65.0,11.9,63.0,156,15,0,8,0,-0.7071067811865471,-0.7071067811865479,-0.4999999999999997,-0.8660254037844388,0.0,1.0,-13.0,169.0,168.0,139.0,118.70833333333333,24.856945782278533,36.62916666666667,11.851526380016661
Islamabad,2026-08-10 16:00:00+00:00,28.1,81,1001.8,0.95,34.8,37.4,2375.0,67.5,11.7,51.0,130,16,0,8,0,-0.8660254037844385,-0.5000000000000004,-0.4999999999999997,-0.8660254037844388,0.0,1.0,-26.0,156.0,173.0,113.0,119.41666666666667,24.929320377673747,36.420833333333334,11.837302100330621
Islamabad,2026-08-10 17:00:00+00:00,27.6,82,1002.3,1.13,37.0,39.2,1774.0,63.3,11.4,51.0,102,17,0,8,0,-0.9659258262890683,-0.25881904510252063,-0.4999999999999997,-0.8660254037844388,0.0,1.0,-28.0,130.0,169.0,112.0,119.0,25.141339592823712,36.166666666666664,11.752841161281719
Islamabad,2026-08-10 18:00:00+00:00,28.4,81,1001.4,1.26,38.9,41.0,1247.0,57.0,10.9,53.0,102,18,0,8,0,-1.0,-1.8369701987210297e-16,-0.4999999999999997,-0.8660254037844388,0.0,1.0,0.0,102.0,156.0,111.0,118.625,25.332248737269705,35.8375,11.550976337428153
Islamabad,2026-08-10 19:00:00+00:00,27.8,82,1001.4,1.1,39.2,41.2,947.0,49.4,10.3,57.0,101,19,0,8,0,-0.9659258262890684,0.2588190451025203,-0.4999999999999997,-0.8660254037844388,0.0,1.0,-1.0,102.0,130.0,110.0,118.25,25.531310700528138,35.354166666666664,11.13279445237536
Islamabad,2026-08-10 20:00:00+00:00,27.3,84,1001.1,1.25,38.6,40.5,721.0,39.9,9.6,64.0,100,20,0,8,0,-0.8660254037844386,0.5000000000000001,-0.4999999999999997,-0.8660254037844388,0.0,1.0,-1.0,101.0,102.0,108.0,117.91666666666667,25.72245959344048,34.65,10.306983702494017
Islamabad,2026-08-10 21:00:00+00:00,25.7,87,1001.4,2.47,37.0,38.6,556.0,31.4,9.2,72.0,98,21,0,8,0,-0.7071067811865477,0.7071067811865474,-0.4999999999999997,-0.8660254037844388,0.0,1.0,-2.0,100.0,102.0,107.0,117.54166666666667,25.953100119196698,33.858333333333334,9.273708355704622
Islamabad,2026-08-10 22:00:00+00:00,24.2,97,1001.6,1.15,34.3,36.1,445.0,24.7,8.9,80.0,97,22,0,8,0,-0.5000000000000004,0.8660254037844384,-0.4999999999999997,-0.8660254037844388,0.0,1.0,-1.0,98.0,101.0,107.0,117.125,26.208714946185,33.0375,8.226088536400198
Islamabad,2026-08-10 23:00:00+00:00,25.0,94,1001.6,0.65,33.3,35.5,394.0,19.2,8.9,88.0,95,23,0,8,0,-0.25881904510252157,0.9659258262890681,-0.4999999999999997,-0.8660254037844388,0.0,1.0,-2.0,97.0,100.0,107.0,116.625,26.522857246565373,32.27916666666667,7.228505117372693
Islamabad,2026-08-11 00:00:00+00:00,24.6,92,1001.8,1.45,29.5,32.7,410.0,17.5,6.9,81.0,94,0,1,8,0,0.0,1.0,-0.4999999999999997,-0.8660254037844388,0.7818314824680298,0.6234898018587336,-1.0,95.0,98.0,106.0,116.125,26.84304217191905,31.558333333333337,6.548077491949748
Islamabad,2026-08-11 01:00:00+00:00,25.2,93,1001.7,1.15,29.3,32.7,538.0,19.2,8.0,88.0,93,1,1,8,0,0.25881904510252074,0.9659258262890683,-0.4999999999999997,-0.8660254037844388,0.7818314824680298,0.6234898018587336,-1.0,94.0,97.0,104.0,115.66666666666667,27.1512137076236,30.820833333333336,5.671360481413974
Islamabad,2026-08-11 02:00:00+00:00,26.7,88,1002.1,0.59,29.8,32.7,732.0,21.3,9.6,98.0,91,2,1,8,0,0.49999999999999994,0.8660254037844387,-0.4999999999999997,-0.8660254037844388,0.7818314824680298,0.6234898018587336,-2.0,93.0,95.0,102.0,115.20833333333333,27.48276798708293,30.491666666666664,5.480789903929335
Islamabad,2026-08-11 03:00:00+00:00,27.6,81,1002.8,0.78,25.0,29.2,859.0,21.4,11.4,113.0,91,3,1,8,0,0.7071067811865476,0.7071067811865476,-0.4999999999999997,-0.8660254037844388,0.7818314824680298,0.6234898018587336,0.0,91.0,94.0,101.0,114.79166666666667,27.78172556487925,30.23333333333333,5.590960613321237
Islamabad,2026-08-11 04:00:00+00:00,28.9,76,1002.7,1.37,24.0,28.0,851.0,17.5,13.8,136.0,90,4,1,8,0,0.8660254037844386,0.5000000000000001,-0.4999999999999997,-0.8660254037844388,0.7818314824680298,0.6234898018587336,-1.0,91.0,93.0,100.0,114.375,28.086531663228048,30.0625,5.720125606708386
Islamabad,2026-08-11 05:00:00+00:00,29.8,73,1003.0,0.86,25.7,29.0,777.0,11.5,16.5,164.0,90,5,1,8,0,0.9659258262890683,0.25881904510252074,-0.4999999999999997,-0.8660254037844388,0.7818314824680298,0.6234898018587336,0.0,90.0,91.0,101.0,113.91666666666667,28.402260575472646,29.97083333333333,5.773664284954709
Islamabad,2026-08-11 06:00:00+00:00,31.0,69,1002.9,1.78,29.4,33.1,706.0,7.0,18.2,187.0,90,6,1,8,0,1.0,6.123233995736766e-17,-0.4999999999999997,-0.8660254037844388,0.7818314824680298,0.6234898018587336,0.0,90.0,91.0,101.0,113.45833333333333,28.70688323255387,30.004166666666666,5.767712165424663
Islamabad,2026-08-11 07:00:00+00:00,31.2,71,1002.5,2.03,45.2,51.0,651.0,5.5,18.1,201.0,90,7,1,8,0,0.9659258262890683,-0.25881904510252063,-0.4999999999999997,-0.8660254037844388,0.7818314824680298,0.6234898018587336,0.0,90.0,90.0,102.0,112.95833333333333,29.01795421229093,30.704166666666666,6.533224729206708
Islamabad,2026-08-11 08:00:00+00:00,31.5,71,1001.8,1.1,34.3,39.0,600.0,5.5,16.9,210.0,94,8,1,8,0,0.8660254037844387,-0.4999999999999998,-0.4999999999999997,-0.8660254037844388,0.7818314824680298,0.6234898018587336,4.0,90.0,90.0,102.0,112.625,29.194717360150566,30.987499999999997,6.535675508149505
Islamabad,2026-08-11 09:00:00+00:00,31.3,71,1001.2,1.18,35.5,40.7,583.0,6.1,15.9,214.0,121,9,1,8,0,0.7071067811865476,-0.7071067811865475,-0.4999999999999997,-0.8660254037844388,0.7818314824680298,0.6234898018587336,27.0,94.0,90.0,103.0,113.375,29.167898524709873,31.34583333333333,6.537582265949482
Islamabad,2026-08-11 10:00:00+00:00,31.4,71,1000.7,1.43,37.1,43.7,580.0,6.0,15.6,215.0,148,10,1,8,0,0.49999999999999994,-0.8660254037844387,-0.4999999999999997,-0.8660254037844388,0.7818314824680298,0.6234898018587336,27.0,121.0,90.0,132.0,114.04166666666667,29.78835367207627,31.787499999999998,6.554010554448723
Islamabad,2026-08-11 11:00:00+00:00,30.9,73,1000.2,1.38,37.5,45.1,612.0,6.5,15.5,211.0,167,11,1,8,0,0.258819045102521,-0.9659258262890682,-0.4999999999999997,-0.8660254037844388,0.7818314824680298,0.6234898018587336,19.0,148.0,94.0,154.0,114.58333333333333,30.652209887941826,32.237500000000004,6.560276538444757
Islamabad,2026-08-11 12:00:00+00:00,31.7,66,1000.0,1.04,58.9,68.2,773.0,13.6,13.7,181.0,183,12,1,8,0,1.2246467991473532e-16,-1.0,-0.4999999999999997,-0.8660254037844388,0.7818314824680298,0.6234898018587336,16.0,167.0,121.0,168.0,115.20833333333333,31.91562131712176,33.983333333333334,7.789104244233435
Islamabad,2026-08-11 13:00:00+00:00,30.4,73,1000.4,0.96,61.9,68.9,1236.0,26.5,13.1,149.0,190,13,1,8,0,-0.2588190451025208,-0.9659258262890683,-0.4999999999999997,-0.8660254037844388,0.7818314824680298,0.6234898018587336,7.0,183.0,148.0,173.0,115.91666666666667,33.407779186064936,35.68333333333333,9.182718488583797
Islamabad,2026-08-11 14:00:00+00:00,28.9,80,1000.7,1.87,66.4,72.4,1827.0,44.1,12.2,105.0,188,14,1,8,0,-0.4999999999999997,-0.8660254037844388,-0.4999999999999997,-0.8660254037844388,0.7818314824680298,0.6234898018587336,-2.0,190.0,167.0,169.0,116.70833333333333,34.91166388704876,37.270833333333336,10.970176137726893
Islamabad,2026-08-11 15:00:00+00:00,26.4,89,1002.5,0.15,66.8,71.9,2124.0,54.8,11.3,74.0,174,15,1,8,0,-0.7071067811865471,-0.7071067811865479,-0.4999999999999997,-0.8660254037844388,0.7818314824680298,0.6234898018587336,-14.0,188.0,183.0,156.0,117.45833333333333,35.96976890893608,38.725,12.441698821512125
Islamabad,2026-08-11 16:00:00+00:00,26.5,93,1002.9,1.5,64.5,69.4,1852.0,52.8,10.6,67.0,154,16,1,8,0,-0.8660254037844385,-0.5000000000000004,-0.4999999999999997,-0.8660254037844388,0.7818314824680298,0.6234898018587336,-20.0,174.0,190.0,130.0,118.45833333333333,36.660580851996095,39.9625,13.468959886894806
Islamabad,2026-08-11 17:00:00+00:00,26.1,94,1003.9,0.68,63.3,68.7,1284.0,44.0,9.9,74.0,125,17,1,8,0,-0.9659258262890683,-0.25881904510252063,-0.4999999999999997,-0.8660254037844388,0.7818314824680298,0.6234898018587336,-29.0,154.0,188.0,102.0,119.41666666666667,36.511959525691616,41.05833333333333,14.263877046784852
Islamabad,2026-08-11 18:00:00+00:00,26.5,94,1003.6,1.82,63.8,69.4,819.0,34.9,9.4,83.0,114,18,1,8,0,-1.0,-1.8369701987210297e-16,-0.4999999999999997,-0.8660254037844388,0.7818314824680298,0.6234898018587336,-11.0,125.0,174.0,102.0,119.91666666666667,36.34486587349394,42.09583333333334,14.987283861201483
Islamabad,2026-08-11 19:00:00+00:00,25.6,93,1004.1,0.56,62.9,68.2,605.0,26.7,9.1,94.0,116,19,1,8,0,-0.9659258262890684,0.2588190451025203,-0.4999999999999997,-0.8660254037844388,0.7818314824680298,0.6234898018587336,2.0,114.0,154.0,101.0,120.54166666666667,36.13378422361525,43.083333333333336,15.558100550954853
Islamabad,2026-08-11 20:00:00+00:00,24.8,96,1004.1,0.6,64.0,69.6,493.0,18.1,8.9,108.0,119,20,1,8,0,-0.8660254037844386,0.5000000000000001,-0.4999999999999997,-0.8660254037844388,0.7818314824680298,0.6234898018587336,3.0,116.0,125.0,100.0,121.33333333333333,35.8713482209458,44.14166666666666,16.094528280745244
Islamabad,2026-08-11 21:00:00+00:00,25.0,96,1004.0,2.49,60.5,66.6,431.0,11.7,8.6,118.0,122,21,1,8,0,-0.7071067811865477,0.7071067811865474,-0.4999999999999997,-0.8660254037844388,0.7818314824680298,0.6234898018587336,3.0,119.0,114.0,98.0,122.33333333333333,35.52545525414753,45.12083333333333,16.353911356818127
Islamabad,2026-08-11 22:00:00+00:00,24.9,96,1004.5,0.85,53.3,58.7,408.0,8.5,7.8,122.0,124,22,1,8,0,-0.5000000000000004,0.8660254037844384,-0.4999999999999997,-0.8660254037844388,0.7818314824680298,0.6234898018587336,2.0,122.0,116.0,97.0,123.45833333333333,35.113454830661034,45.9125,16.2669660595517
Islamabad,2026-08-11 23:00:00+00:00,24.1,94,1005.3,0.36,49.6,55.6,434.0,7.5,6.9,123.0,126,23,1,8,0,-0.25881904510252157,0.9659258262890681,-0.4999999999999997,-0.8660254037844388,0.7818314824680298,0.6234898018587336,2.0,124.0,119.0,95.0,124.75,34.58731861095331,46.59166666666667,16.056392920677624
Islamabad,2026-08-12 00:00:00+00:00,25.1,94,1004.9,0.83,52.3,58.3,489.0,9.4,7.5,124.0,128,0,2,8,0,0.0,1.0,-0.4999999999999997,-0.8660254037844388,0.9749279121818236,-0.22252093395631434,2.0,126.0,122.0,94.0,126.16666666666667,33.963748790202814,47.541666666666664,15.671045487352295
Islamabad,2026-08-12 01:00:00+00:00,24.8,96,1005.6,1.22,23.3,25.6,590.0,15.0,8.3,118.0,130,1,2,8,0,0.25881904510252074,0.9659258262890683,-0.4999999999999997,-0.8660254037844388,0.9749279121818236,-0.22252093395631434,2.0,128.0,124.0,93.0,127.70833333333333,33.22450531795971,47.291666666666664,16.018709622532413
Islamabad,2026-08-12 02:00:00+00:00,25.3,93,1006.3,0.16,31.0,33.9,719.0,22.5,9.4,110.0,129,2,2,8,0,0.49999999999999994,0.8660254037844387,-0.4999999999999997,-0.8660254037844388,0.9749279121818236,-0.22252093395631434,-1.0,130.0,126.0,91.0,129.29166666666666,32.291443430737566,47.34166666666666,15.963515921616647
Islamabad,2026-08-12 03:00:00+00:00,25.0,96,1006.6,1.28,33.3,36.8,799.0,26.4,10.8,112.0,130,3,2,8,0,0.7071067811865476,0.7071067811865476,-0.4999999999999997,-0.8660254037844388,0.9749279121818236,-0.22252093395631434,1.0,129.0,128.0,91.0,130.91666666666666,31.24505758017338,47.6875,15.542824781033564
Islamabad,2026-08-12 04:00:00+00:00,26.2,88,1006.2,0.99,28.9,31.9,785.0,23.3,12.8,132.0,130,4,2,8,0,0.8660254037844386,0.5000000000000001,-0.4999999999999997,-0.8660254037844388,0.9749279121818236,-0.22252093395631434,0.0,130.0,130.0,90.0,132.58333333333334,30.010022480419877,47.89166666666666,15.247520587228896
Islamabad,2026-08-12 05:00:00+00:00,27.8,82,1006.0,0.75,27.6,30.6,722.0,16.7,15.2,161.0,131,5,2,8,0,0.9659258262890683,0.25881904510252074,-0.4999999999999997,-0.8660254037844388,0.9749279121818236,-0.22252093395631434,1.0,130.0,129.0,90.0,134.29166666666666,28.61510571992113,47.97083333333334,15.131782824547587
Islamabad,2026-08-12 06:00:00+00:00,28.8,76,1006.0,1.11,31.1,35.3,670.0,11.2,16.7,187.0,131,6,2,8,0,1.0,6.123233995736766e-17,-0.4999999999999997,-0.8660254037844388,0.9749279121818236,-0.22252093395631434,0.0,131.0,130.0,90.0,136.0,27.036207606450176,48.041666666666664,15.044800247685298
Islamabad,2026-08-12 07:00:00+00:00,30.6,69,1004.7,1.46,36.0,41.1,647.0,8.4,16.9,207.0,131,7,2,8,0,0.9659258262890683,-0.25881904510252063,-0.4999999999999997,-0.8660254037844388,0.9749279121818236,-0.22252093395631434,0.0,131.0,130.0,90.0,137.70833333333334,25.23882303923344,47.65833333333333,15.236338618341074
Islamabad,2026-08-12 08:00:00+00:00,32.0,64,1003.1,2.2,39.1,45.1,636.0,6.7,16.3,223.0,130,8,2,8,0,0.8660254037844387,-0.4999999999999998,-0.4999999999999997,-0.8660254037844388,0.9749279121818236,-0.22252093395631434,-1.0,131.0,131.0,94.0,139.20833333333334,23.54086025295632,47.85833333333333,15.084109596487243
Islamabad,2026-08-12 09:00:00+00:00,32.3,63,1002.1,2.65,39.2,45.5,644.0,6.5,15.6,231.0,132,9,2,8,0,0.7071067811865476,-0.7071067811865475,-0.4999999999999997,-0.8660254037844388,0.9749279121818236,-0.22252093395631434,2.0,130.0,131.0,121.0,139.66666666666666,23.276535426244575,48.012499999999996,14.970792215685025
Islamabad,2026-08-12 10:00:00+00:00,32.0,64,1001.4,3.0,38.3,44.8,594.0,3.7,14.6,232.0,155,10,2,8,0,0.49999999999999994,-0.8660254037844387,-0.4999999999999997,-0.8660254037844388,0.9749279121818236,-0.22252093395631434,23.0,132.0,131.0,148.0,139.95833333333334,23.428854685707563,48.0625,14.934722090251343
Islamabad,2026-08-12 11:00:00+00:00,31.8,63,1000.7,2.77,37.3,44.1,564.0,2.2,13.5,224.0,174,11,2,8,0,0.258819045102521,-0.9659258262890682,-0.4999999999999997,-0.8660254037844388,0.9749279121818236,-0.22252093395631434,19.0,155.0,130.0,167.0,140.25,23.820433318439107,48.054166666666674,14.940926551987397
Islamabad,2026-08-12 12:00:00+00:00,31.7,65,1000.8,2.31,29.9,35.4,796.0,14.4,10.7,181.0,192,12,2,8,0,1.2246467991473532e-16,-1.0,-0.4999999999999997,-0.8660254037844388,0.9749279121818236,-0.22252093395631434,18.0,174.0,132.0,183.0,140.625,24.581386560105486,46.84583333333333,15.196137357226942
Islamabad,2026-08-12 13:00:00+00:00,30.3,74,1001.1,1.76,37.1,42.5,1553.0,48.2,11.9,131.0,200,13,2,8,0,-0.2588190451025208,-0.9659258262890683,-0.4999999999999997,-0.8660254037844388,0.9749279121818236,-0.22252093395631434,8.0,192.0,155.0,190.0,141.04166666666666,25.521481432171935,45.8125,14.969456221426869
Islamabad,2026-08-12 14:00:00+00:00,28.5,81,1001.7,1.19,48.8,54.2,2573.0,94.6,13.7,62.0,195,14,2,8,0,-0.4999999999999997,-0.8660254037844388,-0.4999999999999997,-0.8660254037844388,0.9749279121818236,-0.22252093395631434,-5.0,200.0,174.0,188.0,141.33333333333334,26.1145747522853,45.07916666666667,14.334694281529892
Islamabad,2026-08-12 15:00:00+00:00,27.7,85,1002.5,0.39,61.9,67.5,3312.0,128.8,15.3,12.0,175,15,2,8,0,-0.7071067811865471,-0.7071067811865479,-0.4999999999999997,-0.8660254037844388,0.9749279121818236,-0.22252093395631434,-20.0,195.0,192.0,174.0,141.375,26.169701199469365,44.875,14.043821169591862
Islamabad,2026-08-12 16:00:00+00:00,27.0,87,1003.5,0.6,71.7,77.5,3551.0,140.1,16.9,0.0,142,16,2,8,0,-0.8660254037844385,-0.5000000000000004,-0.4999999999999997,-0.8660254037844388,0.9749279121818236,-0.22252093395631434,-33.0,175.0,200.0,154.0,140.875,26.032275118130382,45.175000000000004,14.549084836003109
Islamabad,2026-08-12 17:00:00+00:00,26.7,88,1004.5,0.54,77.3,83.4,3510.0,139.1,18.4,2.0,124,17,2,8,0,-0.9659258262890683,-0.25881904510252063,-0.4999999999999997,-0.8660254037844388,0.9749279121818236,-0.22252093395631434,-18.0,142.0,195.0,125.0,140.83333333333334,26.05957500181662,45.75833333333333,15.553383992661743
Islamabad,2026-08-12 18:00:00+00:00,27.0,87,1004.6,0.67,82.7,88.7,3300.0,132.4,18.7,8.0,126,18,2,8,0,-1.0,-1.8369701987210297e-16,-0.4999999999999997,-0.8660254037844388,0.9749279121818236,-0.22252093395631434,2.0,124.0,175.0,114.0,141.33333333333334,25.63399011615838,46.54583333333334,16.924614931504593
Islamabad,2026-08-12 19:00:00+00:00,26.6,88,1004.9,1.02,84.1,89.6,2877.0,120.3,16.7,10.0,128,19,2,8,0,-0.9659258262890684,0.2588190451025203,-0.4999999999999997,-0.8660254037844388,0.9749279121818236,-0.22252093395631434,2.0,126.0,142.0,116.0,141.83333333333334,25.23225449036629,47.42916666666667,18.311685011789944
Islamabad,2026-08-12 20:00:00+00:00,26.5,88,1005.0,1.11,77.5,82.2,2286.0,102.5,13.5,14.0,130,20,2,8,0,-0.8660254037844386,0.5000000000000001,-0.4999999999999997,-0.8660254037844388,0.9749279121818236,-0.22252093395631434,2.0,128.0,124.0,119.0,142.29166666666666,24.897143483201674,47.99166666666667,19.035868127362008
Islamabad,2026-08-12 21:00:00+00:00,26.4,85,1004.8,1.21,72.2,76.4,1771.0,85.1,11.0,19.0,131,21,2,8,0,-0.7071067811865477,0.7071067811865474,-0.4999999999999997,-0.8660254037844388,0.9749279121818236,-0.22252093395631434,1.0,130.0,126.0,122.0,142.66666666666666,24.64472192662199,48.479166666666664,19.51394104038275
Islamabad,2026-08-12 22:00:00+00:00,26.2,84,1004.5,1.2,66.6,70.5,1403.0,69.2,9.6,22.0,132,22,2,8,0,-0.5000000000000004,0.8660254037844384,-0.4999999999999997,-0.8660254037844388,0.9749279121818236,-0.22252093395631434,1.0,131.0,128.0,124.0,143.0,24.43447315292091,49.03333333333333,19.84287555131376
Islamabad,2026-08-12 23:00:00+00:00,25.9,84,1004.4,1.0,59.8,63.8,1113.0,53.7,8.9,26.0,134,23,2,8,0,-0.25881904510252157,0.9659258262890681,-0.4999999999999997,-0.8660254037844388,0.9749279121818236,-0.22252093395631434,2.0,132.0,130.0,126.0,143.33333333333334,24.24632050375804,49.45833333333332,19.964401289309368
Islamabad,2026-08-13 00:00:00+00:00,26.3,85,1004.5,0.71,65.4,69.8,935.0,45.4,10.2,40.0,135,0,3,8,0,0.0,1.0,-0.4999999999999997,-0.8660254037844388,0.43388373911755823,-0.900968867902419,1.0,134.0,131.0,128.0,143.625,24.095484873815902,50.00416666666666,20.222877255542826
Islamabad,2026-08-13 01:00:00+00:00,26.2,86,1004.7,0.5,66.8,71.5,940.0,40.8,12.8,67.0,136,1,3,8,0,0.25881904510252074,0.9659258262890683,-0.4999999999999997,-0.8660254037844388,0.43388373911755823,-0.900968867902419,1.0,135.0,132.0,130.0,143.875,23.978817644999033,51.81666666666666,19.66715794031443
Islamabad,2026-08-13 02:00:00+00:00,27.5,83,1004.6,0.51,62.9,66.6,1057.0,34.2,16.4,104.0,141,2,3,8,0,0.49999999999999994,0.8660254037844387,-0.4999999999999997,-0.8660254037844388,0.43388373911755823,-0.900968867902419,5.0,136.0,134.0,129.0,144.375,23.779443991012112,53.145833333333336,19.273139207911452
Islamabad,2026-08-13 03:00:00+00:00,28.9,77,1004.2,0.67,40.5,46.6,1112.0,27.4,19.5,140.0,144,3,3,8,0,0.7071067811865476,0.7071067811865476,-0.4999999999999997,-0.8660254037844388,0.43388373911755823,-0.900968867902419,3.0,141.0,135.0,130.0,144.95833333333334,23.58237950649486,53.44583333333333,19.004964549723034
Islamabad,2026-08-13 04:00:00+00:00,30.2,74,1003.7,0.9,39.1,47.0,1014.0,20.3,22.0,171.0,145,4,3,8,0,0.8660254037844386,0.5000000000000001,-0.4999999999999997,-0.8660254037844388,0.43388373911755823,-0.900968867902419,1.0,144.0,136.0,130.0,145.58333333333334,23.366487832430686,53.87083333333333,18.54056608034683
Islamabad,2026-08-13 05:00:00+00:00,31.5,67,1003.3,1.59,39.0,49.1,853.0,13.0,24.1,201.0,146,5,3,8,0,0.9659258262890683,0.25881904510252074,-0.4999999999999997,-0.8660254037844388,0.43388373911755823,-0.900968867902419,1.0,145.0,141.0,131.0,146.20833333333334,23.15914537483403,54.34583333333333,17.975683555163055
Islamabad,2026-08-13 06:00:00+00:00,32.8,60,1003.3,1.81,39.2,49.8,723.0,7.7,24.6,222.0,147,6,3,8,0,1.0,6.123233995736766e-17,-0.4999999999999997,-0.8660254037844388,0.43388373911755823,-0.900968867902419,1.0,146.0,144.0,131.0,146.875,22.93149059414821,54.68333333333334,17.592208420248053
Islamabad,2026-08-13 07:00:00+00:00,33.3,59,1002.5,1.99,39.0,50.2,649.0,5.4,22.4,231.0,148,7,3,8,0,0.9659258262890683,-0.25881904510252063,-0.4999999999999997,-0.8660254037844388,0.43388373911755823,-0.900968867902419,1.0,147.0,145.0,131.0,147.58333333333334,22.680995045011286,54.80833333333334,17.463873684207872
Islamabad,2026-08-13 08:00:00+00:00,33.4,59,1001.9,1.84,38.9,50.9,606.0,5.1,18.7,231.0,148,8,3,8,0,0.8660254037844387,-0.4999999999999998,-0.4999999999999997,-0.8660254037844388,0.43388373911755823,-0.900968867902419,0.0,148.0,146.0,130.0,148.33333333333334,22.369751833701503,54.800000000000004,17.471741159095505
Islamabad,2026-08-13 09:00:00+00:00,33.6,59,1001.3,1.81,39.1,52.2,610.0,6.0,15.9,228.0,155,9,3,8,0,0.7071067811865476,-0.7071067811865475,-0.4999999999999997,-0.8660254037844388,0.43388373911755823,-0.900968867902419,7.0,148.0,147.0,132.0,149.29166666666666,22.13099177853066,54.79583333333333,17.475634694368377
Islamabad,2026-08-13 10:00:00+00:00,33.7,58,1000.5,1.2,39.2,53.6,619.0,3.9,14.9,228.0,181,10,3,8,0,0.49999999999999994,-0.8660254037844387,-0.4999999999999997,-0.8660254037844388,0.43388373911755823,-0.900968867902419,26.0,155.0,148.0,155.0,150.375,23.04025305567427,54.833333333333336,17.4396267078783
Islamabad,2026-08-13 11:00:00+00:00,33.4,58,1000.2,1.42,39.6,55.3,675.0,3.0,14.9,224.0,200,11,3,8,0,0.258819045102521,-0.9659258262890682,-0.4999999999999997,-0.8660254037844388,0.43388373911755823,-0.900968867902419,19.0,181.0,148.0,174.0,151.45833333333334,24.747383114471617,54.92916666666667,17.345152916885514
Islamabad,2026-08-13 12:00:00+00:00,33.5,59,999.9,1.0,47.1,67.8,916.0,15.3,15.1,197.0,206,12,3,8,0,1.2246467991473532e-16,-1.0,-0.4999999999999997,-0.8660254037844388,0.43388373911755823,-0.900968867902419,6.0,200.0,155.0,192.0,152.04166666666666,25.883483346429045,55.645833333333336,16.60560353737788
Islamabad,2026-08-13 13:00:00+00:00,32.2,72,999.9,0.73,56.2,73.8,1564.0,47.2,15.7,149.0,208,13,3,8,0,-0.2588190451025208,-0.9659258262890683,-0.4999999999999997,-0.8660254037844388,0.43388373911755823,-0.900968867902419,2.0,206.0,181.0,200.0,152.375,26.5703536982878,56.44166666666666,16.12898866520514
Islamabad,2026-08-13 14:00:00+00:00,30.7,78,1000.2,0.25,65.4,82.4,2397.0,90.5,16.5,83.0,204,14,3,8,0,-0.4999999999999997,-0.8660254037844388,-0.4999999999999997,-0.8660254037844388,0.43388373911755823,-0.900968867902419,-4.0,208.0,200.0,195.0,152.75,27.25284189409042,57.13333333333333,16.142966341996672
Islamabad,2026-08-13 15:00:00+00:00,29.5,81,1001.1,1.09,70.1,85.2,2886.0,118.2,16.7,36.0,188,15,3,8,0,-0.7071067811865471,-0.7071067811865479,-0.4999999999999997,-0.8660254037844388,0.43388373911755823,-0.900968867902419,-16.0,204.0,206.0,175.0,153.29166666666666,27.837227446065818,57.474999999999994,16.333887154171666
Islamabad,2026-08-13 16:00:00+00:00,28.9,83,1001.8,0.36,67.8,79.9,2738.0,115.8,15.9,25.0,157,16,3,8,0,-0.8660254037844385,-0.5000000000000004,-0.4999999999999997,-0.8660254037844388,0.43388373911755823,-0.900968867902419,-31.0,188.0,208.0,142.0,153.91666666666666,27.740907898164306,57.3125,16.205106884264342
Islamabad,2026-08-13 17:00:00+00:00,28.4,84,1002.4,0.61,65.2,75.0,2247.0,97.7,14.5,33.0,151,17,3,8,0,-0.9659258262890683,-0.25881904510252063,-0.4999999999999997,-0.8660254037844388,0.43388373911755823,-0.900968867902419,-6.0,157.0,204.0,124.0,155.04166666666666,27.012845843776844,56.80833333333333,15.73771202272242
Islamabad,2026-08-13 18:00:00+00:00,29.0,84,1002.0,1.03,64.5,71.5,1766.0,80.3,13.0,40.0,151,18,3,8,0,-1.0,-1.8369701987210297e-16,-0.4999999999999997,-0.8660254037844388,0.43388373911755823,-0.900968867902419,0.0,151.0,188.0,126.0,156.08333333333334,26.317322228435476,56.04999999999999,14.84927168467243
Islamabad,2026-08-13 19:00:00+00:00,28.3,84,1002.3,1.0,60.8,65.2,1385.0,68.6,11.3,40.0,150,19,3,8,0,-0.9659258262890684,0.2588190451025203,-0.4999999999999997,-0.8660254037844388,0.43388373911755823,-0.900968867902419,-1.0,151.0,157.0,128.0,157.0,25.67184212830881,55.07916666666667,13.64879288074394
Islamabad,2026-08-13 20:00:00+00:00,27.7,87,1002.1,1.16,58.2,61.5,1013.0,57.6,9.4,40.0,149,20,3,8,0,-0.8660254037844386,0.5000000000000001,-0.4999999999999997,-0.8660254037844388,0.43388373911755823,-0.900968867902419,-1.0,150.0,151.0,130.0,157.79166666666666,25.089369248255398,54.275,12.813350714069152
Islamabad,2026-08-13 21:00:00+00:00,26.5,93,1002.4,0.81,55.3,58.2,731.0,48.8,7.9,39.0,147,21,3,8,0,-0.7071067811865477,0.7071067811865474,-0.4999999999999997,-0.8660254037844388,0.43388373911755823,-0.900968867902419,-2.0,149.0,151.0,131.0,158.45833333333334,24.553365423565253,53.57083333333333,12.23684667987076
Islamabad,2026-08-13 22:00:00+00:00,24.7,94,1002.8,1.89,51.7,54.5,577.0,43.5,6.9,33.0,145,22,3,8,0,-0.5000000000000004,0.8660254037844384,-0.4999999999999997,-0.8660254037844388,0.43388373911755823,-0.900968867902419,-2.0,147.0,150.0,132.0,159.0,24.083189157583373,52.949999999999996,11.920971655758132
Islamabad,2026-08-13 23:00:00+00:00,24.7,94,1002.3,1.2,51.0,53.3,512.0,40.4,6.2,26.0,144,23,3,8,0,-0.25881904510252157,0.9659258262890681,-0.4999999999999997,-0.8660254037844388,0.43388373911755823,-0.900968867902419,-1.0,145.0,149.0,134.0,159.41666666666666,23.715554731690872,52.583333333333336,11.836151940289577
Islamabad,2026-08-14 00:00:00+00:00,26.3,94,1001.6,0.65,43.0,47.7,501.0,19.5,6.4,72.0,143,0,4,8,0,0.0,1.0,-0.4999999999999997,-0.8660254037844388,-0.433883739117558,-0.9009688679024191,-1.0,144.0,147.0,135.0,159.75,23.411721330395917,51.65,11.66346954122692
Islamabad,2026-08-14 01:00:00+00:00,24.2,99,1003.1,0.94,41.7,48.5,564.0,20.0,6.3,81.0,140,1,4,8,0,0.25881904510252074,0.9659258262890683,-0.4999999999999997,-0.8660254037844388,-0.433883739117558,-0.9009688679024191,-3.0,143.0,145.0,136.0,159.91666666666666,23.24896756317502,50.604166666666664,11.367515852932183
Islamabad,2026-08-14 02:00:00+00:00,24.7,96,1002.9,1.25,39.5,46.7,680.0,20.5,6.4,93.0,138,2,4,8,0,0.49999999999999994,0.8660254037844387,-0.4999999999999997,-0.8660254037844388,-0.433883739117558,-0.9009688679024191,-2.0,140.0,144.0,141.0,159.79166666666666,23.362882428378995,49.62916666666666,11.270140586548939
Islamabad,2026-08-14 03:00:00+00:00,25.7,92,1003.1,0.6,22.1,25.9,757.0,19.9,7.2,108.0,135,3,4,8,0,0.7071067811865476,0.7071067811865476,-0.4999999999999997,-0.8660254037844388,-0.433883739117558,-0.9009688679024191,-3.0,138.0,143.0,144.0,159.41666666666666,23.697214414661357,48.862500000000004,12.479158712586003
Islamabad,2026-08-14 04:00:00+00:00,25.1,95,1004.3,1.18,19.2,23.5,742.0,17.2,9.6,126.0,133,4,4,8,0,0.8660254037844386,0.5000000000000001,-0.4999999999999997,-0.8660254037844388,-0.433883739117558,-0.9009688679024191,-2.0,135.0,140.0,145.0,158.91666666666666,24.137138382072216,48.03333333333333,13.752206674050361
Islamabad,2026-08-14 05:00:00+00:00,26.4,89,1004.1,0.47,23.6,29.1,687.0,13.5,12.8,145.0,131,5,4,8,0,0.9659258262890683,0.25881904510252074,-0.4999999999999997,-0.8660254037844388,-0.433883739117558,-0.9009688679024191,-2.0,133.0,138.0,146.0,158.29166666666666,24.67436474080458,47.39166666666667,14.529338135877525
Islamabad,2026-08-14 06:00:00+00:00,27.7,77,1003.8,1.05,23.7,28.3,656.0,10.3,15.2,164.0,130,6,4,8,0,1.0,6.123233995736766e-17,-0.4999999999999997,-0.8660254037844388,-0.433883739117558,-0.9009688679024191,-1.0,131.0,135.0,147.0,157.58333333333334,25.249910316958243,46.74583333333334,15.236568687283803
Islamabad,2026-08-14 07:00:00+00:00,29.1,73,1003.6,1.17,29.9,36.1,677.0,8.1,16.1,183.0,128,7,4,8,0,0.9659258262890683,-0.25881904510252063,-0.4999999999999997,-0.8660254037844388,-0.433883739117558,-0.9009688679024191,-2.0,130.0,133.0,148.0,156.75,25.901569534446512,46.36666666666667,15.547757189485141
Islamabad,2026-08-14 08:00:00+00:00,29.9,73,1002.9,1.02,32.4,39.0,723.0,6.6,16.2,201.0,127,8,4,8,0,0.8660254037844387,-0.4999999999999998,-0.4999999999999997,-0.8660254037844388,-0.433883739117558,-0.9009688679024191,-1.0,128.0,131.0,148.0,155.875,26.55644112484452,46.09583333333333,15.73891546914609
Islamabad,2026-08-14 09:00:00+00:00,30.5,71,1002.7,1.44,35.9,43.0,771.0,6.3,16.2,211.0,126,9,4,8,0,0.7071067811865476,-0.7071067811865475,-0.4999999999999997,-0.8660254037844388,-0.433883739117558,-0.9009688679024191,-1.0,127.0,130.0,155.0,154.66666666666666,27.24872021991364,45.9625,15.814132713438932
Islamabad,2026-08-14 10:00:00+00:00,30.6,71,1002.3,1.32,38.4,45.8,770.0,6.3,16.5,212.0,128,10,4,8,0,0.49999999999999994,-0.8660254037844387,-0.4999999999999997,-0.8660254037844388,-0.433883739117558,-0.9009688679024191,2.0,126.0,128.0,181.0,152.45833333333334,27.169322800710688,45.92916666666667,15.829841911008927
Islamabad,2026-08-14 11:00:00+00:00,30.1,73,1002.5,1.03,39.3,46.8,771.0,7.5,16.7,206.0,153,11,4,8,0,0.258819045102521,-0.9659258262890682,-0.4999999999999997,-0.8660254037844388,-0.433883739117558,-0.9009688679024191,25.0,128.0,127.0,200.0,150.5,25.21731634171653,45.916666666666664,15.835174568762636
Islamabad,2026-08-14 12:00:00+00:00,27.4,89,1002.5,1.96,32.7,39.3,912.0,18.2,11.6,144.0,168,12,4,8,0,1.2246467991473532e-16,-1.0,-0.4999999999999997,-0.8660254037844388,-0.433883739117558,-0.9009688679024191,15.0,153.0,126.0,206.0,148.91666666666666,22.642623650916526,45.31666666666666,16.05960816747259
Islamabad,2026-08-14 13:00:00+00:00,27.1,92,1002.7,1.77,34.3,40.3,1378.0,40.5,11.2,107.0,171,13,4,8,0,-0.2588190451025208,-0.9659258262890683,-0.4999999999999997,-0.8660254037844388,-0.433883739117558,-0.9009688679024191,3.0,168.0,128.0,208.0,147.375,19.484246702532808,44.40416666666667,16.036493142792764
Islamabad,2026-08-14 14:00:00+00:00,26.5,94,1002.7,0.65,39.1,44.1,1984.0,71.0,10.7,56.0,165,14,4,8,0,-0.4999999999999997,-0.8660254037844388,-0.4999999999999997,-0.8660254037844388,-0.433883739117558,-0.9009688679024191,-6.0,171.0,153.0,204.0,145.75,15.842293422024118,43.30833333333334,15.426372581215965
Islamabad,2026-08-14 15:00:00+00:00,25.8,96,1003.2,0.78,47.4,51.2,2310.0,92.6,10.2,18.0,147,15,4,8,0,-0.7071067811865471,-0.7071067811865479,-0.4999999999999997,-0.8660254037844388,-0.433883739117558,-0.9009688679024191,-18.0,165.0,168.0,188.0,144.04166666666666,13.053332630158737,42.3625,14.372159454699334
Islamabad,2026-08-14 16:00:00+00:00,25.3,96,1004.2,1.93,53.9,57.9,2092.0,98.5,9.9,3.0,117,16,4,8,0,-0.8660254037844385,-0.5000000000000004,-0.4999999999999997,-0.8660254037844388,-0.433883739117558,-0.9009688679024191,-30.0,147.0,171.0,157.0,142.375,13.855818115582991,41.78333333333334,13.559616086224429
Islamabad,2026-08-14 17:00:00+00:00,25.2,97,1003.7,0.7,55.2,59.1,1594.0,95.4,9.7,1.0,116,17,4,8,0,-0.9659258262890683,-0.25881904510252063,-0.4999999999999997,-0.8660254037844388,-0.433883739117558,-0.9009688679024191,-1.0,117.0,165.0,151.0,140.91666666666666,14.723293188644467,41.36666666666667,12.94864997719389
Islamabad,2026-08-14 18:00:00+00:00,25.4,97,1003.9,0.6,53.7,56.8,1190.0,86.2,9.2,8.0,115,18,4,8,0,-1.0,-1.8369701987210297e-16,-0.4999999999999997,-0.8660254037844388,-0.433883739117558,-0.9009688679024191,-1.0,116.0,147.0,151.0,139.41666666666666,15.466419913072333,40.916666666666664,12.280159560876196
Islamabad,2026-08-14 19:00:00+00:00,25.4,94,1003.5,0.47,54.7,58.3,1039.0,67.9,8.2,26.0,114,19,4,8,0,-0.9659258262890684,0.2588190451025203,-0.4999999999999997,-0.8660254037844388,-0.433883739117558,-0.9009688679024191,-1.0,115.0,117.0,150.0,137.91666666666666,16.126987013849543,40.6625,11.908229251783947
Islamabad,2026-08-14 20:00:00+00:00,25.6,91,1003.1,0.25,38.0,40.3,982.0,43.5,6.8,53.0,113,20,4,8,0,-0.8660254037844386,0.5000000000000001,-0.4999999999999997,-0.8660254037844388,-0.433883739117558,-0.9009688679024191,-1.0,114.0,116.0,149.0,136.41666666666666,16.71478560948237,39.82083333333333,11.313822986935481
Islamabad,2026-08-14 21:00:00+00:00,25.9,88,1003.0,0.1,31.5,34.5,917.0,24.7,5.7,74.0,111,21,4,8,0,-0.7071067811865477,0.7071067811865474,-0.4999999999999997,-0.8660254037844388,-0.433883739117558,-0.9009688679024191,-2.0,113.0,115.0,147.0,134.91666666666666,17.327827999733564,38.82916666666667,10.934766221499215
Islamabad,2026-08-14 22:00:00+00:00,25.0,93,1003.2,0.65,27.9,31.7,789.0,16.4,4.8,82.0,108,22,4,8,0,-0.5000000000000004,0.8660254037844384,-0.4999999999999997,-0.8660254037844388,-0.433883739117558,-0.9009688679024191,-3.0,111.0,114.0,145.0,133.375,18.02368610660733,37.8375,10.795079897805287
Islamabad,2026-08-14 23:00:00+00:00,24.3,96,1003.0,0.21,10.1,11.4,653.0,13.6,4.1,85.0,106,23,4,8,0,-0.25881904510252157,0.9659258262890681,-0.4999999999999997,-0.8660254037844388,-0.433883739117558,-0.9009688679024191,-2.0,108.0,113.0,144.0,131.79166666666666,18.7059143557326,36.13333333333333,11.807686025439631
Islamabad,2026-08-15 00:00:00+00:00,24.5,96,1003.9,0.88,29.1,33.2,570.0,23.1,8.2,66.0,102,0,5,8,1,0.0,1.0,-0.4999999999999997,-0.8660254037844388,-0.9749279121818236,-0.2225209339563146,-4.0,106.0,111.0,143.0,130.08333333333334,19.49340282308693,35.55416666666667,11.79712489537606
Islamabad,2026-08-15 01:00:00+00:00,24.6,96,1004.5,0.61,28.8,32.1,582.0,24.3,8.1,67.0,100,1,5,8,1,0.25881904510252074,0.9659258262890683,-0.4999999999999997,-0.8660254037844388,-0.9749279121818236,-0.2225209339563146,-2.0,102.0,108.0,140.0,128.41666666666666,20.301888253721916,35.016666666666666,11.798808586377323
Islamabad,2026-08-15 02:00:00+00:00,24.7,95,1004.6,0.63,28.3,31.3,647.0,25.8,8.0,70.0,99,2,5,8,1,0.49999999999999994,0.8660254037844387,-0.4999999999999997,-0.8660254037844388,-0.9749279121818236,-0.2225209339563146,-1.0,100.0,106.0,138.0,126.79166666666667,21.048554978112207,34.550000000000004,11.835209077707237
Islamabad,2026-08-15 03:00:00+00:00,25.8,88,1005.3,0.54,26.2,29.5,697.0,25.2,8.8,84.0,98,3,5,8,1,0.7071067811865476,0.7071067811865476,-0.4999999999999997,-0.8660254037844388,-0.9749279121818236,-0.2225209339563146,-1.0,99.0,102.0,135.0,125.25,21.764050933670962,34.72083333333334,11.676210640765971
Islamabad,2026-08-15 04:00:00+00:00,27.2,82,1005.2,0.86,24.9,28.8,704.0,20.7,11.3,119.0,99,4,5,8,1,0.8660254037844386,0.5000000000000001,-0.4999999999999997,-0.8660254037844388,-0.9749279121818236,-0.2225209339563146,1.0,98.0,100.0,133.0,123.83333333333333,22.33668588291087,34.958333333333336,11.401522273140888
Islamabad,2026-08-15 05:00:00+00:00,28.4,78,1005.1,0.89,28.9,34.6,695.0,14.2,14.6,165.0,99,5,5,8,1,0.9659258262890683,0.25881904510252074,-0.4999999999999997,-0.8660254037844388,-0.9749279121818236,-0.2225209339563146,0.0,99.0,99.0,131.0,122.5,22.839706082018424,35.17916666666667,11.221872244267749
Islamabad,2026-08-15 06:00:00+00:00,30.3,66,1004.5,1.85,35.2,42.7,684.0,9.1,16.9,201.0,99,6,5,8,1,1.0,6.123233995736766e-17,-0.4999999999999997,-0.8660254037844388,-0.9749279121818236,-0.2225209339563146,0.0,99.0,98.0,130.0,121.20833333333333,23.269646522354144,35.65833333333334,10.952701341069554
Islamabad,2026-08-15 07:00:00+00:00,30.7,67,1004.0,2.07,40.9,50.1,668.0,6.5,17.0,218.0,100,7,5,8,1,0.9659258262890683,-0.25881904510252063,-0.4999999999999997,-0.8660254037844388,-0.9749279121818236,-0.2225209339563146,1.0,99.0,99.0,128.0,120.04166666666667,23.613701193542642,36.11666666666667,10.93139342988078
Islamabad,2026-08-15 08:00:00+00:00,31.3,65,1003.3,2.21,43.1,53.2,650.0,5.3,16.0,224.0,102,8,5,8,1,0.8660254037844387,-0.4999999999999998,-0.4999999999999997,-0.8660254037844388,-0.9749279121818236,-0.2225209339563146,2.0,100.0,99.0,127.0,119.0,23.843693906993128,36.5625,10.991253934082238
Islamabad,2026-08-15 09:00:00+00:00,31.6,63,1002.6,2.25,44.0,54.5,648.0,5.5,15.2,225.0,111,9,5,8,1,0.7071067811865476,-0.7071067811865475,-0.4999999999999997,-0.8660254037844388,-0.9749279121818236,-0.2225209339563146,9.0,102.0,99.0,126.0,118.375,23.848821864984707,36.9,11.093907454485802
Islamabad,2026-08-15 10:00:00+00:00,32.0,61,1001.4,1.9,42.8,53.0,561.0,3.2,14.8,225.0,144,10,5,8,1,0.49999999999999994,-0.8660254037844387,-0.4999999999999997,-0.8660254037844388,-0.9749279121818236,-0.2225209339563146,33.0,111.0,100.0,128.0,119.04166666666667,24.34798298344783,37.083333333333336,11.155956360565442
Islamabad,2026-08-15 11:00:00+00:00,31.9,61,1000.7,1.47,42.1,52.5,490.0,2.3,14.5,219.0,170,11,5,8,1,0.258819045102521,-0.9659258262890682,-0.4999999999999997,-0.8660254037844388,-0.9749279121818236,-0.2225209339563146,26.0,144.0,102.0,153.0,119.75,25.594241879595703,37.2,11.19471925197031
Islamabad,2026-08-15 12:00:00+00:00,31.5,63,1000.6,1.6,41.8,52.9,756.0,13.2,12.7,182.0,192,12,5,8,1,1.2246467991473532e-16,-1.0,-0.4999999999999997,-0.8660254037844388,-0.9749279121818236,-0.2225209339563146,22.0,170.0,111.0,168.0,120.75,27.924198637833165,37.579166666666666,11.189784905523606
Islamabad,2026-08-15 13:00:00+00:00,30.5,74,1000.4,0.49,45.4,55.5,1724.0,42.9,13.5,138.0,201,13,5,8,1,-0.2588190451025208,-0.9659258262890683,-0.4999999999999997,-0.8660254037844388,-0.9749279121818236,-0.2225209339563146,9.0,192.0,144.0,171.0,122.0,30.79525655173054,38.041666666666664,11.277407837629696
Islamabad,2026-08-15 14:00:00+00:00,29.2,77,1000.6,0.05,55.8,66.1,3030.0,83.5,14.6,78.0,198,14,5,8,1,-0.4999999999999997,-0.8660254037844388,-0.4999999999999997,-0.8660254037844388,-0.9749279121818236,-0.2225209339563146,-3.0,201.0,170.0,165.0,123.375,33.4232573283145,38.737500000000004,11.846401489940703
Islamabad,2026-08-15 15:00:00+00:00,28.2,82,1001.0,0.5,63.3,73.6,3902.0,112.4,15.4,33.0,178,15,5,8,1,-0.7071067811865471,-0.7071067811865479,-0.4999999999999997,-0.8660254037844388,-0.9749279121818236,-0.2225209339563146,-20.0,198.0,192.0,147.0,124.66666666666667,34.940529184746055,39.4,12.761184352831682
Islamabad,2026-08-15 16:00:00+00:00,27.7,84,1001.8,0.7,66.4,76.4,3979.0,119.7,16.0,17.0,148,16,5,8,1,-0.8660254037844385,-0.5000000000000004,-0.4999999999999997,-0.8660254037844388,-0.9749279121818236,-0.2225209339563146,-30.0,178.0,201.0,117.0,125.95833333333333,35.216694616475436,39.92083333333333,13.605848460086573
Islamabad,2026-08-15 17:00:00+00:00,27.3,86,1002.3,0.65,73.1,83.4,3622.0,115.1,16.4,16.0,111,17,5,8,1,-0.9659258262890683,-0.25881904510252063,-0.4999999999999997,-0.8660254037844388,-0.9749279121818236,-0.2225209339563146,-37.0,148.0,198.0,116.0,125.75,35.29287401900962,40.666666666666664,14.908114705017885
Islamabad,2026-08-15 18:00:00+00:00,27.1,79,1001.7,1.77,81.0,91.3,3148.0,105.2,16.0,20.0,113,18,5,8,1,-1.0,-1.8369701987210297e-16,-0.4999999999999997,-0.8660254037844388,-0.9749279121818236,-0.2225209339563146,2.0,111.0,178.0,115.0,125.66666666666667,35.3217098737553,41.80416666666667,16.85958582106839
Islamabad,2026-08-15 19:00:00+00:00,26.6,83,1001.4,0.95,85.4,95.0,2576.0,89.5,14.4,26.0,116,19,5,8,1,-0.9659258262890684,0.2588190451025203,-0.4999999999999997,-0.8660254037844388,-0.9749279121818236,-0.2225209339563146,3.0,113.0,148.0,114.0,125.75,35.29533778794535,43.083333333333336,18.919363595020286
Islamabad,2026-08-15 20:00:00+00:00,26.0,88,1001.2,1.56,78.9,85.7,1887.0,68.5,11.9,36.0,119,20,5,8,1,-0.8660254037844386,0.5000000000000001,-0.4999999999999997,-0.8660254037844388,-0.9749279121818236,-0.2225209339563146,3.0,116.0,111.0,113.0,126.0,35.22227556039103,44.787499999999994,20.237681438346616
Islamabad,2026-08-15 21:00:00+00:00,25.2,89,1001.5,1.89,64.3,69.6,1335.0,49.7,9.8,47.0,123,21,5,8,1,-0.7071067811865477,0.7071067811865474,-0.4999999999999997,-0.8660254037844388,-0.9749279121818236,-0.2225209339563146,4.0,119.0,113.0,111.0,126.5,35.08498997775367,46.15416666666667,20.408139449668127
Islamabad,2026-08-15 22:00:00+00:00,24.4,91,1001.7,0.72,50.1,55.6,1026.0,35.1,8.0,60.0,127,22,5,8,1,-0.5000000000000004,0.8660254037844384,-0.4999999999999997,-0.8660254037844388,-0.9749279121818236,-0.2225209339563146,4.0,123.0,116.0,108.0,127.29166666666667,34.86306026461874,47.07916666666667,20.0446670597501
Islamabad,2026-08-15 23:00:00+00:00,24.5,92,1001.6,0.91,30.6,34.9,854.0,22.8,6.4,74.0,129,23,5,8,1,-0.25881904510252157,0.9659258262890681,-0.4999999999999997,-0.8660254037844388,-0.9749279121818236,-0.2225209339563146,2.0,127.0,119.0,106.0,128.25,34.56719983376975,47.93333333333333,18.798396478022436
